user_id,recommendation
0,21 24 20 17 7 6 22 8664 14 11
1,31 35 39 33 13434 32 38 36 37 29
2,94 80 92 76 50 57 79 77 60 82
3,157 132 145 140 151 162 155 134 168 166
4,192 204 203 202 200 205 195 194 197 196
5,221 212 223 222 219 224 218 217 215 213
6,229 232 230 231 2829 5638 7568 13988 3862 13406
7,246 240 250 236 245 247 249 243 242 239
8,258 257 256 14986 13371 14417 4385 14483 5920 14887
9,262 264 261 263 1556 13709 4381 11774 7954 1524
10,274 273 271 269 270 272 14061 14059 14060 13231
11,279 280 14959 278 277 11237 14613 14614 13640 5997
12,285 286 284 293 292 282 133 291 290 294
13,321 313 303 327 307 319 300 335 320 333
14,351 339 346 349 341 343 350 344 340 9223
15,355 356 354 12532 12531 12533 14411 12382 6744 12046
16,15258 359 361 14333 360 15094 15259 14524 12098 13351
17,365 364 363 10904 7583 12829 9540 10905 7300 9125
18,367 368 13198 13197 13199 4806 1672 7999 12766 10446
19,377 372 389 388 382 381 387 373 371 370
20,393 401 398 397 402 394 396 395 400 12606
21,405 403 404 406 3017 2820 14743 1166 12475 13625
22,296 411 409 410 7767 7293 7534 7537 7535 11113
23,497 498 474 446 470 458 501 441 444 480
24,535 533 537 530 532 534 531 536 526 538
25,545 544 539 543 548 542 6264 51 547 549
26,557 558 556 552 553 555 554 14532 13077 6709
27,566 564 565 574 571 573 562 568 570 575
28,577 323 583 582 579 13286 578 13044 13541 13545
29,592 600 599 593 597 83 595 591 598 590
30,615 610 623 628 614 619 606 613 604 620
31,634 14297 169 8074 149 712 7051 5984 2261 7846
32,639 642 643 644 638 645 641 636 14853 640
33,650 649 648 3288 11812 3359 9673 9671 4716 918
34,659 658 657 653 654 656 288 7051 660 466
35,666 667 10245 665 3479 2350 7483 5838 7760 11291
36,669 5105 5104 5103 5102 5101 5100 5099 5098 5097
37,672 671 670 10089 10090 10091 10074 12657 10088 5686
38,706 708 682 701 709 690 693 681 707 683
39,720 719 721 718 5090 5092 5093 5094 5095 5096
40,584 730 731 726 728 733 732 723 14522 725
41,833 829 767 755 793 776 800 819 828 812
42,884 882 886 869 874 865 868 881 885 866
43,897 899 898 5091 5093 5094 5095 5096 5097 5098
44,905 903 900 906 904 902 12838 901 8677 7740
45,958 965 915 962 963 927 973 933 977 943
46,1002 999 1004 1005 1001 1011 1007 5438 1009 11893
47,1032 1063 1040 1015 1058 1072 1082 1053 1078 1025
48,1107 1115 1113 1108 1110 1114 2914 3894 10332 1891
49,1120 1119 1121 1124 1122 11772 1123 1125 5244 2843
50,1130 1131 1132 1128 1129 25 14159 5513 9610 7467
51,1142 1139 1137 1149 1157 1147 1155 1150 1141 1154
52,1160 1161 1162 10542 11151 10430 7286 10780 1501 2470
53,14953 1168 1167 1166 1165 23 13200 11109 14144 12169
54,1174 1172 1173 1171 10644 12985 11983 3854 7293 3615
55,1178 1170 1180 1179 626 358 1177 7376 7375 13479
56,1184 1185 1183 9858 9865 9864 9863 9860 9862 9859
57,1210 1199 1205 1197 1187 1212 1214 1211 1209 1202
58,1224 1221 1223 1220 1228 1226 1227 904 1222 13074
59,467 14287 1232 1234 1233 1231 1229 1230 841 3473
60,686 687 1242 1239 1238 15085 1241 466 1240 2589
61,1245 1244 1246 6291 6292 6272 6283 6275 6287 6273
62,1248 1247 1249 5428 12555 5758 2754 12553 11469 4512
63,1255 44 1252 1254 1253 1256 13100 13099 1251 5783
64,1260 1264 1262 1266 9292 1261 6096 1265 1263 1259
65,1277 1279 1278 1281 1280 1270 1274 1081 1275 1276
66,1287 1285 1286 10541 2798 7330 5517 9273 12336 12185
67,1292 1289 1291 337 1290 3968 654 3970 3228 3967
68,1299 1303 1297 1298 8694 1301 1296 1300 1295 12205
69,1310 1312 1309 1307 1308 1311 1313 1306 1305 11926
70,1316 1319 1314 1315 1317 6362 1318 11536 1778 14678
71,1325 1324 1323 13731 13854 11052 405 13330 14807 2820
72,1331 1328 1330 1329 1327 6730 1531 10731 8478 13622
73,611 15254 1333 14914 14905 14689 1618 15020 15064 1384
74,1337 1340 1339 1338 1335 1336 254 5675 14511 14657
75,1343 426 1283 8508 12313 7753 12314 11284 12316 1742
76,1346 1345 11857 13955 10783 8787 2277 10782 2283 2272
77,1350 1348 1351 1349 13606 13607 14089 15273 15274 10715
78,1354 1355 1356 4144 4143 1353 4141 1357 1829 11778
79,1364 1359 1363 1361 1362 1360 1365 57 10489 980
80,1367 1371 1369 1368 15276 9972 1164 1370 14612 15079
81,1375 1379 1376 1381 1374 1380 1378 1377 10265 12881
82,1429 1438 1408 1435 1425 838 1415 1413 1388 1431
83,1462 1465 1464 1395 1463 11946 1461 15000 1466 5908
84,1469 1468 1470 1473 1471 1472 13108 14444 7857 15105
85,1485 1483 885 1487 1491 1489 1486 1476 1479 1484
86,15287 1499 1498 1500 1501 1503 1502 13909 3485 3280
87,1509 1507 1508 13827 9621 179 9601 7117 1588 7122
88,1513 1514 9443 1512 6181 9227 10716 6246 2432 3551
89,14443 419 782 1516 1517 773 2064 747 9497 10063
90,1523 1522 11401 14847 11402 1521 11403 11690 11404 3857
91,1526 1531 1532 1530 1533 1527 1534 13561 1330 1525
92,1539 1541 1538 1542 1540 1536 1537 15043 15042 3663
93,1547 1545 1546 3127 12841 11706 7463 11705 2018 7483
94,1551 1550 1552 12841 2018 8485 7463 1545 3210 3473
95,1556 1559 1558 1557 1555 14167 14101 14836 1554 12236
96,1563 1562 5107 5106 5105 5104 5103 5102 5101 5100
97,1581 1577 1576 1575 1578 1583 1582 1574 10732 1571
98,1593 1590 1594 1592 12988 169 1591 12888 6558 15145
99,1599 1598 1597 1609 1607 1617 1601 1616 1508 1613
100,1628 1627 14711 8411 11405 5103 5102 5101 5100 5099
101,1631 1632 1629 1630 9190 12838 14315 7658 9189 14316
102,1636 1634 1635 11714 13721 13361 15167 13306 13451 14451
103,43 1650 15282 1642 1643 1645 1647 1649 889 1640
104,1655 1656 1654 11309 5701 5702 5705 5704 5698 5384
105,1660 1659 13552 15096 12494 3977 1658 1328 2824 2915
106,1662 1663 9810 1664 1665 2438 6623 1939 13704 11567
107,1668 1667 6803 12212 12909 8958 9832 14136 7705 7707
108,1678 1675 1673 1672 1677 1674 1676 10189 11101 1671
109,860 14260 1688 794 7051 1690 1689 1687 1503 1685
110,1695 1694 1699 1697 1698 1696 1087 1693 14547 1132
111,1717 1708 1706 1718 1703 1722 1725 1720 1150 1709
112,476 14548 478 1734 10517 1732 1733 14897 4177 2415
113,1737 1063 1280 1736 8733 8739 1081 1277 8738 3530
114,1741 1742 1740 11253 5230 5231 5232 5227 5228 13233
115,1746 1748 1747 342 1744 13888 1938 5675 1745 12611
116,1750 196 573 566 564 565 574 11830 5458 26
117,1515 1764 1757 1754 1761 1758 1762 1763 1759 1760
118,1770 1773 1774 1772 1776 1771 1775 1724 1136 14736
119,1782 1781 1786 1785 1784 1783 12429 11294 11031 8756
120,1790 1794 1791 1792 1788 1793 1789 12529 12530 1787
121,1801 1799 1800 1199 1197 1802 12814 1796 1798 1797
122,1818 1807 1813 1815 1817 1811 1812 1816 1814 1048
123,1821 1822 1827 1825 1826 1823 3843 12920 12919 1824
124,1833 1835 1831 1834 1832 10182 873 10328 14121 13935
125,1842 1843 1849 1841 1853 1857 1851 1850 1839 1844
126,1863 1858 1859 1862 1864 12206 1861 7469 15195 14306
127,1869 1868 10542 1867 4815 3504 11623 1162 3237 4901
128,1263 1872 13407 1873 14092 13774 13773 12550 13772 13775
129,1877 1875 1876 11601 11600 7998 2755 7518 4665 12135
130,1880 6868 23 14953 1879 15147 13625 14144 1328 13650
131,1885 1882 1884 1883 9026 5327 13246 8323 12997 14158
132,1888 1887 1611 13662 8822 673 14623 2990 6734 5491
133,1891 1894 1893 1113 1895 1892 1896 13630 1107 12986
134,868 871 1901 1390 1900 857 115 1570 12536 1239
135,1907 1904 1908 1909 444 1906 5674 9763 1905 12387
136,1915 1916 7358 1914 1913 11578 11777 9665 5669 6555
137,1918 1919 1640 9904 9282 15084 7726 2559 10015 2522
138,1930 1921 1922 1929 1923 1924 1928 1933 1926 1935
139,1941 1942 1944 1940 1943 8206 8204 15231 15232 2171
140,902 1946 1945 11686 4947 33 13416 12892 266 14118
141,1955 1956 1953 1951 1954 1884 1950 1949 12086 9649
142,1977 600 1973 1959 1976 806 1962 1974 1970 1972
143,795 7516 1986 1219 2933 13884 1985 4925 9390 794
144,1989 1990 1991 10912 10512 10511 7143 3764 7144 2810
145,1997 1996 1994 15281 1995 2668 1044 12949 12092 14141
146,2005 2003 1263 2006 2004 2000 260 2002 2001 13061
147,1303 2011 2009 2010 1354 14681 1357 2014 8694 1299
148,2023 2030 2020 1093 2031 2028 101 2022 2021 2027
149,2039 2040 2037 2034 998 2041 501 2038 2036 2035
150,2047 2050 2054 2056 2055 2053 13779 2052 2045 2046
151,2058 2061 2059 2060 6327 11019 6331 8396 12568 10350
152,2064 2063 1079 875 419 2062 14130 5499 12280 1101
153,2073 2072 2074 2075 2077 2071 2076 631 1692 217
154,2085 2084 2083 1367 12710 12711 15276 11370 722 7177
155,2092 2091 2090 2093 2087 2086 2089 14042 2094 14744
156,2100 484 2099 2096 2097 2101 2102 788 2007 2104
157,2116 2115 2112 2113 2114 14888 2111 12569 2109 12571
158,2143 2131 2149 2142 2125 2144 2147 2150 81 2134
159,2167 2166 2168 466 2161 2160 6602 6600 13636 1902
160,2171 2176 2178 2177 2179 2173 2183 2172 2181 2180
161,2196 2199 2197 374 2190 2033 2198 4519 2193 2188
162,2243 2227 2245 2242 2241 2208 306 2207 2230 2236
163,2256 2257 453 11243 6118 10183 12306 14275 9138 5954
164,2260 2259 1987 7080 8064 8062 7041 7036 8070 3413
165,2261 169 1902 7051 712 5984 149 466 7846 13570
166,720 719 721 718 5090 5092 5093 5094 5095 5096
167,2264 2265 2267 2266 12941 6749 15023 240 14235 14898
168,2272 2283 2275 2285 2273 2281 2292 2259 2280 2279
169,2300 2298 2299 2297 2035 12639 12638 3927 2302 10201
170,2320 2315 2310 2305 2317 2318 2303 2307 2314 2311
171,873 2328 2327 3973 1518 8189 10632 6650 217 9992
172,2352 2353 2348 2355 2340 2350 2351 65 2337 2330
173,2363 1088 2362 2249 7968 9993 8993 780 7118 2449
174,788 464 1481 10499 2005 2366 13636 12169 1489 14619
175,2373 2374 2375 2369 2370 1354 2371 2372 6551 6550
176,2386 2398 2384 2396 2383 2389 2390 2388 2385 2387
177,2403 2401 2404 2402 14641 12899 526 4421 11941 13342
178,2406 5105 5104 5103 5102 5101 5100 5099 5098 5097
179,476 2408 2407 480 738 14897 10126 8606 13935 4925
180,2433 2419 2434 2429 2410 2430 2435 2431 10842 2423
181,2441 2443 2442 977 2988 4590 12761 9879 12760 15042
182,2448 2446 268 13636 2447 13637 11029 12047 2445 10044
183,2449 2451 2450 9292 1262 6096 8993 1264 4997 5670
184,2462 2156 775 2367 2459 780 455 2452 331 2453
185,871 1047 2465 2030 1901 8403 857 868 6317 2145
186,2475 2469 2472 2470 2474 2476 2473 2471 1164 9972
187,2524 2537 2534 2544 2508 2153 2552 2204 2511 2481
188,2577 2578 12305 6097 8668 8797 281 3713 9743 3923
189,2583 2582 2581 2579 2580 1621 1757 10633 11931 5906
190,2586 2589 2588 1521 2457 1238 2587 15085 7054 10931
191,2598 2596 2591 2594 2593 2595 2592 2597 15182 15202
192,2603 2602 10345 2601 10344 10346 1801 717 10914 12814
193,2605 2604 12485 14402 2837 6799 10836 12740 4658 4659
194,2609 15280 2608 2607 6106 7960 2653 7534 7537 7535
195,2611 2613 2612 2610 1129 9813 9814 9426 8212 10036
196,2620 1730 2618 1729 2619 2623 2622 2621 369 703
197,2626 2625 10144 15140 15139 15137 15138 10287 15136 15135
198,2630 2628 14067 2629 13646 7339 4315 8484 997 690
199,2635 2634 2632 10560 2221 2633 1174 5850 1173 11457
200,2646 2640 2639 2642 2643 2647 2648 2644 2649 2645
201,2651 2296 2655 2650 2657 10094 3853 14082 2293 2656
202,2666 1635 2662 2664 2663 11714 2665 13721 14026 4059
203,2671 2672 2673 2670 2669 3849 9287 5339 1549 3851
204,2713 2681 2714 2710 2685 2693 1761 2678 2677 2696
205,2724 2725 2723 2729 2728 1840 7802 6598 8676 14501
206,2735 2733 2734 7955 10507 1687 10931 5987 8837 4365
207,2738 2743 2741 2742 6996 6416 2740 10207 6992 6868
208,1247 2754 2751 1815 2753 1248 2752 2748 807 2749
209,2770 2776 2777 2760 2758 2778 2768 2771 2774 2025
210,2788 2803 2801 2794 2787 2797 2786 2795 2792 2793
211,2812 2813 2811 8430 10189 10190 7224 7748 1857 13485
212,2819 2817 2820 2818 405 1166 1535 2816 13453 13648
213,2825 1626 2826 2827 3748 7644 1675 10762 2043 2329
214,2835 2829 2833 2834 2836 2832 2831 2830 2828 12849
215,2840 2841 2839 9384 13176 14352 9377 9379 9386 9376
216,2854 2844 2861 2853 2850 2862 2847 2855 2858 2857
217,2871 2870 2873 2876 2869 2874 2875 4693 7818 2872
218,611 15020 11936 11939 11937 9955 11938 14680 11230 14547
219,2893 2882 2892 2883 2888 2886 2885 2881 2880 2879
220,2895 2909 2910 2906 2908 2898 2899 2905 2902 2903
221,2925 2927 2917 2926 2918 1747 2921 2924 2916 2922
222,2938 2933 2939 2937 2936 2935 2932 2934 11804 2759
223,2943 2944 5265 5174 8965 4274 2013 3993 11323 5264
224,1328 2948 2951 2950 2945 1660 61 13806 2949 1879
225,2960 2961 2959 13850 482 2958 2957 2956 2955 3377
226,2972 2970 2975 2974 2967 2965 2968 2966 2976 2964
227,2986 74 8561 2985 8562 10767 14227 3031 6823 8979
228,2719 2987 3684 7611 10494 1317 9886 4687 7453 5074
229,2988 2989 31 2442 8813 8814 4590 2443 2441 9879
230,2993 10492 625 2992 2257 14728 14727 13796 13517 2991
231,3002 2997 3000 3001 1321 2996 4316 14283 2999 2995
232,3008 3007 3009 3011 3005 3006 3010 3012 58 1911
233,3016 2024 3015 1569 10462 4759 3014 10369 10510 10424
234,3018 3019 114 2131 11586 2029 9400 105 3213 9223
235,3023 3024 2225 14878 6378 9877 9876 12974 298 5587
236,3032 3038 3034 3037 3029 1653 3039 3031 3027 3028
237,1752 5070 3044 3043 13585 2560 12404 10901 11230 1751
238,3046 3045 1529 13578 9366 2745 11393 13038 2614 13540
239,3048 960 3047 6377 10487 2217 4725 7212 10691 2785
240,3059 3058 3057 3056 3053 3054 3051 3052 15063 14584
241,3065 3064 3068 3066 3067 12900 7849 8735 11401 12323
242,3072 5690 14072 3069 3071 3070 12209 11578 8746 3512
243,3078 1314 3076 3080 3075 3081 3082 3079 6703 3077
244,1893 3088 3086 3089 1891 11744 11743 11709 12986 3087
245,3093 3092 106 14843 10282 1257 14351 14703 14702 4552
246,3094 13572 10098 5778 2869 9439 4597 8164 3001 6847
247,3102 1684 2926 3101 2236 3096 3099 500 3098 879
248,3107 3106 11104 11103 11106 11100 11107 3003 1722 11102
249,3114 3115 2293 3112 3113 3111 1097 2692 3108 12362
250,3118 11152 13666 13267 6069 11475 13951 6617 2731 3998
251,3123 3127 205 3125 2945 3128 3126 203 1547 2649
252,3166 3172 3150 2603 3155 3171 3137 3167 3133 3141
253,3204 3208 3205 2208 3207 1976 3198 3206 3196 3193
254,3215 14548 3222 744 860 3216 3218 3221 3223 3219
255,3227 3229 3232 3230 3231 3233 3228 1298 909 129
256,3240 3243 3244 243 3019 3242 3241 10797 5624 11260
257,3141 15031 11868 14408 12783 12503 4712 12150 10160 11046
258,3254 2709 3248 3255 3252 3253 3251 3249 784 3250
259,14932 3262 1311 3261 3259 3263 3260 11627 11747 14754
260,3266 3267 3268 13824 6698 1499 11477 12057 10190 9877
261,3271 3270 2794 3269 3272 5740 9320 5004 6514 6872
262,3324 3281 3334 3363 2048 3330 3331 3349 1162 3337
263,3388 3387 10051 13987 2280 8884 14102 7706 5402 14173
264,3390 3389 10636 7617 6472 1486 11713 4143 1652 5458
265,555 3394 3392 3399 3400 3393 3401 1537 3395 3391
266,3408 10796 3407 2174 4785 51 2187 9402 3406 8838
267,3412 3411 3410 13210 13211 9713 1448 5575 4270 9577
268,673 1887 3413 14345 3414 3415 12806 8822 7080 13662
269,3418 3419 8301 3417 7701 4925 4769 5926 6587 4973
270,3421 3424 3425 3422 3423 3426 2908 1938 10118 14265
271,3429 3427 3428 9256 12155 1119 13405 5743 13396 1121
272,3431 3430 3434 3432 3433 3435 14739 943 5105 5104
273,3436 5105 5104 5103 5102 5101 5100 5099 5098 5097
274,3441 4 1390 1389 7955 5850 3440 3438 2221 3439
275,3448 3447 3451 3450 3445 3446 3449 8320 14305 6403
276,3452 5105 5104 5103 5102 5101 5100 5099 5098 5097
277,3460 1099 343 14125 12491 1445 2156 3457 57 3459
278,3463 13578 2614 3464 3465 13731 11393 1324 11052 6417
279,3467 3466 2537 4174 11084 1555 12285 9130 3695 3879
280,3469 3471 3470 14550 6925 14560 14851 6926 13015 14733
281,3210 1550 3473 3472 3017 14743 1982 10092 2790 2750
282,3479 1201 3477 3049 128 3478 666 31 3025 7483
283,3481 3480 8244 8646 1703 3482 8645 14155 1882 13002
284,3484 3483 1720 3084 11056 13375 13374 13376 13685 7101
285,1978 3321 3487 12976 10840 11655 2043 4559 4531 8232
286,3491 3489 3490 13776 11611 13778 13777 9454 9453 9450
287,3496 198 3499 3502 3493 3498 2469 3505 3504 243
288,3510 3513 3512 3511 67 10840 11316 9656 2412 10530
289,3517 2781 3518 3186 3519 2750 3515 3744 8668 3514
290,3541 3542 3537 3540 3523 194 3535 2357 3538 3527
291,3551 3557 3552 3550 3556 3242 518 3553 1514 14590
292,3564 3569 3562 3565 3568 2086 3563 3566 3567 3570
293,3575 3577 3576 770 1875 3574 13369 14792 12620 15076
294,3579 9254 876 12670 3578 12324 994 12329 11090 11977
295,3585 3588 3581 3584 3582 3586 3587 3583 2233 13337
296,3592 3590 3593 3198 3591 11089 6398 8779 5798 8818
297,2738 3599 3595 3596 3594 42 3598 11960 734 3597
298,1765 3609 3605 3608 3603 3610 1019 1868 3606 3601
299,3616 3615 3617 1171 1174 14955 12558 14393 14979 15108
300,3628 3625 3626 3630 3636 3638 3627 3631 3639 3621
301,3647 2422 3661 3655 3659 3591 2421 2414 3656 567
302,3667 3666 1007 11626 7078 3074 11778 9536 7065 2380
303,3670 3672 3671 3669 4070 4065 4067 2060 10350 10349
304,3677 3684 3687 3685 3680 3683 3688 3686 3689 3674
305,3707 3706 231 3708 3700 8188 3703 3696 1972 3705
306,3717 3138 3716 3714 968 3715 15099 13609 11848 15109
307,3721 3722 9078 11363 9077 1536 14900 9076 9079 1128
308,3737 3736 3115 3740 3741 2692 3734 3732 1983 1066
309,3748 3749 3750 3745 2826 1943 1080 3747 1112 3454
310,3754 500 1435 3753 8562 1667 11284 12362 3755 4840
311,3758 3757 3759 3764 3763 1098 3761 1050 1278 2682
312,3770 3771 3772 3769 14693 10669 11711 5454 14393 5459
313,3776 3783 3780 3778 3781 3784 3777 3775 3786 3779
314,3792 3790 3791 7631 15147 1624 9093 11557 11559 7022
315,3794 3795 476 3796 5333 10323 8497 14897 8498 3009
316,3798 2430 3799 9116 2434 2433 2429 2435 2431 2410
317,3804 3808 3806 3801 3807 3805 3803 3802 3809 3800
318,3811 884 6812 1101 14893 882 886 869 874 10881
319,3815 3818 3816 3263 3813 3814 3817 14137 14845 14738
320,3828 3824 3829 3835 3830 3832 3833 3834 1181 1285
321,3844 3843 3845 14105 2767 2876 5876 4693 3516 1826
322,3849 3852 2673 3851 3847 3848 1878 2671 12432 3850
323,246 399 3856 3407 12578 14793 3855 14337 8803 13319
324,3861 3863 3860 3862 2830 230 3859 2831 12606 7568
325,3868 3871 3869 3867 3870 3866 13552 8498 30 11269
326,3880 3887 3888 3883 3884 3885 3877 3882 3879 3886
327,3907 3898 3906 3900 2043 3895 3903 7452 3904 3899
328,383 851 3909 2153 4519 13766 3252 12253 4759 14680
329,3927 3914 3912 3929 2298 3928 3920 3923 852 253
330,3881 3945 3946 732 714 3942 873 8054 3944 7552
331,3952 3950 3951 5285 7805 13358 9014 4468 6938 7939
332,3954 3953 15073 14894 8102 8093 8094 8092 5560 8091
333,1292 654 3968 3970 3228 3961 3967 3956 3955 3969
334,3979 3978 12688 14216 10170 3521 12547 10209 10674 11864
335,3982 626 3981 3980 4595 2131 5347 5898 13479 5709
336,3986 3985 3984 3720 14957 11363 14958 8187 5176 10360
337,3990 3989 3991 10330 14121 12621 12876 5623 14258 12874
338,1095 3993 3994 7430 9443 5265 2415 1519 183 280
339,3998 10408 3995 3996 3997 10409 11546 5891 11547 7893
340,4005 4003 4007 4008 4000 4006 1811 1817 2332 4004
341,4012 11468 4013 11469 3970 4808 762 1809 6535 5156
342,3945 4016 7552 4015 625 6833 14055 10359 11260 5852
343,4018 4026 4022 4027 179 4025 6868 2456 4023 1263
344,4034 4035 4037 4036 3442 13426 4609 13380 14745 10073
345,4047 4043 4042 4046 4041 4044 1372 4040 4045 1051
346,4051 3111 3108 11363 4050 1128 4049 245 10722 10721
347,4054 5105 5104 5103 5102 5101 5100 5099 5098 5097
348,4055 5105 5104 5103 5102 5101 5100 5099 5098 5097
349,4056 4058 4057 2663 13818 13451 5222 13461 13944 11631
350,4061 1778 4060 6362 1319 6363 2375 1321 2371 8302
351,3670 4065 4067 4064 4070 4072 3669 4071 4066 4069
352,4078 4094 4091 3664 4092 4088 1908 1100 4095 4083
353,4100 652 4113 4109 4108 4105 4110 4107 4112 4103
354,4117 4118 15050 3040 203 4116 3498 4120 4119 12763
355,4123 5256 5104 5103 5102 5101 5100 5099 5098 5097
356,4129 4125 4124 4128 4130 3811 807 4127 15171 1684
357,4144 4143 1829 4141 4140 1356 2378 4142 4137 1354
358,4150 4149 4153 4148 3648 4151 4152 14598 9610 13388
359,4155 988 4156 4165 4160 4161 4164 4162 4166 410
360,4168 4173 2108 2982 4170 4172 4169 4171 15125 14206
361,4177 14548 476 4176 478 794 494 1213 809 437
362,4248 4252 2107 4243 4240 4245 1418 4256 4211 4258
363,4273 4275 4274 4272 1176 4809 9448 6395 9823 6944
364,4294 4296 4289 4287 4279 4298 4281 4297 4290 3554
365,4314 4306 4309 4311 4312 4304 4313 4310 4305 4308
366,4321 2910 4324 3730 4322 998 4325 13053 593 4319
367,1866 4329 2820 4330 12534 3846 4328 13625 11418 11122
368,4332 2243 4331 11527 5933 3752 11858 11532 9533 2245
369,4333 4335 4334 5341 5576 13918 3994 183 9991 1176
370,240 7966 4337 4338 12941 13458 9129 6401 2731 11469
371,4346 4343 3831 4344 4347 2488 4345 3826 3289 4951
372,4352 2305 4350 13618 1805 13312 4351 6268 8882 11809
373,4355 4353 4354 6939 6391 5511 1199 292 12204 1735
374,2614 7700 287 618 7699 15065 10347 6002 366 13578
375,4358 282 1222 1938 710 10323 10001 10003 3794 7936
376,4362 4361 12879 10195 7530 1669 6392 13142 4737 4734
377,4363 8494 7120 12877 137 81 7113 447 3510 467
378,209 4251 4365 7955 1568 4364 3185 5858 3453 5720
379,4367 2916 412 4066 2919 10499 15145 10048 14541 2013
380,4376 1764 4371 4373 4374 4375 3920 4377 4935 4372
381,4382 4383 4381 12863 1452 14432 14872 14871 7240 4380
382,4394 4390 4393 4412 4389 4391 4408 4410 4400 4392
383,1306 4415 4414 1102 11651 5411 11654 1826 1310 1312
384,4417 4418 10559 10483 1949 9060 8969 14529 1865 12512
385,4433 4435 4432 4431 4434 4421 4429 4420 4428 2832
386,707 4438 13058 4439 4440 5569 12028 13577 10064 10529
387,4444 4445 9435 4443 9700 6691 9705 9710 9701 8816
388,4448 4449 4450 4447 4446 11852 936 15188 13968 8316
389,4453 2686 9521 3750 6317 2809 6043 6318 842 12592
390,1823 4459 4463 4456 623 4458 4454 2866 1927 4457
391,4498 540 542 4502 4495 4489 4479 3922 4485 4486
392,1340 4514 1529 4515 15153 13453 2814 6416 2741 13349
393,2569 827 4517 4519 9588 7373 851 746 13129 8391
394,4525 4520 4526 4528 4522 4529 4530 4527 14266 4524
395,4533 1731 4535 4531 4534 4532 981 12792 11792 955
396,4543 4536 4540 4539 4542 4538 4549 4541 4548 4545
397,1257 4552 3092 4554 4558 3769 4557 4556 3093 4555
398,4564 4565 4563 569 4561 4560 11744 4562 11743 12184
399,4587 4582 4583 4584 1336 4586 4576 4585 3260 2726
400,1322 4604 15238 13665 4606 4401 4600 4603 4133 4605
401,4610 10271 698 10272 7506 563 6833 4277 10031 10030
402,4621 4620 4623 4622 4618 4612 4625 4615 4619 4617
403,4633 4629 116 2462 3639 354 559 6511 4628 4632
404,4636 3380 4635 2539 2483 4637 14587 7138 1163 1275
405,4659 4658 4650 4646 2615 4660 4648 13022 4652 4655
406,4666 4667 12330 13406 13770 7722 231 10867 11147 2904
407,4668 2556 4669 7438 11566 4561 10151 7704 10319 10315
408,4672 4671 11248 10488 13793 7384 14720 14719 14229 14721
409,4675 5106 5105 5104 5103 5102 5101 5100 5099 5098
410,4679 4685 4680 4676 4681 4683 4682 4678 4684 4677
411,4689 4690 4132 3443 4687 4692 4688 2873 13270 1136
412,4376 807 4492 4129 4125 1764 4373 4374 4371 4128
413,4698 4702 1699 4701 4706 4705 4704 15090 4703 14199
414,4711 4712 15097 13320 14183 8869 13855 7090 3121 7386
415,4714 4718 4713 4715 4719 14377 1541 11036 8274 4717
416,4724 4305 11420 4722 13958 4723 137 4721 2480 4720
417,4728 4727 7713 14547 7714 7849 7712 7715 11982 7848
418,4730 5106 5105 5104 5103 5102 5101 5100 5099 5098
419,4737 4734 4733 4735 4738 4739 4361 4731 4732 1193
420,4741 4575 4742 8200 13057 8238 3916 5499 14967 14486
421,1296 4743 4077 5992 1299 4877 13209 10630 5991 6874
422,4749 4745 4747 4748 2982 2894 15125 4746 11886 1269
423,4751 4754 4753 4752 15060 15171 2947 4964 11054 11005
424,4759 4756 4762 4262 697 4760 4761 3016 3711 383
425,4766 0 3097 894 2294 4767 11429 1732 4768 14617
426,4779 3386 4775 4778 4772 1960 4776 8254 6444 4777
427,1513 4782 3525 4781 9443 6181 1457 12180 5427 11372
428,4784 4800 4783 4795 4785 4802 4796 4798 4794 4791
429,2362 4810 4811 2363 1088 14520 6848 10502 11682 11674
430,4814 184 4813 1392 3219 798 12055 3397 4812 2607
431,4061 4820 4819 4818 8302 12585 3110 982 6317 13484
432,4825 4822 4823 3771 4824 4813 4821 7330 4884 7332
433,4830 2751 1083 4828 1060 4827 4831 4301 890 4829
434,4839 4835 4837 538 4840 14808 526 4841 4844 4838
435,4852 1751 4854 4853 4850 4861 2579 2262 3262 4851
436,3034 4877 4879 2692 1657 2150 2775 4873 136 4878
437,393 401 398 397 402 395 394 396 400 399
438,4895 4899 4903 3238 4905 4892 4427 1371 4890 4902
439,3496 4914 4920 4901 4912 4918 4919 2488 4638 4915
440,4925 4924 46 7516 12709 12205 13884 10732 11392 6002
441,3513 6853 4928 4929 2323 420 4930 46 813 234
442,4935 4371 8357 4376 1910 6525 1764 4373 4374 4375
443,4941 4939 4808 2008 4944 4945 4943 4940 4942 4938
444,4950 2770 4949 9972 7041 10914 2602 7036 1476 6970
445,4955 4958 4956 4752 4963 4966 4954 14893 4960 4961
446,3544 4974 3546 3108 3819 4975 3111 4976 1014 4973
447,4982 1369 4990 3860 4986 135 4716 4873 4878 4987
448,4996 4995 4994 12166 3458 12202 8854 8199 9002 8718
449,4997 4158 11240 4999 3366 3553 5001 8959 4998 89
450,5006 5007 5005 5009 5008 5010 11146 11783 7659 4673
451,5055 5057 4354 5046 2253 4050 5048 5021 4308 2006
452,5086 5085 2066 1653 5090 5088 5084 5083 5089 4825
453,5098 4729 4384 5096 5099 5097 5100 4327 12420 4122
454,5103 5102 5108 5101 5105 5106 5113 5107 5109 5112
455,5115 5106 5105 5104 5103 5102 5101 5100 5099 5098
456,5122 5121 5116 3245 2703 3151 5120 5119 3167 5118
457,5125 5128 5127 5129 5126 5124 9967 11406 9968 11025
458,5160 3129 5154 5142 5071 5130 5162 5150 5136 5158
459,4085 5181 3557 5182 2714 7455 14861 10972 1993 3551
460,5185 4369 4090 753 6388 5184 3547 12213 12127 11593
461,4038 5193 5189 5190 5192 1461 1620 12534 5191 9935
462,5197 4465 5196 2699 6097 14423 6498 2705 14422 2600
463,5198 5201 5199 5202 15125 12309 5200 10229 13942 10157
464,5205 5204 4033 6079 12869 12868 14926 1451 5466 11592
465,4979 5214 5213 5216 5217 4976 1271 5219 3831 5215
466,5225 5224 7054 26 7966 5223 12966 9044 8009 10076
467,5230 5231 5232 5227 5228 5229 1740 3449 14305 7684
468,5236 5237 3526 10902 5758 11882 5235 3644 5757 5233
469,5240 5239 5241 5238 5242 5092 5093 5094 5091 5096
470,5248 1119 5245 5247 1379 5243 5244 1121 5246 11772
471,5250 5251 5341 13918 4333 7174 10502 6848 505 10501
472,5252 5255 5254 678 5256 1886 8259 13705 5253 14624
473,1799 5260 1801 15162 15161 4306 568 2156 7952 5159
474,5265 5174 2944 4274 3993 5264 2013 2657 5263 13563
475,299 1492 5276 5277 5278 5280 3792 5275 1483 5273
476,4273 5282 2268 11712 12479 12432 10455 10457 12017 12459
477,5285 1897 5287 1177 3950 5286 2984 13719 3952 13742
478,5289 5296 5292 2830 5295 5291 5293 5294 4871 5290
479,1994 5311 5310 1367 3019 3136 5307 5309 15276 5306
480,5318 5320 5319 5317 8255 9961 9962 2624 6431 7472
481,5324 5322 15092 467 5323 6002 1391 14287 6824 5321
482,5327 1882 5326 3482 5328 5330 5329 5332 9074 3481
483,5333 3794 5334 2901 1979 11079 15055 10323 9796 10757
484,5339 5338 2673 5336 5337 5335 2671 3849 11445 11446
485,3384 5342 3385 5432 5429 1281 5343 5501 4832 175
486,5344 1533 2824 15096 13926 8526 6992 1532 13660 2744
487,5346 5349 5347 13195 7695 6333 4282 5348 7694 6094
488,5356 5357 5358 576 5355 5352 5353 13024 12597 12383
489,5361 3550 2139 3428 5360 5359 436 9256 7087 1101
490,5375 5377 5373 5371 5369 2169 5378 626 5379 5374
491,5389 5391 8217 5390 5392 3289 5212 5394 5393 2540
492,2101 5396 5397 10572 4091 10142 9391 253 3911 12327
493,5399 12300 1933 12892 12520 5102 5101 5103 5100 5093
494,209 5400 4937 11193 12281 12974 5587 4422 3023 10552
495,685 5401 5402 10781 6445 13987 8884 7149 10051 3387
496,5406 5408 5407 147 5405 5403 7691 10037 5404 9027
497,5411 5410 466 4908 1686 4891 12044 4823 10517 2470
498,5417 5419 1752 5420 3043 5416 711 5418 4228 5415
499,5427 5425 874 5426 5424 1484 3529 3453 1611 8676
500,2422 12036 5428 2421 2414 3661 567 3647 10224 12196
501,5432 5429 5431 11091 5433 3384 5435 5434 5430 4202
502,5442 5443 5439 5446 5441 5440 5444 5445 1721 4407
503,1826 5448 5447 2996 4139 15017 4316 5449 5530 5532
504,5454 5459 3770 1104 5458 5460 5457 5462 5453 1112
505,5467 5463 5466 991 5464 4867 5465 6144 11116 12833
506,5470 5469 5484 5476 5479 5481 5482 5478 1677 5472
507,5490 5488 3042 5489 5082 5487 8074 7516 6689 7580
508,5494 5493 5492 8297 12791 12790 12789 6699 13719 1818
509,5496 5495 5105 5103 5102 5101 5100 5099 5098 5097
510,5499 5505 3909 5504 5502 5497 5498 1101 5503 5501
511,5511 1684 5509 5508 10262 5510 1749 2702 5507 12143
512,5513 5515 5514 5516 15163 1131 14114 14159 14224 13431
513,5518 5519 14581 5520 14424 14380 14379 14204 14222 10163
514,5524 4816 5523 5527 14548 478 5528 15207 15206 660
515,5530 5532 5529 5448 5536 1140 5535 5534 5533 5449
516,5545 2758 4340 5544 4364 5548 4766 4201 5542 4366
517,638 5555 344 5556 5557 5558 15265 5554 2795 1254
518,2309 5561 3811 1875 2755 13933 7814 10347 774 466
519,5566 5565 4644 5564 4642 5563 9559 9558 9560 14659
520,5571 5569 1553 5572 5570 5573 2669 2445 13058 8316
521,149 5576 5577 5433 5475 481 5432 5429 169 14548
522,4925 5579 860 466 5580 5578 7516 1690 13884 4924
523,5582 5583 7670 3193 7201 11341 7675 667 7589 7488
524,5589 5585 5591 587 4478 5588 5587 5590 5586 3913
525,5592 1836 5594 7050 5593 11748 14356 13401 10910 7246
526,5605 4747 4750 5604 5603 5600 5601 1940 5598 5597
527,5607 5608 2081 5606 6144 13629 13342 937 5609 5463
528,5612 5620 5615 5621 5619 5617 1297 357 5618 2930
529,5626 5627 5628 12310 12068 12172 12649 8626 8637 8632
530,5636 664 5637 5634 134 648 5633 14699 1419 5635
531,5299 3714 3857 3717 11866 14052 14054 13851 14053 3138
532,5647 5644 5649 5648 5646 5643 5645 5659 5650 5654
533,5665 5666 13894 9492 11574 1098 12592 2705 4928 10235
534,5669 5671 5670 1773 5667 9665 10214 5668 1917 9967
535,5675 5674 1337 1360 5676 1748 4386 12387 9175 9178
536,5683 5682 14443 14561 177 782 14997 5680 5434 10722
537,642 5685 11022 648 2010 922 639 643 5684 13236
538,5687 5688 1861 2887 5447 4132 4134 4688 5686 13270
539,5697 5693 5691 5692 5696 5694 5695 13218 8357 12088
540,5701 5702 5705 5704 5698 5699 5703 1654 5700 10007
541,5713 990 5709 5710 5711 4668 626 569 5708 5712
542,2589 5722 5717 5721 5723 5720 873 5718 2309 686
543,5734 5732 4312 5682 5737 5735 5729 1402 5736 5731
544,2064 5499 3532 13057 8238 14967 2063 14502 4742 562
545,5744 5747 5746 5751 1752 5749 2 15264 2134 5750
546,5758 5757 5759 5235 8324 8323 553 5236 14733 12603
547,5762 5767 3719 5763 5768 5769 5761 3937 5766 450
548,5772 5773 5774 212 5771 5770 5414 8993 1758 1088
549,5780 5781 5779 644 5782 3028 5777 3038 14646 5775
550,5786 5788 5787 7000 3177 4450 11868 14834 10986 3178
551,3467 4558 5789 1257 11084 9130 9520 4552 3092 12714
552,5792 5791 15025 9433 8307 4764 6045 27 9252 11690
553,5797 4339 271 5796 5801 5794 5800 5799 3137 2857
554,5816 5806 5805 4915 5803 5827 5823 5824 1159 5807
555,5841 5842 5844 5847 5849 2884 5843 1826 5848 5839
556,5850 5851 2221 11982 6930 11981 6726 11747 4728 2444
557,5856 5861 5855 5870 5872 5873 5868 5866 5857 5867
558,2405 5879 5882 5883 5878 5885 3411 5884 5886 3814
559,586 5891 1329 2723 5620 11546 3995 6598 10035 1331
560,2993 5894 226 2736 10492 3342 5893 1075 3286 5862
561,3982 2131 4595 5895 5897 5898 5896 12461 4964 9228
562,1466 5908 5901 5914 1464 1465 5906 5910 5917 5912
563,5930 5936 5933 5924 5939 5949 5935 5948 5944 5940
564,3811 5958 5957 6853 5959 12847 5960 2309 5961 8220
565,5966 5965 5963 1596 5968 2903 5967 5964 3125 5969
566,5580 249 1340 3499 1341 246 4925 4017 6697 6693
567,280 5974 5975 5978 5980 5977 5979 3699 5976 2754
568,5983 1366 5984 4518 4709 12590 712 7846 10581 8005
569,5992 5991 5988 5987 5994 1296 5990 5993 4399 5175
570,5344 5999 6001 6000 2742 2820 2614 15152 1529 5998
571,6002 1957 5324 7182 4452 3213 46 618 12205 578
572,6010 6006 6007 6009 6011 6008 5677 11835 13654 13798
573,4762 6021 6015 6035 6028 1612 6034 2366 5211 1450
574,5073 5072 6050 6051 5065 5067 6049 4366 6047 461
575,1684 5416 5417 6054 6055 1416 5418 6214 5419 286
576,6059 6057 6060 4748 6058 684 6061 14047 14048 10220
577,9276 6064 2133 6063 5517 3182 2082 10061 6348 12308
578,4132 4687 4138 4688 12929 4693 1317 1719 4689 13573
579,6068 6069 13631 11412 11411 11413 11414 7640 10024 4709
580,5638 6070 231 229 13406 9190 13950 7568 7658 1631
581,6072 6077 6076 6073 202 6074 6071 6075 15176 4350
582,6082 6081 6080 7873 7870 7874 7872 7871 3125 7369
583,1732 848 6083 10517 7338 6328 8971 11985 2452 1661
584,6092 6090 5598 6093 6091 6084 5434 4207 6088 893
585,5729 14594 6097 6096 2847 1898 8206 8204 14733 11244
586,6099 6101 6100 10057 13975 6102 14795 13809 9025 14377
587,5997 6104 3863 5837 6103 13113 2186 1471 412 11132
588,3556 1239 1238 15085 2589 7052 3557 2586 31 10902
589,6112 6113 733 5727 6116 3983 6109 6106 6108 6111
590,6124 6121 6120 6123 6122 6119 12198 11239 7620 12886
591,6003 31 6128 3222 6126 665 14287 14381 30 10245
592,1765 1282 6130 6131 6132 6133 4850 12847 3933 109
593,3938 3029 2680 12057 4695 12193 3027 10617 3032 12192
594,13003 6139 6136 1374 6137 4890 6138 4903 3906 13821
595,3727 3312 4912 12922 3359 11588 1501 164 2470 1295
596,4830 679 3602 349 6142 8176 3692 14729 13827 13927
597,6145 4458 6144 5463 6524 6525 14533 3533 5607 11908
598,6156 6151 6148 6147 6155 6153 6149 6152 6154 3636
599,6158 11660 11661 614 604 9314 11030 7884 7885 9392
600,6160 6167 6161 6163 5445 6169 1253 6168 6165 6164
601,6178 6176 6177 5396 4000 4128 2772 6175 12294 14419
602,6180 6186 6184 4781 6181 6185 6187 6182 6096 4948
603,6195 6196 2470 6197 144 140 5542 6199 6200 4988
604,6206 6207 4877 13190 6203 6204 6205 11244 12974 5587
605,6218 6220 6219 1650 3499 6221 15282 6217 4475 6210
606,4749 6227 6226 6225 11239 7620 6122 6224 11964 13639
607,6229 6230 6233 6232 6236 6231 213 684 6234 3814
608,6239 6256 6259 6238 6249 2983 6258 5525 6188 6252
609,5452 2151 2296 3876 14127 7499 5229 5801 8993 13567
610,6268 6269 12417 2664 13018 7868 4352 12291 13160 8211
611,1673 12324 6271 994 1712 11872 13236 10808 14677 5685
612,6291 6292 6272 6283 6275 6287 6277 6282 6273 1246
613,6293 6294 4532 6296 774 8490 624 6295 12406 3445
614,6299 6297 2723 5600 5894 1844 6173 6298 6598 4068
615,4951 5401 2469 4636 3826 3378 295 3371 4344 6301
616,6304 2221 5850 2482 11747 5851 5411 1076 341 2307
617,6310 3507 3049 6311 6315 6312 3806 6305 6309 3802
618,1577 11392 10732 1564 1565 1576 7534 7537 7535 1581
619,6320 6324 6323 4597 10098 1136 5686 5689 1861 6321
620,6331 6328 636 6332 6330 2831 6049 6327 4583 4581
621,6339 5362 6347 644 6337 6341 6346 6338 6345 2689
622,6352 6351 6350 13578 6417 10208 11122 13561 4356 14155
623,2594 6354 917 2598 2596 2593 2595 2591 2597 2016
624,2628 1011 1145 1146 4596 9534 1136 11091 9539 2630
625,6358 318 6357 10264 12640 8455 211 9367 344 14116
626,6362 6363 1319 1320 6361 1778 11352 1321 9192 4415
627,6371 2151 5739 2467 6365 6369 5090 6373 6370 3218
628,1250 2356 10094 1019 13886 1765 2657 5796 9496 666
629,6384 6385 6378 6382 6380 6383 6381 6379 6377 1381
630,6391 6392 6389 6388 6390 13980 13123 5601 5967 12026
631,6395 4272 6399 6396 6398 1176 6397 10109 7536 12982
632,6406 3908 6403 1300 6410 12205 6749 1426 6402 1213
633,6416 1529 2614 6415 13578 6414 4514 15153 11393 9366
634,6424 6418 6420 6359 6422 6425 4508 6429 6430 1266
635,6431 6364 14283 6432 13223 10096 7426 8255 5317 4661
636,3108 1622 3530 1618 1617 3751 1280 234 1619 235
637,4507 6438 11082 6441 6442 6440 6049 6439 6437 2045
638,6446 5449 6447 5448 2880 7077 13785 6847 1727 2869
639,6458 6461 6449 6459 6455 6452 6448 6450 6460 6454
640,6467 6466 6464 6465 348 7925 5653 5654 6463 5652
641,6054 6471 5487 6470 4639 458 2509 896 5490 5135
642,1 2808 5195 6114 50 1608 6473 4161 3905 4577
643,6492 6480 6506 6509 3087 6491 6504 6502 6487 1680
644,6530 6527 6526 6524 3609 6525 6528 6529 6144 5463
645,6534 5104 5103 5102 5101 5100 5099 5098 5097 5096
646,6536 6545 1341 6538 6542 6541 6540 6543 230 6539
647,6549 4357 6548 7584 1327 8786 13238 7967 3261 4074
648,6550 6555 6551 3081 6552 2369 1913 1914 6553 2014
649,6566 6562 6563 4568 5793 3049 3446 4891 3237 6558
650,6568 1303 6410 7 11320 8694 12180 12067 5427 1299
651,6570 6572 6571 6569 8071 10790 7389 12501 12505 12508
652,6579 6577 15113 6576 11429 6578 14617 6574 6575 5852
653,6582 6583 2013 6584 6581 14567 14688 5265 4803 14575
654,6588 6586 1479 6589 6585 6853 3102 6590 420 1211
655,794 775 873 3943 1203 7580 4177 14443 3527 8189
656,6595 6592 2768 772 3206 1568 3185 6593 7955 6038
657,6598 1237 6597 2723 431 10809 2724 4018 4696 6299
658,6602 6600 6601 2167 2857 6599 5997 11419 9140 13668
659,6616 6611 6610 6619 6609 6606 6614 6608 6605 6604
660,6627 6630 6631 6632 1110 6628 6629 6626 4465 9972
661,6633 734 3985 6639 1453 2106 6643 6642 5422 6640
662,6660 6667 6654 6657 6663 6655 6665 6664 6666 6662
663,4368 6669 14207 14001 14182 13537 7660 7473 4932 7476
664,211 6677 6357 5894 12324 4555 6678 6674 6676 6672
665,341 2221 6686 1600 5850 973 8220 7083 9532 10114
666,5490 6157 6471 3039 5488 5489 3635 6689 3165 2139
667,6697 6693 4017 1512 6546 6694 6498 249 3996 6499
668,6156 6147 6702 6701 6148 3354 6700 6151 6155 6153
669,3078 6703 3076 2870 2883 3079 6704 3077 2890 3075
670,6709 6720 6712 554 6721 6711 6724 6715 6716 6723
671,6729 4595 14543 8677 6728 3982 5355 2131 13841 11655
672,6732 6731 4013 1855 950 12296 11468 5341 13918 4012
673,6735 6739 6738 6736 6733 6740 6737 6734 4136 1015
674,6743 6744 14411 13551 13023 15141 354 7662 5288 5099
675,6745 6746 6747 5090 5091 5092 5093 5094 5095 5096
676,6749 104 6673 1804 3908 9711 7362 4080 12133 1279
677,5917 5904 11050 632 2005 10125 1466 6750 5908 5901
678,6754 6753 4771 13485 10346 13620 8615 10338 1335 5664
679,6759 6756 6757 6758 2971 6761 6760 9239 11359 15186
680,6766 751 6765 6764 6580 4480 4876 6763 3931 2960
681,4309 6774 6772 6501 5171 6770 6773 6771 943 934
682,6776 6775 6778 6184 6779 6777 4281 6783 6780 12962
683,6786 6788 1128 6789 7824 6790 14043 11363 12093 13936
684,6797 6795 6794 4594 4646 6796 5564 5566 4648 4655
685,3909 6802 6801 2235 1429 4477 14680 6800 3581 12741
686,6809 6811 6810 2997 6323 7091 2996 3442 9756 3002
687,6812 6813 6697 7438 884 4017 6693 748 1512 6546
688,3548 9428 8666 3163 6816 6815 6814 13664 949 9427
689,1871 1869 1890 6818 6819 4985 4897 10542 1911 4815
690,4844 6820 538 14808 4839 536 531 9656 535 533
691,6821 6824 4182 133 697 6822 5053 11734 8390 14001
692,6830 6831 4419 444 6827 6832 6828 6519 6829 3728
693,6837 6835 6836 2918 6839 4787 6838 12329 12135 12832
694,6845 6840 6843 6846 6844 6842 6841 12090 12089 7782
695,6364 6847 12933 1826 12934 7077 12932 13223 7426 12935
696,5884 5584 6850 3151 823 8648 13636 6849 15069 6848
697,6853 420 3225 2211 15055 6588 5577 1641 3678 10065
698,5398 5779 4131 592 6861 4453 1834 6177 4006 2757
699,404 6867 13422 9791 1166 6866 2820 6941 1532 405
700,6878 6871 2661 1295 6877 6872 3871 6088 3312 2675
701,5858 3453 3185 4251 6676 6536 15222 5540 6545 4031
702,6885 6884 6883 12318 11979 11978 8059 1179 9225 4530
703,6909 6904 6910 6903 6905 6892 90 5325 6911 6895
704,1071 6919 694 832 2770 1899 6918 9972 8396 4208
705,6922 6921 5103 5102 5101 5100 5099 5098 5097 5096
706,6925 6926 3469 6927 4894 119 6928 5637 4922 3744
707,6938 5403 6933 6932 6936 6934 3950 6937 3133 6935
708,6947 6951 6950 6948 5600 6949 5603 6547 6946 5877
709,6962 6966 5778 2053 6643 6439 5718 6957 1766 6964
710,6986 6979 6974 6978 6987 4121 6984 226 6985 6340
711,1529 2815 6989 13453 2742 9366 2614 13578 14150 3046
712,6993 4515 6992 13234 11897 8810 13455 13328 8905 13324
713,6995 6990 11108 5194 12070 9788 12786 10563 4791 13343
714,7003 7002 4643 2151 4642 2936 7000 7004 5191 4471
715,7008 7007 7010 7009 14010 3497 7011 4875 4990 9100
716,7013 7014 7015 14571 14445 14236 12632 7016 4062 12657
717,6769 6114 7020 7018 6345 7019 7017 683 8394 4952
718,7026 7029 7032 7024 7035 7034 7033 7023 7028 7030
719,7041 7036 7039 6970 4950 7037 1273 7042 1987 4761
720,7044 7043 465 6445 10092 2139 3210 454 4096 6958
721,7047 4834 4992 185 7048 4993 6263 2488 3348 7046
722,7051 7050 7052 4850 5592 7053 5351 11241 658 1282
723,7061 7060 7063 7071 556 7070 4142 7067 3077 7074
724,4956 7082 225 14986 8561 14650 14649 14651 14648 14653
725,7084 5105 5104 5103 5102 5101 5100 5099 5098 5097
726,964 7085 14726 9436 10680 3683 7403 14640 13044 13541
727,6399 7087 4553 3588 6395 3585 3586 3581 3587 3584
728,4776 7089 145 4305 13958 8194 12280 4772 11193 2220
729,6551 7100 3774 2616 7091 2372 7098 7099 7092 4461
730,1169 4964 7103 5978 7106 6163 7105 5896 9228 7104
731,6196 7109 7110 14496 14921 8579 8583 8587 12803 8586
732,111 7111 7114 7120 7126 7112 7125 7127 7123 108
733,7138 4637 2863 12493 3899 6973 3377 7137 88 15243
734,5452 7139 1602 3543 2297 4979 3546 3544 39 2296
735,3811 1101 14893 3470 385 742 3469 2738 3598 10347
736,1635 4056 11714 2662 2663 13721 7142 8214 3572 13944
737,1989 3764 7143 644 1990 7144 1684 7145 1766 10912
738,7149 6445 685 433 3937 466 787 8959 12791 12790
739,3931 592 243 3240 3243 635 9975 8224 2781 4876
740,2799 2697 2720 7151 3361 10424 10510 3358 3016 5766
741,7159 4426 7157 7158 7127 15045 7156 7123 2507 2125
742,7161 7170 6612 7171 3997 7166 7165 7163 7164 7167
743,323 865 10143 138 10144 11485 31 12180 12791 12790
744,7176 3969 3455 14826 14320 2061 1292 654 3968 12568
745,7179 7178 7180 7177 1367 4307 11767 15276 14887 728
746,7182 1957 4452 6002 3149 2321 7181 6468 5324 1384
747,6348 7186 6814 7185 13664 732 7184 7183 14969 2215
748,985 7195 665 7191 668 7194 7196 7193 1093 7190
749,7199 7200 10186 10187 5103 5102 5101 5100 5099 5098
750,6939 5511 2858 3852 4802 7201 953 4354 546 12379
751,7204 7203 7208 7209 6319 6585 4126 2954 7207 15171
752,7214 5882 1677 5483 7213 13615 1873 1660 14092 1678
753,4599 7215 13111 2014 5845 4596 7216 2624 1315 4693
754,7219 9808 11849 1845 1700 8114 1846 11848 6785 14884
755,3075 6704 7221 6703 3078 2870 3076 6324 3079 3077
756,7228 7227 7226 7225 7224 7223 10084 15113 10080 10249
757,6303 7230 12339 11036 13842 9768 2273 8690 7248 6083
758,7232 7233 14540 14636 7231 5740 873 4027 3168 1585
759,7238 6755 7237 4889 10521 10520 7236 10519 2791 10462
760,7240 7244 7243 7242 4382 7241 14694 782 7239 5755
761,6868 2739 4454 13632 14355 7247 10126 11090 11393 4920
762,6465 4836 7250 7249 13766 13854 7202 7746 602 1988
763,7252 3793 7253 7251 12622 13238 7255 2082 6319 5975
764,7136 7258 5710 7257 5979 5337 7262 7256 1522 7261
765,1739 7272 7268 7276 5491 2300 6831 7273 7267 3499
766,2078 474 6934 7283 2234 4377 679 3301 11748 7282
767,7290 7289 3203 1419 7286 6367 7291 6014 8188 6651
768,1471 1473 1469 1468 1470 7292 1472 7938 13108 14444
769,7300 3680 7294 2036 7299 1487 7295 7298 7297 7296
770,7307 7308 7312 7311 7322 7181 4983 4558 187 3607
771,7333 7334 3892 1345 8489 8761 6940 4356 14155 9761
772,7338 2452 7337 370 446 848 7335 611 7336 3676
773,7343 6729 7347 7344 4071 6365 7345 7342 10094 7346
774,7351 7352 7349 7350 10609 11968 12564 4701 10610 8264
775,7356 7355 6265 7357 5885 5599 2143 7354 4489 6058
776,7358 1916 11777 1915 1913 1914 9192 7065 12896 4036
777,484 775 728 2760 6445 7364 7363 7430 4858 7362
778,7367 7369 3741 7368 4088 7370 1540 7371 7372 37
779,7376 7375 7381 7242 1180 7382 2661 4840 4836 7379
780,2810 7384 7391 7385 205 4712 7386 7388 7390 7389
781,7395 7396 7394 2742 4346 7393 7397 11365 4495 12714
782,7401 7402 12981 14528 14353 7272 11647 11786 7253 7664
783,1319 6362 1778 7404 6363 1320 1321 1779 4415 9192
784,7405 7407 7406 4563 2594 684 6246 1844 6528 5657
785,3116 7416 5315 2989 7415 4269 6373 1217 1236 1991
786,7426 7425 1826 6364 2869 6707 14736 11536 12334 13223
787,634 14297 15207 15206 611 7428 618 6471 5527 15065
788,7433 6186 6708 7434 7432 6763 5947 7436 7431 7435
789,7438 90 3738 5613 4864 2556 1410 6813 7437 10985
790,7443 7440 7225 7442 7228 15113 7441 15085 333 2068
791,7447 7445 7446 3189 299 1492 3204 5276 3208 2024
792,7450 7449 2887 5599 7448 14450 7451 13878 14226 14464
793,7452 3903 1058 3907 14406 7910 3898 692 10500 3900
794,7455 3055 13626 5869 6909 15247 7453 11126 9957 14875
795,7458 7457 7462 7459 7456 6177 7463 1212 1610 1061
796,7467 2013 1132 10934 6582 10798 10095 11961 5265 4803
797,7469 1480 1549 14997 9287 9623 5682 12028 1133 1862
798,4932 7475 1117 6669 7471 7476 7473 5799 7486 7481
799,6151 6153 4346 7492 6156 6154 7491 487 7490 6148
800,2706 4789 6463 10592 6671 10766 12901 8959 8485 10633
801,3368 7355 5096 5413 7283 7752 8389 5812 10497 4122
802,7494 7497 7314 3497 7496 5501 1618 5859 3213 10786
803,7499 3824 5452 2296 13040 11417 11416 11415 14215 14127
804,3042 7509 7512 7513 842 4175 7505 860 7506 7511
805,7520 7521 7517 7519 7518 3851 13182 11601 10450 11600
806,33 715 4947 13434 7377 11686 13416 1946 1573 14680
807,7525 7524 4465 7529 8375 7526 5179 3591 5197 6058
808,7534 7537 7535 7541 7542 7536 7544 1577 4808 411
809,7547 7545 7546 72 11236 11237 13040 11238 6267 15240
810,7550 7548 7549 10140 2523 5281 7465 56 742 5097
811,3479 666 7551 7483 1867 4305 13958 9149 4946 3477
812,1827 1354 1136 3846 2875 1821 1866 4693 7553 9540
813,7555 7560 7559 2667 7562 7564 2566 4882 7558 4895
814,7568 2981 13988 3789 9238 7567 12981 9796 9514 9515
815,6768 3811 195 10606 4978 5260 1474 2081 4933 1101
816,7573 6779 7572 6484 7574 7571 5375 7575 7576 6776
817,7577 7578 7580 7579 5488 1332 794 11914 15074 10171
818,7582 5105 5104 5103 5102 5101 5100 5099 5098 5097
819,7584 6549 7586 7249 13854 1700 7585 4357 14613 14614
820,7607 7602 7603 7592 7587 7590 7591 7608 7601 7598
821,7611 761 10601 9402 5074 810 8073 6961 163 10743
822,7615 6830 7612 3550 268 7614 3622 7616 7613 6453
823,6153 7621 7622 6151 6156 6148 6154 2809 6152 6149
824,7627 7628 7629 7342 7626 13906 7623 7624 7625 12354
825,7632 7631 7633 8690 14165 8391 12620 5595 7399 5417
826,7634 7638 1595 7635 7636 7637 7639 7642 7641 7640
827,1118 1675 7644 1626 2827 7645 226 1250 2825 7151
828,1035 7646 3529 2021 4220 6019 7647 3751 13109 2063
829,7650 7643 6165 7649 7651 7648 4073 1855 12296 6780
830,7654 4087 2442 4587 4586 4086 1336 4585 4582 4590
831,7658 7657 9190 7656 4530 14257 1416 1631 9189 6950
832,219 6963 6036 10329 4189 1477 223 7417 3609 221
833,7666 7665 7661 7667 4781 5715 5597 1940 7664 7663
834,1375 7668 1376 7814 9509 2463 563 2727 9508 9506
835,7670 5582 7675 7201 6271 7681 7676 3193 7682 7589
836,1741 7687 7685 1740 2304 7686 7249 7684 13854 13338
837,7688 648 11019 13899 4395 10121 11272 1252 10281 4405
838,4132 4687 4688 4689 4690 13270 9753 6323 7091 10098
839,1011 1002 1862 7469 7498 14751 11598 11118 5687 7817
840,7690 5078 5105 5104 5103 5102 5101 5100 5099 5098
841,7692 7693 4152 2402 8528 8529 7791 8527 5468 926
842,6333 7695 5346 7694 4282 3157 13567 11534 10499 5347
843,6821 6822 879 15014 1452 1206 1796 7696 4759 14692
844,7700 7699 281 287 13520 10347 2700 12841 8421 2018
845,6799 2615 1645 4661 4659 748 11023 4658 8962 1451
846,7701 7702 11612 11613 11614 6 13557 13556 12147 5332
847,5763 7706 7705 7707 7708 7704 7709 9832 8958 6803
848,7713 7714 7712 4728 7715 14723 10229 12599 12596 12595
849,7719 15260 466 14886 14674 7718 12406 6293 7051 686
850,586 2415 1191 9072 9510 6402 4974 5292 1329 3993
851,7722 3209 1398 7724 1229 1259 7723 5538 4239 7721
852,2334 2544 2511 7156 7733 7734 2535 1381 7730 7732
853,7736 4660 7735 7737 780 11370 2804 4650 4653 4663
854,7746 6299 5713 7740 4836 7742 7744 6624 6615 1985
855,7750 7751 7752 7749 3677 2170 10674 10973 4984 2041
856,7756 7755 7753 11947 11948 7754 8392 3838 8508 7903
857,6574 7763 7759 7764 7765 3904 7761 611 701 385
858,7772 7777 7776 4997 7771 6585 7775 7774 1548 7773
859,7782 7781 12090 12089 6844 14319 7780 12088 6327 11172
860,1003 7784 3085 3083 3846 1011 12655 1866 11536 2891
861,7786 7787 7792 7794 7793 7797 7789 7790 7788 7795
862,13434 7243 6134 2535 1573 819 12166 1329 7798 13454
863,7802 7803 2728 7801 2898 14161 6146 2724 5899 9234
864,6749 1804 3908 4080 2266 13630 2264 7917 2265 12941
865,7165 7166 11594 7807 8788 7806 5714 11709 11710 6435
866,7814 3112 2295 7813 7812 7808 1097 7811 4012 4490
867,4693 7817 7818 2874 3845 4599 5689 1861 4138 4687
868,545 7821 7820 2985 142 11623 12569 4189 12571 8837
869,7824 1955 6790 14043 6789 1956 7293 1951 1953 8439
870,7828 7827 7826 11073 2842 12611 13837 14182 12680 14116
871,6406 6407 7829 9130 3908 11735 13169 11740 6403 4355
872,6149 6157 5740 6153 6152 1519 3099 7835 7830 244
873,7849 7848 4727 7847 6584 7842 7846 7843 14940 12321
874,7850 5105 5104 5103 5102 5101 5100 5099 5098 5097
875,7854 7859 7857 7860 3863 7864 7858 7853 6329 7851
876,7873 7870 7874 6080 7872 7871 3125 7369 6082 6081
877,7875 7876 4861 14224 14859 14893 14860 5514 14861 14903
878,7894 7882 7879 7890 7885 7884 7893 2984 2846 7891
879,3115 1219 6985 4182 1836 4146 1079 7042 6861 11734
880,7907 6 2608 2459 7903 7905 7362 3254 2458 7139
881,5592 7246 4175 12848 7050 1836 7913 12085 14356 1401
882,3908 7917 7916 6749 6043 6318 10288 1804 6270 10249
883,6399 7919 7335 7921 5053 2036 7920 177 7923 6395
884,1001 2996 1002 2864 7094 11986 4316 11768 4604 10818
885,6588 1048 7927 7926 9590 3741 4347 6828 7511 5056
886,7928 836 5580 7538 7930 7929 5167 6833 11092 11029
887,6074 3088 6077 6072 6085 353 6076 1893 6075 6073
888,7942 7941 7944 7937 7945 3422 1108 7292 7938 7948
889,2407 7953 6815 5105 6312 7952 576 12153 12196 12713
890,7954 3811 5290 805 778 12361 12484 1101 5606 6813
891,3182 7689 7956 6687 4422 6254 7959 4902 6064 3916
892,5206 7963 5902 1607 11732 3369 11731 10031 10030 6839
893,7966 240 5224 12966 12941 7965 9044 8009 10076 4337
894,2363 2249 780 7968 7339 7736 1088 2362 8146 7735
895,7970 5202 7969 7039 3110 803 7971 241 6209 1963
896,7978 6187 7976 7936 12590 5325 3821 7977 11711 710
897,7984 7983 7982 7981 3984 5485 3401 14517 5176 3986
898,7985 7721 3489 11773 11774 9327 5095 5096 5097 5098
899,5171 4309 6774 230 7987 7018 12033 7986 7543 684
900,7139 7993 7992 4553 7137 14436 2652 7990 2069 7938
901,2023 656 297 659 3548 2030 10463 657 658 2031
902,5502 1101 7996 3468 4383 5972 15191 14509 11132 7997
903,8001 5920 8003 6838 8004 2172 8000 8002 7998 7518
904,8011 8010 8008 8017 8015 8022 8034 7202 4746 8023
905,1071 3928 6471 8046 811 2326 8045 2195 8396 3927
906,112 8052 6263 8053 8050 8049 2806 5311 4726 8051
907,8054 8055 8021 11307 4446 4428 8456 9291 1121 4048
908,8057 8058 5408 3862 8056 7691 10813 2560 5405 13366
909,8060 5106 5105 5104 5103 5102 5101 5100 5099 5098
910,8064 8062 2260 8063 8070 7457 8069 8066 8061 8067
911,8072 6277 6291 6292 6272 6283 6275 6287 6273 1246
912,7611 8073 810 5074 13912 9402 6588 761 5219 11444
913,2748 64 143 1568 1247 14639 6514 5422 5577 1102
914,14540 7231 8075 5634 7232 14663 12309 13527 11201 5151
915,8076 8084 2746 8079 8077 8080 6587 4352 8082 8083
916,8094 8092 5560 8091 8102 8089 8099 8087 8096 3953
917,4399 1869 5218 3552 8106 14429 8107 10542 4858 14483
918,8110 8108 14590 8109 3551 14196 11109 8827 1167 5430
919,8132 8135 8121 8130 5259 8129 1630 8125 8133 8117
920,3500 8146 6322 5176 10360 10358 509 13052 1779 8711
921,8147 8148 7628 5679 5093 5094 5095 5096 5092 5098
922,8154 8155 8157 8149 8160 8163 8151 1861 5689 8156
923,4384 4729 5412 5098 11485 12822 4096 4863 9613 138
924,8171 8175 8169 8173 8174 8172 8178 270 1339 5291
925,2005 6677 2036 8181 306 8179 8180 4122 211 7300
926,8187 8186 3986 8185 8184 14820 5092 2458 8664 2749
927,15287 8189 1500 8190 1697 7954 14579 9989 23 14080
928,1206 8191 11084 3844 9130 9520 2307 323 2938 3467
929,8200 8198 1270 8194 587 8201 651 6342 8181 4914
930,8206 8204 1942 8205 8208 8209 6503 5729 8207 274
931,8210 14666 14667 13728 8649 13077 5413 9280 995 8389
932,2662 8212 8214 8213 8215 6099 7916 8211 4655 7444
933,8217 5389 5391 5390 5392 3289 5394 2540 5393 5212
934,6580 3805 8219 7915 6107 6217 8018 3643 2044 6035
935,8224 8220 1643 8223 3937 8221 6211 3931 14835 10094
936,4775 8226 3109 7042 12286 6942 11871 13908 5622 4972
937,8234 8236 8230 8237 8228 8231 8233 7642 7641 8232
938,8239 8240 4217 3692 5758 2447 4096 13839 6377 5753
939,3541 4346 8241 3526 6971 15077 8242 3540 10902 5343
940,1501 1083 1687 3280 2470 1161 3727 4348 164 4343
941,49 2556 2718 3251 11063 1290 7438 3599 12169 12666
942,8248 5637 3379 5996 4902 2186 8246 5388 2495 8247
943,692 8250 12340 14964 14569 14572 12386 13558 14573 14575
944,8251 1112 3751 8259 3108 1107 7570 5454 5428 5459
945,8254 8255 8253 3407 4778 5568 5317 12561 9961 9962
946,8259 8251 8256 8258 888 13705 8257 678 5256 12423
947,8262 5106 5105 5104 5103 5102 5101 5100 5099 5098
948,8264 2298 10609 3927 2300 8263 7352 2299 14178 10610
949,3722 8279 8282 8284 6405 8295 8289 1353 8276 1275
950,8301 3418 1993 7146 11931 8311 3560 11899 11324 6419
951,8307 4319 8306 2363 7761 441 8303 4632 5501 516
952,8311 8312 8315 8301 8314 7555 8313 3418 7146 12160
953,8316 4447 5570 13409 14353 13314 8713 11219 13144 12473
954,8319 8317 8318 4707 7878 2861 12925 13226 6464 14134
955,5985 8321 6290 8322 7436 10506 7406 12891 6291 10558
956,8324 5759 8323 7249 5758 13854 5757 1387 14733 11968
957,8329 8328 8331 8330 8332 8327 8333 8342 8341 8338
958,337 8348 8350 8346 8349 13714 3301 8347 3380 5004
959,8352 466 6577 11243 1419 15113 6381 126 7914 12668
960,8355 8353 8354 8356 7205 441 10489 9288 9782 10488
961,8360 8357 8359 8358 13229 9454 9453 9450 9455 9449
962,49 10786 2149 611 7497 8362 14880 8361 140 3599
963,3609 219 8365 3634 2055 209 4485 3628 3625 6530
964,3055 8369 15147 8370 15061 15062 13626 1490 11126 12813
965,3938 4695 382 5768 6854 6833 8371 5762 377 5767
966,8374 8373 12303 14638 8141 342 11315 7876 2804 5407
967,8375 7525 5077 5104 5103 5102 5101 5100 5099 5098
968,8376 1935 4428 4848 14680 7208 5351 4446 13909 14510
969,8379 8380 8384 8381 8387 7747 8388 8385 3786 8378
970,4057 4058 8392 4056 10980 8215 8216 13818 13451 7756
971,8394 6769 8395 7020 6114 6345 14291 14294 14292 14293
972,7533 5114 4442 5500 3260 7526 4585 14289 3984 6667
973,4884 7646 5185 4813 4823 4369 5775 7332 7330 10009
974,611 15020 11936 11939 11937 11938 9955 10421 11230 14680
975,8397 1097 5468 3112 578 2685 6118 6773 5138 6002
976,8400 5105 5104 5103 5102 5101 5100 5099 5098 5097
977,2329 1701 8401 8402 7021 8403 5275 3286 871 239
978,8425 8414 8426 8406 6567 8417 8424 263 8421 8410
979,8430 6586 14104 14175 2905 2813 13281 10189 1856 10190
980,8434 7822 8433 8431 8432 6054 83 4505 10306 10308
981,8435 8436 8438 8437 3512 8746 371 12221 218 9651
982,6632 3794 5261 8439 6413 6627 5333 10323 6631 6630
983,5044 11882 8441 2806 11606 8075 5808 8972 5236 10049
984,4071 1347 6441 8442 11855 5910 3670 1601 7149 9447
985,4413 8443 5845 1379 13209 8608 10630 11723 5248 10354
986,8449 3528 5424 189 6440 5100 4146 1216 8446 1687
987,8456 6357 5988 5561 5290 8457 8455 2317 5580 2152
988,8466 8475 8470 8468 8473 8459 8471 8474 8465 8472
989,8478 7016 8477 4605 8476 8164 12550 4133 11703 15238
990,1875 2755 3811 1101 2309 14893 10347 5561 10881 5453
991,2808 8479 1447 7324 14348 8480 14605 14604 11863 9319
992,8484 3913 5777 6028 8483 5207 6055 426 5528 5386
993,8489 8486 8488 5554 10866 8487 2833 4356 14155 3897
994,5386 2473 3339 3831 3316 11734 5829 2476 2475 3329
995,8497 8498 3795 3009 3005 8496 8494 8082 5804 8495
996,8504 2579 4959 8502 2124 8501 8505 1290 8500 12857
997,8507 528 8301 5360 15073 3953 8506 4836 1742 12650
998,8510 8511 5105 5104 5103 5102 5101 5100 5099 5098
999,5968 1308 4748 3549 7416 7415 8512 5736 5145 1591
1000,8513 8514 5163 14083 11857 13955 9427 14055 10093 8870
1001,8516 1519 4223 1894 13782 1441 1095 8515 4177 5945
1002,8518 4809 8519 1877 8517 9448 4275 6944 12591 4274
1003,586 169 8521 4930 6050 4859 5719 5962 7717 8522
1004,8523 3298 2334 14322 690 8484 13379 11607 10064 125
1005,5998 8526 15152 11755 2614 13932 2742 2824 14562 14007
1006,7693 4152 2402 8528 8529 5468 8527 7791 7692 7781
1007,1903 4000 5090 7462 5548 1748 4130 704 6785 8134
1008,2294 3931 2067 3642 98 2293 8533 12359 8418 2290
1009,8534 14880 1237 6986 6598 9648 8361 6337 4972 5935
1010,8539 8538 8537 8536 8541 8540 1725 1011 4401 11799
1011,8545 8543 5559 8544 12 2636 13307 3894 14659 9759
1012,8547 8553 3386 3949 7974 5002 1461 8552 8554 8550
1013,3498 14295 4470 698 11229 1118 12611 6833 7344 11114
1014,8562 8561 3031 74 3803 6823 8388 9770 9877 726
1015,1092 8564 8572 5258 8570 6466 8573 5202 3957 4419
1016,8579 8583 7110 8587 8586 8585 8588 8582 8581 8584
1017,8278 7518 5913 10450 10898 13611 7998 11601 12499 11600
1018,7344 8452 5834 12840 1796 5514 7343 7347 9149 7566
1019,8600 3417 3183 4365 2034 8558 8599 7391 8594 8596
1020,8615 8609 1335 8613 6754 8611 6117 8610 8616 2196
1021,8622 8620 8521 8621 8619 7514 8618 11295 4871 14893
1022,8626 8632 8633 8625 8630 8634 8624 8628 8637 8635
1023,8639 4441 2242 2243 2245 2241 2239 10922 2227 10415
1024,8642 4854 5430 8641 8643 4702 4698 8108 712 14196
1025,1354 3079 1357 10626 1355 3846 11778 3076 2369 1866
1026,8244 3480 8646 1703 8645 3481 2182 13160 10071 2833
1027,8649 8650 6172 6949 8648 6478 3038 12937 10714 9697
1028,8657 8655 1584 8652 3703 3696 1970 9847 4002 5538
1029,7340 8661 8660 163 860 8662 5247 6033 10143 11240
1030,2560 2722 3043 3044 5027 1752 4863 1679 9605 13350
1031,8664 24 8185 689 8663 12993 8699 8187 21 8186
1032,8668 8666 3923 2577 3517 3970 2578 3618 2003 2702
1033,1419 8673 241 1404 8748 8672 4188 8747 11675 6325
1034,8674 8675 5969 7872 7207 2346 10644 5966 8576 5965
1035,8677 6728 12252 10584 12251 5640 900 10316 6729 4595
1036,5163 2234 8513 4928 6340 7270 1600 9427 8514 8546
1037,8685 8684 8683 8681 7652 8679 8682 8686 3858 8687
1038,4179 4178 228 8689 6087 11090 10170 5613 3979 14911
1039,8693 1061 687 8691 8692 2044 12497 12440 12017 5497
1040,8695 8694 8697 8698 3582 7470 8696 8040 363 7301
1041,8701 2615 6799 4661 4659 4658 8702 8700 2 5747
1042,3713 8704 176 8995 1796 8703 3015 3711 1452 784
1043,8705 3710 2587 15014 2765 13848 13055 2448 9314 2866
1044,8708 15245 15116 8707 8706 12657 14120 4062 4063 14753
1045,8709 8711 8710 2207 5176 10360 509 13144 10358 10
1046,5066 5833 662 6579 8717 6580 8715 512 1095 8714
1047,7926 7153 7762 46 8724 8721 15269 8723 14870 2538
1048,8725 10187 13195 5103 5102 5101 5100 5099 5098 5097
1049,8729 8726 405 3465 8727 14084 2820 6417 8728 13355
1050,2040 6794 5066 2039 4 10391 4648 4645 5833 10060
1051,8733 8739 8736 8735 8738 8737 5929 8734 15129 1737
1052,1642 4825 8741 8742 6954 8188 5585 3707 8745 1643
1053,8747 1419 6325 8748 1404 8673 14939 14319 10271 5299
1054,8754 4290 3232 3231 3382 2649 8554 1080 8753 4873
1055,8757 4736 5277 12182 12274 2566 7332 7564 12325 5042
1056,2667 8758 418 7562 12616 5472 12676 11203 14018 10975
1057,5229 8760 1740 14319 5230 5231 5232 5228 5227 1741
1058,842 1642 6040 8768 1968 8765 1967 6366 826 8766
1059,8771 8774 8772 8773 8770 11887 12523 4151 12522 4524
1060,184 2168 6020 3104 8775 5488 8288 7004 6046 585
1061,8640 7962 8779 14255 11701 9565 11740 14710 3561 1926
1062,8780 1670 14036 14986 14997 13037 8964 645 7442 6371
1063,7238 8783 2897 15118 1396 7835 8781 304 7211 8782
1064,8786 6773 8785 8784 6626 8677 6849 7944 6501 13389
1065,7165 7166 8788 11594 11709 11710 6435 7161 4750 7105
1066,7657 2072 8790 757 6950 14093 2163 8791 7137 13886
1067,2032 8796 8797 9180 8793 2142 14929 3021 7123 15230
1068,8807 8805 8806 8810 8760 8808 3882 8809 2816 8803
1069,8813 8814 2989 2988 8812 1661 8815 10517 4965 11206
1070,7257 769 8816 3916 7822 14619 7428 11764 8200 7136
1071,2959 13850 7294 8817 10730 3403 14144 13410 3400 12667
1072,7683 8818 488 8146 3553 590 5804 1972 3097 6856
1073,5863 3777 1603 910 5883 5480 12894 12897 1357 12893
1074,6135 3584 8823 14954 3585 3602 3588 9877 9876 11866
1075,8825 3011 8627 3012 2015 14782 1743 14255 1303 3010
1076,8834 8833 8826 8732 8831 8835 8832 8828 3779 8829
1077,6266 2253 732 5850 5851 8836 8800 6383 12976 584
1078,8841 8843 7519 8842 5265 12234 8840 11690 8839 11590
1079,3998 611 10408 8846 7377 3118 7373 10265 2497 10968
1080,1863 1709 8847 8849 8848 8850 9967 13713 1711 9968
1081,8851 6574 9486 9484 9485 14303 7684 248 9482 2043
1082,8664 7334 24 8185 7333 689 3892 11270 8489 6940
1083,8859 8860 3244 4318 4026 8855 8858 2949 8852 6305
1084,5074 7207 8659 6694 1201 1766 6215 4232 8865 452
1085,8869 192 8341 13855 15097 4711 13320 14183 13321 13351
1086,8873 8871 611 14997 14827 14718 8872 8874 6134 14240
1087,6044 503 3713 7435 8877 8878 1584 6634 8879 2897
1088,8882 4852 10481 10135 4352 4455 4345 12429 1751 4854
1089,8887 8886 8885 8884 10184 7657 11693 8910 8911 8913
1090,8893 2599 8889 8888 5372 6004 8896 8483 6105 8894
1091,7562 8900 8901 7218 1894 13917 2667 7742 8899 6165
1092,8905 4515 6351 6992 1532 8906 8907 8904 13324 11749
1093,8909 8910 8911 8912 8908 8913 11693 8886 5942 12904
1094,8927 8919 8881 8930 8920 8929 8924 8916 8915 8928
1095,7280 5436 8939 8954 7403 8948 8953 3389 5760 8640
1096,4382 8200 4383 8962 585 1734 1516 1242 8963 5140
1097,2267 8965 6597 1936 6117 8496 8966 4696 8969 1592
1098,8742 8971 8973 2780 8745 8970 8974 7187 1256 6521
1099,8977 3888 2600 8976 7234 9373 10640 12226 10279 14321
1100,4238 4227 4194 4349 13722 11398 5595 4510 13637 4245
1101,1317 8982 8981 8980 9889 11119 14038 8979 12262 11776
1102,5858 8984 3453 196 26 3528 5046 9985 4251 5424
1103,8987 8989 2740 3502 8988 8985 2160 3553 2042 272
1104,8994 7696 14692 2809 7417 13843 11789 7621 11906 1484
1105,8995 180 6013 10430 8346 11243 7769 12395 5588 2829
1106,8506 22 11 14 1274 9004 9012 7225 8386 9018
1107,9038 9043 9042 1367 4431 15276 3230 4548 9041 668
1108,4162 9044 1739 14951 8655 5558 5224 9472 7966 12966
1109,7044 2139 7506 6958 3203 7971 454 6439 7552 227
1110,6444 9049 9050 9048 7392 3386 2227 5084 14878 5323
1111,9055 9054 9053 3611 9052 6063 2949 9051 1392 518
1112,9059 9060 13886 1949 10559 10483 3444 4417 8969 1865
1113,4771 5033 5029 9069 8766 8447 1382 6648 9067 9065
1114,1320 4060 1780 6362 6363 1319 1778 1321 9192 2375
1115,9072 1191 4974 688 5292 6402 9071 6767 14684 2267
1116,9074 9075 8761 9073 8710 10722 8489 7333 8709 9123
1117,5425 1296 8349 4873 4874 6998 4875 7133 13836 4877
1118,9078 9077 1536 9076 9079 8215 3721 11363 8093 11128
1119,5411 9081 2304 6870 9082 10680 9080 13338 13340 5410
1120,9083 9084 912 13684 12757 10246 12376 9278 11022 12558
1121,2158 3191 9090 3837 8618 895 8183 8963 6193 9089
1122,7556 9101 9100 14010 12648 10036 10431 14041 8592 7009
1123,6781 5204 1662 9103 576 7108 1665 9810 5356 5357
1124,9105 9114 9109 9116 9113 9106 4662 9112 9119 8248
1125,559 3111 2291 9122 5954 12379 13606 4633 4860 11117
1126,995 9124 9123 5938 12321 7868 704 8210 6713 2953
1127,9127 9126 14394 1947 8885 9128 8041 7259 11344 13162
1128,9130 5859 9134 7494 9133 5234 2585 7497 9132 8838
1129,7653 9136 9137 9138 11611 12684 7650 2840 12685 14181
1130,3749 9140 6195 1063 2713 9141 10459 11419 9523 1081
1131,9144 4756 625 14921 9143 15260 13517 13618 1805 5552
1132,9146 9145 551 10 5095 5096 5097 5098 5099 5094
1133,3933 109 3743 5282 5774 2252 7709 391 2223 4276
1134,8961 8441 2002 9156 9162 9141 9165 6767 1980 9166
1135,9174 9172 9173 1002 13488 14671 8476 11703 14673 13956
1136,9175 9178 9176 9179 5676 5617 7960 12962 11406 10881
1137,3860 9187 9181 9182 9186 6856 3989 9183 4992 5789
1138,618 14717 15065 612 12633 6002 11963 11092 12586 11459
1139,9190 7658 1631 9189 231 8007 8027 9717 9716 9718
1140,9193 6362 1319 6363 1321 1322 9191 1780 1778 2375
1141,9210 9217 9220 9208 3692 2931 2904 4936 9201 9209
1142,9230 5339 9231 9229 9232 8966 6266 10805 10803 10804
1143,9235 9237 6361 9236 2378 10365 12333 10366 12920 12919
1144,9238 2981 6877 3789 9796 9514 9515 6878 5334 9516
1145,4205 4126 15171 2856 7204 7203 3738 6914 64 14542
1146,4383 9243 9245 9242 9244 2418 9246 9249 1735 4870
1147,9256 3428 3429 1121 11979 3427 11772 11344 6884 2843
1148,9257 5256 5104 5103 5102 5101 5100 5099 5098 5097
1149,1819 8643 5663 3643 7721 1378 7387 9269 2992 9267
1150,9277 9278 5140 1516 202 1193 9497 6077 6072 11820
1151,9280 6335 8210 2922 2350 9282 9284 9015 5814 9279
1152,9287 1549 1133 3040 9288 2670 4550 10866 2671 8486
1153,4446 8055 9291 4428 4048 9290 7615 9289 4836 8054
1154,3269 9295 9294 3387 9293 9855 7206 1968 1638 3918
1155,9301 1587 9298 9304 9302 9303 9308 4311 9300 9316
1156,9320 6514 2794 4853 5004 9321 64 8280 9129 6401
1157,9325 9326 9327 633 4083 1557 3753 9324 9323 12861
1158,9333 9328 9332 9329 2327 7213 5761 1838 9334 9331
1159,9357 7142 8897 3873 7626 9353 9352 9354 7738 9347
1160,3500 2595 9367 2594 2598 2596 2593 2591 13052 14926
1161,9369 9368 5104 5103 5102 5101 5100 5099 5098 5097
1162,9371 3858 4404 13705 4799 9370 3789 13845 4394 4390
1163,7234 9373 8977 10640 9374 335 9375 9372 3392 2017
1164,9384 9377 9379 9386 9376 9378 9383 9385 9382 9381
1165,3055 13626 11126 7716 15247 9957 12785 14875 7994 4820
1166,507 7338 5545 6019 3518 6021 4201 7737 9390 1981
1167,8647 3086 9395 7796 8612 1119 5248 9393 9392 9394
1168,9397 2721 4725 2338 9396 7327 7189 5069 6377 4067
1169,9400 9399 9401 502 114 7432 9398 9320 9161 11586
1170,7611 9402 7210 10796 2174 4785 13849 3408 13036 14473
1171,9404 2632 5198 4800 5939 15125 11445 11446 9403 269
1172,9413 9416 9419 9417 9408 9411 9415 9414 9420 9406
1173,9423 7748 9790 5441 4552 2811 7224 5442 5443 5439
1174,9424 1204 6919 2651 14955 14985 14896 15229 14418 2655
1175,145 3518 423 507 10329 167 219 7338 1477 6596
1176,9428 9427 7290 9426 3163 5630 2584 3548 1129 2613
1177,9430 6128 14970 8404 6336 14329 14381 1271 13018 10484
1178,9432 9434 9431 7086 9433 12902 15025 5792 4284 5096
1179,8623 662 6682 7816 8719 466 251 5066 5833 11148
1180,9438 9440 5784 8509 9439 1758 8550 9441 3683 2858
1181,6394 5877 8784 7542 9446 2867 1686 3814 9445 6649
1182,9447 5292 9448 1281 4071 4809 4974 4275 1237 1277
1183,9454 9453 9450 9455 9449 9452 8358 8359 3490 9451
1184,409 4940 6343 8219 14955 4789 7522 6826 8705 2750
1185,169 149 165 14548 13487 4385 7051 2261 12765 712
1186,1476 4950 2770 2356 9458 2748 9457 543 7832 1763
1187,9460 5106 5105 5104 5103 5102 5101 5100 5099 5098
1188,9462 9461 4722 9465 5110 9464 3589 929 4327 8069
1189,9473 9477 9476 9470 9478 9472 2356 3792 2768 9475
1190,8851 9486 6574 9484 9485 7684 9482 8319 9483 333
1191,3744 4717 9494 6768 9493 9495 3186 8714 4922 7921
1192,4899 9499 4905 3237 4901 2696 4900 3238 4992 10542
1193,2463 2727 9506 1912 9509 9508 4786 3875 7668 563
1194,9510 2415 14850 14740 1878 12861 15034 5363 3993 2201
1195,6699 5493 1810 5494 4378 8137 5492 10173 7774 8992
1196,9512 5078 5105 5104 5103 5102 5101 5100 5099 5098
1197,9514 9515 9516 9513 2981 3789 9238 9796 5334 7568
1198,1467 9517 5283 10150 12906 10557 12903 7583 12905 11286
1199,9523 9522 9526 9520 9521 2828 9519 4456 179 4999
1200,1643 6954 9390 5162 2468 5079 9530 1967 9529 8188
1201,9532 9531 8604 7336 1491 13909 3485 3945 146 1606
1202,9533 6129 10059 15036 2243 14154 7630 8986 12823 11098
1203,9539 6742 9534 9535 402 1145 1136 1146 9536 1721
1204,796 775 860 3191 14391 7835 4177 11243 7512 4096
1205,8675 6952 5604 8674 2281 50 9842 6235 15172 5969
1206,5287 3261 9543 4551 14932 9542 5285 7910 6598 431
1207,9545 871 1869 8417 4502 9546 3213 10542 3119 14831
1208,9549 9553 2879 9550 9551 3415 3774 9548 9547 9552
1209,3894 1115 4700 9555 1107 4963 2914 14593 14659 1113
1210,9558 9559 9560 4594 4644 4642 14770 5566 5565 5564
1211,8485 9562 7289 4166 6343 4789 9564 1550 9563 1407
1212,8252 9573 9574 6137 7563 9571 6138 8777 4718 9575
1213,4693 5689 4605 15238 1153 13665 7817 8164 14226 4133
1214,2309 2764 139 12654 3811 1875 2755 5561 14636 11938
1215,1384 9583 9579 851 27 9585 5831 5133 9582 9581
1216,2560 863 7348 3043 9592 4769 4228 2234 2240 2199
1217,9594 9593 5286 7515 5285 11424 9621 9106 12306 8470
1218,4341 150 9595 125 4910 2963 5809 2566 13379 12428
1219,9596 9598 9599 9597 9600 9601 6337 6384 9483 9441
1220,9605 9604 6684 2722 5682 4890 2276 5727 2736 9603
1221,8259 8497 9510 9607 5461 8251 14052 13851 14053 14850
1222,230 3862 3762 6019 1236 7568 1235 229 13988 3861
1223,9610 7046 9611 5664 353 11591 1130 7523 11657 7871
1224,5949 540 9612 1422 11244 2708 5933 5930 5936 5939
1225,9616 9139 9363 9618 1917 7439 3947 5104 9614 9615
1226,9621 9623 9620 7469 7515 1508 6639 13655 277 7619
1227,7091 6555 396 4139 9626 5848 395 401 393 12374
1228,9630 9634 9641 9633 9632 9631 9635 9637 9627 6808
1229,1237 9648 4972 1281 3109 1943 5742 5423 6598 522
1230,9649 3825 13529 1953 6818 13367 1292 12265 1293 1633
1231,9650 6262 7567 8059 11406 13763 7745 9655 9179 12460
1232,6699 8992 8884 7931 9652 3135 9651 9561 3875 7936
1233,7689 6687 3672 9656 4169 586 1707 5664 9655 6820
1234,8396 1071 1986 5934 794 1079 466 2935 4862 6919
1235,9658 4523 585 9470 5174 13238 9657 5265 13226 7956
1236,7945 9661 7260 7943 8372 7543 6854 5156 11031 7942
1237,1915 11578 9665 5671 5669 9662 2375 4693 1914 9664
1238,9668 9667 10180 12962 11790 12961 529 5123 14172 14171
1239,9673 9671 9670 9677 9676 5526 2114 8304 9674 6578
1240,8550 1460 2864 6646 9682 9438 5246 9440 7171 4424
1241,5784 3028 10912 13520 10592 7699 3801 9439 1738 9438
1242,9686 7337 9688 4322 2254 8069 4492 9285 7176 1403
1243,9694 9693 3507 5764 340 9691 9692 9690 2144 12854
1244,9695 8063 5219 9696 3538 3963 5950 1267 5899 11077
1245,6949 6616 1896 1891 4947 4019 710 11686 8649 1946
1246,2899 9698 17 8474 9202 2397 8128 15273 15274 13738
1247,9700 4443 9701 6691 9704 3999 508 8106 8816 1349
1248,606 9712 1340 7624 9714 620 1341 3070 9713 621
1249,195 7995 6997 139 8304 2762 14358 14357 14254 11866
1250,9717 9716 9718 9189 2910 9550 9190 4321 7925 7658
1251,6791 9719 8668 4820 4635 3055 122 4815 3377 2961
1252,9728 9727 9730 9720 9721 9726 9725 9731 9723 9735
1253,9756 6734 9747 6741 8847 9748 9757 9754 4141 9745
1254,9763 9762 9482 9760 9761 1909 9759 14305 14031 4356
1255,9767 9768 9764 9774 9775 3833 3832 7230 9772 9770
1256,9777 9778 3811 9779 14660 924 259 1101 14893 10053
1257,9780 9587 9781 13902 3598 7732 2516 12273 2738 12272
1258,9787 9785 9788 9786 9783 9782 9784 9552 245 13354
1259,9109 3318 2484 5222 8903 13273 9114 9105 4913 10738
1260,8375 7525 7529 7524 4465 7526 3591 7528 6058 5179
1261,9790 7748 641 610 614 2811 9423 7224 8356 6509
1262,9793 9794 404 9791 9792 6867 13422 13354 1166 13188
1263,9797 10428 9798 10429 9796 15133 9100 13620 5334 10757
1264,60 7926 823 5279 3657 9800 8512 4503 15069 9258
1265,9803 6783 9805 9807 9806 6781 6162 9103 7934 9477
1266,7239 854 5755 9811 760 14358 14357 14254 2465 13525
1267,2613 2612 9814 1129 9813 9426 2611 8212 6099 1543
1268,6304 46 12205 10732 11392 4984 6002 7989 14400 7752
1269,9821 9820 9818 3457 9819 9817 3772 539 4164 8690
1270,1467 9826 3859 230 4275 2420 4274 9824 9825 9823
1271,9829 4124 9830 9828 8613 10986 13631 4129 4125 6611
1272,9839 9833 9840 7575 9338 9837 8515 7260 6061 5800
1273,9847 9845 7851 8657 6566 9843 573 9072 14708 9844
1274,3909 14680 611 9849 3602 14729 7310 12741 6698 7139
1275,6446 9852 6447 1011 12929 4036 5876 9750 1719 6705
1276,9855 9856 7206 13640 6161 2983 6499 5092 5094 5095
1277,9858 9865 9864 9863 9860 9862 9859 9867 9873 9872
1278,9877 9876 3584 3031 3024 3027 7336 4166 8665 6135
1279,1136 1145 5667 9967 9968 1146 12368 12367 12369 9969
1280,1736 9561 9878 2416 7279 5948 3303 2336 8753 15030
1281,9880 9879 8239 12945 4590 12761 938 961 4589 966
1282,3868 1399 3287 3871 4989 3869 3870 135 14831 14832
1283,3581 9122 6802 971 7282 3585 319 3588 9881 3584
1284,9885 9883 8520 9884 2324 9529 2939 1685 858 7569
1285,685 790 4233 4096 6445 10727 13919 7149 466 14140
1286,9887 6912 1160 7327 9875 162 6853 4326 8465 7193
1287,9343 1540 2323 6870 9888 1415 8766 2075 15043 1440
1288,9891 9414 6134 8044 4554 9890 12317 12295 12318 744
1289,9892 9894 9895 9893 4576 9220 13716 13879 15107 12945
1290,5070 3044 5275 3043 383 2270 3959 1752 4865 2560
1291,9915 181 174 7919 3272 9902 9925 6907 3270 9921
1292,659 3749 9933 5940 9934 314 8599 10459 5116 2597
1293,31 27 6003 30 323 128 2988 6128 6126 1239
1294,9938 5404 1183 6529 9942 9941 2063 2828 9272 9944
1295,9949 9952 9951 9948 9950 8382 14267 12793 13835 13224
1296,5255 9953 3160 7371 5079 9911 13824 5078 6899 11379
1297,9497 9955 9954 1516 5972 8482 15191 1512 874 14509
1298,6144 5463 6524 6525 5607 9956 3533 2254 6530 6527
1299,6362 1319 1778 9192 1779 6363 1320 11352 4606 1321
1300,9957 3055 13626 11126 15247 14875 10982 7994 11424 4820
1301,9959 9960 9958 9814 5329 14232 5327 1882 11850 13073
1302,8255 5317 6431 9961 2624 9962 7472 4574 2014 1726
1303,9963 9965 9964 1554 8145 14858 12247 7163 14119 12685
1304,9967 9968 5667 5129 9969 1709 1151 2893 11638 11640
1305,9970 5608 14905 7643 6848 10502 10501 257 4726 5251
1306,5319 5318 5320 9971 1387 7808 2923 8002 8324 8001
1307,2268 4800 6093 12432 4273 6091 3848 5282 6092 12459
1308,9972 6629 1164 12980 2770 6627 6631 6630 1110 6632
1309,9979 8678 9987 9458 9986 4819 2054 9976 2056 9881
1310,1088 9993 7118 5607 5824 14049 8993 3627 2449 2363
1311,611 15020 11936 11939 11937 9955 11938 14680 11230 9924
1312,4631 9999 2902 9996 59 8781 1265 7205 5969 9995
1313,3644 10000 5237 5236 3086 11594 1795 12930 13255 15131
1314,10003 10001 6772 10002 1861 282 5898 13230 11769 4134
1315,10004 3756 5214 9094 6200 10006 5386 4981 4986 10005
1316,10009 2391 10008 5505 10007 1713 10720 10010 5775 7646
1317,244 10012 4122 14771 246 248 1970 6157 828 5089
1318,1640 54 10014 12096 2146 8792 2128 8999 9922 10017
1319,10024 1811 10022 7633 3098 5294 5733 4183 888 10720
1320,10026 541 10025 12188 552 8796 2986 1257 74 4914
1321,7963 10031 6839 10030 10032 10029 10028 10033 9401 6838
1322,10035 5620 5380 1889 8025 5096 5097 5098 5099 5100
1323,10038 10037 10036 10039 14041 11314 7556 8592 10923 11312
1324,5193 8808 2816 13351 4038 5189 8807 14328 13343 8806
1325,3853 2655 10044 10042 4023 2651 10043 11525 2296 11029
1326,3963 8622 2763 2457 7496 10045 3732 1095 7494 8600
1327,10047 10046 10052 10048 10051 10049 2288 563 5174 10050
1328,10057 4834 10058 9896 3651 10056 7687 6412 6100 13975
1329,10060 14382 4772 10061 9276 14129 10391 13552 4911 12494
1330,10063 10062 7209 4837 11041 419 11769 248 13834 4839
1331,6684 7385 3627 3023 10065 1491 298 2319 6686 9605
1332,4818 2754 1202 9562 2758 10066 1247 1192 7423 10264
1333,10073 10071 10070 8645 10074 9437 10068 4035 10069 13380
1334,3551 10076 14590 10077 13353 8110 7282 14331 13926 5224
1335,10084 10080 7227 10081 10083 7228 10082 2662 8812 10079
1336,672 671 10089 10090 10091 10074 670 10088 5686 2864
1337,3210 10092 7043 3017 14743 9391 406 11270 7044 5596
1338,264 1556 262 1263 4023 261 13903 5335 5625 3853
1339,9427 881 1850 5163 5089 9428 8513 7701 14055 8514
1340,10093 7627 8514 13906 342 923 13395 8513 7628 7629
1341,10094 2657 7347 8224 1250 14082 2651 2655 5265 2296
1342,10095 6280 13682 15166 14458 11197 15165 1132 6410 7467
1343,8808 4056 13351 3572 5193 14328 13818 13343 13451 2663
1344,10096 6706 6364 10098 10995 7098 13223 10097 1826 7426
1345,5192 10101 12534 4038 5189 5193 5190 15224 15223 1461
1346,7402 4365 7955 199 12981 345 7272 11647 351 205
1347,4803 10110 10111 10103 5126 6396 10105 10108 2013 9940
1348,7083 8220 341 10114 10113 10112 5960 14009 3811 6516
1349,101 873 3240 3243 3244 8189 15233 15270 14690 14898
1350,10118 10116 10120 10121 10117 4072 10119 3426 7629 1932
1351,7302 4966 13285 10123 12037 13310 5709 3405 626 5113
1352,10126 10125 5904 14378 2324 5917 632 11050 7300 1466
1353,10130 8713 10131 7685 5570 5206 10129 13314 13144 8111
1354,9681 10135 10137 6969 10133 10134 3835 9330 4986 7799
1355,10143 10144 865 8047 10142 2293 5134 8662 8317 1451
1356,10147 10154 10149 7410 10152 8842 2426 7704 4560 9971
1357,10158 1489 1316 10159 1481 10499 12336 14107 1487 1493
1358,10165 5520 10166 2161 510 10162 1559 2987 8145 10163
1359,1622 1617 2358 1618 1621 6177 4355 14669 443 4902
1360,6362 1319 4415 6363 1320 1778 4060 1321 1779 6361
1361,10177 10172 8574 3401 10173 2687 8840 10170 648 8858
1362,5161 14715 8024 9557 10181 2409 13690 14050 8041 8029
1363,10182 1832 8447 6960 1972 5054 1833 11082 12232 1831
1364,10183 7946 14953 2256 14542 765 7711 12326 9398 13479
1365,10034 10185 10184 5354 575 12234 13384 13710 10189 566
1366,10186 10187 7200 7199 8725 13195 5104 5103 5020 5021
1367,8430 2813 10189 10190 2812 1857 10188 6586 13391 6698
1368,9665 10192 10191 7093 1915 7222 2622 2376 6542 1153
1369,10197 10195 10194 1365 10196 12492 12217 12214 12879 4361
1370,7427 10199 2883 9540 12370 6707 1708 7785 7426 5687
1371,10203 10200 9978 3605 6340 10201 10202 9476 14487 13511
1372,10205 6510 11849 5104 5103 5102 5101 5100 5099 5098
1373,10207 4330 10206 2741 2820 4515 13233 13623 4329 2742
1374,6827 9510 7162 3420 104 10210 4280 3823 9356 2659
1375,1 14354 10219 5195 10216 12679 12681 12683 10217 10218
1376,10221 5105 5104 5103 5102 5101 5100 5099 5098 5097
1377,10182 10223 1537 10222 1004 1130 5438 10978 1832 5304
1378,10225 6354 10391 10518 6932 4911 13394 13393 10060 13204
1379,9363 3303 10227 10228 1736 9561 9616 9139 2416 7279
1380,10229 2989 2988 14723 5199 8813 13942 7712 14724 13839
1381,10233 6400 3725 10231 7049 2607 10235 10237 10232 10230
1382,8518 10240 7939 4809 13109 10328 7956 11132 9448 12033
1383,4925 7516 13884 4769 323 3419 2408 8974 466 3033
1384,230 3862 7568 10243 229 13988 10242 3861 5634 12981
1385,8959 5047 11718 7488 787 7088 3366 3105 9040 12064
1386,10184 10244 12910 2420 5819 10450 7527 12499 1120 14091
1387,10245 665 3369 985 6003 1160 10247 7195 5280 31
1388,2882 1729 1721 10246 4407 1136 2620 1730 2618 2619
1389,10247 5280 665 10245 15046 9143 12600 3523 7205 11291
1390,7701 9427 5926 3417 10248 1535 7761 445 12815 9428
1391,10250 10251 10252 14606 12235 14237 6174 14118 11315 6241
1392,9826 230 10255 15125 2982 1253 5783 6225 4749 1269
1393,7767 10260 10259 2247 411 4094 14878 2274 13727 11261
1394,10264 6358 9367 1483 8455 198 1487 9472 998 9028
1395,2990 5491 10237 1611 4970 3718 3527 15055 10212 4147
1396,107 6585 1809 10266 8074 7821 8045 11730 11728 2725
1397,7453 2719 3544 6336 7021 9546 3216 7398 5766 10267
1398,10271 10272 7506 4610 563 10269 10270 4567 2000 13604
1399,3377 2961 9861 10275 4993 9719 5825 122 10274 4635
1400,3974 6086 5140 13410 12584 1747 3400 7249 2929 13455
1401,10279 9366 8977 10280 10278 7783 10277 7234 715 10640
1402,10282 4074 10284 5613 5731 10281 3724 3792 7904 2581
1403,10285 5104 5103 5102 5101 5100 5099 5098 5097 5096
1404,10142 3989 1836 209 3478 439 7799 3990 14121 5592
1405,10286 8934 9823 10287 4809 9448 4275 4274 6944 7809
1406,3811 1673 1101 755 14893 2114 1678 12459 1675 1176
1407,7336 10289 8415 2074 10669 15108 9560 14790 10670 3772
1408,6576 11429 2105 14617 8601 4766 12430 7365 11064 4924
1409,2417 7346 5143 9283 10042 9442 13757 9280 10763 2925
1410,1880 6868 10292 8480 5096 3214 10290 2963 5750 15078
1411,6617 10294 8719 3510 1347 6142 6682 6619 8623 11152
1412,3309 769 9702 10295 3120 4468 8933 4194 6038 10334
1413,9169 5487 635 5489 7428 8433 8431 10300 8046 8975
1414,9466 1073 9039 14692 7140 13843 11474 3095 12876 12605
1415,8959 787 4808 3366 7488 4789 8345 3190 5618 434
1416,865 714 4868 1201 8054 10143 10144 559 14417 11307
1417,10319 10315 10313 10318 10317 5903 10320 2215 697 4529
1418,5605 2437 4750 10323 4747 5604 11710 11709 5603 6435
1419,10325 10324 10326 13568 4673 13567 602 603 10937 10940
1420,10328 10327 1833 10329 2691 10240 1685 820 3117 2024
1421,3105 1447 9319 764 7088 2035 14443 2684 11811 7186
1422,10332 10330 1108 7671 102 10331 6515 1107 14322 8844
1423,10338 10333 10335 10334 2170 7671 3994 872 10337 4798
1424,2139 2307 1993 793 4128 6178 10607 6176 4085 11258
1425,7263 10341 9915 14298 6889 45 10547 10342 10546 3461
1426,3411 3387 3412 1448 5575 4270 9577 13051 3388 6265
1427,10345 10344 10346 717 2603 2042 10343 1801 13485 12814
1428,5561 10347 7814 14548 7051 466 774 476 6293 1409
1429,10353 10351 10349 10352 10350 10354 641 12228 12229 11227
1430,6364 9192 7427 1779 9540 9191 1778 6363 13223 1320
1431,5176 10360 10358 509 6322 10356 10359 8711 5361 8891
1432,1377 4385 873 1375 13371 8189 12086 3927 3914 3912
1433,6932 10364 122 1762 4069 10363 3377 5075 3211 13755
1434,6320 10365 10368 10366 9236 5671 13565 4141 1357 1011
1435,10374 10375 10380 2358 10378 10377 10376 14341 7764 10381
1436,10385 10386 7918 6052 5011 8704 10387 5507 8995 457
1437,2301 6675 588 3762 7737 2023 3026 6517 2233 10388
1438,10391 10060 4911 2040 4772 7993 9344 7266 6905 10390
1439,10395 10399 10394 10393 7368 10398 10392 10404 10403 10400
1440,10407 8393 4057 3565 8215 2663 8216 8275 13586 8214
1441,10408 3998 10409 3995 9502 7292 3996 3997 2715 8846
1442,10410 10411 2823 14332 13187 1535 13260 14331 14139 13926
1443,796 5202 14391 5545 1732 860 8948 12423 10517 7972
1444,10413 10412 14112 13428 12865 10875 1225 9800 6710 5640
1445,10423 10276 10420 9167 3117 854 10414 8672 8619 5062
1446,10426 10427 10425 8900 7076 6504 7895 1714 12694 12684
1447,9797 10428 9798 10429 15133 13620 9100 9796 5105 5103
1448,3857 14400 4789 2308 5299 8959 8485 6343 9562 9564
1449,10430 8346 7769 1058 488 6013 1055 9249 12788 12787
1450,7556 10431 12648 10036 9101 14041 8592 9100 12226 1885
1451,794 1071 1986 8396 7580 3215 7051 1804 4078 476
1452,10438 729 9896 10239 8836 10439 2294 691 1329 6130
1453,3916 7429 10306 8433 9169 8431 8434 7822 14619 10297
1454,10441 8335 8112 5385 14316 5383 10007 6162 9113 5384
1455,5299 7730 3857 2519 14052 13851 14053 14054 11258 8747
1456,10444 10443 10442 7888 2850 8397 1127 13368 5199 6094
1457,10447 10446 10448 12869 12954 12952 12953 2263 12960 12951
1458,10452 1574 9314 13055 9068 20 17 6372 10451 7397
1459,7401 7253 8141 4276 8374 11940 8644 13360 7252 13238
1460,13285 292 127 133 6676 1836 7302 4127 15245 5592
1461,10455 10457 10456 3482 3009 5282 5332 4273 2438 5327
1462,5910 7149 1601 1347 5911 4740 4071 14734 1448 5575
1463,249 2699 1385 14423 14422 5197 246 7969 4007 8856
1464,1112 1207 3932 8251 3497 4906 2474 11258 7494 1107
1465,339 469 2689 351 7547 11236 12784 11237 12428 1702
1466,10458 6760 8755 13783 9820 9125 12169 11916 10102 2240
1467,10460 8670 13168 1588 945 2124 2920 8524 9944 476
1468,2913 2221 4348 5850 3298 12168 13379 11607 2470 9888
1469,6364 6363 6553 10461 9194 12934 1321 5876 1320 12933
1470,1101 5502 3811 2063 14893 5359 3300 10881 10347 12201
1471,10462 735 7238 5482 4929 3016 812 1217 9570 3866
1472,10465 10466 10467 9290 6670 10463 10464 7410 4446 13530
1473,3014 10470 10471 10472 864 1271 1981 1455 5551 1567
1474,1317 6360 9851 15049 11787 15126 14038 9852 2014 14751
1475,10475 10477 8502 8501 9906 2569 1089 10478 1508 9568
1476,10481 3069 5151 8882 12309 3072 3071 14086 15140 15139
1477,3055 10482 10398 13626 2575 11126 10395 10399 10393 15247
1478,10485 2099 10484 651 4923 4485 8289 7414 10439 3342
1479,3008 3007 3664 961 3009 3006 3011 3010 3012 3005
1480,10181 5488 6691 5489 7247 7821 9706 14297 5490 4789
1481,10489 9288 8354 10488 9782 1362 10490 8355 4672 8353
1482,10491 14284 13312 14507 5091 5092 5093 5094 5095 5090
1483,10495 10496 1102 10492 1306 8554 8191 8407 4011 10498
1484,10502 10501 10500 6848 257 9970 10503 5251 2362 10156
1485,10507 8837 2734 6166 10508 11623 4774 2733 7820 11711
1486,5427 3819 4181 12180 5425 6376 4975 6568 3544 875
1487,10512 10511 2810 1990 475 10514 2118 10510 6049 3148
1488,10521 10520 10519 7238 10518 10294 1016 7708 6755 13394
1489,1660 15096 2428 14894 8798 2824 1328 10522 5261 7953
1490,10523 10525 10524 1532 14138 12584 15153 11122 6417 12745
1491,7369 7367 4975 3819 10236 7873 1517 7870 7874 3994
1492,10527 6040 247 2155 1187 8717 3799 3269 7191 8952
1493,6816 10529 10530 12700 12699 12703 12705 14856 3548 13933
1494,10531 1219 4223 8447 10182 7500 1235 8516 6651 4769
1495,2938 2307 2211 3253 9396 6651 1206 6853 7973 6242
1496,10534 10533 5104 5103 5102 5101 5100 5099 5098 5097
1497,10536 7994 7431 6106 10537 9134 10535 4426 7006 7297
1498,10542 4815 1869 3237 1162 4901 88 10054 7564 2566
1499,10327 5362 3624 10430 8197 2799 4831 8303 10328 10238
1500,8982 8981 10355 12262 1317 7554 11119 6805 7102 4407
1501,1493 10546 10342 10549 9389 6913 8368 8724 9927 10547
1502,10552 9221 10237 2332 7398 5938 6834 10960 5621 11366
1503,7178 5011 10553 2021 7179 7180 5815 13797 7177 5414
1504,10555 1828 4596 10554 9540 14363 6339 11056 11091 4273
1505,6362 1320 6361 1319 1778 6363 1779 9192 1321 4060
1506,1467 10150 10557 13839 5343 9841 7524 9517 13044 13541
1507,1738 9439 3028 3946 10227 10559 601 5784 10592 6036
1508,2635 10560 10561 5364 228 14147 7264 13214 12085 14752
1509,4329 10562 10563 11108 4398 1443 8768 12534 13954 15044
1510,1701 10565 10564 13919 586 618 14140 685 14141 5674
1511,9249 8704 9075 10567 8995 5742 6043 6318 10288 9648
1512,10569 10568 10570 7077 14748 14749 14747 12807 14746 12942
1513,4005 10572 3601 1480 6032 12327 14997 2586 10571 10142
1514,10575 10577 13565 4608 5687 5849 5451 10576 10367 10578
1515,9296 1520 9177 5142 10579 14216 625 9175 9178 4179
1516,10581 8005 10580 8006 6771 6770 4518 5264 10583 2657
1517,466 6682 8719 8623 662 7816 208 413 251 4925
1518,4513 9392 10881 11359 10469 9393 11358 6761 9239 1124
1519,9425 1693 5585 5756 3205 4739 10588 2684 10585 817
1520,10589 7070 8598 10590 7066 7061 7060 7063 10789 4142
1521,1585 3248 6649 5986 5887 7233 6394 11193 9711 5400
1522,10591 3742 745 13056 3841 9943 14519 14913 1252 5172
1523,10593 4795 10335 4381 2284 5916 12863 11540 11542 11538
1524,5549 4479 10594 4930 149 1192 11474 1101 3410 9497
1525,618 10595 7716 15065 612 12785 6002 287 12854 12856
1526,5095 10597 10600 10348 10598 298 5957 4835 9622 5420
1527,9051 2294 2290 846 98 5260 2293 8418 12359 4090
1528,4194 9389 7491 5568 3139 10602 8254 3276 6151 11243
1529,10604 10603 14911 6793 2982 4656 6288 11186 15005 14111
1530,10606 8558 336 4978 275 7483 334 593 2063 3826
1531,10492 2993 5894 10498 226 2736 2992 3342 7088 5893
1532,2988 3358 7416 3549 2989 7415 5968 3528 2442 2697
1533,3445 4532 14492 3448 3447 6293 3450 3451 4533 10516
1534,2219 10607 1302 3472 4286 13905 12678 14413 13877 10243
1535,6591 1689 8546 7274 8925 933 8927 8919 8881 8930
1536,10609 7352 8264 3838 10610 7351 7350 14178 12518 13254
1537,10611 10613 8480 3202 2224 4902 10612 1619 10606 336
1538,10615 3467 1623 3028 5994 10616 5814 4037 5631 230
1539,10624 1171 10621 3988 8597 5500 1188 1892 7962 6590
1540,10626 10628 3079 10627 10629 6804 7215 2996 14347 4316
1541,4744 4923 10633 1511 6625 10632 578 12303 2675 6002
1542,6694 10634 10635 7429 83 5597 6546 3602 5864 4462
1543,9234 4941 10113 10637 7801 7382 10387 10638 715 14161
1544,1317 7818 10072 4693 3442 4687 7817 10073 10192 6323
1545,8297 5494 10639 8051 15240 12791 12790 13784 12789 8655
1546,10640 7234 8977 9373 335 14857 10279 9374 10280 9375
1547,2375 1321 6364 1320 6363 1778 2869 2372 2371 6362
1548,738 7456 5591 7314 4485 7494 5604 7497 8553 8689
1549,10642 9088 11466 1999 13108 15159 4664 7857 947 4406
1550,10643 5105 5104 5103 5102 5101 5100 5099 5098 5097
1551,10644 10514 9521 2287 5969 8674 1174 8576 12985 8675
1552,10646 5105 5104 5103 5102 5101 5100 5099 5098 5097
1553,10647 5576 2411 1800 3837 4870 4876 6227 6295 8618
1554,9878 6814 10650 2340 5433 10651 2245 3967 1304 7090
1555,3944 591 10658 6880 10663 10664 10665 8461 10653 2337
1556,10669 9560 10670 3772 10289 2074 10667 6313 5116 6792
1557,4954 10674 8504 3309 502 9161 9400 10673 4902 2129
1558,10680 2304 10679 10678 964 10963 203 13344 4447 13338
1559,10685 10687 10683 10684 10688 10689 10686 10682 10681 10690
1560,6735 1826 4414 3843 5876 7426 4416 14105 2864 2876
1561,10692 10693 5075 5101 5100 5099 5098 5097 5096 5095
1562,10694 10085 10695 13114 15089 14398 352 12276 13923 6268
1563,10704 10228 10706 9801 9071 10711 2127 1658 7710 2911
1564,2893 9968 1011 9967 1776 11768 1770 9969 1773 5667
1565,1345 11821 7334 1346 7333 4357 3892 5589 12167 2360
1566,10717 6135 9267 7145 10718 4879 970 3041 3613 14443
1567,9569 4493 191 5893 1377 760 450 6854 5453 14663
1568,5850 2221 1076 9715 3104 1888 6905 11747 12267 6388
1569,10720 10010 5776 10009 2391 10008 5505 1713 10559 10483
1570,10722 10721 9073 10725 10723 7868 4051 10726 2134 3131
1571,4414 7218 1826 10199 10627 15017 9540 6735 5876 4134
1572,10727 10729 10728 9180 2251 3099 887 794 685 3941
1573,1331 10731 10730 13850 14154 14856 14387 13144 8713 10963
1574,10734 12884 10733 8809 13082 11822 15210 8808 8806 15014
1575,10737 4716 10736 6064 7196 8271 1163 10739 10738 9474
1576,7353 1069 1188 10621 1412 5500 7815 14661 5438 10624
1577,5344 10741 8811 13074 8805 12534 8807 13635 10876 10878
1578,10601 10743 1210 2777 8352 761 10171 6411 126 7974
1579,10745 10215 6146 10120 10744 14306 9104 8051 14320 8297
1580,10747 9538 10749 3415 7076 2878 3831 3371 5835 8492
1581,10755 8082 10032 12591 8497 8084 8519 8498 8076 3795
1582,9796 5334 10757 10756 2981 1227 8967 2647 7167 2644
1583,3385 4874 4832 5342 2335 1281 5501 5343 175 4779
1584,2024 10762 7831 3748 3196 1103 10744 3104 466 12549
1585,10765 10766 12083 10764 10763 2925 12901 10042 14976 9442
1586,10771 10768 10776 10770 10773 10767 10314 10769 10778 10777
1587,7489 5180 9789 10779 3864 13536 10447 14829 4171 14148
1588,5779 3328 388 377 5780 3288 389 4636 5781 3348
1589,10780 13973 3943 3472 4998 12044 2675 543 6957 7490
1590,1257 5361 4015 4020 432 4552 13354 13923 3092 4554
1591,10783 8787 10782 6773 10781 5886 4359 7705 10784 1346
1592,10789 5370 8598 8616 10787 1660 3637 10788 344 12171
1593,8294 4827 3761 1103 10762 3748 1050 8615 1280 1888
1594,10793 10791 10794 10795 10792 10796 2174 4785 3408 9402
1595,10797 5624 9990 5625 243 3190 9490 8937 6708 3240
1596,10800 10799 10801 5101 5100 5099 5098 5097 5096 5095
1597,10805 10804 10803 10802 9229 12484 7899 9230 2848 12483
1598,10807 5129 2881 9967 9968 1723 5125 11025 5128 5127
1599,6780 1665 7651 10810 6165 9810 9803 13366 10719 9809
1600,3085 4603 2877 5875 14350 14349 11536 14351 9889 4144
1601,10811 10816 10812 10817 7092 10814 1710 10813 2888 2370
1602,3055 7124 10820 13626 13912 12633 15247 11126 11473 9957
1603,6919 9276 3016 8948 10822 1649 4862 8946 1219 6018
1604,10826 10827 10825 10828 10830 10829 7476 6243 4932 7475
1605,7144 5260 1866 4310 4267 12577 12809 13078 4314 13177
1606,6202 10833 10834 10836 9511 10835 8221 14835 14940 14687
1607,1978 10840 7299 8782 8616 8083 10061 3280 6372 743
1608,10841 5504 6587 9594 4949 2583 7454 10579 4973 1021
1609,10842 2432 2433 2434 2435 2429 2430 2431 4668 2410
1610,26 2117 7992 3910 4467 3977 1659 5225 11082 5224
1611,15238 13665 4605 10843 4413 8164 4609 6361 10098 1778
1612,10844 10845 12677 13001 12645 8085 13000 9652 12999 12998
1613,10848 10846 10847 5104 5103 5102 5101 5100 5099 5098
1614,10849 10852 10853 10851 10850 260 13061 10832 2003 4537
1615,10854 10856 4039 2374 10859 5672 2370 10858 10857 5531
1616,10862 2868 10861 7987 10863 1301 5294 10608 7614 10864
1617,10869 10868 5914 2045 1177 1864 10867 7172 5597 4462
1618,488 1447 10871 8303 611 9491 1572 11429 11269 1474
1619,10872 10874 10873 14516 9576 10976 14412 12616 2099 1298
1620,10876 10878 10879 10875 10877 10078 8362 10790 13311 13309
1621,10881 9179 4513 3811 9392 12962 10029 12654 11406 8966
1622,7243 10883 3920 3738 10882 1206 10884 3557 1217 6343
1623,5589 2360 1345 3619 10567 3096 3210 9429 2581 6689
1624,10503 10887 10888 9928 7263 11586 2523 14547 10546 10544
1625,1112 1079 1614 8552 5046 1014 1999 3352 8251 4664
1626,6233 10891 2281 6229 6230 6232 6236 6231 1367 213
1627,1329 3881 1300 12205 586 14005 11294 11293 8756 1781
1628,4398 4604 13954 1132 5732 7467 10934 10798 13681 1322
1629,10310 7847 2928 6038 12321 13906 5938 3206 12438 7849
1630,9140 1081 8083 701 11419 3395 14626 12653 12399 1978
1631,2262 4579 495 14619 6155 14618 9528 12610 6079 6202
1632,10897 4837 7244 10896 6104 10894 10895 6897 1622 9423
1633,10898 7685 2 8278 7904 6519 5043 2201 14504 5747
1634,10347 287 7700 7699 6005 11393 4303 281 12841 10898
1635,4605 7071 8164 5367 4133 13723 15238 13665 14347 15242
1636,10901 8104 9814 10900 11850 2010 11230 8212 3394 9426
1637,10902 8879 3556 3099 10473 9981 10727 7052 11396 3747
1638,8148 8147 7628 5679 7627 7629 7342 12354 7626 7625
1639,10904 363 10905 365 364 12829 13522 14299 13526 1917
1640,7855 4787 569 10907 4570 10438 2016 8987 15019 990
1641,6836 3222 625 14452 7700 13517 287 15245 7699 10509
1642,7920 8449 8415 5053 10909 8836 6382 167 126 4211
1643,3386 10139 10885 8065 6444 4779 9049 8064 8062 9050
1644,5576 7681 8855 3130 3881 575 12234 10034 4335 10185
1645,10912 5784 9407 10911 1989 13682 13520 2659 14586 931
1646,10914 2602 4949 5660 10915 1606 8458 14417 486 9131
1647,10917 10918 10916 9374 12964 13527 9373 5517 12288 13620
1648,10919 10227 7696 14692 182 4757 6216 6211 1568 5173
1649,10923 10927 10926 10928 10925 10929 10924 10930 5245 10039
1650,8832 10934 1738 2215 13336 1132 2459 8834 7467 8833
1651,10937 10940 10947 10944 10942 10939 10950 10957 10935 10938
1652,2142 7374 9901 10549 5234 2500 15230 7130 7129 10890
1653,3973 1518 2328 10632 6650 217 8056 9992 1079 10960
1654,10964 10963 2113 11267 13423 13931 13330 8906 10679 13058
1655,5453 10966 10967 10270 2755 237 7969 145 9619 4303
1656,10970 10969 14117 13776 13034 1524 13639 11964 12131 10269
1657,10972 1387 782 8324 14443 419 3984 9875 4031 5759
1658,8685 8684 8683 8681 7652 8679 8682 8686 8687 3858
1659,5172 5170 8644 1479 9593 6589 5802 5359 4861 2684
1660,10977 10975 10976 9342 12101 3834 14516 1884 14775 14412
1661,6812 10982 10983 9049 10981 8652 13646 3507 3050 5119
1662,5199 10986 5676 6640 9175 9178 10229 5678 9176 9830
1663,8152 1153 1721 13573 3693 11528 11578 1156 4688 12445
1664,10995 10754 10630 8900 10999 10628 10991 10998 13209 11000
1665,11003 2086 11004 14744 2093 11039 8585 14144 3564 12602
1666,3635 3636 9978 11022 6066 3628 3625 3626 3630 3638
1667,11005 11006 11007 4753 6623 8605 6621 6483 11407 9225
1668,3387 14548 478 3620 747 7515 811 3690 10266 9621
1669,2715 11010 11011 11009 11012 505 6707 7363 10409 3819
1670,5569 13058 13729 7123 4438 5571 13728 5572 5573 1553
1671,11020 13117 6936 5105 5104 5103 5102 5101 5100 5099
1672,11022 6066 3635 642 2010 11819 13684 3636 12798 12795
1673,11023 8962 1451 1645 3850 12868 43 12869 5205 10143
1674,4336 11027 11026 1904 8760 11025 1576 14319 8477 14565
1675,7859 3241 10232 11028 4627 8838 2446 3240 3243 5772
1676,12324 7643 994 4669 9781 15092 2599 11030 12470 1624
1677,11031 11032 11034 11033 1785 4174 11264 7943 5157 5872
1678,7804 9954 5864 8779 7815 4303 8676 14501 4462 10050
1679,11036 6303 6083 9778 8690 7248 10564 922 9 3470
1680,10440 4015 460 2314 2216 6437 14888 3685 11965 1407
1681,3111 2360 6341 46 4307 6383 14669 12205 728 10732
1682,7054 5225 2457 5224 26 15000 5223 2201 14504 2589
1683,1273 2676 8266 11447 7041 7036 5744 6970 3403 6388
1684,6549 11039 11004 11038 11003 2912 9202 7584 5409 11042
1685,11047 9614 5802 5457 11046 9107 9579 9705 11044 5604
1686,7173 355 3890 7807 2020 10204 11048 7588 5810 5493
1687,11050 5917 2305 632 13618 5477 1805 10125 5904 2152
1688,6326 6386 2465 2614 11052 11051 11053 2820 1532 13578
1689,11055 1721 10863 11056 7221 10956 6245 3077 6703 14345
1690,3055 13626 15247 11126 9957 14875 7994 11424 12044 7455
1691,860 1690 287 4925 1796 7700 7512 5579 7699 5580
1692,11059 2154 15255 11058 8413 13891 7115 9035 10806 9655
1693,11063 275 4381 2718 263 12863 8558 261 262 7483
1694,11065 11067 11068 10139 3695 11071 10965 6727 5456 255
1695,9590 6828 3741 4347 7511 6053 1048 6052 5056 8309
1696,11073 7828 3526 5046 10902 3311 26 11474 2449 196
1697,7803 5899 3090 3086 7802 1327 2732 11075 2728 1267
1698,11079 1638 736 2901 5524 5766 8699 14175 11081 2933
1699,488 495 10884 3266 6155 4579 13603 2262 12044 4505
1700,5352 10716 14008 13694 12590 11665 5356 12987 5357 5353
1701,5577 8775 11080 7902 3373 5549 5422 3557 3314 3987
1702,11082 6178 8224 1832 7992 8434 4000 10182 4645 10094
1703,11084 9130 9520 3467 8191 1826 2348 14129 8069 11083
1704,1226 7474 10785 6159 3421 1707 11085 747 1036 6240
1705,4867 991 5836 3348 5828 9946 13363 13362 993 6863
1706,11089 8779 8818 5798 3198 3257 4805 2355 7492 7207
1707,11091 5435 4407 4596 5432 5429 11655 5433 4559 4531
1708,11092 611 10375 612 6535 14717 941 9 7538 10876
1709,6363 6361 1778 1321 2375 6362 9191 1319 2371 9192
1710,3544 3543 4773 3546 7552 7453 3539 1737 6336 9546
1711,3271 3270 5740 3272 14636 3955 6872 7232 2362 7118
1712,8490 6296 926 6293 4152 7693 2402 6294 8528 8529
1713,11096 1997 11095 10149 11094 2668 13917 11093 3350 12949
1714,6773 10746 5468 10031 15078 13592 13957 10030 7963 6839
1715,11104 11103 11106 11100 3106 3107 11107 3003 11101 11102
1716,10179 11108 11110 1532 2820 11109 11878 11112 6352 13344
1717,3992 9370 7822 8434 7419 10304 10307 8046 2097 7737
1718,11081 9561 735 1684 3708 1981 7505 736 10462 4349
1719,1150 1717 5139 1708 1146 1718 1145 1725 1136 1726
1720,11116 10929 11115 11113 3866 7184 2215 5466 7864 13530
1721,3997 2848 7893 7899 2977 1260 9229 13170 13460 7262
1722,11118 11119 3693 9754 6542 1862 8151 8160 7469 6738
1723,11121 11122 1532 3465 6417 14405 1166 2820 404 6351
1724,11125 11126 9116 3798 11124 14984 15285 58 8999 10053
1725,9078 11128 9077 1536 9076 9079 8215 3721 13703 14795
1726,4018 11129 9017 9470 9018 13268 11940 13577 9658 11144
1727,2945 11038 4498 6814 13664 8639 5294 2239 9563 2242
1728,3048 960 8820 3047 6377 4199 10487 2217 4725 9527
1729,8191 2333 2336 10470 4011 3629 4313 3640 191 1305
1730,11133 11135 6879 1313 11137 6335 11131 3859 11130 10786
1731,11144 11143 2933 2174 11141 2644 2648 4101 11145 11142
1732,11146 6540 5010 7980 5006 5009 5008 14265 5007 5005
1733,5218 6304 4918 46 10493 4399 3316 12828 8829 10564
1734,1429 9712 2045 620 10869 8230 9714 2047 10376 10377
1735,11148 9426 3205 7364 8623 2575 7430 42 5580 9428
1736,5876 3843 4063 1826 6705 1777 2890 4134 8983 14105
1737,5315 5853 796 860 1646 1439 3678 1446 504 1284
1738,2063 4978 10606 2064 12280 1101 15057 11713 1035 3124
1739,11114 3265 13980 13679 15261 14738 11785 14845 3813 11116
1740,4673 10781 8460 11156 5010 238 11154 5498 903 3246
1741,2 11157 5747 8700 5746 15090 8098 5408 7430 9443
1742,9953 3219 2462 5683 3202 6696 11161 8856 6753 10055
1743,6794 4648 11164 4645 4661 4057 8638 4058 11166 9350
1744,1458 358 11171 10311 9882 7565 11172 6222 7867 8936
1745,2043 8851 2825 10841 10510 9284 3321 3458 4772 10265
1746,11176 6521 4378 7284 14088 2917 9930 9901 10551 2198
1747,5098 8229 2285 2436 10145 13769 13120 13768 2432 4729
1748,11178 11180 11179 5103 5102 5101 5100 5099 5098 5097
1749,11181 11182 10114 3492 11183 2399 9719 4635 913 12754
1750,5623 10607 3635 8818 10641 5573 6702 14121 5080 11022
1751,15276 8999 3055 15112 7134 1367 7128 7116 11184 7113
1752,11185 8999 7121 15148 15069 7974 14406 15248 14690 14951
1753,7423 7448 9562 6258 2980 7450 7449 6239 6256 8485
1754,4053 11188 2593 11187 8100 2594 2598 2596 11365 2595
1755,11189 11190 7869 4770 9221 10273 4865 8461 5622 6904
1756,4343 11191 4874 1687 8197 4571 2953 1760 10327 14600
1757,3811 9604 9605 10976 1101 6684 14893 14775 2722 2276
1758,2718 11063 4210 3251 275 3542 8303 7453 1903 7971
1759,2248 7877 3374 11196 5065 5072 11194 5073 3624 5067
1760,11207 11208 11206 8903 11205 8812 8758 11209 11199 9111
1761,11212 42 8589 2738 8590 10892 6434 3599 11148 10173
1762,10459 4587 6237 1232 6014 1017 1034 6688 9523 5018
1763,1767 3581 11215 11216 4502 4243 3474 6980 9476 1643
1764,11219 6245 11217 6537 11218 4447 11041 7264 14353 7498
1765,11223 4866 8391 2547 8990 5077 11161 8530 11222 4024
1766,2371 11225 11224 2375 1321 1778 10747 12240 12241 11347
1767,11227 6623 1126 1662 1663 11912 2438 9810 14533 6253
1768,10901 11230 1752 11229 7698 611 14550 3043 3471 8104
1769,11232 11701 11231 14469 11274 13219 1926 12566 2982 10716
1770,5882 9887 11083 2168 7214 4767 7327 15128 1348 2405
1771,2352 4886 7192 11234 4301 4778 10736 11045 3022 15289
1772,11236 7547 11237 6267 11238 5270 390 866 5483 11235
1773,2100 3605 3609 8940 2779 6264 4349 1765 7736 15240
1774,11239 7620 6122 6227 4804 8343 250 238 705 4749
1775,1684 1436 1442 14699 7778 2408 1520 14092 463 286
1776,7804 8788 6613 8676 14501 11241 1699 2725 14414 13971
1777,3160 188 11242 11379 7371 13216 12633 12433 8724 9911
1778,11244 6203 6097 6206 1422 6207 5197 3329 13840 2540
1779,11245 7722 11247 11246 13586 9558 1524 6795 11210 4594
1780,2586 11081 176 3015 10606 336 9318 6198 2913 1796
1781,11252 2011 11251 14681 2010 11573 11572 11570 13684 6110
1782,11253 1742 1741 1740 7017 8508 2801 6818 12313 7753
1783,3476 2475 1371 7326 4891 185 11216 11255 12140 12139
1784,7824 11256 1058 14043 9079 8213 2095 8275 9078 8215
1785,1596 6982 1337 7527 5966 5965 5963 14511 5969 11873
1786,11146 3367 10359 11258 11257 13735 7770 1419 5079 3602
1787,11260 11259 2930 10210 5425 4568 5862 9885 6563 3397
1788,11262 2942 4334 4075 6223 822 891 334 4283 5830
1789,11264 11265 11034 11263 8325 1266 11031 13826 12537 11636
1790,11269 11268 7440 7736 9491 276 1572 11267 1600 3869
1791,2371 7215 2375 2374 1778 7064 2370 1354 11777 13111
1792,4844 4839 538 6820 14808 536 12654 9656 531 4835
1793,8808 1752 11271 15088 13351 12620 12784 5193 11865 14328
1794,11272 11273 6182 8697 4360 6071 7545 2878 15222 11154
1795,1731 11274 1728 3781 13223 8153 12334 4533 3776 3783
1796,11277 11276 11275 5102 5101 5100 5099 5098 5097 5096
1797,11280 11279 11278 11281 4040 9620 6790 14819 4047 4043
1798,11288 11287 11286 7408 11289 11282 914 15193 11285 5368
1799,3528 2826 3358 4777 5501 2692 2697 1030 5424 189
1800,11294 8756 11293 1781 11295 8620 11296 10530 11292 3881
1801,10960 11043 6826 10218 9221 7398 2747 12467 11047 5621
1802,7087 3095 7900 5360 12360 7290 9878 6399 1104 10650
1803,9402 8242 6203 8623 7959 357 6166 349 7466 4011
1804,11302 4780 9693 6564 6560 8495 7184 593 13053 3335
1805,576 11303 10764 11304 5356 2288 5357 5358 13384 10047
1806,1795 11305 1792 2627 10000 1852 1790 1794 12930 12898
1807,2920 13428 10412 10875 10460 6710 5640 2925 2927 8670
1808,11314 11313 11312 11311 11309 11308 4379 10038 11307 11310
1809,8971 5864 11317 6338 7496 5045 7494 8937 10797 5624
1810,11319 11318 12756 5104 5103 5102 5101 5100 5099 5098
1811,6410 6568 11320 6681 6280 1426 1213 1303 12180 7
1812,7175 11322 11321 14714 10414 13226 12282 9236 6464 10365
1813,10281 9112 9407 6369 10691 3047 732 3627 10664 2581
1814,467 4468 14287 10454 6038 3952 6216 11727 1423 3206
1815,5583 11173 11326 11341 727 11337 11334 9142 6103 7097
1816,4415 11346 11349 6363 1319 1321 6362 6361 9237 1778
1817,11353 11355 11354 5717 1878 10565 1415 4871 14893 710
1818,11356 11359 11358 9392 9239 11357 6761 4513 4971 1124
1819,4260 11361 658 7051 4027 416 6035 812 171 9249
1820,11363 1128 4051 245 3985 5556 11362 3721 9250 12093
1821,806 8578 385 14903 14971 11036 6303 6083 9778 8690
1822,11367 11368 4650 8663 4663 12993 11366 11370 4892 4660
1823,2741 6416 5345 2614 12535 1475 14844 7395 13336 6120
1824,11372 3700 5080 4782 8652 9529 6975 6020 4226 760
1825,11373 11378 8793 11375 6603 6788 7769 3271 174 8501
1826,10627 11382 11000 10952 10999 10998 14218 1771 5845 11923
1827,4385 6365 5477 10700 149 11050 6191 773 1186 13371
1828,8619 3550 1452 8941 2688 7972 3604 11767 694 4817
1829,1315 5536 7218 1157 6360 2881 6321 2889 11536 3082
1830,11384 7718 510 7676 3945 12065 4869 13487 2251 479
1831,5537 11386 4619 4615 4618 4622 4621 4620 4623 4625
1832,10510 10424 5766 4374 10474 4324 3016 5764 3361 9592
1833,11388 9825 11389 9150 14450 6558 13849 12988 1593 2440
1834,11390 11391 4302 14471 14979 14714 7295 3615 11915 14483
1835,11393 2739 6868 11392 6005 6897 10732 10347 4357 5417
1836,11395 712 11396 577 5984 7846 3600 3747 169 8473
1837,11402 11401 11403 11404 11398 11397 14512 11405 11399 11400
1838,11407 8605 11408 11409 2397 637 11361 8701 7748 6483
1839,4939 11089 14511 4765 6237 7938 1498 11134 1999 13179
1840,11414 11413 11412 11411 7640 10024 6069 4709 11417 11416
1841,1596 6620 5602 15026 5966 5965 5963 2301 1937 14281
1842,4968 8423 14202 8117 12009 3840 14069 14425 12011 10255
1843,1866 3846 10843 4328 4329 3688 1003 2875 1354 7144
1844,6826 11076 1409 6730 3943 8478 578 445 1387 974
1845,11418 1535 11112 405 2820 13188 8312 1532 6996 2742
1846,4982 8687 12492 8347 10181 7910 1083 5864 10720 10656
1847,11420 4724 4305 10073 8645 10071 4722 10072 4035 4721
1848,4745 11076 7528 3887 6182 11421 9838 6730 8478 1840
1849,9956 7005 1815 3030 7826 2897 7769 3620 4797 3940
1850,11423 11422 5077 5103 5102 5101 5100 5099 5098 5097
1851,9711 9171 1279 7362 6673 836 9563 8257 9295 10377
1852,11427 11426 844 11268 11425 6 11428 4644 11269 5071
1853,5401 10781 2587 1022 4951 2469 4636 13848 2866 8705
1854,11431 11430 11433 11432 5599 935 14450 9225 7450 7449
1855,11435 11439 5440 11437 11438 11436 9664 10936 1156 4407
1856,11440 11442 11443 11441 7006 6254 7135 1089 2503 4437
1857,11445 11446 269 9404 5339 13415 9165 5712 2632 5198
1858,1953 11447 8490 6296 9649 10721 13529 6293 1955 1387
1859,11457 11451 11449 11452 11454 11450 11455 11448 2634 11456
1860,11459 1782 11462 11461 11458 10340 1500 618 15065 10039
1861,8542 4461 10998 13785 10994 4145 9854 10990 11000 12262
1862,7052 11241 10509 611 10372 10290 10371 9955 10373 8572
1863,7339 780 11465 5460 6039 518 6237 8415 7736 5413
1864,11467 3575 3638 732 2992 8950 1621 1620 1734 3155
1865,11468 4012 4013 11469 282 4808 3970 6597 762 7707
1866,2741 11470 14262 7296 13613 6416 11965 12096 13318 12372
1867,9805 6167 1015 11471 12566 9682 6161 6160 3665 4664
1868,715 8748 14939 2201 14504 7047 11623 8201 10876 10878
1869,10208 6352 13344 1323 13578 5431 13561 13959 5405 14599
1870,8525 13050 2155 10866 14214 1443 2358 14213 15169 1133
1871,11473 8853 10499 13699 2916 1481 1489 7695 10132 113
1872,11474 1096 5491 5164 1073 8170 2248 3410 13797 10902
1873,5197 6097 6498 4465 11244 12986 13840 6546 12305 4017
1874,6987 8689 8045 5742 9648 107 11844 4179 6585 9249
1875,10323 3794 4358 1266 1837 6547 1222 1938 6692 710
1876,2374 2370 4135 10854 10856 1354 2373 13682 4039 5672
1877,7169 11475 1898 3747 15231 15232 6617 10049 12873 7049
1878,6698 11477 3267 10190 9877 11476 3909 1524 3231 13824
1879,10292 11479 605 4720 11480 11484 11483 10476 9771 11482
1880,212 11137 14440 14416 4359 5772 1313 6335 11133 11135
1881,1419 5461 3378 1404 5454 11675 5459 3770 1104 10435
1882,11489 10449 11491 11488 11492 11487 11078 11490 11245 12846
1883,10932 11493 13672 10529 5998 6094 14657 10131 2815 12984
1884,11518 11522 11511 11515 11514 11520 11494 11505 11516 11508
1885,1826 4414 4416 3843 2876 6735 3000 6364 5876 10199
1886,6380 3372 2764 3090 5276 4505 9318 2729 5419 6384
1887,2820 1475 5345 11524 1166 12426 2742 12535 405 3465
1888,11525 3853 9234 11526 2655 10044 10113 4941 10637 7801
1889,11527 3752 11532 4332 2892 11531 4457 10582 11530 11529
1890,11534 7694 9939 6333 1147 7695 5346 12765 4282 2821
1891,11535 5105 5104 5103 5102 5101 5100 5099 5098 5097
1892,11536 1314 3082 4617 11537 1318 1826 4607 6321 3085
1893,11540 11542 11538 11541 11539 10593 4795 10335 5916 2284
1894,11545 11543 11544 1160 9358 2480 13486 14798 13361 15167
1895,11546 3995 5891 11547 11548 6631 6630 1940 6626 4710
1896,9042 2129 3964 10174 9038 9043 10362 11759 12016 2130
1897,11549 15067 15190 15249 36 15068 13173 13174 13013 14597
1898,11550 3622 14710 3183 5852 14636 7290 7615 6830 3628
1899,11552 11553 7674 10506 13840 7406 11657 1784 11650 8821
1900,1624 11557 11559 7022 11558 10596 10127 8710 11554 2169
1901,11564 1665 8143 11593 9810 9809 6780 6781 7651 1662
1902,11073 2449 11474 4911 7828 1262 3441 4347 9293 8959
1903,11567 6615 11566 6624 1664 11568 4073 6189 7743 6623
1904,13312 9519 11569 1850 715 5789 11048 9427 2750 3142
1905,11573 11572 11570 11251 11571 11252 2011 14681 15218 15170
1906,424 11574 4961 14983 14874 14893 14982 7495 11241 13894
1907,8352 12709 6768 1908 6381 4031 11576 1787 11243 1028
1908,11577 7342 14673 13488 14671 9172 7627 7628 7629 8833
1909,4997 222 10236 3820 10128 223 13228 221 6654 5170
1910,1938 1746 9652 4358 2908 12965 11356 13888 710 6118
1911,3083 6553 4413 12211 7784 1315 8476 13590 11703 1002
1912,873 149 8189 2763 1095 14548 2589 686 7232 169
1913,11582 11580 11581 11585 11583 8976 11579 4588 8641 5680
1914,3491 9138 7653 13776 3489 9136 13778 13777 8115 3490
1915,2131 11588 3727 3359 3576 11748 10910 9182 3018 2470
1916,3745 2054 11589 8678 3549 2047 9544 5206 11993 3369
1917,7522 726 8843 409 11590 11591 9053 14174 13760 13986
1918,236 9817 323 3802 971 11929 11928 11927 11477 3736
1919,6099 9026 1883 13256 14454 14496 6101 2095 2009 14022
1920,11151 4553 730 10728 3717 584 12341 7448 11977 2254
1921,11593 11564 6349 6171 1110 6627 13704 14528 10226 753
1922,5777 4196 1984 4483 13935 3247 7768 11595 7955 5780
1923,11596 4838 11597 12473 12471 12474 12344 12346 12472 12342
1924,4913 4889 8350 337 2629 7238 13054 13002 218 4901
1925,11598 2869 14736 7426 13270 7498 11119 13682 3094 7425
1926,11601 11600 7998 11603 5984 7518 3851 11602 11599 7612
1927,10902 204 8614 2839 11606 11882 11589 13057 8238 12687
1928,11608 4555 10343 6386 8563 3949 5456 11607 2219 11156
1929,3489 11611 11610 3491 9137 7650 12684 7985 2840 12685
1930,11612 11613 11614 7702 7701 13557 13556 12147 10911 6
1931,11615 11618 11616 11617 9699 7976 11621 11619 7883 5880
1932,11623 10618 3879 2160 177 9478 9518 9474 5540 1555
1933,2869 6555 5129 6556 9967 4626 11625 11624 9968 5125
1934,11627 8622 3262 5312 8872 2565 5307 1504 28 5989
1935,11628 11629 5103 5102 5101 5100 5099 5098 5097 5096
1936,11631 4451 9660 11630 11687 11688 11305 7880 14228 2800
1937,6685 12572 6520 5353 8112 13882 13881 12082 10441 13892
1938,11633 11636 11635 11634 11263 12537 12400 14046 14045 10467
1939,1894 11637 1891 1895 6345 5864 9293 7378 1979 8515
1940,11638 11640 1155 7218 1151 10716 1721 11639 9967 9968
1941,11642 1840 4700 6493 7328 14717 4963 2914 14434 9226
1942,900 1728 6638 779 8677 1170 12047 11985 7379 1731
1943,1498 11038 9286 4939 8577 880 14142 13402 4929 896
1944,10020 3456 2124 8972 11644 3179 11443 7154 6916 181
1945,11647 8142 7402 12981 7272 9689 13679 12775 6468 9182
1946,1099 618 3460 10178 1420 15065 343 742 9923 15123
1947,11650 221 11648 6185 1227 11649 8650 7934 1111 13840
1948,1306 11651 1102 11654 5411 3006 8494 4289 14765 14227
1949,11655 4559 4531 4595 8232 7224 3158 7104 5435 10895
1950,7165 8967 5711 7166 6511 11594 10251 14237 4633 8788
1951,6362 6363 6134 1319 1320 1321 9192 1778 1779 4060
1952,11591 7523 11657 7871 9611 9883 11656 2431 10506 7406
1953,11658 11659 150 4887 8320 5828 148 2734 2566 4987
1954,6158 11660 11661 614 7884 7885 604 6512 14125 3055
1955,8707 11663 11664 5464 11662 8176 8706 13093 13062 13097
1956,11666 11668 11667 5107 5256 5976 8824 12199 5119 12200
1957,9221 13890 4865 4497 1392 2707 4770 12669 8677 10273
1958,7621 11670 3990 9181 6980 8047 11669 10711 11905 8433
1959,11671 8660 4255 3821 278 7340 5721 8661 12668 14295
1960,11682 11674 11678 11677 11679 8956 4811 4810 11565 11673
1961,4085 4766 0 1471 1993 10660 585 3746 11429 14617
1962,11687 11305 11688 7880 9660 11686 2800 9395 6538 11631
1963,11690 8843 11689 5270 3832 5791 9336 751 8340 5792
1964,6364 11691 1826 7080 9195 13223 7426 9192 10096 1777
1965,8887 11692 8886 11693 10892 12694 8910 8911 8909 10184
1966,11695 11696 11698 11697 11694 11195 8560 2248 7877 3374
1967,4991 11699 5509 1653 6960 466 10182 2711 452 4640
1968,11701 11232 1926 11702 11700 7962 14835 3781 14255 12303
1969,8254 8255 11703 5317 8476 11002 9961 2624 9962 7472
1970,11706 11705 3127 7483 1546 6934 6244 6580 11704 5323
1971,5720 3185 1393 8524 6851 6645 11707 7303 4349 4251
1972,11709 11710 6435 7166 7165 4750 2732 7105 11708 2901
1973,11711 7405 7174 9976 5898 304 10167 7407 8056 5341
1974,11713 4143 5458 3390 4144 547 5459 5454 3770 1104
1975,712 5984 7846 8473 5983 169 577 11395 4854 1366
1976,11715 11714 11716 13721 1635 13945 4654 8088 4814 13944
1977,8208 5959 8504 10390 11719 11718 10140 5307 6916 3958
1978,1660 11720 15096 5621 2824 1328 8669 12108 10573 10789
1979,281 1090 3645 8714 2578 8972 4032 9915 8602 2577
1980,9277 7527 7143 10166 2346 8674 8675 5969 10165 8576
1981,11723 11721 10099 11531 7058 8443 9755 11722 10075 1828
1982,7249 13854 10056 8341 14805 192 11747 7229 7584 13315
1983,11725 14545 2853 15145 5093 5094 5095 5096 5097 5105
1984,11726 2973 9278 912 3930 2972 2970 1414 2975 2978
1985,11727 8188 5083 3699 3705 6029 7837 9544 6038 11993
1986,11730 11728 11729 7529 7478 1809 13733 10184 107 2725
1987,222 1014 1067 6336 1051 5343 2318 3544 1467 6536
1988,5206 3369 11731 8604 6780 11238 11732 11733 2054 14822
1989,11734 10972 4876 5386 3318 3931 5222 1785 3359 10647
1990,8699 11736 11735 689 6021 2239 8664 695 736 24
1991,5448 11723 1778 7404 2883 2890 2399 5449 9646 3078
1992,11664 11663 3462 4261 11175 190 2751 4307 18 19
1993,11744 11743 11742 4563 561 1522 3089 4562 1679 4565
1994,3399 10378 2307 3222 10663 5155 3223 1202 743 15245
1995,11746 3856 5756 4303 1728 2770 870 8853 10126 6997
1996,11747 3262 11627 5195 2221 5850 8622 13201 3034 13330
1997,1 11627 3262 5195 11747 8622 13735 2808 13522 13052
1998,26 196 8984 5046 9985 1737 3734 3527 8733 8739
1999,6363 1778 1321 6361 6362 1320 9192 1319 9191 1779
2000,2614 2741 1166 6416 2742 2820 13578 3464 3465 1532
2001,7344 9149 11751 8365 6382 11750 10176 4419 622 3479
2002,2629 8484 690 3493 4913 8350 4352 2630 3371 144
2003,11754 2820 11752 2614 3465 8907 13578 11753 2742 11122
2004,11756 10907 990 7019 7677 3659 10107 11327 6483 8605
2005,777 4080 2838 6749 7814 1804 3112 2295 3908 7813
2006,11759 7915 1830 6217 7815 9318 7341 126 11758 4949
2007,2711 11761 6680 6008 15028 466 15029 10383 2326 6010
2008,11764 11763 8816 13549 11021 13547 13141 2590 13142 5492
2009,11766 13397 13045 11984 11967 13396 5100 5101 5099 5098
2010,11767 11371 7177 3604 7179 7180 7178 14887 4656 11369
2011,4143 1077 1015 4144 6735 1068 1086 13379 11607 6739
2012,11768 6703 12491 11057 1001 2893 1445 5422 3803 3076
2013,3882 7389 1905 9686 12128 11930 8807 8805 8071 6572
2014,11769 7209 14864 10063 12479 7204 7203 6772 7208 6319
2015,8470 9593 707 7482 5769 8931 323 9594 5762 9497
2016,1121 11772 11770 2843 1119 8870 8021 9895 5244 3428
2017,12324 7830 994 10170 8622 4178 7718 1191 5140 9072
2018,7985 3489 11773 7721 11774 9327 13709 12694 261 4381
2019,3846 1866 10843 3688 1354 4609 1003 2875 10193 14105
2020,11777 3001 1778 1320 6362 14283 1319 6847 1321 6363
2021,9531 350 7770 351 8241 339 7955 10727 346 349
2022,3667 9535 11778 9536 7078 10193 7065 7075 1007 3074
2023,7659 11783 11781 7660 11780 5010 11782 11779 8992 701
2024,1761 209 10631 1515 4744 1764 4923 1762 12710 1757
2025,11409 6619 11786 5716 3285 9885 5700 6477 2699 11848
2026,11788 8760 1001 8604 11438 14319 4136 13565 11435 3888
2027,4229 1062 7037 13212 10509 11272 11273 6260 8697 6182
2028,11791 11334 8178 8171 8172 8175 8169 996 8173 8174
2029,4304 11793 10002 6404 11795 11792 7269 7273 8527 11794
2030,900 11796 7948 8116 8677 11912 4497 717 12590 6174
2031,11797 5662 11801 11800 11799 9748 9747 11802 3843 9745
2032,5490 5489 9046 768 11803 4031 251 462 5488 7051
2033,1863 1316 1011 11807 10913 2888 9547 1859 1141 11852
2034,2677 3752 11809 583 4301 890 11810 2457 11527 13044
2035,5504 11811 9719 11812 6791 8180 3377 2474 122 4635
2036,1618 1617 1622 11814 234 235 1619 3213 1621 15254
2037,5396 203 4479 10203 11815 12569 12571 4166 9974 5166
2038,2375 9968 2372 9967 2893 2371 2379 1778 11347 5667
2039,11817 11818 4934 8935 11087 11360 4027 4029 14348 6648
2040,11819 3807 304 3804 3806 3808 12771 13784 8655 9976
2041,9278 11820 11726 912 4419 9083 1414 3930 1688 323
2042,11821 3150 6713 8398 1345 13317 12591 995 8519 11857
2043,11831 11825 11829 11828 11823 11826 11833 1900 9489 2716
2044,1963 4858 1100 4188 2762 6017 4078 4091 6317 11582
2045,10347 3811 6005 3181 4256 1101 323 348 11393 1206
2046,6843 5296 6845 6840 6846 5289 8357 5295 5292 5294
2047,11836 4127 2558 15245 2016 15019 8580 15116 13886 12512
2048,11838 11837 9550 9688 3466 7286 4310 3128 258 4841
2049,3000 4414 4416 1007 1158 89 3843 2876 1826 6735
2050,11841 11840 11842 11839 6510 6513 10205 7168 10658 12041
2051,5742 9648 11844 9249 6987 11843 1237 12093 13936 14453
2052,11846 11845 11847 11983 7712 1176 12368 12367 12369 13045
2053,6706 10096 6364 10098 7098 10097 7059 10099 7099 5101
2054,9432 9434 9431 7086 9433 5095 5096 5097 5098 5099
2055,7583 9517 2402 10277 3891 10948 13729 13342 13728 12906
2056,9808 11849 7219 11848 1845 1700 1846 8114 4450 6785
2057,8513 6806 14083 8514 6555 8847 5687 5447 6847 5163
2058,11241 11574 4747 1222 7936 10374 710 11711 6692 7052
2059,11852 11807 4449 10753 6622 12322 4448 13892 14889 14611
2060,10317 4374 2717 2075 1388 10005 1195 11853 417 13922
2061,4007 7969 8520 7928 9249 8856 6175 12294 1385 1412
2062,11323 1110 7531 4427 3348 8273 8350 121 4867 2943
2063,4056 2663 3572 8214 11854 3566 12941 1635 4057 4662
2064,2453 578 464 6002 6820 4744 4844 6072 6077 14808
2065,9082 2099 6828 1733 14516 5411 14412 9081 10976 9590
2066,11855 8442 2165 4071 6441 2570 1090 1347 2167 12231
2067,2305 9248 13618 1805 1394 2152 11809 3375 11050 14518
2068,7260 4535 11856 4533 7945 1731 9661 7943 4531 5710
2069,4332 11858 5933 11527 3752 11532 11531 2892 5939 5949
2070,11861 11860 11859 7776 475 5991 9782 14609 13825 13454
2071,10762 3748 1103 2826 1484 1050 8294 1280 3216 3539
2072,11866 8823 11865 11863 11867 3902 5076 11864 3714 11862
2073,9826 11639 7934 11638 11640 11869 3671 14265 11650 9807
2074,4505 7357 7833 6054 9703 8431 10308 8433 2218 5527
2075,8910 8911 8908 8912 8909 8913 11693 8886 5942 8887
2076,11872 1673 13830 13829 12324 876 7941 994 11871 13828
2077,11740 9565 11873 3102 6592 2213 6801 8319 8640 9389
2078,4609 10752 10843 4036 3842 2372 5450 3846 1866 14267
2079,7925 2910 6466 11745 5299 4321 9717 9716 9718 6467
2080,11193 5400 4422 1811 3248 4326 3632 2781 7834 14121
2081,4131 1050 5398 3758 9956 3757 12853 3759 13161 4006
2082,11875 5503 11874 11940 11421 11637 11006 10890 10703 2729
2083,7517 11408 7521 10150 1263 10152 5147 11876 901 9617
2084,11878 2820 11879 11110 2815 2742 13453 1166 3465 405
2085,11882 2806 11606 5044 5236 8972 12687 12686 10176 10902
2086,11883 11884 7678 15163 10986 14566 9331 9830 3841 9999
2087,7098 10995 3882 11548 8807 11546 8805 3995 7099 10096
2088,7757 10605 13801 13800 13802 13803 10079 11680 1634 5093
2089,11886 2907 11887 11888 2649 11885 5967 9942 1115 2730
2090,11447 4787 2921 13571 2924 12196 13226 13903 7953 569
2091,10067 10068 9399 9628 12350 9400 12660 12661 11910 12664
2092,7078 11893 11894 9536 1005 11896 11895 8405 1007 9537
2093,11898 6994 5998 6995 11899 6990 15152 11108 11897 8810
2094,11836 7519 3191 2781 3202 7901 8841 2016 7521 7517
2095,518 11465 7039 9619 2213 5720 7339 3917 8601 2082
2096,6591 2357 1831 8364 875 2353 10516 2702 3531 1086
2097,9993 9876 8223 6166 2709 10417 5550 1647 1088 9570
2098,11901 4154 11900 5105 5104 5103 5102 5101 5100 5099
2099,11902 6143 6342 2960 1476 2585 2571 4308 3458 10564
2100,256 249 6204 5509 8918 2472 9484 8083 8891 2251
2101,2809 7621 11789 11906 4453 1623 1283 5397 1484 8994
2102,11907 11908 14533 13770 14006 1126 13841 8032 13842 9973
2103,3043 3044 5070 5096 1752 3749 3984 2560 4122 13585
2104,11912 717 11910 11911 11796 11909 15163 10345 12590 7574
2105,6369 2057 11913 6438 176 4157 1452 5069 1579 11015
2106,7802 7803 2728 7801 6146 12081 5899 2898 1267 11075
2107,7294 3599 9125 11916 49 11915 15264 437 3403 2738
2108,2933 2781 1732 10517 10473 5075 3211 13048 6328 8971
2109,10556 11924 9080 10628 11925 1769 10991 11000 11923 8542
2110,6617 6540 3920 6909 5325 6619 4376 14729 14265 11152
2111,11929 11928 11927 11282 11926 236 10677 300 10694 13923
2112,11931 1757 4360 11930 1004 10583 8740 5150 5906 2582
2113,1800 1172 10477 4869 9295 1426 4178 824 9875 3911
2114,4972 522 11933 3109 1869 2071 7511 5790 1237 9037
2115,8317 1973 9098 6920 3574 778 4868 4030 2772 6641
2116,7339 997 2629 2630 3147 12841 2018 1545 478 7463
2117,11934 3418 5608 10022 7143 4439 3850 8705 8403 4196
2118,5236 11906 5278 11935 180 5397 2784 6980 8568 1811
2119,11940 11421 11637 11875 10703 7253 7401 9018 11006 7252
2120,4382 3135 5972 10169 7003 15192 15191 14509 14729 12085
2121,1293 1633 11943 1294 2786 11944 11941 4369 5185 1637
2122,1118 7644 3498 3659 14295 11756 10907 7019 11229 9596
2123,2744 1165 1533 13325 2742 1324 13731 13629 13625 6992
2124,11946 1462 1465 1464 1395 1463 1461 5109 5110 5101
2125,6363 1321 1320 6362 1319 4316 9194 1001 2996 1778
2126,11947 11948 7755 3838 7756 13627 10609 7352 7753 8264
2127,397 1317 1011 11949 12929 1719 1001 4687 2883 7427
2128,11250 10882 6408 11952 7001 3509 8569 1768 10451 2690
2129,1282 2210 10464 8896 4850 12847 8098 2599 8893 11157
2130,3055 3823 13626 6897 11126 11393 10446 15247 9804 4357
2131,1880 6868 11754 15147 10741 12574 10965 14717 13074 2739
2132,11956 7746 8471 1800 13027 10839 13028 7173 12432 13464
2133,3055 13626 11126 15247 9957 14875 7994 11424 4820 7455
2134,10155 9405 10295 11958 11577 6903 9939 1813 2261 5233
2135,2375 2371 9192 1778 4060 1780 1320 6363 1319 6362
2136,9884 8457 10908 8745 3697 1568 1200 3556 10592 433
2137,10347 3811 7700 287 1101 7699 1649 2319 14893 14952
2138,11960 4441 10415 15118 6047 1396 11741 8639 237 686
2139,7100 8302 12585 982 656 13484 4061 6500 12108 1400
2140,1679 11743 11964 11963 11962 2722 6226 9475 11744 1680
2141,11968 7349 4701 8323 11967 11969 7351 12564 7352 8324
2142,11970 1338 11136 120 1340 1337 2488 5209 1339 3359
2143,11388 11389 6652 8668 11974 5410 11971 10401 11443 5316
2144,3579 11977 9254 6332 8499 383 5579 385 102 377
2145,11190 2220 8988 6869 10459 6563 482 3935 9274 8445
2146,11979 6884 9225 1179 11978 6952 4530 1878 6885 3428
2147,352 15089 14398 119 5822 10695 2610 12276 3274 6925
2148,8704 4223 4219 3100 8516 2784 3555 4260 8995 6043
2149,11982 6930 11981 6726 4728 2444 11076 6107 5851 4593
2150,4707 11988 2886 7215 11987 12389 8983 10989 12162 13239
2151,11992 11991 11990 5075 5101 5100 5099 5098 5097 5096
2152,9544 11993 3745 11727 6948 4405 15132 1577 5359 618
2153,11998 12000 7823 11999 11996 11995 11994 11589 11997 12001
2154,5742 5814 7131 4902 8324 7716 9648 13369 14792 10540
2155,9250 5290 463 5419 2448 11363 9497 12178 323 7954
2156,4457 8291 1260 3857 1261 11527 5858 3752 11532 4332
2157,1529 12007 12006 1167 1168 11109 13200 13233 2614 13234
2158,14736 5447 3085 1318 11536 1724 15017 4617 1314 1770
2159,4968 12011 12009 8423 14202 8117 14069 12010 3840 14425
2160,12012 6155 10835 9042 5085 12014 7633 6823 11461 12016
2161,6863 9802 9187 11814 12018 9188 11094 9910 9360 9203
2162,8802 3570 10014 14605 14604 3564 3569 3565 3568 2086
2163,841 12022 9653 3707 1236 1233 8658 3487 7042 6519
2164,12025 12024 5498 2979 626 5382 13764 1746 12626 7605
2165,4067 2721 9848 3509 4478 8898 15243 4639 7138 4469
2166,6586 11274 11648 8430 14104 11650 1731 221 1227 6185
2167,12028 12027 6414 15038 12842 7393 6416 13577 5261 4356
2168,8761 9123 995 9124 7333 8489 12842 9075 6940 9073
2169,12029 576 563 5356 5357 10271 5358 10272 10047 10046
2170,4764 6045 4016 6471 5791 12031 5792 5972 1065 6192
2171,5065 5033 5299 473 5073 5072 3857 5067 2248 5029
2172,2314 6640 11965 3155 13318 9465 12096 4591 11752 1475
2173,4901 4905 12018 3237 9499 4899 4903 10542 4900 4638
2174,12033 7987 5885 7939 6621 5171 10862 2868 10861 13358
2175,12034 3359 9181 8246 1074 2472 6561 13181 11748 8492
2176,12035 12036 11288 6589 11287 14674 13548 7719 11286 10224
2177,12037 7302 13285 4966 10123 127 5095 5096 5097 5098
2178,12041 2845 11839 1716 3859 7895 12040 12039 8236 9836
2179,10420 787 4085 797 6411 7958 12428 1213 8959 5972
2180,5596 9044 3683 7400 7403 3210 1766 4278 6648 7348
2181,12043 7833 6367 4857 1963 8940 6264 757 4206 9093
2182,8978 3242 11075 5793 1793 3240 3243 5426 12026 1790
2183,7139 5210 11073 6054 170 9703 3602 1411 14534 8310
2184,12046 10231 2348 4322 9693 6677 11083 9675 11296 8557
2185,12049 9966 7379 12047 11700 14835 1728 7571 12048 1713
2186,8858 8790 1239 2068 4183 8859 8860 10177 8574 10172
2187,8874 843 3131 3470 12050 2755 11761 12051 3959 11483
2188,12056 5105 5104 5103 5102 5101 5100 5099 5098 5097
2189,12058 3808 12057 7546 1887 9817 5460 10859 10388 5857
2190,12062 10362 12064 12060 12059 10563 10169 6836 12063 4553
2191,3238 7237 3009 4883 7558 3010 4899 8624 4882 8627
2192,12070 6990 14803 4791 6995 11111 11822 13321 11108 9788
2193,12076 12071 12075 12079 12073 7074 12072 12074 12080 12077
2194,1252 2262 5958 169 5957 2309 745 14619 5095 10597
2195,3861 12082 12081 2982 11375 1629 7625 6541 15125 7104
2196,7002 12083 7658 10765 14143 9190 14911 14257 15121 1631
2197,3872 4815 4993 11443 4987 5835 4635 5828 8505 10379
2198,3544 9800 3546 3811 5980 14112 4092 879 4398 1737
2199,1319 6363 1321 6362 1322 1778 2375 2371 4604 1320
2200,8709 6417 3465 15257 11122 11121 6351 13578 2742 2820
2201,12085 12084 10169 15192 10561 14729 14147 13214 12847 14091
2202,12086 1951 8521 4385 5712 11149 3771 1955 6638 5917
2203,7805 3950 3152 8855 4261 12087 9774 7910 2582 375
2204,12090 12089 7782 6844 12088 6327 15127 6331 13218 6845
2205,7549 10140 5281 7550 7548 56 742 7465 2523 10890
2206,7756 8392 2662 12091 4565 12092 7903 8214 8215 1635
2207,1184 10542 12093 8617 8544 11113 5974 14035 8545 13936
2208,12095 11843 3209 11669 10472 12094 5549 10586 6964 3036
2209,11956 7173 3594 7746 2738 13464 3599 12840 13221 355
2210,6304 11812 10906 3377 2035 3641 5217 11654 6470 4637
2211,5898 13032 11029 3982 2131 4595 13113 2446 12047 14443
2212,12098 13578 15259 3465 2614 15094 6417 2742 362 2741
2213,8882 2657 10094 14082 2651 2206 2655 15147 4852 5265
2214,12099 12100 2807 5514 3493 11750 4305 5944 11048 5943
2215,8993 12101 5036 1088 2449 5346 10977 13799 5772 9993
2216,7198 4076 8603 3147 12002 1476 10759 1495 6833 10592
2217,8315 12104 12103 681 2444 5377 5328 11652 191 4332
2218,12107 5323 2332 2565 12108 11301 7192 4812 4001 3371
2219,12112 12126 12120 12116 12123 12117 12113 12118 12125 12122
2220,8666 522 9680 6438 7551 2250 2245 7971 173 3548
2221,10265 8419 3857 3823 8493 627 12129 6496 11072 5096
2222,104 12133 11672 46 5304 866 3805 5151 12132 5141
2223,12135 6835 1877 8859 4410 14623 11601 11600 4670 13759
2224,12136 11590 10151 12137 8842 10148 8228 8119 4668 8118
2225,2457 385 5237 7466 38 3971 7054 3644 15231 5236
2226,11642 3887 7328 12156 2265 3880 8885 8115 11877 11967
2227,3517 9527 3048 3553 1571 7616 10100 4199 4776 163
2228,12141 12139 12140 6946 116 11719 7559 12888 3814 3533
2229,3037 7507 687 6367 3186 7412 14430 13977 3032 14933
2230,4941 3487 1268 10113 7801 10637 7382 9234 10387 10638
2231,12143 12147 12144 12146 11085 12148 1705 7743 7287 2447
2232,5687 10899 1011 9534 2864 11986 11850 7091 2893 7964
2233,10408 7292 3998 9502 10409 7938 6778 4939 13179 7990
2234,11752 9936 3143 3155 6040 11270 331 12271 13591 10092
2235,9548 5535 9666 7785 12151 9547 10913 1779 11385 5530
2236,12153 6815 4318 2407 14073 1369 2698 5611 5275 1371
2237,10227 6569 11760 7696 6570 7505 5015 4194 1393 10908
2238,12157 12154 12158 12156 6109 11021 12155 4466 4456 4695
2239,7978 12161 6629 12162 10269 6540 3999 7485 12160 9972
2240,8189 873 5544 14849 771 9223 13935 7768 2675 7232
2241,8971 3244 3240 12163 3243 9061 12144 243 3134 1732
2242,9620 12164 171 774 11235 14819 6293 12254 6294 10163
2243,286 12165 9253 9552 9787 9549 9785 9788 10417 9553
2244,4573 7816 831 3831 4918 8949 3316 2494 4223 3350
2245,7817 2875 4693 2874 9751 14751 3668 7818 9540 3846
2246,12166 11168 4994 819 9196 3252 1798 1961 3175 4376
2247,7954 8190 4469 4474 14579 8189 14227 15243 4639 7138
2248,1345 12167 3317 7508 3477 10474 11748 10910 1967 5079
2249,15014 6032 770 1382 6967 2586 1447 10649 15229 14418
2250,11113 12168 2457 1302 5466 4478 11116 10239 2913 13905
2251,12170 7716 12169 11480 9359 14630 14627 14629 3787 3
2252,7088 3105 11811 504 9153 10402 292 3946 5047 4214
2253,6412 12171 9289 8274 10057 14377 4713 1541 11211 4718
2254,12174 12175 6647 1586 5553 9365 12176 12177 3709 8703
2255,3547 6388 5185 4369 12127 9475 8404 4297 5790 3296
2256,3829 1936 14588 6692 1592 4696 13987 3824 5104 10051
2257,2829 7497 2448 7696 14692 6013 7697 182 232 8994
2258,12182 9032 3896 5349 12180 12181 12179 8102 14775 12274
2259,12184 4564 4566 3380 13382 4565 14587 14370 14255 9034
2260,1130 9610 8086 10553 7760 4153 13388 7306 2160 8814
2261,1871 5400 12185 1295 4779 10275 10762 12186 8585 2825
2262,1896 639 6620 12187 13402 6616 15026 6949 643 2108
2263,8396 6526 9260 8397 8475 7544 13884 9056 15205 14167
2264,12192 12193 9081 10617 10129 1332 12191 4015 503 5455
2265,12196 7953 2859 9438 4787 2422 3661 14894 567 2421
2266,2637 6153 6152 14925 14741 6151 2118 6156 6154 12189
2267,8824 12199 11668 5256 5976 3414 5119 12200 8162 7059
2268,12202 4996 8718 6261 8721 10066 9615 8854 2075 9002
2269,12205 46 1300 14005 10732 11392 6002 6126 1299 14400
2270,9239 11359 1124 11358 6761 9392 5243 5244 12207 15186
2271,12210 7077 398 6847 12209 12211 5690 13785 12933 12934
2272,879 889 775 7504 43 1650 882 884 886 869
2273,4309 10034 6770 6837 7808 9823 7518 7809 6501 6774
2274,11073 9702 3278 10334 10763 11329 12752 7828 3309 10862
2275,12213 11742 1124 753 4796 1431 6621 7896 8021 11744
2276,12217 12214 12216 10197 1941 10194 1792 1794 12215 6946
2277,8746 12218 12221 3512 8437 12219 12220 3069 371 9651
2278,12225 12224 8127 15188 14153 14181 13566 13207 13968 14006
2279,3700 3709 1243 3487 1230 661 3698 11372 14431 10871
2280,11390 5096 7295 11915 4302 2270 5070 4122 9125 3043
2281,12226 8378 10431 3888 12227 8231 638 9373 13710 11385
2282,323 4130 4129 4125 4124 4128 11419 10510 9140 14626
2283,5612 3191 207 870 11250 5620 8953 5621 5615 5619
2284,12228 10350 10349 10352 12229 11227 3672 4070 11438 6159
2285,12230 5017 5103 5102 5101 5100 5099 5098 5097 5096
2286,8861 8680 11757 14028 2275 13236 5685 7108 10808 14677
2287,12231 12233 9183 12232 390 1472 9581 9998 3947 5737
2288,7954 263 12236 8688 12005 262 264 14606 14167 12235
2289,12240 12241 12237 11225 12242 12238 11436 12239 11891 7785
2290,2646 2643 2642 2647 2640 2639 2648 2644 6126 2649
2291,1285 3834 12018 8053 3280 1760 8273 7047 1501 10976
2292,2116 11706 1480 5360 197 2943 14997 11323 9089 10531
2293,11345 10832 9049 3180 5359 10340 8258 9058 7679 5768
2294,5181 7835 6700 1212 1234 10471 10474 5977 6039 4799
2295,5255 1895 1891 1894 11610 1893 2393 1892 11845 1113
2296,2159 10241 12245 9396 852 5321 3477 8365 6047 8652
2297,12252 12251 10584 5640 10316 716 12250 12248 12249 12247
2298,9174 3170 8399 13139 3171 13172 7670 5582 3172 3166
2299,5688 8851 10134 2252 5036 9297 6574 10807 11982 6930
2300,12260 12257 12255 11641 12258 12256 11437 11436 7217 1154
2301,9447 9569 419 10439 1433 2459 7799 4669 3322 2103
2302,12262 8981 7102 11798 11802 8980 7101 10355 4461 9746
2303,12082 4674 6520 10716 10810 8575 6244 6539 12572 1116
2304,12265 10456 3775 6819 2005 3012 4705 633 4696 9769
2305,1888 12267 1076 508 863 8294 5863 9975 354 2879
2306,2668 1997 12268 1996 8214 11095 11096 1911 12949 3572
2307,12269 11033 6415 11913 4593 5365 10064 2830 7249 5745
2308,10459 9523 11256 3749 2215 8185 2357 11718 5022 8664
2309,7395 11365 2741 11112 11188 6416 8312 13344 6996 7394
2310,12273 12272 9781 9780 9587 611 7732 3598 2516 10101
2311,12275 12274 12182 8757 13608 12093 14453 13936 13432 1128
2312,4597 10098 9751 3075 4403 1721 8161 12655 12211 8152
2313,6259 9223 630 7115 3019 6239 6238 6249 6256 2983
2314,9601 285 9441 12278 6711 2059 3314 9596 9598 11406
2315,12279 9937 10634 3502 12972 12973 11141 2182 7250 8225
2316,12280 4180 8994 7417 2767 6575 1192 461 1101 3844
2317,12281 14390 4121 4313 2405 9704 4314 6725 15243 4639
2318,12284 12283 3914 4160 5105 5104 5103 5102 5101 5100
2319,1555 4174 3466 12285 3879 3695 12097 8950 6679 4865
2320,1097 3112 3739 7814 3114 3115 2295 2692 7813 7812
2321,12289 12288 12290 13381 12292 12293 15253 12291 12674 12675
2322,12294 6175 12295 7812 7813 6134 7969 4007 8520 8856
2323,8523 3092 3378 4986 6300 7317 7329 5834 5825 1163
2324,2259 12297 2260 7504 8476 13036 11703 14520 14521 11002
2325,10971 12299 12300 5399 12887 1933 12892 12520 5102 5101
2326,45 4017 9119 108 6697 6693 14298 3019 1512 6546
2327,12302 12301 13349 13734 13701 6989 6353 13352 13960 7686
2328,1130 9610 10553 4153 13388 8086 2160 8814 10223 10978
2329,12303 8373 2650 11701 10633 3242 10632 4744 13828 8374
2330,8982 10988 4407 5667 11091 2882 14751 11119 3693 9967
2331,4122 5096 7733 2802 8179 244 12420 11473 4195 13699
2332,12306 9138 2257 12308 1096 12307 3644 10219 8962 3734
2333,6833 7198 6678 6088 4695 836 173 3945 10295 476
2334,8315 8311 186 4915 8312 12104 5820 6878 12103 4916
2335,8508 1343 12313 7753 12314 12316 11284 10723 1742 9760
2336,9891 8044 4554 12317 12318 3111 14768 14766 14767 6134
2337,601 9439 7357 7821 10308 11930 83 5488 8658 3291
2338,11029 12047 2446 10044 12319 11732 7379 5902 12320 640
2339,12322 10747 10753 10857 1839 13194 11852 11807 10193 9535
2340,11115 6693 11116 4017 6697 10929 1512 6546 3866 13273
2341,3811 1101 686 2703 769 5122 14893 10347 7051 5121
2342,3067 12323 12900 3065 1070 3064 14194 3068 3066 13166
2343,6386 5420 5067 7928 9947 5034 5512 9982 879 794
2344,4360 1169 13766 8203 7250 11272 1757 11273 11931 12481
2345,7711 12326 9398 11708 6058 9824 7946 14542 13479 6079
2346,10492 10498 2993 7088 4320 3105 14534 6560 11811 6701
2347,12327 10572 1103 10142 5396 2101 3723 5523 6980 11904
2348,12329 12328 8712 6837 12832 14664 11246 11247 7017 6818
2349,2864 11986 10899 7171 10088 4414 7056 7094 4134 10089
2350,12330 4666 4667 5105 5104 5103 5102 5101 5100 5099
2351,12331 6719 13781 4899 11367 4892 11368 14018 6725 6717
2352,9235 12333 7222 1011 12332 7057 1721 9534 8541 10626
2353,12335 5105 5104 5103 5102 5101 5100 5099 5098 5097
2354,3717 12336 9660 10678 9499 4905 1316 2800 11687 11688
2355,12337 1181 6998 9282 178 10371 5307 10370 6908 2573
2356,12339 12338 2273 2263 14569 6303 6467 10447 12869 14575
2357,12344 12346 11597 12342 2315 6755 5391 5293 12343 7585
2358,7267 605 3242 5609 4045 6880 4569 11484 5730 8192
2359,9531 4841 9181 14092 12347 10661 7771 14710 8241 13017
2360,12350 11910 10068 10069 12349 2373 11989 9625 4139 12348
2361,12352 11032 5897 10122 10337 9103 12351 9806 5896 10785
2362,4349 5595 6044 2779 2774 3708 4238 4004 4235 2100
2363,12357 12356 11523 12355 11342 13109 13110 13108 7647 8518
2364,12360 4083 4888 3634 7287 12359 12358 7860 10984 5434
2365,11090 12361 4454 12019 11681 5063 13632 14355 3936 9974
2366,10721 1953 10456 9649 13529 12265 14071 1955 10722 1956
2367,12362 3114 9249 1544 13132 3753 10012 13256 9343 5742
2368,11189 1269 12363 13956 14710 1337 726 13137 8988 14144
2369,12365 12366 14659 5565 1 13072 14034 6819 14024 10967
2370,12368 12367 12369 1144 11099 11847 9437 1136 1145 9547
2371,1284 11960 11140 8935 8782 14980 12765 425 6700 7829
2372,12372 7296 1945 12373 12159 12371 11105 11771 5118 6076
2373,1491 1402 3971 14206 4178 322 6684 3627 10614 12162
2374,6323 396 4688 12374 9753 5848 9626 13270 11800 8849
2375,9969 12332 9629 12376 10751 1344 11434 12377 12378 5686
2376,5954 12379 12380 11117 10138 5322 4860 559 5152 2256
2377,11424 14341 10381 11235 2148 14952 10380 11713 9 5961
2378,4805 12383 5425 9526 10419 2071 5424 12382 12063 6817
2379,12386 12009 12387 4968 692 5674 14202 5514 1907 2828
2380,12391 12392 11354 12390 10565 10508 14615 6852 11353 12389
2381,10100 3645 4085 1460 878 1206 2767 1686 2133 4031
2382,12393 12398 12397 12394 12396 7914 11671 12399 3967 12395
2383,9686 12128 11930 3923 5735 7389 5734 15019 4312 5732
2384,12402 12401 7806 3889 12400 5485 3113 5395 10788 11529
2385,12403 12304 6141 12404 10784 12405 11789 1446 2335 3948
2386,7194 12128 3908 7800 8219 1445 12491 10236 9569 3254
2387,5197 4465 6627 5196 6631 6630 6097 1110 6632 6628
2388,12406 8670 8894 8892 11953 624 13722 6293 2033 8399
2389,7940 4068 1374 1352 14146 3906 13961 12439 13893 14752
2390,3666 1136 10088 11626 11778 10089 2380 2864 3074 11986
2391,12412 12416 12408 12411 12415 12414 12413 12418 12409 12410
2392,12419 5105 5104 5103 5102 5101 5100 5099 5098 5097
2393,1997 1996 2668 12949 11095 12092 1994 11191 14600 10083
2394,12420 5509 11481 5096 837 9349 5097 4327 4122 5466
2395,666 1250 9496 5796 3119 11705 2030 10134 1216 12421
2396,10184 8887 7529 8886 11730 11728 10034 10185 7657 6950
2397,10357 3926 2457 5050 9710 7054 6766 5453 4876 5225
2398,4056 2591 3572 1181 2663 13818 13451 5222 8214 13461
2399,6786 983 10531 7267 12325 12422 2238 2254 2363 7614
2400,4946 9390 3472 1685 4937 4246 778 6920 9468 10328
2401,3771 5357 5356 3829 14693 11711 1936 14393 5358 11402
2402,666 3479 7483 275 11705 8558 9991 13958 9496 1250
2403,7946 7781 14542 7711 12326 9398 13479 11708 14319 6058
2404,12425 2614 2742 2820 13578 5998 3465 13453 1532 2741
2405,5852 7290 6579 11550 4780 196 3313 11864 6575 3740
2406,12428 869 1488 6868 10126 870 12427 1646 7958 3475
2407,2635 10560 2634 7647 7264 13109 14752 5364 10561 13110
2408,3075 6703 3079 3078 3076 3077 6704 2870 7221 6362
2409,9578 8523 12430 8783 4912 9109 10486 8349 5827 4303
2410,7452 3903 4766 0 44 1255 11429 14617 1058 4085
2411,12432 6162 6623 5385 2268 5699 8335 12459 2847 5383
2412,11599 1661 6176 11235 9849 11215 6877 7504 4180 3099
2413,15269 12434 12435 12436 4016 8846 611 48 12433 14870
2414,11729 12437 7980 12194 4357 13733 2286 6548 1327 11146
2415,7399 9609 12327 12438 390 9181 7633 11707 6980 1820
2416,11712 10023 4273 4012 4973 8135 6587 11468 11469 14313
2417,7467 1132 10934 10798 10095 11961 1698 7738 4398 11383
2418,11745 8995 2133 9152 3458 10217 7925 5283 7235 11902
2419,3862 9954 9849 230 7568 7659 8516 13988 12865 3861
2420,12442 12445 12444 11909 12443 12441 2405 12808 7425 238
2421,11162 6991 9689 8728 4030 1173 7503 6370 12446 1645
2422,12451 12458 12452 12454 12455 12453 12457 12450 12456 7318
2423,8844 12459 12432 13079 1176 12890 2268 4333 3848 11145
2424,11968 6280 29 7349 4701 8323 15166 7940 10095 11197
2425,12461 1753 12460 1352 3982 6262 11007 2131 13962 4595
2426,738 8553 1079 3967 12462 4902 7456 12393 2064 12398
2427,5511 6173 9826 11218 11344 11041 6537 10062 1971 13834
2428,12463 856 12308 5736 713 9276 5968 9801 12306 6064
2429,12467 12468 12465 35 11077 1267 11949 9696 5505 867
2430,4785 11924 796 5508 860 10796 10556 12188 552 14391
2431,9225 11432 5897 4753 6750 11431 11430 11433 11005 10786
2432,12473 12471 12474 4838 12472 11410 5570 0 11596 8892
2433,9317 4263 7045 9046 410 1835 3575 3603 6062 7813
2434,12477 12478 12476 5802 7477 11047 9614 5457 11046 9705
2435,12479 10447 12480 7489 5180 10779 6824 9789 4273 7843
2436,9072 12482 2916 4974 5292 6402 13719 1191 10499 9029
2437,12484 5179 7526 6658 12483 5199 5711 4535 14915 9823
2438,2283 1305 876 11161 2309 3691 12670 12203 3579 2272
2439,2614 4836 13578 9295 10592 15152 14323 13453 11393 3465
2440,12487 5438 8983 5299 15264 7583 3403 3857 6897 2498
2441,12424 5603 10894 10156 5877 12489 4027 6191 5594 12490
2442,3491 3489 13776 13778 13777 8115 3490 9138 5098 5099
2443,3321 3283 10471 12976 11655 1978 3014 2043 4559 4531
2444,12492 8687 10194 8921 13644 4696 10197 10195 8684 8683
2445,7926 1090 9282 2575 998 10718 6914 8559 64 2039
2446,2863 12493 6973 7138 4637 3899 7137 3973 2328 3377
2447,6583 14567 12494 6044 6046 4349 6582 13552 5853 9693
2448,10262 5297 1293 12496 12495 5378 5510 14086 14119 5511
2449,12017 12497 3725 8473 15075 1444 6079 687 3396 14926
2450,12498 5878 12499 10450 14091 10244 7518 12719 11075 2405
2451,6847 12933 8513 13785 7077 5449 12934 4599 12932 6806
2452,12508 12505 6571 12507 12506 12509 12504 12501 11548 10041
2453,5123 9890 9667 986 1986 11856 6266 9811 8659 2856
2454,1319 6362 6363 1321 9192 1778 1320 1779 4060 1780
2455,3525 5099 10761 2693 5098 5427 12180 6376 2358 4782
2456,10151 8298 2439 4668 8842 3878 14776 12136 11566 4561
2457,5347 3982 13195 7115 1755 11059 10256 14112 10642 12865
2458,10963 11267 10731 1527 529 1331 10657 10964 14154 11109
2459,5941 5475 4192 9413 9416 9419 9417 9408 9420 9414
2460,9171 2922 323 7589 9274 9095 10509 10710 7552 9280
2461,7289 3140 8068 8485 8064 8062 9562 2260 7290 8190
2462,11667 3366 12433 12514 4370 3726 3856 547 10140 6074
2463,11975 4255 226 11671 12169 8660 1758 4634 3468 2270
2464,9556 4629 12521 12525 12524 12263 12518 2839 12520 12523
2465,12529 12530 1791 1790 1794 1788 1792 1793 1789 1787
2466,12532 12531 12533 12382 12046 356 4571 10209 8493 2428
2467,12534 5192 4329 8805 12500 10041 10101 8807 8811 4038
2468,5073 5072 5067 5033 5065 3313 5029 6050 6051 4366
2469,12536 2650 6537 13828 12303 7264 11218 11219 14181 2651
2470,11263 12537 11636 12400 11633 10467 11635 11634 10030 11264
2471,12539 646 12541 12538 12543 11545 11380 7353 4299 12542
2472,242 12544 4089 3135 2252 3586 5807 6575 14548 13132
2473,4018 12545 6598 431 6597 1237 12838 2723 5287 13919
2474,1585 5986 5887 7233 14632 1893 14580 6263 5836 7232
2475,10598 4979 3911 5095 10597 10600 298 10348 9622 5087
2476,2877 4603 12548 9889 4139 3085 11056 7101 5875 7554
2477,2903 2902 10148 2909 2910 2908 8119 2906 2895 5966
2478,9318 6912 3039 12549 12160 4348 3791 5541 6380 9062
2479,12550 1872 8478 9438 13407 8036 11076 1327 9198 13774
2480,4037 10073 11528 1003 4035 13573 12551 13426 8645 13711
2481,5428 1249 12555 12554 12556 12553 11469 12552 1715 2414
2482,12558 3616 11653 9084 10625 11022 12561 10724 5124 6274
2483,12563 10102 12341 5350 3732 11584 3156 4417 11704 6116
2484,9935 5190 10715 4832 4038 12974 10266 5587 8608 5189
2485,12564 7351 7349 11968 12565 4670 4065 12566 4701 6785
2486,8689 5250 8661 4579 391 12568 6073 9581 5591 2954
2487,12569 12571 8741 7821 9426 12570 2115 5946 5166 9428
2488,12572 6520 8575 10810 6886 6476 12082 14281 7639 4674
2489,12233 6868 2739 8083 12765 4406 12573 1978 6057 12881
2490,169 2309 685 3214 15078 466 7051 149 712 2261
2491,12575 8335 184 7322 7127 11814 14685 4878 5385 9117
2492,2470 1501 3727 3280 4348 1161 164 1978 6195 2474
2493,49 9773 11919 3599 12666 3403 12169 7294 12667 12764
2494,6577 769 15113 3033 7516 5577 13071 13884 4925 8268
2495,12577 4449 8864 9743 4448 14311 12030 8258 12809 9224
2496,4964 11602 4560 5896 11601 11600 1169 4073 9228 7998
2497,10672 1033 3662 2737 14017 687 12976 13412 10671 11646
2498,2677 11980 5720 2097 1074 3317 7968 12579 4340 2363
2499,1284 504 4230 794 7421 10161 3678 796 860 3100
2500,12583 5754 8078 6414 11562 11561 5253 6789 11556 12581
2501,7103 7951 12586 7742 11034 12587 12588 8409 6624 6181
2502,4688 4132 4687 8406 9753 1317 13270 12589 3083 2869
2503,10128 5170 11048 222 194 9314 5060 694 2117 3820
2504,10249 6768 9519 13312 7226 5109 7917 7400 7228 5257
2505,12590 11356 1366 11796 5352 7976 12965 5983 1938 11912
2506,7555 8314 8311 10732 11392 8312 13623 12742 8315 14879
2507,3215 10102 1049 5350 13783 5852 12563 9820 12341 3945
2508,8608 10354 10577 4324 8443 3076 2341 10740 2616 9935
2509,484 10594 12591 8519 9122 12873 3552 11200 4022 2100
2510,9521 12592 3750 4453 4923 842 7301 15147 3740 10644
2511,3257 8427 10210 4875 7265 13836 15128 10042 7008 7007
2512,2632 504 10966 8233 4262 9322 7183 4377 1684 2656
2513,1348 9887 3157 8687 7327 2153 8748 10480 2511 2564
2514,3025 3477 2922 12431 6436 8179 11761 447 4203 5094
2515,12432 12459 2268 3848 5023 8471 4273 8844 3849 11932
2516,9391 10572 8742 2776 3210 10227 11905 11707 11216 2101
2517,11097 12593 8080 10528 8079 11201 2960 5368 9351 6762
2518,12599 12596 12595 12598 12597 7715 12600 6589 7713 6491
2519,6761 7262 9239 11358 11359 6759 6756 6757 6758 15186
2520,11004 12602 11003 3558 12601 8168 14144 4155 988 4156
2521,12605 12604 12603 11304 9119 1368 8999 15148 837 45
2522,4220 1446 12403 12304 6141 980 7439 619 4096 796
2523,12606 394 629 13077 14666 14667 6118 401 393 398
2524,739 14852 15230 14555 14136 15147 13670 7113 3021 2142
2525,12607 2380 4616 2375 2372 12609 4612 12608 2379 11347
2526,9528 12610 7768 9618 5366 2262 8337 9092 169 873
2527,12611 11114 4470 2839 3506 14182 15261 11785 11116 14968
2528,11378 12612 3900 8376 2858 3993 10075 11379 10708 11285
2529,6140 12615 10872 3013 8902 12619 12617 5578 12613 12618
2530,4626 6556 10461 6555 3081 6550 6552 12934 14759 14758
2531,12620 4003 12621 6178 7633 635 11216 14274 13285 3577
2532,2807 10960 848 4422 4929 686 685 8890 14434 2754
2533,9397 9653 9988 4821 9396 6699 10823 4725 2721 3709
2534,6628 12623 4982 1177 2846 8207 8205 12622 8208 1837
2535,12625 12624 8586 4652 9110 13954 11858 13427 8579 8583
2536,11315 12626 14638 11306 13559 10251 13558 14572 13764 10250
2537,12630 12628 12627 12629 5668 7218 3442 14339 14338 1726
2538,12633 12586 10820 9203 618 15055 6532 612 14717 3678
2539,3620 11317 3703 9216 667 8970 7774 13825 10505 1378
2540,6932 10225 1388 4030 6938 5403 6933 6354 6936 6934
2541,1659 3977 2915 4557 3811 4467 10652 7301 15147 14996
2542,46 3108 4775 4992 1281 2117 2827 3971 12205 7047
2543,12636 12635 5103 5102 5101 5100 5099 5098 5097 5096
2544,5536 8477 14571 11723 4693 14464 14226 8443 5530 5532
2545,367 368 5851 5850 6218 13198 13197 13199 4806 2221
2546,12639 12638 2302 10201 12641 7378 9578 11795 6518 2258
2547,2847 14594 6162 6781 5385 6783 1665 5699 2849 5383
2548,11851 7366 12642 9191 6804 3079 12643 9192 10556 1779
2549,12310 12068 12649 5627 12646 12648 10975 12647 5626 12181
2550,2375 2371 1778 1321 1322 1319 6362 6363 4060 4606
2551,12651 10979 4631 12409 8507 12650 6766 7532 14644 14643
2552,11396 3747 12652 8140 5497 6801 1898 4775 11704 7656
2553,12654 10881 11410 4281 139 14154 14444 6776 6775 6294
2554,12656 12655 12657 670 672 671 10090 4062 14753 4063
2555,5417 6214 5416 5418 10663 6056 5419 5420 9333 9328
2556,12664 12661 12660 12662 12663 12659 12658 10067 1714 10070
2557,12665 5105 5104 5103 5102 5101 5100 5099 5098 5097
2558,6005 12666 6114 12667 7370 3796 2134 10078 5641 4669
2559,8352 11243 12668 7914 8935 6381 15118 6564 1199 3336
2560,12537 12669 12670 4434 14582 11263 3884 6951 11636 12400
2561,12672 12671 5345 1475 12743 8889 2816 2814 5098 5099
2562,12291 12674 12673 12675 12290 12293 15253 12292 12289 6269
2563,688 637 11361 5498 8701 9071 11407 9072 4260 11408
2564,12678 12676 12677 13001 10845 10844 12645 13877 13666 8085
2565,5097 5305 39 4327 12420 9605 5299 6062 9604 6684
2566,12679 12683 12681 12682 8781 10219 12680 12055 13898 6748
2567,12687 12686 3603 11606 11882 2806 1835 3609 806 10902
2568,12688 3978 3521 12547 10674 11864 4340 3382 9463 590
2569,12691 12690 5104 5103 5102 5101 5100 5099 5098 5097
2570,5588 12395 10555 6013 223 3761 11933 12267 9603 582
2571,12694 11773 11147 6674 11692 7172 6525 6504 10892 6144
2572,6596 8046 3518 6038 8995 8763 14475 11459 7696 176
2573,10090 670 672 671 10089 2869 10087 10091 12657 10074
2574,12695 12696 9958 3568 8213 12183 5328 7825 2665 8487
2575,12697 12312 12065 10980 2666 12996 2238 14891 8392 1392
2576,4785 6211 1581 10796 2174 8224 9391 3408 11924 9402
2577,11715 3380 9118 442 14587 11714 11716 12184 6833 3332
2578,12700 12699 12703 12705 12701 12702 12704 12707 6816 12698
2579,5413 11465 7499 3378 3234 4823 295 9184 7330 4813
2580,1833 1835 6176 9849 6427 10328 7303 2457 1831 10327
2581,12709 12318 4924 11576 1683 6885 4925 8044 9891 4554
2582,2085 2084 11370 12710 2083 4663 12711 11368 4650 4653
2583,7284 2917 6521 14088 2925 2927 11176 2926 6530 1747
2584,12182 8757 12274 13608 12275 14665 13996 14772 14773 14795
2585,6815 2407 12713 1762 6035 3508 700 9219 12712 12153
2586,12714 3467 5577 14287 2588 14274 2075 11843 1423 11084
2587,10270 12715 12716 794 9619 2656 2052 8948 2651 14230
2588,12234 12717 8840 575 10034 10185 13384 8841 3854 566
2589,5458 1484 11830 1477 2360 1750 1068 1103 14669 2809
2590,8318 1677 12718 12925 7878 12923 1678 1675 12466 12924
2591,353 12720 6842 7046 5174 6085 12719 575 5265 9658
2592,4759 383 13766 12253 5070 4756 9955 868 2067 15229
2593,12722 12723 12721 10726 12464 7673 8088 684 1715 10502
2594,12739 7081 12732 12729 12727 11381 11226 11224 12733 12730
2595,7276 3559 11089 3162 14666 14667 14005 6126 323 14511
2596,3213 651 7238 1476 10477 6002 10594 3936 2061 12361
2597,6348 4780 3254 6064 3715 10718 9276 13053 9480 5852
2598,9826 857 5782 7141 14143 5781 10255 14064 12837 3859
2599,3804 8825 12740 12495 6940 14402 14782 3806 3808 2604
2600,3909 12741 7391 3943 15222 3148 3875 4893 14680 2810
2601,545 8186 2080 10340 10234 3127 5947 7989 14820 8187
2602,12745 12744 12743 13059 2820 3465 12742 2742 2815 11122
2603,9974 2427 8842 12361 10151 2426 10154 2433 10147 7410
2604,11147 12623 8496 11684 12694 11758 11773 11782 14027 8497
2605,12209 5690 2876 9751 9194 7065 3843 5876 12210 13785
2606,12751 12750 12749 5104 5103 5102 5101 5100 5099 5098
2607,7017 1577 4953 14458 10732 11392 6818 8487 11425 2801
2608,10763 10334 12752 9702 11329 7415 5145 14976 3549 10042
2609,12753 5106 5105 5104 5103 5102 5101 5100 5099 5098
2610,12754 12755 11183 11181 4742 11182 6254 10114 3492 5815
2611,2886 9962 10366 10365 4141 1829 394 1354 2369 11107
2612,2600 5196 9551 12759 7965 9397 10254 5477 2952 9780
2613,12762 12761 12763 12760 9879 3664 4590 3007 3008 10930
2614,11130 12764 6084 3559 12150 8817 14005 797 6029 5096
2615,6553 3038 2880 14751 1357 3032 13193 14745 12920 12919
2616,11291 5001 3620 10909 1963 6957 15046 9143 12600 7205
2617,2133 8525 13050 2469 5725 2323 10866 4951 2632 13350
2618,12765 1147 9939 11534 1142 1139 1137 1149 11140 1157
2619,12085 12766 7246 5904 5592 10561 14378 14147 5917 13214
2620,12769 12768 12767 9672 7988 9673 9671 9670 5526 9677
2621,1443 3036 3698 1796 9715 3032 4329 3196 10562 3700
2622,12774 12778 12152 12772 12781 6407 12775 12771 10677 7282
2623,12784 1702 14619 3257 469 7245 14742 14618 15088 7310
2624,5772 6601 5885 5280 4104 2446 10232 12549 7970 2065
2625,466 8995 205 7918 4032 9223 1395 1462 6052 11364
2626,11164 11231 9050 12580 11750 222 3024 4092 4995 8751
2627,1978 4257 834 769 13193 4177 830 5414 1457 14258
2628,12788 12787 8346 9942 9606 636 10201 10204 14429 8364
2629,12791 12790 12789 5494 323 3937 8297 696 1818 14216
2630,3280 2059 6327 1501 1161 3279 2470 4433 4435 2058
2631,12792 11792 7806 4534 4533 12402 12401 3889 12400 5485
2632,4877 6874 1296 8288 8284 4880 185 3275 8293 14900
2633,8878 1408 5090 11170 1252 2930 838 5083 11804 6645
2634,896 9286 11813 9975 5275 6470 2561 4920 10505 2573
2635,7955 4365 2735 2164 3441 3702 350 2601 772 10931
2636,1822 1821 1823 1827 1825 4456 4463 623 1826 4459
2637,12798 12795 12799 12794 12796 3268 12801 6066 12803 12800
2638,8607 9811 1289 12097 2798 6898 11138 9396 10435 10659
2639,4736 9499 6242 7614 2211 425 3383 9429 3140 6366
2640,12805 13854 404 1166 13453 9784 11122 1535 4514 2814
2641,12806 3415 673 9553 9549 2879 1887 6742 3413 3414
2642,5401 10781 4951 2469 4636 10783 4673 3826 8787 6391
2643,12445 12444 12442 12441 12443 11909 12808 12809 7425 11989
2644,6141 10056 981 14805 4533 12403 11747 13315 11555 13038
2645,983 10065 8361 9933 11139 4343 10308 10307 6689 6853
2646,11654 8424 3781 1840 14227 7012 9226 2914 13208 7949
2647,169 149 171 14699 1436 2838 14548 14092 664 3090
2648,9684 6875 3867 9135 9587 12812 10341 12110 11391 7729
2649,1801 12814 3680 8270 2603 10345 14630 14627 14629 3787
2650,12309 5151 7931 7231 14540 811 9089 5201 14086 4189
2651,12815 5785 10248 11283 12818 12816 7866 1342 12817 2926
2652,12964 10916 4882 5001 7560 12288 323 3573 13065 12569
2653,12820 10880 12821 3403 14330 14395 15264 5096 12667 11035
2654,795 6850 8463 4185 2195 3513 2521 11240 9922 7516
2655,12824 12249 12248 11023 12524 9809 1663 1665 6619 10867
2656,12825 6326 406 14811 3017 14812 14743 15032 13422 2465
2657,3055 5734 3723 10016 1871 12096 3505 13626 1965 9964
2658,4455 620 621 12039 9714 606 8882 12040 5907 7624
2659,12828 12173 10493 8829 9243 10655 10564 5218 131 46
2660,12232 7681 3205 768 5054 12233 390 9581 12231 9998
2661,2412 9656 10530 11956 6404 3513 8584 1297 6686 7783
2662,12829 363 15092 365 364 10905 10904 5322 8307 7300
2663,1970 6919 5089 5315 3472 828 1427 2001 244 5893
2664,6926 5484 6925 5470 5469 3469 5479 5481 5482 5476
2665,12835 12830 12834 12831 12833 12832 5159 12329 6837 5260
2666,662 3200 15065 11173 8623 251 466 5003 6682 7816
2667,11713 14341 10380 10381 9989 4307 6970 7442 11424 10174
2668,12836 5105 5104 5103 5102 5101 5100 5099 5098 5097
2669,12838 12837 905 1631 9473 9470 14466 9190 11737 14168
2670,6203 11244 2540 3329 6206 6207 5389 8484 3316 4877
2671,7058 10099 11723 10075 8443 11721 9755 12589 11722 11531
2672,12324 15269 12840 994 1799 499 6523 6522 12434 15092
2673,12842 8761 15038 7908 7393 12027 3444 954 7333 13886
2674,10974 12843 12845 12844 8837 11139 7183 11066 12848 4929
2675,3811 1101 765 14893 8483 5525 10183 9604 10881 676
2676,12846 10219 10027 12683 14725 13776 12681 12679 11245 8781
2677,12847 12084 5971 12087 12320 1282 5038 14287 5961 6216
2678,3446 3448 3447 11732 3451 3450 4723 8320 3445 6403
2679,12849 12851 12850 4420 2832 13885 4433 4435 4432 3280
2680,2324 12144 1879 1796 9715 12852 13625 7300 1328 8871
2681,10972 12853 4180 7455 5121 13161 12190 1095 6421 7504
2682,844 11427 11426 4644 5071 2897 6053 11174 5566 5565
2683,12854 12856 9694 12855 13939 13133 5998 15152 2135 14805
2684,12857 32 8504 1383 8382 13294 2130 5096 5097 5098
2685,12236 12858 1558 9323 9324 12859 12860 9830 11862 14167
2686,10197 4735 10194 10195 1365 4737 4734 4733 10196 4738
2687,10506 7406 11657 7674 11143 10611 8385 8821 8322 2831
2688,2666 4059 10980 12996 12312 8392 12268 2238 8214 13944
2689,9527 9322 9296 9273 543 8067 1564 11213 1565 12862
2690,12863 4381 12864 13709 13530 261 11774 1524 13898 10593
2691,5767 12030 6226 7527 5762 3719 11592 4665 5763 13706
2692,12865 9849 9954 8619 7382 5902 14112 9234 10113 4941
2693,10913 12866 5535 4035 1141 9547 11325 9307 1317 2996
2694,12869 12868 5205 11592 12867 5337 12651 12482 1451 3591
2695,12871 12870 14381 15109 13526 8617 10678 13522 6128 5195
2696,8611 4278 7959 2133 10240 11469 6413 3182 7956 8615
2697,12591 8519 12873 4022 8398 10032 4798 891 10755 7691
2698,12876 12874 12875 12877 3684 3051 3052 7121 11537 7904
2699,7524 12878 12879 5179 8884 6089 15279 15278 10195 7526
2700,8561 611 10919 74 8562 12042 2761 7724 3546 143
2701,12882 12883 1011 4138 4137 8805 13723 4134 12656 12534
2702,6294 6837 12546 6293 4281 246 12329 12832 6597 12654
2703,12886 12885 6123 982 10589 7100 8302 12585 12777 775
2704,12299 12887 13250 13249 11775 10971 12300 9451 3490 1524
2705,12888 1590 7168 6946 11986 8233 12141 12026 11842 792
2706,12890 12459 13377 13698 12891 5886 8844 13600 1176 13704
2707,6846 6845 6840 6843 4379 6844 3609 6842 668 3492
2708,11303 7523 8842 11591 11657 11144 7871 10151 9611 2431
2709,12894 12897 674 12896 12893 6741 1829 3774 8158 11002
2710,12898 10716 6244 12082 2995 2654 13640 11274 5353 4674
2711,3982 2661 13384 8472 5955 4375 10729 9199 9180 13538
2712,12900 12899 3067 14641 2404 3065 4421 3064 3068 13166
2713,1354 8542 4141 3416 9854 11778 1355 4144 1357 13785
2714,10766 12901 6622 1744 2706 14517 13892 3304 14889 10765
2715,12902 7086 9431 9434 9432 9433 5108 5106 5105 5104
2716,12906 12905 12903 9517 12904 11286 5430 7986 14007 7583
2717,12907 4783 13592 13591 10031 4784 4800 4795 4802 4785
2718,5876 1011 6705 4134 4063 9194 3843 1318 6446 1777
2719,12501 5299 6571 12535 6570 10041 11822 12505 3857 12508
2720,9832 6803 5340 8958 12708 7707 7706 7705 11526 6835
2721,1002 11778 7056 2380 1001 3666 3074 1354 3416 3687
2722,3398 4344 1329 275 8558 4951 3826 14388 586 5401
2723,2258 11750 7131 2710 11584 5022 12563 13100 13369 14792
2724,12910 4593 5819 14437 13550 11984 8887 11033 12269 11982
2725,4948 221 10035 5380 11650 11648 6185 6782 12939 1227
2726,11231 11232 11284 8562 14805 4840 11418 13315 10056 11555
2727,5193 8808 10041 11822 13351 12501 10733 2816 4038 12500
2728,11261 2614 12911 14315 12480 10259 13578 3465 2742 12410
2729,6727 3975 11379 7005 11065 11067 11068 3174 3695 12016
2730,12912 12609 12608 11639 10751 10753 10246 2885 9664 12913
2731,9810 6783 1522 1663 6162 4037 1939 1665 9809 12824
2732,10049 106 12016 5044 3733 10174 9524 3093 11882 10178
2733,6323 7091 9756 3442 13270 9753 6811 1317 4688 4132
2734,9125 11916 11915 10458 8069 363 12169 7153 2141 365
2735,10272 2295 6839 10271 13774 13773 7814 7809 4610 13772
2736,9810 1665 1662 9809 6780 6781 6783 6165 11564 6160
2737,12920 12919 1825 10366 6733 9236 10365 2378 6553 9754
2738,12922 10497 9606 12921 3377 5215 6300 4912 5413 3378
2739,2876 3843 1826 4416 5690 9850 14105 12209 5876 3844
2740,12923 12718 12925 8318 12466 7878 12924 6883 2860 12859
2741,12929 2373 1719 4138 9852 7067 10461 12934 12349 12933
2742,11594 7165 12930 5714 10000 2984 7166 12931 1795 8788
2743,10995 7098 1826 5537 4414 10096 7099 6735 4416 10754
2744,12933 12934 12932 12935 6847 10461 7077 13785 12210 15027
2745,6863 9203 3921 12633 7771 9946 2923 6532 12586 9802
2746,4316 1001 9642 9636 10508 2996 11711 1002 12391 11768
2747,12936 1011 3443 10807 4689 4690 5854 7217 10626 8645
2748,12929 2375 9191 2371 1778 1719 1779 7404 6362 1319
2749,13 9759 12 15 21 14 24 11 13307 8096
2750,7691 12873 10049 7049 10725 7169 2397 12591 8519 363
2751,6172 12937 10363 10714 8650 1851 9697 8649 12352 11649
2752,6725 6717 3893 10863 6718 6719 12281 15187 8517 14652
2753,12939 11733 3425 4948 1116 7478 6164 231 1041 10736
2754,6809 10953 7425 7426 2869 3442 1826 7404 6364 2875
2755,12940 10318 10319 10315 10313 5903 10320 10317 2215 695
2756,4807 12941 4806 705 240 13198 13197 368 13199 11469
2757,3076 12942 3079 10858 4402 3078 6703 10626 2870 14748
2758,7655 12943 3663 12761 15052 967 15053 2441 12944 8263
2759,1321 1322 2375 1778 2371 11531 4606 1319 6363 6362
2760,12946 4581 11833 15052 15053 7655 12943 15050 8263 9880
2761,8882 4352 4852 10481 6268 10135 13018 12417 4455 4345
2762,1648 500 11014 1999 4664 466 844 43 476 2715
2763,7880 12947 6887 6165 2439 7858 11687 11305 11688 9660
2764,12949 8288 3572 1544 2795 14600 1997 11191 184 1998
2765,10569 12735 13785 7077 10461 10627 12209 10568 11000 1320
2766,12954 12952 12953 12951 12956 12955 12958 12960 12957 10448
2767,2145 746 8996 5831 851 4519 3214 7373 3181 3735
2768,12962 11790 10180 12961 9667 5177 6184 9179 14410 9668
2769,5324 8592 12963 6002 6824 14041 10036 11365 8487 7556
2770,12965 11356 1938 4358 12590 9652 1746 2908 10188 7328
2771,2742 2741 4516 1165 6000 6416 13325 10528 14127 2820
2772,5041 1296 5043 5992 1299 4877 5055 5057 10898 5991
2773,12971 12968 12970 12969 12967 11038 14454 1129 12129 13402
2774,12972 12973 8766 11399 12279 9937 6516 14095 14013 9343
2775,1170 383 8715 9371 13705 4286 4404 1178 4395 13766
2776,5638 6070 3241 3242 6228 4204 4627 7859 3240 10232
2777,10860 12975 12976 12977 5833 12974 3716 13304 13609 15109
2778,12979 5106 5105 5104 5103 5102 5101 5100 5099 5098
2779,12980 9972 6670 14314 10467 10465 10466 6629 9290 1196
2780,6317 4820 1100 12916 9048 6044 1901 1047 3110 9564
2781,12982 5889 12983 8980 6931 11862 12579 6397 7519 11845
2782,11935 7400 11905 12191 5397 10386 11669 11707 725 13143
2783,9996 7539 7532 7725 13842 4631 13266 2725 13265 14118
2784,12985 2284 6784 4932 10593 13922 11024 1174 5881 4795
2785,7366 4599 12642 11851 11528 7427 6804 12643 1011 13111
2786,12986 10011 7168 12888 11842 11840 1590 14833 13709 14834
2787,11835 10264 9690 5677 6358 7453 13654 38 6336 9546
2788,12988 6558 11142 2440 9825 1593 2413 5426 10021 2420
2789,12989 12991 8086 12165 12992 3795 8635 13999 7558 12990
2790,11881 9794 12994 2820 11879 5998 12882 12426 15152 13188
2791,7456 5604 4285 5605 4747 11025 738 11047 13057 8238
2792,8241 9531 15077 2950 6971 4484 9185 3541 11905 6980
2793,10995 7098 5537 1709 7099 11386 10096 9967 10991 10754
2794,4345 12996 10155 10135 10980 8270 8882 2666 12312 2238
2795,4284 9694 5237 15025 10496 3644 5236 12854 12856 13224
2796,2375 11347 2379 1916 7358 2372 2371 7056 11777 13111
2797,10845 10844 12677 13001 8085 12645 13000 12999 12998 9652
2798,12463 12479 1625 5879 13004 11153 713 14152 14090 10868
2799,13007 13006 2815 13453 405 13005 11880 1323 13331 13622
2800,3994 280 5183 183 7369 225 3855 4335 1041 13920
2801,13011 13010 13009 13316 13008 9015 13900 10917 12903 13410
2802,13016 13017 13012 11316 13015 3488 12325 2986 10203 15263
2803,13018 6268 4352 12417 14970 6269 9430 14329 8408 15089
2804,13022 4646 4648 4650 4645 4655 4652 13020 4656 4651
2805,5358 12597 13024 12383 13023 576 5356 5357 15132 12599
2806,13025 13026 2900 14977 9588 3097 12421 5890 8565 14978
2807,13027 13028 8471 13029 4388 10839 9403 1123 12432 13206
2808,3416 11778 3668 2870 8982 8542 10627 11852 3667 1003
2809,2086 14744 5566 5564 3012 2093 5565 11003 11039 3564
2810,3937 4049 1058 2297 7283 4981 11748 10910 12791 12790
2811,11779 10289 11856 8839 9829 10669 8841 2921 14946 13571
2812,13032 11029 10592 10343 12047 2446 10044 12319 11732 5902
2813,13033 2608 12043 8418 2294 12359 98 2293 7402 11155
2814,8357 4371 4935 6525 1910 8360 5695 13035 6144 8613
2815,7415 3222 5145 3549 1054 2733 4049 12320 1052 4976
2816,13038 13037 10056 14805 8964 11747 7442 13315 13612 15242
2817,7771 12634 4841 2118 7304 3921 8556 14092 10512 10511
2818,13040 13039 13900 9015 10917 13008 14075 14077 14194 13224
2819,12481 7886 528 3128 8203 2320 7676 6904 13041 4504
2820,9609 6376 7458 11476 3538 7761 2736 217 1098 5502
2821,806 1835 12687 12686 3603 1833 11089 8578 9317 4263
2822,879 871 2764 6821 8403 13570 5571 466 5569 868
2823,1285 1622 1617 1388 1295 234 6876 1446 8229 1619
2824,570 7285 9921 13042 894 9215 255 7520 9241 10230
2825,11846 11983 13045 1176 7712 6058 6936 3814 7251 6763
2826,9122 3552 3868 11200 9372 9680 11302 484 10484 11138
2827,13047 9048 337 8672 3210 6714 4353 13048 9653 1972
2828,3496 10931 1540 10583 15043 15042 5987 8263 10930 10581
2829,1354 2371 2886 1001 8983 2375 1357 1355 2369 11777
2830,4608 13565 12058 10367 7076 4136 5872 10576 10574 11031
2831,2821 7694 7691 11534 5408 8058 2819 12483 6333 14284
2832,2079 10489 3222 9249 13552 5742 12494 14663 9648 15245
2833,15090 4705 5788 13049 1406 6092 4698 10941 4702 1170
2834,13050 8525 14901 14214 14213 10866 15086 15169 1133 8486
2835,11140 10295 4486 12765 7387 12945 1284 9893 10155 4313
2836,2667 7562 12616 14516 14412 10872 10976 8758 2099 7555
2837,13052 2742 13708 11627 3262 5195 11747 8892 2614 2820
2838,11271 12822 10820 7345 10364 8711 204 6436 10787 9592
2839,11420 10071 10073 8645 4035 13380 2869 10070 10074 10072
2840,6432 2014 9853 9666 4598 6431 4574 8255 5317 13487
2841,6938 4406 1693 5403 6933 11070 6932 11586 6936 6934
2842,488 1584 4236 13603 12044 5596 3266 10871 5410 10054
2843,6106 15248 2608 2653 2609 12206 1170 1858 14306 8001
2844,1354 1357 6553 6550 6551 2369 4138 14464 10366 3846
2845,8808 13351 5193 14328 13343 14359 12535 12271 13711 13482
2846,8488 2637 7188 14925 14741 11919 13612 5522 14305 7746
2847,12551 1859 14458 14226 13992 11120 5673 14225 13712 12348
2848,7825 9032 12173 3568 13738 12695 12696 12646 13269 3564
2849,13056 3841 10591 14519 14913 14566 11884 13526 14543 679
2850,12422 11627 14981 7675 13125 11583 12509 1528 3262 5195
2851,13058 518 5460 9563 7616 2113 7339 14206 5569 11465
2852,13059 12745 12744 12743 10525 3465 404 13248 10260 2820
2853,1011 7423 2996 4316 2980 4604 8542 7448 13060 5690
2854,5364 2635 3771 3132 4396 443 970 14443 10560 14693
2855,260 10850 13061 10832 2003 5391 4537 10849 10852 10853
2856,12536 6364 868 4134 2864 11986 7094 12168 1826 5876
2857,7837 12360 3605 7291 5956 5083 5548 8672 5040 1460
2858,2961 2463 4857 3377 10275 9861 5825 4993 9719 122
2859,6320 1011 5671 11347 12332 10365 5669 4141 9236 14283
2860,2787 13064 6136 13003 10979 2793 4883 11544 11202 2667
2861,10427 12684 12685 1554 11689 13068 11611 9137 7650 14119
2862,13070 11592 2627 2166 6226 11177 6623 14266 13069 4567
2863,11472 13073 13072 13071 9348 13946 2789 15113 14232 12366
2864,2207 8711 10 8709 9145 5176 10360 509 10358 6322
2865,13076 12914 13075 1727 13426 4317 13237 2880 5839 4037
2866,11115 5205 8426 6693 11116 5466 12869 12868 5204 8425
2867,7340 13077 8190 476 1389 8189 794 6330 7954 14579
2868,1001 4413 6364 8443 12644 11851 12642 1002 7426 7366
2869,6579 7800 10359 5299 5852 13735 5419 10069 6575 6577
2870,13079 13078 13080 6095 12459 10983 8844 13074 12577 12809
2871,13082 11899 12500 8809 12505 13081 10734 10041 6571 2614
2872,5505 507 13083 1052 7645 13181 10009 2391 10008 11527
2873,6151 2101 6150 6156 5777 6153 7266 6154 6147 5396
2874,2751 8721 3115 1750 8939 1247 3114 2692 2754 2753
2875,10902 3526 11474 3412 3541 5236 13210 6698 11073 204
2876,13093 13062 13097 13098 13090 13091 13089 8706 13087 13088
2877,13100 13099 987 2669 13101 1256 11584 5022 1255 14787
2878,13102 13104 12521 13103 11783 267 12611 14182 265 14837
2879,3238 7559 4899 4883 1371 3237 7558 3234 12140 12139
2880,8300 2250 10864 678 7231 5726 11088 5063 8082 11154
2881,12138 11656 7704 4668 10119 13782 4561 10151 11566 11085
2882,9180 2032 13105 10729 10727 11054 8796 8797 10728 2661
2883,13106 11337 13107 5297 4528 14086 10262 14119 14040 14177
2884,10747 11347 11225 2379 11224 11625 4145 7056 12322 2372
2885,9855 7206 9856 7204 7203 7208 6319 7209 7207 11089
2886,13109 13110 11342 13108 8518 12351 7647 11925 12357 12356
2887,12816 9934 314 6128 659 1342 3749 9933 5940 5116
2888,8059 7628 5617 6687 7625 6883 9650 7294 6252 9655
2889,1771 7215 10627 14350 14349 3083 14351 13111 1770 7427
2890,13112 13111 11347 14283 2375 9853 14350 14349 2379 2372
2891,10085 13114 10694 8275 13900 10976 4718 10695 5554 10431
2892,2117 1017 10885 13831 9245 6377 6312 1035 10139 12064
2893,11135 2112 14888 9410 9409 460 10587 11401 1313 6335
2894,12936 10807 7217 1773 5688 9664 5854 1770 1774 5531
2895,3559 8823 9651 14005 7276 3162 6126 11130 6135 5978
2896,9967 1711 1709 9968 5667 12332 5129 1151 9969 8541
2897,12520 13116 5399 14725 13845 12683 2839 14176 13107 12300
2898,8376 12811 12517 7157 6900 9927 9911 9901 5574 7159
2899,7129 7130 79 10715 2142 15230 14690 14875 14702 14136
2900,11110 2742 13453 2815 11878 11788 360 2614 10719 2743
2901,13118 3536 1958 13907 10036 14769 14041 5578 8592 7556
2902,1095 1252 4180 169 6648 745 1519 11272 3993 10972
2903,878 4249 11758 11147 6041 5051 2133 12022 11269 1460
2904,11129 13123 13024 6389 1793 13121 13120 12383 6398 9698
2905,4515 9784 8826 13354 8905 13324 9793 14359 2365 13271
2906,5405 8058 9199 13729 5431 7408 10208 5023 13728 13959
2907,7178 9182 3494 9409 7179 5827 9410 14888 7180 3822
2908,13125 14981 2695 12422 372 2989 2988 4310 15044 14280
2909,13127 2820 13126 1166 11122 2742 3465 405 12426 2614
2910,17 6433 2071 5424 2899 20 9698 7133 13228 21
2911,11399 14199 8766 12972 12973 726 11402 11401 4703 11403
2912,10678 10126 794 10486 7320 10017 2311 15113 3500 5243
2913,9441 9601 2909 1507 13130 3314 2910 2908 2906 9596
2914,7855 6784 6236 9895 10986 9830 7853 1126 13044 13541
2915,12362 3114 13132 3753 9343 14616 4757 578 11144 9325
2916,5398 170 4243 8819 14121 5577 12621 5623 14258 1834
2917,11586 114 10503 11070 3018 14547 9400 4727 12710 9399
2918,4689 4690 3443 4692 7217 12936 4132 1136 7078 11893
2919,9035 10806 11058 13134 13135 178 3969 10505 97 10889
2920,12810 7134 7132 12384 6207 11658 7125 7116 8051 11719
2921,12363 13137 12354 12588 7950 12587 12131 7629 12938 527
2922,13141 13142 11763 13771 7530 12026 14215 2946 11764 1940
2923,10572 5397 13143 11669 12327 10571 9391 2101 4005 11905
2924,6871 2520 2150 13752 10876 10878 6878 10879 4866 1302
2925,6429 9613 2212 12812 6424 6418 6420 6359 6422 6425
2926,13144 7783 2017 11256 8977 6415 10279 8713 14831 14832
2927,13145 4009 639 915 643 642 644 638 645 962
2928,13156 13158 13157 13146 13159 13155 13148 13151 13149 13152
2929,8646 13160 2833 8244 3480 12172 6269 1703 5349 6094
2930,7774 13014 4632 7485 13080 1810 7402 2451 4630 1064
2931,13161 12853 4080 9947 4131 4079 6918 1431 5508 3020
2932,98 2293 8418 12359 2294 2860 2290 2067 12801 4106
2933,13163 13165 13164 11439 11435 11438 5440 11437 11436 10936
2934,13166 9360 3067 14407 14217 10562 8735 9802 6863 9187
2935,13168 10460 11957 11623 8670 1588 945 7820 8837 2687
2936,795 1219 7516 13884 2933 4925 11759 8466 794 8475
2937,13169 1581 7829 4739 6406 4737 4734 4733 4735 11985
2938,12082 12567 6685 12928 8968 12927 13846 5157 13420 13170
2939,10173 10634 7613 5493 42 12279 11212 2738 6699 13797
2940,13172 10715 13174 13173 11963 8138 13538 9214 14690 14875
2941,5917 10125 5904 6228 6086 11050 5783 14378 632 1677
2942,2705 5196 2008 7001 13894 5197 5577 5666 7103 9492
2943,10767 6622 2985 2979 9809 10771 10768 10770 10776 10773
2944,4629 7409 13177 13771 7541 7264 9843 14215 12577 13078
2945,4132 4687 2869 4688 1001 13270 9194 1002 7426 14736
2946,13178 9661 13179 9807 6543 13180 10106 3641 7977 7934
2947,4687 1317 4132 4688 3083 1777 7427 13270 6323 7426
2948,2371 2375 6361 9853 2372 5845 2369 1778 4606 6362
2949,13189 13188 2820 13187 1529 12426 8830 4514 11418 13349
2950,8841 529 6287 538 6291 6292 6272 6283 6275 6273
2951,11769 6772 12081 1179 7209 14384 12479 10003 7802 1178
2952,13190 6206 6207 11479 4877 771 3195 6203 6204 6205
2953,8256 13192 8041 1674 11978 11622 2156 12351 7890 4023
2954,13194 13193 12231 1839 12322 10930 12060 8263 1540 14258
2955,8725 13195 10187 10186 7200 5347 8467 5094 5096 5097
2956,4132 4037 4687 1771 4688 13270 13711 13426 4689 4690
2957,13198 13197 368 4806 13199 1672 12766 367 7999 10446
2958,3854 8784 13110 1878 2440 8529 8840 12234 9874 9869
2959,13201 1167 1168 13200 13202 15152 12007 2614 2822 1324
2960,4600 9756 1321 4139 11225 6363 12349 1778 12240 12241
2961,11395 9682 908 10118 6170 12468 13204 62 15022 712
2962,13206 13205 1665 1123 4069 9477 6183 6173 6171 6187
2963,2914 13208 1115 13207 9837 1840 7949 9226 9835 3980
2964,2869 13209 8982 10627 9751 10991 4135 10628 6804 5672
2965,3412 13210 13211 9713 12990 11762 3612 3526 14012 2700
2966,13213 13216 13217 13215 13214 5601 77 5023 10561 14147
2967,13218 12088 5694 5697 5693 5691 5692 5696 5695 12090
2968,8111 10064 8381 10130 11101 14322 3400 8379 8380 8384
2969,10157 13220 12840 5199 13221 1983 10229 11956 8965 13942
2970,5718 6012 4872 10463 7285 5723 2100 2589 8456 3713
2971,1352 12461 4962 7940 1753 12439 14752 13642 13643 4068
2972,13223 12334 8153 6364 1011 1731 10096 7426 13605 1826
2973,13224 4284 13039 12793 14126 13835 13040 8382 15025 10496
2974,13106 4528 11337 4525 4520 4526 4529 4527 4522 4530
2975,13226 6464 8785 569 11321 2921 4523 8319 13225 12490
2976,6730 11076 1327 8478 12550 9838 9198 4357 5899 7803
2977,7366 1317 2869 4037 11528 11598 13556 13573 7426 13426
2978,13228 13227 4977 12848 20 7770 17 7913 8268 175
2979,7254 4309 10105 5601 11845 12554 2418 2898 6774 5171
2980,13229 8360 8357 8359 8358 5092 5094 5095 5096 5097
2981,1679 11964 6226 1681 11743 1680 13639 2722 9475 12131
2982,1331 787 8959 10731 6445 7149 433 797 685 13181
2983,1379 2869 1719 8443 12929 11889 5248 7426 14736 11598
2984,5688 9749 5447 10807 5687 1861 14107 12936 15017 15041
2985,13230 12861 10002 13706 9327 10003 9510 6772 4304 11793
2986,13233 1741 13234 6351 13235 13232 12006 8906 12786 11899
2987,10719 7651 11533 6780 1665 6165 10810 14146 10118 1700
2988,9180 11266 13236 2032 14130 5685 10729 8680 7108 13105
2989,4753 11896 11005 1939 9225 4751 7855 10557 11006 4964
2990,11020 13117 6936 14420 6923 11983 15098 11846 14890 13045
2991,5687 15017 5447 10199 9534 9540 10899 6356 11712 4273
2992,10995 7099 7098 12259 7095 14269 10096 5537 8476 7215
2993,13241 13240 13238 13239 13237 13767 7107 7889 14363 6943
2994,13242 13243 5106 5104 5103 5102 5101 5100 5099 5098
2995,13245 12882 12426 404 13244 2820 13128 11879 1166 13576
2996,7102 6733 1704 9755 12262 8981 12920 12919 11723 1825
2997,13246 1884 12997 13247 5407 11187 13929 14392 9025 13532
2998,10731 1331 529 4836 14154 10963 11410 11267 10730 538
2999,7050 10264 5592 7929 3810 15000 14356 6358 7928 5580
3000,13032 10343 11029 11943 10592 13714 6626 10001 10345 8003
3001,10525 12745 13248 10523 13059 12744 6000 13128 13244 1528
3002,5368 3553 954 11097 7825 11288 8058 11287 5109 14444
3003,13250 13249 11775 12887 9451 3490 1524 12299 9454 9453
3004,13255 13252 13254 7262 13253 15131 13251 9232 1789 1788
3005,12068 7825 10086 5324 12647 9032 12310 2093 12173 6002
3006,1429 7217 6363 1704 9712 12936 1321 1320 8230 9194
3007,12480 6824 7859 7843 5324 9566 14164 11365 10447 8487
3008,10413 13258 1225 14112 12865 9800 10412 7698 1224 9048
3009,4284 10496 15025 85 13224 9433 13039 14896 5792 11486
3010,13260 13259 11052 3463 3464 1166 13731 1324 2820 1530
3011,13261 9082 10973 3766 7905 8313 4025 5458 512 9771
3012,10140 2565 7762 11643 1918 1504 7732 2511 2123 7726
3013,625 13262 8604 7304 13517 10660 11072 6972 7771 3642
3014,2838 3942 5706 10240 11844 6018 8219 13264 6382 11086
3015,13266 13265 9996 1265 4465 12281 9998 7171 5197 14390
3016,4441 10922 2305 4385 8639 14443 8468 3799 11659 10702
3017,241 11652 9082 14017 5411 13595 12102 12104 8610 10668
3018,11474 3410 4008 5549 8292 14623 10902 4005 12028 3412
3019,7631 9849 4127 9954 15245 5595 12865 8619 11447 7382
3020,13270 11349 9753 4132 4688 8166 2869 6323 4687 7091
3021,2741 13271 13324 6416 2742 7395 6120 10207 3046 12425
3022,13273 13272 13221 11115 10146 4913 5251 5812 9669 8180
3023,10898 10347 7409 683 619 3630 2427 7541 1414 4629
3024,13276 13277 10798 1132 7467 10934 11799 10095 2681 11961
3025,13280 13279 11248 12519 9823 13278 12527 4672 14065 10286
3026,13282 7014 7015 3486 14571 7013 9412 14236 14545 7016
3027,5863 3845 3844 9644 7818 4693 12630 2871 2873 7817
3028,12329 529 7236 6837 12832 11410 538 13289 13300 13299
3029,13283 5106 5105 5104 5103 5102 5101 5100 5099 5098
3030,5880 10773 13284 10771 10768 10770 10776 10767 10314 10769
3031,12437 92 15134 12194 14420 15064 13036 9996 12297 14520
3032,2869 2371 1357 2369 7404 6550 2375 1354 6551 5846
3033,13286 11405 14512 14200 14711 14136 4135 577 14591 11402
3034,3421 7625 7745 3671 8059 9228 3424 10350 12228 3425
3035,7233 2411 864 9046 10132 911 11652 11086 13287 6210
3036,642 11022 2010 14681 2011 13684 9814 639 6066 11850
3037,5667 4280 3442 4037 1438 1317 1770 1828 1775 10987
3038,13289 13300 13299 13303 13298 13293 13297 13296 13291 13292
3039,8212 13306 12480 3011 10900 11405 3565 13586 13361 1911
3040,11631 13307 13 9759 12 12065 8096 14684 8095 4451
3041,9340 8621 11917 4396 11429 5722 11071 9125 4869 152
3042,8504 12857 4605 2891 11722 9639 1009 13308 15238 7553
3043,5191 4038 5189 5193 5192 5190 7003 7130 1461 7129
3044,10373 10372 155 9955 10371 4396 12165 5679 8148 11071
3045,8056 5203 12573 12765 11140 8307 4319 10338 8305 8306
3046,13311 13309 10879 13310 25 10876 10878 14796 3405 12069
3047,10411 8870 8528 7685 5754 11561 11556 152 8728 8729
3048,6725 3400 8517 6717 3893 8111 5365 15264 6130 10863
3049,12820 13315 10880 13314 14805 12821 11555 14330 10056 13409
3050,287 5229 7700 2067 7699 10347 14127 5230 5231 5232
3051,13317 11821 13318 3405 6114 8577 9337 13310 2067 158
3052,5786 7000 12667 7246 5787 13850 2959 1381 15264 3403
3053,12654 4839 4844 10881 538 4281 11410 4835 4837 4840
3054,13321 13320 8869 13319 4791 15097 4711 11111 13855 14183
3055,12671 2814 12672 12743 13453 5345 14044 1535 4514 2815
3056,2820 13325 6350 2742 13659 1166 3465 2614 405 1165
3057,7396 2364 2745 13326 1532 12426 13005 4330 14599 13717
3058,2742 2744 13327 4515 1166 2614 3465 7686 2820 14562
3059,6993 11897 13234 13328 1532 6992 6351 14138 13233 8402
3060,10732 2042 5732 555 10345 10344 2959 11392 10346 717
3061,13331 13335 13006 11754 13332 1325 8904 13329 2744 13333
3062,10207 2741 13233 2742 12786 6416 12425 2743 7395 6996
3063,13338 13340 13339 7686 4515 6708 2304 13629 937 14016
3064,2744 5998 11913 2508 15152 7686 8995 13339 13331 12269
3065,7229 15199 7249 13854 10865 11932 14694 5431 10208 5405
3066,7824 8300 14395 14043 10528 1633 6789 11035 14254 7956
3067,12744 12426 12070 12745 2820 13854 14359 14803 14599 405
3068,4515 408 15096 8905 14405 13324 2824 11822 14877 13271
3069,12816 2614 12114 1323 8709 12815 10248 5785 12818 11283
3070,13343 8761 12271 14328 7333 8808 9123 5194 14138 8489
3071,404 13344 11122 13354 9791 403 1166 9793 13059 11121
3072,13345 13347 11051 13346 1167 13200 13005 2820 14599 8904
3073,12008 1535 13346 13005 14015 11051 13347 8730 405 1166
3074,13350 10280 2722 583 14563 11289 1054 8778 14548 1752
3075,7807 9767 2742 13352 2614 13578 13453 15152 2745 11393
3076,8904 1532 1323 9784 11122 14324 1325 13354 12825 13331
3077,13354 9793 9784 9791 404 14359 13344 2365 13959 12744
3078,11392 13200 10732 1168 6941 1167 12007 11123 1576 11109
3079,13355 8726 14785 14114 8629 8729 5516 8728 8727 405
3080,1165 7393 15038 12027 12842 2742 8312 2820 6282 2744
3081,13357 11788 13356 12380 8528 1671 12786 13629 2820 14802
3082,2820 405 2614 2742 1323 3465 1166 13651 12426 1535
3083,8534 5929 15129 14880 8736 13321 5935 8735 8733 8739
3084,3952 13358 5713 7939 9682 6187 12033 6687 9655 14116
3085,11965 13318 9465 4591 1475 14716 1500 2314 5345 11330
3086,11714 9079 1996 13721 9078 8215 1997 1635 1536 11715
3087,10995 7215 7099 7095 7098 2881 10627 10096 13111 10749
3088,13363 13362 993 991 9946 1289 12384 1965 4867 9158
3089,11347 9853 2379 2375 13111 2372 14283 2380 13112 1315
3090,13366 6780 1665 6781 13365 9803 9809 10813 553 1852
3091,12180 5427 6376 6568 11039 12187 12716 875 1020 13367
3092,10444 10443 10442 5199 6094 2850 13368 14531 10229 7888
3093,13369 7702 9552 14792 15076 9227 14296 11612 11613 11614
3094,3415 9664 9750 1154 10936 11435 4402 6446 12806 673
3095,13371 258 4385 5371 10616 13370 14444 169 5368 149
3096,13375 13374 13376 13131 3484 8989 1718 13716 4569 13879
3097,7328 11967 11642 3847 12965 11603 4275 4796 709 13378
3098,9751 4136 5367 13723 10953 7055 13565 4608 8164 7057
3099,10357 2152 5959 13379 4471 6898 4256 2000 6086 4876
3100,11212 10892 8589 11692 8590 2137 42 12694 14511 2725
3101,3388 11145 6305 11143 2174 11144 2933 8844 12459 3387
3102,1826 3843 8468 3415 6364 4414 5876 2876 6735 7426
3103,13380 1011 10071 4039 4035 14745 673 10854 10856 5687
3104,12290 12289 12292 13381 12293 12675 15253 12674 12291 12673
3105,12437 9996 12194 14420 7725 6057 12881 14523 13842 1376
3106,7568 10717 9539 11274 1659 9699 10256 6228 12561 7527
3107,13386 7350 1666 10610 13387 13360 13385 7949 7895 11567
3108,1826 4609 5450 3843 10752 5876 2876 4414 6364 7426
3109,11914 13388 11126 3063 14839 14686 14841 4153 9610 7579
3110,12617 1128 5634 11363 12093 14453 13936 12171 1883 11211
3111,7988 12769 12768 12767 2335 9672 12403 12304 6141 10784
3112,13389 8785 13225 12490 7964 13226 13094 11336 6464 14069
3113,11140 4383 5972 2186 9685 4766 1964 15191 2559 2490
3114,6371 3941 2342 13037 8964 10727 7442 13612 8780 13740
3115,12170 13126 13127 2208 9822 14630 14627 14629 3787 14628
3116,13394 13393 6354 13204 13391 13359 10518 7576 8141 13378
3117,9145 9146 551 10 2207 8711 21 8769 11300 3939
3118,13397 11766 11984 13045 11967 13396 14437 1120 13550 10244
3119,6657 10647 6663 13398 10403 6661 13849 6660 6667 14734
3120,12802 1011 4387 5687 9534 2893 7964 14751 13983 12894
3121,4973 4787 10050 11748 10910 11113 12196 14055 13903 11215
3122,12932 2874 8982 8152 6805 3693 1721 9889 4693 13573
3123,13030 5106 5105 5104 5103 5102 5101 5100 5099 5098
3124,13399 12998 14789 13527 3897 10918 3896 4909 10456 4356
3125,1807 2097 10555 5594 2102 725 12267 1083 13401 5398
3126,6377 7212 10487 29 2217 4725 10691 3048 7187 8240
3127,2913 12168 11081 9888 12862 6441 1042 1503 1582 7291
3128,3427 12155 13405 13396 13068 13404 9623 7826 5743 13403
3129,13407 1872 13408 10316 3639 13774 13773 13772 13775 12550
3130,4447 13409 10680 8316 14353 14330 11219 4448 14195 14196
3131,13316 13009 13010 13011 13410 12903 13008 12906 12584 12905
3132,2013 4803 10110 3113 10111 10103 5126 9940 6582 861
3133,13411 5099 3608 10915 9464 9617 8669 6829 13412 2571
3134,10321 8184 3560 13041 2704 4828 11302 12542 1735 7616
3135,2371 6360 2375 7423 348 4403 6825 10858 1778 2980
3136,7455 10972 6421 4495 5486 3921 5181 7771 6619 11017
3137,2261 9405 11958 3524 10155 5147 10295 6903 9939 5233
3138,856 9801 12583 12308 328 5754 8078 5253 11562 12582
3139,11837 8176 5271 10855 4341 10654 14144 7551 14128 14344
3140,8190 9993 8944 4192 7299 3382 4773 8068 7954 14579
3141,8644 12029 7253 13360 2295 7401 10634 11602 7513 6836
3142,13420 11911 13418 12567 617 4550 7866 8968 6969 13417
3143,9666 9853 4687 4132 4598 3415 5874 3083 13111 11851
3144,6941 11123 2817 13200 12070 6866 405 11111 2820 14803
3145,8312 11112 7393 1532 8311 13323 7395 13344 15038 6996
3146,2631 7865 1024 12189 3726 4804 11976 9932 11240 11834
3147,5687 7336 982 8302 12585 9534 7100 13484 4061 1011
3148,10053 12055 798 10375 713 10372 1087 10371 10564 12463
3149,7426 2892 1719 12929 4138 7425 2373 2869 7057 11527
3150,13424 11405 3019 14512 14200 14711 14136 11221 14591 11402
3151,8253 12561 6739 8254 12798 12795 12799 12794 12796 12558
3152,10731 13425 1331 952 14154 10730 15058 11156 8381 8379
3153,1166 404 9784 13354 2820 9793 11122 9791 3464 13344
3154,3234 3237 13313 2566 7330 3239 7332 7564 1371 12336
3155,13426 4035 4037 13380 14745 8983 4034 10073 10071 13711
3156,5565 5566 4642 4644 4643 13427 5564 12992 14659 9559
3157,8904 177 7333 14324 1532 12825 11122 13331 6992 7334
3158,13114 10431 11208 10243 10085 13900 11190 13066 11207 11206
3159,311 14853 9028 7730 7371 9926 9457 6907 9101 7367
3160,9238 13428 5570 3778 7236 6724 8316 13314 10412 8713
3161,6654 13429 4997 14301 12556 6869 13903 11299 11847 5335
3162,13431 5514 13430 9372 5793 9836 5175 5374 11368 14444
3163,7925 4317 1935 1113 3587 1837 1011 7833 13337 3962
3164,13432 8075 13424 13608 2805 14031 14663 13433 11201 13532
3165,13379 11607 11944 5836 3765 125 3298 2798 7564 4987
3166,10837 13435 10838 2929 3648 11758 12359 3974 11942 7185
3167,4742 11183 12754 12755 6254 4091 4741 5815 7185 2227
3168,10432 8444 13195 4862 7622 8467 578 4769 5266 10126
3169,12188 552 8796 4914 10025 11924 3750 62 10026 6190
3170,618 15065 5580 13438 6002 4925 612 11459 1099 5579
3171,13439 13440 13850 14884 13693 6355 14883 14882 1671 8081
3172,7926 9049 7679 2779 3507 9690 3902 11345 6444 11866
3173,3945 10359 13735 7552 10356 6833 2674 11146 227 476
3174,13443 13442 12370 7427 2996 4139 13444 6807 4316 15017
3175,6125 13445 13446 13447 13449 13448 13049 5262 9446 5263
3176,13450 1315 4624 1358 4599 3416 12642 4621 4620 5845
3177,6146 4170 3070 621 7895 6512 4706 4699 1125 6515
3178,3493 4819 3441 3151 1970 8648 8549 6959 7955 12099
3179,13451 1634 8629 14785 13355 13818 1636 5222 1996 11631
3180,13453 2814 2815 2614 2742 13452 11110 13578 13353 13349
3181,1001 1002 1008 1006 11768 999 1004 10818 12445 12444
3182,7152 13454 7776 4052 506 1086 13434 11861 11860 1573
3183,12584 13410 7249 3400 1747 13455 3974 13854 7783 8817
3184,13458 4338 13459 13457 11547 13170 2731 10570 2979 13456
3185,13463 13462 13461 13064 9572 4909 8084 8899 4662 14587
3186,13466 13471 13465 13470 13469 13468 13467 13287 10635 12758
3187,6853 860 611 9781 488 3225 163 3097 1646 11240
3188,13475 13476 13474 13472 13478 13477 13473 5108 5100 5101
3189,13479 626 21 7946 13418 14542 7711 12326 12196 13420
3190,2741 8729 5430 8108 13423 14196 6416 8726 12906 8642
3191,4759 868 611 12536 15020 4228 11936 11939 9955 4505
3192,3464 4515 4516 6075 6072 2304 6077 13731 5224 10680
3193,13481 13480 6086 5471 13903 5335 5625 13429 657 11419
3194,13482 11916 12169 9125 8480 14359 13711 10458 5283 49
3195,2026 5281 11739 2146 2509 2544 742 2571 2562 6898
3196,8302 12585 982 4061 13484 7100 12108 13483 11120 5673
3197,13084 13486 11380 11545 11543 13916 12066 8759 12539 646
3198,13487 658 510 512 838 1449 7051 778 8952 3930
3199,5104 11031 11032 14588 6692 1936 11034 11033 1592 4696
3200,8882 5385 10894 12470 8298 12565 4795 7341 6617 13206
3201,13507 13505 13509 13501 13494 13497 13491 13506 13502 13503
3202,7020 13515 200 9429 11285 13511 4846 3769 13516 13513
3203,10064 707 1169 14322 11101 10529 8470 8523 10445 11790
3204,5742 6114 9648 11072 11844 6769 7020 13317 2808 9249
3205,11560 13518 11974 1624 14199 11557 11559 10596 7022 10790
3206,7938 4939 7292 13179 3665 7990 5717 2652 7942 6160
3207,9080 1771 2317 7215 8580 3083 3842 7096 7494 4609
3208,13520 13521 14944 7226 14942 7228 14909 14908 7699 8421
3209,1 13522 13526 12870 13169 6128 10678 5195 10905 8896
3210,7427 10899 9540 10199 7554 5687 7818 4599 15017 5447
3211,6824 13257 13527 9079 8825 8215 9078 945 9077 1536
3212,8158 9554 12727 12894 12897 12893 12896 674 8154 8151
3213,3843 2876 14105 7554 5876 3844 4416 1826 9540 4063
3214,9649 13529 1953 6818 12265 13367 6285 10456 10721 11425
3215,13530 11116 7660 11689 14001 14531 10427 10929 3866 7184
3216,13532 1885 13427 13432 13531 13001 11854 5329 13424 14031
3217,12049 13533 9966 12448 7379 5973 13036 11700 13263 12297
3218,1315 13111 4599 9853 13450 5845 11347 4693 12211 14283
3219,476 3945 14897 6833 7552 10126 13935 1999 7768 10561
3220,7469 3489 13107 13106 11611 14176 13116 3491 13610 2912
3221,13536 4171 10779 8235 5900 7567 627 13534 12040 6488
3222,13537 13176 5614 13725 7660 14001 14531 14065 9557 13848
3223,13074 10051 1228 10741 13080 11603 6095 13987 10047 10046
3224,644 13538 11610 6346 14223 14160 639 11921 10121 643
3225,14362 5012 2197 217 13807 3333 13806 13804 13805 14284
3226,529 9668 9667 38 8489 538 536 526 10180 14808
3227,2996 4316 7065 2888 5690 11626 3002 10913 12209 1321
3228,10977 7560 7559 4882 12101 10916 12964 3573 13065 7558
3229,11749 13539 8905 405 1535 13332 13540 2820 13038 1166
3230,11477 3736 6698 3737 9817 12320 3267 10190 9877 11476
3231,13044 13541 13545 13544 10557 7085 13543 13542 13225 583
3232,3057 3059 3058 3056 3054 3053 3052 3051 3055 15001
3233,9889 12916 8982 4603 5849 3442 7079 6805 8272 9626
3234,10045 4907 12405 3614 8753 10238 12562 10718 3508 8559
3235,3684 1008 1777 6705 1826 5876 8983 9645 5843 12876
3236,13549 11764 11021 13548 11763 5492 13550 6393 11888 13547
3237,13552 12494 2079 4772 14000 1658 3871 9678 14706 14388
3238,13555 9488 13553 1254 10573 9253 8691 13554 3488 12773
3239,13556 1317 4037 13711 13426 15016 4035 14745 14038 4034
3240,13022 2804 4650 4653 11369 4660 11370 13020 4646 8374
3241,13558 13559 11306 11315 14861 14859 14860 14638 7876 12626
3242,12321 366 6621 553 14429 13262 13737 13365 13681 14483
3243,13181 13083 12034 5336 13560 7847 10489 4374 10204 12447
3244,2371 2891 2375 1778 1322 10193 11777 1321 9535 6361
3245,13561 12425 13201 5998 2741 13562 15152 8904 6416 14807
3246,13047 12507 12508 9783 6571 12505 15051 12506 12509 12504
3247,9654 5106 5105 5104 5103 5102 5101 5100 5099 5098
3248,9442 13564 11303 12424 409 13119 2431 10156 131 13842
3249,13565 4608 10367 10576 4136 10574 10368 10575 10577 7498
3250,13566 5710 6241 2169 13968 10251 14237 5375 5377 7136
3251,11323 3504 6343 11257 7089 9148 10202 1982 1787 1867
3252,7380 13606 9469 6147 13607 6156 1349 2291 13055 9591
3253,13568 13567 4673 10326 10325 8233 10324 8237 7642 13590
3254,9459 1409 3735 1639 2960 14619 2556 43 4519 13569
3255,405 12426 13346 13232 13336 2820 13005 1323 11051 14015
3256,13570 243 10972 8403 871 5452 7370 11736 2012 432
3257,13058 5569 4438 13729 13728 5571 1553 4536 4543 4540
3258,4284 5191 15025 10496 13224 9433 85 13039 4038 5792
3259,13571 2921 11779 7718 2013 8839 12546 643 12044 13226
3260,3094 2869 13572 14736 11598 7426 10098 13270 11119 13682
3261,13573 1151 9967 6738 9968 8152 11638 11640 11528 4138
3262,544 12236 545 14167 51 543 12858 1558 548 9324
3263,8111 10130 3400 13989 13410 555 12584 3394 13308 3399
3264,12169 11916 10293 10458 11069 49 1481 9903 10888 4634
3265,9241 7551 7226 7266 7228 7520 570 15046 9143 10230
3266,13260 1323 13271 2820 1528 405 8730 1535 12426 13574
3267,7080 3413 1987 14345 673 11691 3414 9195 2260 2259
3268,7057 7016 13723 10953 9235 9534 2864 12333 11986 12657
3269,10754 10752 14459 5673 4609 2891 1007 12656 13878 10843
3270,5255 11610 12552 2393 8497 3489 13268 11845 13577 13709
3271,1804 12797 9051 1071 13337 1079 6749 1737 8733 2064
3272,11119 6542 3079 11118 2869 8982 9664 3693 10626 7222
3273,2614 15152 2741 5998 6416 13578 14323 2742 12425 11393
3274,13580 1105 13579 13583 13582 13581 10631 9255 13569 11297
3275,3481 1882 13002 5328 9074 3482 5326 5327 3480 1885
3276,12748 7986 5639 11219 12817 2616 13584 15120 9945 4447
3277,13586 11247 11246 3565 12328 11245 7722 11210 3564 14664
3278,7956 10570 775 5482 8300 10568 14395 14748 14749 14747
3279,13587 14826 13414 13940 9055 8370 15270 15061 15062 8369
3280,2063 1035 3529 2064 12280 1101 7646 13831 11713 4978
3281,3979 10170 29 1983 10209 9336 7473 4178 9502 6089
3282,2026 2234 10265 2497 5191 4846 11443 742 757 1087
3283,12873 12591 891 4026 8856 8519 4022 8398 7969 4007
3284,3083 1354 10461 12934 12932 12933 4403 7784 12211 12935
3285,13592 12907 13591 10031 11270 4783 10092 9936 10030 6839
3286,1863 1011 7215 2869 13111 6356 14350 14349 11598 14736
3287,11270 10092 13591 9936 13593 7334 13592 11752 3910 7333
3288,2780 8223 10451 9261 8224 7837 1574 8052 6263 112
3289,2371 6364 7218 4413 2875 2375 1322 1778 9540 7426
3290,91 8999 14612 15079 14865 14559 14555 15184 14620 1368
3291,13595 12102 10385 10668 12872 10386 5790 11652 6701 13594
3292,3990 5397 13143 3989 3991 10330 10572 11669 11935 11670
3293,13596 13599 13598 13600 13061 7876 13597 7631 7610 13658
3294,873 4355 8189 686 7232 1785 12429 14358 6391 4385
3295,12429 1785 8577 873 14142 686 8189 4025 1782 7051
3296,13602 3718 1588 9842 14565 15172 11026 6952 2990 5491
3297,12936 7217 5854 10807 15041 1773 14682 1704 1774 5688
3298,3826 3328 3288 138 275 11855 4636 4951 5401 8558
3299,13603 4 5360 1503 7390 7087 9062 15007 5541 2913
3300,1166 1535 2815 2820 3464 2742 405 13453 404 8730
3301,9990 10797 3142 5624 6132 3190 243 14430 13977 9490
3302,12136 7846 11590 7849 712 12137 5984 10151 7848 8842
3303,5490 13604 6054 4780 8431 1614 8070 4567 13053 8074
3304,7459 11335 11331 2832 13605 11327 2985 6225 3604 10388
3305,5173 2057 7420 176 3258 11383 12178 6374 1219 2448
3306,13606 13607 1349 7380 2291 1350 9591 13797 2658 13258
3307,11727 10452 14287 3222 7303 5542 8705 1450 1512 13055
3308,2628 4315 2630 15240 10639 9553 72 4596 1146 1145
3309,4339 11967 14499 5914 14481 7183 14969 13397 7328 11766
3310,11262 278 4334 4075 4521 2942 5235 7645 9394 10548
3311,2375 2014 2371 1357 14283 6360 11347 13111 13112 6550
3312,13609 13608 3716 8085 8698 14900 9074 13432 15109 3717
3313,10575 2871 1011 4139 9626 5848 9645 1862 395 14269
3314,4935 6181 11912 11773 4371 9682 13391 908 6171 2400
3315,7247 203 10984 4790 15038 12842 7393 7681 12027 4117
3316,13611 13613 12172 13612 11470 13614 14262 8278 14031 4356
3317,13052 3500 1779 13708 9192 6362 1319 1320 1778 9191
3318,9545 2037 11813 150 2038 12921 2039 4342 896 2566
3319,3879 5789 9050 587 14735 8872 10432 8836 2068 14878
3320,9042 10362 2130 9038 9043 12062 12857 12012 6155 12064
3321,13616 13279 13615 2830 13280 9212 14065 14172 14171 13567
3322,13618 1805 11809 2305 2152 4756 11050 1444 9144 4352
3323,13619 10724 13589 10722 12558 14818 6224 11943 10721 9073
3324,8489 9079 2797 9078 1536 9077 8215 9076 3573 13065
3325,11471 9848 3782 5980 11218 8246 5835 4910 3665 5207
3326,13620 13256 10918 6286 6754 13527 10429 9798 14031 5517
3327,12296 1855 2534 7516 13884 4925 14623 10414 7650 1842
3328,6847 3085 2016 5686 5688 4134 3084 3484 13785 12933
3329,13624 2820 13622 13623 13347 1166 405 12742 3465 12426
3330,6526 6053 6645 3709 9653 3702 2779 5981 4216 3696
3331,5999 6353 2742 13235 2820 13325 1532 6868 11122 6351
3332,5155 437 1656 3399 3277 4179 7294 12086 4177 11317
3333,7385 1684 14443 970 286 6468 5414 8142 8399 10717
3334,7428 15207 15206 8816 5527 11764 634 11763 7257 15229
3335,8788 1177 8291 2984 4457 6613 5285 2846 6531 10868
3336,13627 8860 11948 14168 5369 15070 11947 14465 7755 8859
3337,13629 13357 13323 13628 2820 1532 13338 13340 937 1740
3338,13630 1892 1804 1891 6749 1894 1893 13906 1895 1113
3339,2888 2995 1011 11816 11347 14283 13112 12734 43 2893
3340,8164 10992 13723 5367 10098 4605 15238 1379 4133 13665
3341,13631 9829 6068 4124 11472 11779 9830 13634 8613 4388
3342,6511 13632 4633 5711 9652 4171 8124 7879 1938 14355
3343,1354 2375 2371 2374 1357 2370 2369 1778 2372 1355
3344,11006 11875 2729 2723 6071 6763 2900 5255 11005 2724
3345,7948 8116 6168 7571 9809 1844 13833 12223 4069 14731
3346,3083 7784 12642 11851 2886 6321 8983 7366 12211 12655
3347,9829 11472 11779 13634 12158 4388 9495 1040 13631 13073
3348,8649 8210 7401 7754 11372 8650 14666 6172 14667 14528
3349,13209 10630 6739 5845 4743 5846 7077 12915 10626 12933
3350,5344 13635 8808 14877 6571 15210 14328 10741 13441 6570
3351,13636 13637 2166 10839 268 5884 788 11398 6236 14619
3352,11408 11407 8605 6483 7539 11409 2725 2397 14118 11756
3353,9225 7629 6623 10729 9180 6185 4068 4531 4533 7627
3354,13639 11964 10970 10269 12131 1767 4388 13638 6225 3070
3355,9856 13640 6161 6499 13798 9855 2983 9306 6244 6167
3356,11131 7630 13370 703 990 13585 956 10059 15036 9533
3357,13642 13641 5288 14356 12439 13643 14752 14355 14411 6744
3358,12930 1795 13251 13644 2984 13645 4702 9395 13464 10000
3359,7407 10558 8078 3661 7405 12583 5754 13057 5253 11562
3360,9235 10366 10365 1354 1357 12920 12919 6553 2378 9236
3361,7899 1260 2848 9229 13460 3997 13170 7893 12927 9973
3362,11347 14283 13112 12739 11816 2379 2372 12733 14350 14349
3363,2742 10206 2820 1165 2614 2815 2741 5998 3465 4515
3364,13646 10981 14067 2630 12101 5431 14156 6812 10982 10983
3365,8605 11407 10764 6849 2437 11408 11710 3877 13542 10765
3366,12334 13223 2869 13605 3774 13238 8153 14736 11598 9549
3367,2741 13203 2817 6120 13648 12198 8907 6941 8827 14332
3368,10734 11926 9053 1313 14070 1392 2215 3676 6876 1310
3369,3083 3084 7784 12733 11347 4687 7064 3484 13785 2375
3370,1366 5983 12131 13639 11310 10867 3859 11964 6618 1269
3371,13649 11915 11876 8817 11646 11972 6012 11644 3501 7038
3372,5137 3613 5096 9337 9024 13317 4122 14709 10968 3176
3373,13082 12500 12884 8809 12505 10041 10734 6571 9795 15102
3374,2820 1166 3464 1535 405 2742 13624 14712 11122 13731
3375,13653 15197 13652 11105 14303 11781 14365 5923 1114 12372
3376,13655 9623 13654 13068 1555 7469 7648 9621 3427 12155
3377,1001 2870 13076 1002 10818 11768 3078 12914 7221 6324
3378,13656 13657 344 15265 7747 638 5556 5555 5558 5557
3379,13658 13597 716 3877 13542 13596 13599 13598 11780 10584
3380,1826 3843 3844 2876 5876 14105 4416 6364 4414 1777
3381,13648 13203 13661 2819 13660 2817 8730 13186 13659 13327
3382,13662 8822 1888 1887 6734 1776 9664 9754 9629 673
3383,13663 5256 5104 5103 5102 5101 5100 5099 5098 5097
3384,13664 6814 7090 9878 4712 6348 7386 3548 10650 2340
3385,13665 15238 2869 10193 3074 3083 9535 10857 3688 10461
3386,8055 9393 7085 8054 13666 4446 8021 4428 9291 14726
3387,5890 13667 13025 5975 10104 13026 14482 2900 12985 3097
3388,5997 13668 279 6600 3672 6602 14959 6601 2167 2857
3389,13669 13654 1336 4361 7860 14178 13655 4362 12879 10195
3390,11777 4608 4136 13565 6737 8158 7498 6735 8165 10367
3391,1323 12426 3464 1168 2820 15230 14807 13670 1166 405
3392,13673 4048 9125 13924 13647 11554 4446 8490 12659 11857
3393,9204 9315 7671 10332 14322 5595 1834 7631 10711 11045
3394,12096 10015 2157 2314 2426 11965 13318 10016 9465 7773
3395,13675 13674 12872 6083 13595 9594 12102 10668 10385 5790
3396,6622 9805 11227 6623 11912 13892 7574 11005 11780 12566
3397,13677 7552 13676 3945 227 8553 9171 3543 6858 12730
3398,11765 13547 13678 11021 0 13679 3265 11152 13549 11763
3399,12660 10070 10067 12073 12664 12661 12663 12662 12659 12658
3400,13684 13682 3483 13680 11022 9407 9084 13681 9083 13683
3401,2375 1319 1320 6362 6361 1778 6363 2371 1321 1779
3402,13688 13689 13687 13686 6841 13034 10969 13691 13678 13690
3403,13695 13694 3961 3763 5818 10256 5613 6886 15257 6235
3404,13696 11358 8021 6058 8054 9239 6761 7711 12326 8055
3405,5130 2924 3655 11447 2925 2927 2926 1747 2916 3647
3406,13377 13698 12891 12890 13600 13596 13599 13598 12719 13766
3407,13699 2834 11194 11473 13342 14983 14874 14982 113 2835
3408,12884 10734 8809 13082 10733 12500 8806 8807 8805 12505
3409,13082 10734 1880 6868 12884 13413 15147 8809 10733 13129
3410,1354 6361 9237 2891 3846 1357 2371 11778 11352 1866
3411,13038 13271 1529 6000 6001 13628 1535 13540 13700 405
3412,10525 10523 13701 13248 13128 13244 6000 13622 1528 12745
3413,5431 13646 10981 10208 5405 13959 7229 5432 5429 3384
3414,1001 13209 10627 5846 10630 4743 8542 5845 1002 7077
3415,13703 13620 11128 10429 9798 2805 14795 9358 7309 9708
3416,3415 8822 6733 13662 1887 673 12806 6734 12920 12919
3417,2888 12734 10556 13785 2995 14347 11816 11924 1013 12209
3418,12044 13571 1609 4998 643 12546 2921 1599 1598 1597
3419,13704 10226 12250 3424 12890 6349 15047 11648 11593 2260
3420,2741 6416 7395 6120 3046 10207 12425 2742 11365 11881
3421,12861 13230 13706 9327 9510 9325 9326 633 4083 4665
3422,10499 7695 2916 1481 1489 10132 13199 8853 11473 4367
3423,12349 4600 1001 3694 5531 8983 12350 12929 6552 1002
3424,7255 13141 6059 6060 2437 7539 7815 808 13142 10624
3425,12425 2741 12426 6416 13248 2742 2820 13244 13561 10207
3426,13709 261 4381 11774 1524 13035 1560 13641 11610 12863
3427,10744 2950 4559 7046 3977 4322 356 9483 6402 8667
3428,13711 4037 12332 13426 11598 7498 4034 14745 4035 13556
3429,2869 3416 10754 3074 3667 11778 11626 10193 2380 3666
3430,8647 8318 7481 4459 12925 11780 7878 9395 3086 7796
3431,13712 13713 12348 8850 8849 12377 11624 12551 9624 8167
3432,13714 10001 11943 6626 10343 8003 11793 10724 6289 13032
3433,12746 2820 2614 2742 1532 11122 1165 360 11121 13629
3434,1013 3082 3080 12736 3081 12756 2889 11536 1948 4626
3435,6883 13715 7172 8032 6885 12923 12718 14533 12694 11773
3436,13231 13716 274 13131 13879 273 271 15162 15161 269
3437,10572 12327 12621 286 589 1103 10142 9391 5396 4005
3438,12805 9320 3676 10078 6310 140 9321 5004 9245 3973
3439,13453 13624 2820 2741 6001 12426 404 2814 2815 2742
3440,13719 12482 13116 13718 12038 13934 11312 1897 13742 5492
3441,12905 12906 12903 9517 11286 12904 14007 7986 5430 13316
3442,7346 10641 10390 7006 10509 2490 5623 10607 2559 8818
3443,13721 4892 2087 11714 13720 11543 11367 2095 11368 8663
3444,13722 11953 4238 4245 12406 4203 4349 11398 13637 4194
3445,10097 9853 7656 4420 1726 9193 12264 6809 5450 11989
3446,2262 9954 5958 3142 8490 6296 14619 5541 9468 4579
3447,2124 7519 13724 2489 4969 7925 10890 13350 10460 8841
3448,11344 9127 1560 13725 12486 12693 12931 12207 10320 11771
3449,404 12742 1166 2820 1532 13731 9791 405 3465 9784
3450,13729 13728 5569 5405 10277 8058 13058 731 7583 14522
3451,1533 13730 11897 14802 6993 1532 14308 13234 6992 13660
3452,13732 5886 3814 10195 4731 11983 11846 13045 7712 1176
3453,11109 1167 1168 11881 13200 12006 8827 11267 8109 12994
3454,13734 2820 8526 1166 13349 11122 3464 11755 12302 13187
3455,13685 3483 11186 9409 9410 13737 13736 2009 14888 553
3456,1136 1145 1146 7099 12368 12367 12369 11099 1721 1722
3457,13738 12646 13269 9032 12647 12844 7825 4639 12068 13910
3458,9237 2371 6361 2375 2370 1778 2374 6363 4415 1321
3459,12959 10756 12954 12952 12953 14414 12960 13979 12951 12957
3460,13037 8964 13612 7442 8780 6371 13740 7347 6940 6722
3461,10841 8585 476 2218 793 11039 4505 14897 4128 10607
3462,8882 10481 4852 15142 15143 15140 15139 12469 2626 10287
3463,2375 5845 2379 2371 13209 2372 1859 2380 9853 14458
3464,10445 6145 8138 12937 604 4338 8004 2717 13715 707
3465,2437 7627 8259 13906 4383 8778 10764 7628 7629 13350
3466,13453 1166 12007 2820 1167 3464 12008 1168 12006 13200
3467,7680 10307 10302 8046 10306 9169 1132 10304 7467 10934
3468,40 3644 13261 4519 9588 2569 7373 12428 13129 4411
3469,4139 5848 9755 9626 5847 5849 5841 395 4608 5843
3470,13742 10103 13934 13719 12038 1897 12482 10110 5492 12557
3471,10992 3082 6321 1379 11536 5248 1314 2889 11889 8443
3472,13745 13748 13749 13747 13750 13751 13743 13746 13744 5100
3473,13081 13313 2821 3733 12516 13752 525 7566 5834 10486
3474,12724 13754 3580 10331 13755 10613 2953 2017 2303 7354
3475,8215 5116 9078 9077 9079 1536 9574 9076 3717 2662
3476,13757 13756 13759 2417 10107 4359 10810 13669 6528 9971
3477,1937 13761 13762 13763 8059 6620 12148 9650 7745 1934
3478,7057 7785 11890 12404 13723 4687 11385 1011 1719 9235
3479,9230 4169 6514 2861 3672 7689 1707 9656 9129 586
3480,13600 12719 13766 13253 10982 13377 13698 13596 13599 13598
3481,12850 326 13885 1381 10265 321 313 303 327 307
3482,5713 7744 10122 13358 7746 9228 990 12352 14116 3952
3483,12857 32 8504 8382 1383 2130 12793 13294 13224 14126
3484,11578 3693 13573 8152 3072 5690 1776 14072 11528 1915
3485,2436 13769 13120 10145 13768 2435 2434 2432 8229 14469
3486,13406 13770 7722 4666 4667 231 10867 11147 14533 7264
3487,11777 12874 1354 2371 2374 2375 7076 2370 13682 12876
3488,13774 13773 13772 13775 1872 2295 13407 12550 7814 3112
3489,3736 11759 6577 6220 323 11477 3534 15113 4085 9817
3490,3491 13776 13777 13778 8115 13779 2050 14725 12846 14109
3491,8899 13064 11096 13780 13063 14796 1911 8103 14041 1890
3492,13782 8516 8462 14128 6129 10653 12138 14344 8176 2230
3493,12986 13709 1893 6546 10869 6498 2906 4017 6697 6693
3494,2624 11569 7216 6810 11808 11102 5876 1777 4134 13185
3495,11719 7125 12139 12140 7116 12141 7132 12810 116 7112
3496,13783 9820 10102 6831 10458 5122 7910 2240 10261 4353
3497,8396 10256 2061 2058 7978 10463 12568 12051 3213 3872
3498,11819 13784 8655 10639 6066 12771 2694 6311 550 8297
3499,13785 10569 12209 12735 1320 5690 10627 12934 7077 12933
3500,13787 13792 13786 13790 13791 13788 11806 13789 10997 12738
3501,13795 13794 13793 3187 1175 2760 9583 13550 9205 4672
3502,7659 10982 10445 3862 7744 3864 9228 9957 7489 14829
3503,13797 2658 10553 13258 6777 13607 12622 8170 10634 275
3504,3943 239 4286 2329 246 13889 11239 7620 250 6122
3505,13803 13801 13800 13802 10605 1634 10079 11680 7757 13451
3506,5409 11042 11039 11040 13402 5556 12187 8585 11038 134
3507,13806 13804 13807 13805 2951 3333 14386 1328 14406 2201
3508,13812 13815 13811 13810 12992 13814 10079 8393 3010 4056
3509,13819 3896 14775 14770 8087 9558 8093 4594 14200 10976
3510,13820 5579 13821 9576 13066 448 4252 8090 8105 2953
3511,9752 13185 14269 8847 2871 8000 2624 6810 6806 4139
3512,7365 12430 11551 2105 11064 10167 11584 8852 3468 8973
3513,3857 11690 7233 1523 1119 1121 8021 3428 412 9393
3514,7101 11325 11340 14345 11056 10913 6742 3413 3414 10752
3515,3877 13542 13597 716 13823 4434 6849 6095 13658 10584
3516,13824 5079 3267 3266 3268 6698 9390 11477 3016 1967
3517,12669 13825 2707 13890 14878 12537 7767 3123 9221 4797
3518,6446 1357 6432 9666 7554 4598 10991 1354 14751 9540
3519,611 2061 15020 3213 10421 364 12568 9694 11936 11939
3520,5555 2588 4015 8668 2349 3701 1733 14661 2589 638
3521,667 2350 11291 6560 5838 7760 15046 9143 9280 12600
3522,13827 179 1509 13826 7775 12165 1588 7117 7122 10715
3523,405 2742 404 2820 1535 1323 1166 8729 13651 13562
3524,10636 6472 7654 9613 1486 1652 1547 7828 3395 7822
3525,2037 4991 4636 5215 5633 187 7561 3319 5821 14858
3526,13830 13829 11872 13828 2650 1673 7941 11871 10943 876
3527,1101 5502 1181 12201 12337 8411 11920 14527 3824 3828
3528,13831 9245 1035 14142 348 2246 14524 7193 1017 5632
3529,12100 13177 13080 10132 9771 742 7727 737 13078 9164
3530,10126 5515 13487 13832 15026 15163 5513 5514 2301 14281
3531,13833 13835 9950 13834 12354 6168 3669 12793 1615 13224
3532,13836 13312 9519 4875 7008 7007 3257 7010 2598 14224
3533,2842 13837 12680 13279 7827 13278 1933 13778 1557 12926
3534,13563 5264 5265 2657 5174 10581 8005 10580 8006 6771
3535,13840 1784 11650 7674 6097 13839 6499 11552 11553 9941
3536,13842 13564 9768 7230 11908 13841 7656 7704 14533 9442
3537,13843 12947 1126 14692 5249 14533 3428 13844 3429 11908
3538,13845 3858 13116 8688 9371 12859 13846 9695 14725 12715
3539,2820 4515 8905 13324 2742 13271 2745 10206 11122 1166
3540,13847 3174 8778 11379 8239 7005 3160 7350 2320 5023
3541,11718 10459 1368 3749 14560 14851 13015 5047 14612 15079
3542,13337 13390 12797 3587 7703 15268 14810 15216 3585 13342
3543,13617 13848 13278 9555 14593 13537 13654 11248 12928 5695
3544,11366 6657 14915 6658 6663 13885 5267 14477 2282 12484
3545,13850 10730 14856 2959 13439 1331 11256 13881 407 11254
3546,1289 11113 11972 7374 10889 12087 85 82 4024 2466
3547,10988 5667 1772 12726 4132 8166 13270 9967 11025 1770
3548,11090 12019 876 12361 6087 12670 2082 3579 2278 14114
3549,2614 1323 4516 13578 3465 2820 2742 15152 405 14127
3550,5998 15152 2614 2742 14562 14007 14323 13339 1529 2741
3551,2886 1354 2369 1357 1355 8163 8983 6550 6551 4141
3552,13705 3789 8256 4404 9371 678 12219 8259 3858 8251
3553,7551 10531 8401 10670 8457 6870 250 5271 2323 466
3554,9077 12171 12615 3275 6412 9076 9078 8902 1536 12617
3555,5517 13527 10918 6063 13399 12998 14789 5634 14031 13620
3556,13852 5673 14459 14996 13878 11120 10217 886 14226 726
3557,2933 795 7516 736 11144 1219 13884 11143 2174 4925
3558,7970 2232 4000 11194 3290 82 10895 10884 783 9047
3559,2380 2372 2869 14736 2379 4609 11778 2375 12607 9853
3560,4424 2760 13795 12031 13794 100 12020 53 13793 14163
3561,13854 7249 12070 14800 1324 8731 7584 7229 8324 13410
3562,602 603 13856 10183 7250 7585 7104 7643 7949 8432
3563,8230 620 9714 1429 13706 606 621 9712 12496 4455
3564,13857 13866 13869 13874 13870 13871 13867 13868 13864 13859
3565,4594 4641 6795 7559 9559 9558 4884 14770 12328 6797
3566,8239 9661 13204 7350 13847 9807 72 9880 7934 7945
3567,12404 12850 11890 3044 13270 10992 8166 5070 1317 8167
3568,1721 12334 13223 10716 13723 5367 11638 11640 8153 560
3569,7911 2080 10650 8693 7186 6560 10247 10887 3807 14125
3570,7087 5360 1104 5541 11699 846 6834 4726 14485 9314
3571,12171 10789 11211 12617 5370 13877 8759 6412 13486 13916
3572,1836 5594 15181 4191 5592 11748 10910 14896 13044 13541
3573,10809 6597 4696 6598 2267 1936 1592 12492 8965 1237
3574,6181 10716 2432 10842 6246 1513 4668 9443 2433 11638
3575,13878 11120 2887 14459 5673 12756 14226 14678 14464 11318
3576,13879 9892 716 13716 9895 13131 13597 9894 7264 14875
3577,611 15020 11936 11939 11937 11938 9955 10421 11230 14680
3578,13882 13881 10914 6685 5353 12263 2862 13880 6257 2654
3579,3135 3183 3201 4406 6699 15082 15083 242 12714 8992
3580,9282 1918 9904 15084 12054 12337 9284 9280 7773 12404
3581,7401 231 11568 8144 5638 229 4480 13406 14353 14528
3582,7541 9843 7409 14174 4629 13760 13986 14507 8218 14173
3583,626 4966 5709 13479 5113 15100 9365 5377 10337 8397
3584,1011 13573 4132 1721 3693 4407 4687 14751 4688 2882
3585,1896 6909 7466 14729 7455 9238 6616 1891 15231 15232
3586,7516 13884 4925 9390 5082 2534 3033 12296 4769 795
3587,5267 13885 14491 14479 14488 14506 11366 12850 5268 14496
3588,13886 9060 2072 4003 9059 11836 1250 3444 4408 253
3589,8146 1205 3621 649 319 3628 650 3625 3626 3630
3590,6778 12720 11913 7292 1115 13196 5788 1855 6776 1107
3591,12945 9893 9966 9880 961 11140 3007 3008 9879 8239
3592,3823 10446 9804 11622 8209 6945 9659 7259 8035 231
3593,1168 13200 1167 405 14807 11109 6941 12008 12007 13201
3594,2877 1721 4037 1136 4036 4034 11325 4609 6742 1145
3595,13576 1166 3464 13650 13326 13670 13128 12535 11880 15230
3596,5529 3085 12736 12377 2881 5530 5532 11536 13785 5536
3597,10038 10037 10039 10036 6217 11314 11313 11312 11311 11759
3598,8397 4350 578 13312 6072 6077 6002 6118 14419 6820
3599,12459 1176 4333 11603 8844 7705 755 3943 6395 11846
3600,9443 9227 1513 7430 13369 14792 13884 6181 8700 15076
3601,13888 1746 1938 9652 2908 4358 1748 6118 14275 8397
3602,15152 2742 5998 405 2741 6416 12425 8729 14562 2820
3603,13890 13891 15276 2707 2154 15255 12669 7128 8413 13825
3604,13892 6622 13893 14885 2979 11852 14889 14146 13961 553
3605,13895 13838 5516 13894 12340 692 14114 5513 5521 14472
3606,142 11751 5544 13935 9882 8189 7768 1686 11713 3740
3607,13530 12864 12863 6670 10467 10465 10466 9290 4381 13898
3608,7688 11019 13899 10121 14223 14160 2058 12134 14106 10118
3609,1354 1355 1357 5686 2369 4141 11778 1356 2886 3001
3610,13900 13040 9015 10917 13114 13039 14075 14077 3824 14215
3611,12948 284 1119 7643 1127 8021 13715 8410 1121 11772
3612,12332 7215 10088 2864 11986 13711 11598 13111 10089 14350
3613,4357 6548 1327 6549 8786 3261 7967 4074 9838 7980
3614,13902 9587 5105 5104 5103 5102 5101 5100 5099 5098
3615,13903 5335 5625 5471 13429 657 4787 5584 9764 104
3616,13905 1222 13998 7936 4358 11711 4670 10323 710 11241
3617,13906 13630 7627 1985 2928 7746 2446 12047 11029 10044
3618,2928 13906 3470 1985 2925 2927 13630 1747 2926 3469
3619,13723 4698 5365 15264 560 4702 1699 5367 4137 11033
3620,7533 5114 4442 3260 5500 4585 3984 426 7534 7537
3621,7469 1862 11118 7498 12547 11598 9623 14751 9754 9540
3622,3001 14283 15238 1317 13665 8164 9751 4605 10098 7057
3623,4126 7771 5639 15171 7204 7203 4841 12634 2118 7986
3624,13104 13102 12521 13103 11783 267 12611 14182 265 14837
3625,11303 10764 8843 11144 11690 9442 11129 13564 409 3753
3626,9880 966 9879 961 4086 4589 12945 967 938 12760
3627,13000 6822 2067 1394 6821 12311 13995 98 13001 2294
3628,557 1785 46 14532 4282 873 7695 11741 6333 5346
3629,13735 10359 10356 1 5195 5176 10360 5361 10358 509
3630,6942 13908 8226 11871 10880 12821 5622 12856 1342 3393
3631,3046 2741 6416 3045 7395 6120 10207 12425 11365 2742
3632,7330 12336 4813 12185 9493 1285 4884 4823 6300 7326
3633,5879 10154 9971 10147 7410 2426 1625 10152 10149 8842
3634,2369 6360 1355 1354 1357 6550 6551 2886 6555 14283
3635,13909 3485 1499 9532 8376 5455 146 1865 6453 8667
3636,13384 8472 575 2661 2288 5955 3982 10034 10185 12234
3637,3043 3468 10267 3044 1752 2560 11975 5070 2270 6043
3638,7725 11193 12706 11642 8138 6306 11198 5836 3727 2220
3639,10368 9647 11850 13565 5839 10575 4608 13911 10576 10577
3640,10995 10628 10991 7098 11382 10627 7099 10994 11000 10998
3641,13753 10124 14395 11035 7798 3403 2135 1633 12854 12856
3642,11321 12282 9236 10365 7784 2373 13621 7175 6315 3083
3643,13912 11444 1589 8500 6877 7124 5219 7006 7431 8073
3644,5687 10899 2870 10199 7427 5447 15017 9534 9540 7221
3645,4235 9715 3358 2988 606 3528 1796 9712 4349 7624
3646,12710 10430 114 13913 3111 11586 7122 3018 10100 1055
3647,12714 7394 8553 3307 14274 3201 7552 7395 7396 11655
3648,8090 9077 8105 9076 13821 9078 13914 5228 1536 9079
3649,12479 4273 12557 11769 11712 13719 10447 13934 12038 1897
3650,12904 14744 6284 8909 8910 8911 8912 8908 8913 12906
3651,3012 13528 13916 7903 13222 3011 8393 14622 8825 3775
3652,1003 2891 10193 3667 3846 9535 1866 10857 7078 7065
3653,10859 6577 1442 4500 15113 2774 3509 13071 10854 10856
3654,2741 8526 11755 6416 6352 13932 13561 13344 13578 7395
3655,7174 6173 11134 5145 14511 5341 3549 13918 7415 4333
3656,5341 13918 4333 7174 5250 13543 2423 505 4406 4244
3657,7927 13919 12201 6074 6075 5270 8245 2140 1952 5632
3658,11122 9784 13344 6417 11121 13354 14324 1532 2820 14359
3659,4085 216 1660 14861 1993 11759 15096 4766 3222 585
3660,12428 6836 13913 13805 13920 9260 13808 13807 9209 7509
3661,13922 11024 13921 5881 4794 10033 1632 2284 10005 10896
3662,10863 12885 6725 13593 6717 12281 693 11055 3893 9704
3663,11056 7101 10752 10097 1720 13911 1709 1828 4603 10987
3664,6411 8490 370 6296 6293 6294 11759 13668 8871 13833
3665,10694 13923 13924 12814 10677 1129 10085 10695 11929 11928
3666,8526 2824 13926 11755 15096 14331 13353 13932 10410 408
3667,5193 1166 404 9791 6867 2614 13422 4038 3464 2820
3668,13927 679 10591 3177 8350 6322 4297 10895 3178 13056
3669,13930 13928 2986 5379 6118 4754 13929 10361 9347 5365
3670,7016 15238 859 13665 4287 7015 8164 4605 4133 7014
3671,2742 3464 1166 2815 13453 2820 6867 14712 13422 13731
3672,8338 8329 8328 8331 8330 8332 8327 8333 8341 225
3673,8813 8814 4589 2442 4590 9879 12761 12760 9880 966
3674,8606 5467 5586 10400 544 4879 13437 8952 12634 11222
3675,11755 13932 2741 12746 8526 13931 6416 7395 11879 10963
3676,13933 4963 5561 10529 9505 7239 4964 6495 3658 4350
3677,7662 13934 1557 10254 10103 2992 13742 6923 10104 13719
3678,1866 7144 3846 12577 13078 12809 10843 4329 3688 13177
3679,6156 6148 6153 6151 6147 6155 6149 6700 15055 6152
3680,11258 9286 2139 1207 896 14052 13851 14053 14054 1498
3681,8999 15276 2154 15148 13890 15255 13891 3019 11185 7128
3682,13935 7768 1831 476 5544 1686 10517 1984 8189 14897
3683,10968 3176 10566 8567 7373 4813 11364 951 9024 15228
3684,8740 11700 13937 10981 10100 5273 6108 6802 5395 7402
3685,7052 10290 153 2575 715 12404 11241 2497 8792 10265
3686,13939 13133 12854 8985 13938 12856 14805 14946 9694 13315
3687,11551 2342 8618 6119 4259 2282 6124 6121 1282 2588
3688,2742 1323 13327 2820 405 13325 8727 6996 1165 2614
3689,10373 10372 12165 9955 10371 155 3595 4396 11071 10370
3690,8971 4353 5956 1803 7837 12144 9061 11459 3134 4924
3691,644 4808 639 643 642 10338 8959 7534 7537 7535
3692,11642 11877 8885 8115 9650 9836 5452 3491 8030 7747
3693,4924 4423 7775 2333 10061 4353 7299 6576 2735 9276
3694,1345 11821 1346 7334 7333 4357 3892 5589 12167 2360
3695,13940 13587 14826 13414 9055 8370 15270 15061 15062 8369
3696,12577 13078 12809 13177 7144 14311 1866 7264 13079 13770
3697,12271 11752 11112 13188 1533 11524 13343 1532 8312 6992
3698,13943 2730 13942 11888 10109 5201 13122 13941 6393 6397
3699,13945 4654 9959 8088 11716 8238 7556 13257 6101 13944
3700,2057 4924 5173 10055 6888 9921 1503 9906 7758 3472
3701,11410 10131 14154 14444 10130 8713 10529 12654 7685 10128
3702,1379 5248 10992 8443 11889 10818 8608 1375 5245 1119
3703,10468 11604 11605 11853 12010 11588 13634 13948 13947 10257
3704,11099 8536 10819 8539 8538 8537 1136 12368 12367 12369
3705,13952 13953 44 108 1813 7132 7123 7492 7125 3055
3706,13894 5666 12592 4928 11574 1098 9492 2705 10235 10237
3707,10279 6868 12666 7249 381 2739 13854 3043 71 5070
3708,11857 13955 8514 12904 4048 3874 13956 7630 8513 5896
3709,5112 13957 13113 15179 2354 6104 5103 5102 5108 5105
3710,9790 8356 12850 13958 4430 12716 8355 8353 10112 12158
3711,10208 5431 5405 7229 13959 15199 10865 13344 14387 8058
3712,2742 2741 13352 3465 1165 13327 12742 6996 11112 404
3713,7107 9682 8968 12082 14725 12846 10027 13239 9805 12567
3714,5775 10009 7646 10008 3611 4792 10548 7527 11204 8932
3715,13191 13961 8114 14885 1700 14146 9841 13893 14002 14314
3716,13841 4962 10490 5355 1352 14533 10489 9288 8354 6729
3717,12460 11007 6262 13962 10363 10714 9104 4948 9103 13392
3718,9695 13845 13846 1942 5605 2865 3541 3088 8966 3231
3719,2741 13561 4516 1534 6416 13910 2742 14127 3046 1526
3720,5414 1758 5773 1684 5092 3181 7930 12167 834 8187
3721,1357 4135 9646 1354 13236 2369 10808 14677 6553 5685
3722,3852 10729 5639 9180 3849 2032 3851 10727 2673 12029
3723,3465 13482 2614 6417 2820 14359 13711 2742 11122 13578
3724,10206 2820 2817 4515 360 14524 6941 2742 12742 6866
3725,13239 13767 7107 12860 11988 6943 7889 7935 9827 12162
3726,2371 14571 7015 6553 7014 9853 7013 2375 9625 1726
3727,8318 12925 7878 12038 14134 8532 14135 13765 12718 12923
3728,12286 8226 5363 14740 4775 9510 11871 6942 10625 15034
3729,13964 13965 13966 13967 13963 13707 6751 5583 11341 11173
3730,13968 4450 13566 8122 4448 14153 15188 9808 14181 14546
3731,12417 13969 8295 6269 13975 2664 13974 6268 13018 7868
3732,13970 13972 13548 5964 13971 13726 12215 9126 5707 13549
3733,12135 6835 8004 14623 8859 4670 13759 1877 7999 4410
3734,13681 13695 576 553 13262 13737 13954 13365 5356 5357
3735,13973 10780 379 1160 14617 377 9476 9496 2546 388
3736,13974 13969 13975 2636 12601 4909 4714 12612 6100 13383
3737,10780 13973 9476 9496 2546 3676 2496 9000 379 2527
3738,11192 10904 13977 1951 4888 12770 14430 14299 1955 12086
3739,8142 11038 11647 67 10654 12405 13402 767 12403 12971
3740,11777 13270 9540 4132 8166 6809 5447 15017 8167 7819
3741,4403 10069 9625 12350 10068 11910 7817 13519 12917 14751
3742,13980 13978 6392 13123 13979 13942 3265 14420 6389 12879
3743,7215 7218 5449 13111 1771 10627 14350 14349 6356 12332
3744,7784 12642 13450 4624 11851 3083 7366 11768 4621 4620
3745,1354 2888 1355 1357 4141 2369 2886 14283 1356 3416
3746,13573 11528 13621 11571 13982 3082 8152 4138 3693 11578
3747,2875 2871 12078 2873 9540 3846 12079 7818 1866 2874
3748,8152 1721 3693 13573 8160 8151 11528 8156 7554 8154
3749,3843 1826 15017 3416 4416 5876 5447 10199 2876 14105
3750,12663 12662 12661 12664 12660 12079 10067 12659 12658 12078
3751,1011 3415 12806 5863 673 9549 5687 9540 6742 9534
3752,12929 1719 12349 4138 2373 7057 12656 8541 670 7067
3753,10098 4597 3094 8164 15238 13665 10096 4132 4687 9757
3754,13983 10814 5844 13984 13911 1003 3083 4611 3846 6556
3755,9237 10899 12076 6361 12075 3415 7427 4060 12806 9540
3756,3666 3074 13911 11778 2999 13985 3688 11626 7065 2380
3757,1727 13426 13076 4317 13237 5839 2880 12914 7093 13982
3758,12332 9967 2877 11598 13711 1709 9969 9968 10088 1711
3759,12965 9965 11356 4697 9963 1938 4358 15018 12039 7328
3760,9134 5859 10536 11549 15067 15190 36 7431 13013 7297
3761,10557 1948 9659 11896 13986 14011 8207 10741 1467 14187
3762,13988 12343 13987 7568 12981 14528 10051 11786 3387 2280
3763,8999 15148 11185 15248 14690 14951 14560 15069 14851 15134
3764,13990 13989 13308 8111 14336 14335 407 14884 13693 6355
3765,7355 10892 3593 13757 7254 7543 13991 13758 6398 11692
3766,13992 12866 11776 1859 14038 14458 10913 1317 13590 12147
3767,13994 5106 5105 5104 5103 5102 5101 5100 5099 5098
3768,2371 1721 8982 11347 2375 14283 13112 11119 1778 9889
3769,8882 4455 4852 10481 10135 4352 12939 620 606 9714
3770,5686 4596 4688 11091 11712 4273 2628 4132 15049 10751
3771,1522 4697 628 6513 6515 4170 13979 11744 11841 15018
3772,9025 13997 13247 6102 9948 6100 13996 13515 13246 6101
3773,13905 13998 4670 14137 14623 12564 13759 3410 12296 7351
3774,9682 1896 4561 4668 6616 9805 1891 4947 6949 12566
3775,11734 14001 9197 133 4182 8390 10982 8012 6821 6824
3776,11956 13464 13221 10157 7173 8965 12840 13220 7746 12930
3777,14003 5106 5105 5104 5103 5102 5101 5100 5099 5098
3778,12850 14004 13606 14441 13885 13607 4430 14909 14908 9790
3779,13854 2820 2742 7249 4515 405 2823 1166 11122 1535
3780,11755 8526 13932 2824 12746 11879 14122 13660 13926 12882
3781,13622 13701 1330 13235 3464 8906 5998 13007 15152 11524
3782,14005 6126 5978 9241 5213 1300 98 3559 12205 4023
3783,12764 9340 8811 8805 8807 12534 11917 10876 10878 8621
3784,4947 11686 33 13416 1946 7261 10769 1046 7892 1896
3785,11845 7254 10105 2898 5255 6397 2274 12982 5889 12983
3786,4139 11625 1859 12920 12919 13443 11624 13442 14458 3674
3787,12329 6837 12832 3578 12835 12830 12834 12831 12833 3579
3788,12962 9179 6184 11406 9175 9178 10881 10180 9176 6776
3789,4664 6167 4656 1999 13634 6161 6160 5445 6163 6169
3790,14007 12905 5189 12906 12903 4038 11286 9517 5193 5998
3791,11120 14459 5673 9220 5110 13878 9892 9894 9895 14226
3792,13191 9841 6226 9804 6476 13839 4567 7524 4749 11592
3793,14008 15262 12162 11988 14206 13694 572 5352 1491 2108
3794,14009 7083 8220 14575 1702 341 10114 14574 6581 14211
3795,4073 8787 12036 10224 5896 4964 369 9228 10782 2620
3796,673 4138 4039 14745 12656 13573 13380 1887 12929 10854
3797,5876 1011 4134 6705 2883 9192 4063 3078 3843 2890
3798,3896 8093 14775 14770 13819 8087 8102 9077 14200 9558
3799,4273 11712 5447 4596 7978 12479 15017 11091 2628 5282
3800,13544 13459 13044 13541 13545 7085 10557 13543 13542 14726
3801,14011 1948 2175 5918 10557 10583 10581 8005 10580 8006
3802,14012 4567 9713 13690 13069 6538 1783 11621 14715 3412
3803,10447 12869 2263 10446 12867 1677 12868 12339 1678 2273
3804,13070 6623 6170 14237 2627 11177 11005 11592 12765 908
3805,5880 14013 2918 9823 10286 8934 7999 1677 13950 12960
3806,7255 3793 12622 5975 6319 3647 10620 7251 13268 10670
3807,6323 1011 4693 7818 9645 9628 7817 2871 13712 8850
3808,2742 13578 6352 1529 2614 2820 2741 13561 10208 3465
3809,13576 13650 405 8730 13651 13332 404 11524 1166 2820
3810,6000 6001 13323 2820 13628 13271 1166 2742 3464 9791
3811,3067 13166 10260 12900 14407 3065 13727 14217 10562 3064
3812,2741 14015 7249 13854 6416 2742 13562 13346 12994 13005
3813,2614 1165 8892 2742 2820 13244 13578 3465 1532 12406
3814,8376 10595 3403 15264 3816 3815 10124 5351 7208 14510
3815,1527 13324 13513 8402 15277 5818 10330 11832 14577 14576
3816,14016 13339 13660 13338 13340 3465 5998 13186 1533 13932
3817,1532 2741 6416 14138 2742 11112 13329 11122 2614 12425
3818,7106 13396 4358 1847 1938 2654 1268 13880 6174 6510
3819,2741 6353 12301 13352 13960 6989 13701 6416 12302 13333
3820,1532 12535 1475 5190 9935 11880 5345 13336 14844 14138
3821,12535 11880 1475 8808 5345 12501 14844 11822 13336 10733
3822,14017 10672 10671 8610 7442 11652 9532 13037 8429 8964
3823,12026 13733 1590 13142 8978 6389 13643 2946 11729 12888
3824,1443 748 4513 6636 6813 2138 1408 10469 2928 6812
3825,9956 1050 222 4975 3758 6144 3757 5463 3759 10762
3826,13925 11945 11428 13364 9102 14025 14021 9256 14019 1954
3827,11757 14028 8861 14027 5659 12623 5647 5644 5649 5648
3828,11878 13731 2820 1166 1535 12535 11052 11110 11880 3464
3829,12572 6520 8575 14424 12779 2798 5519 14429 2321 10810
3830,4272 6396 9824 7536 6395 10109 12194 10895 9823 6398
3831,11192 23 5621 14953 10904 13977 5612 9221 5620 7398
3832,11406 9179 5126 9650 12962 9601 10881 9175 9178 716
3833,8389 14031 6286 13620 10918 13433 6276 11385 13432 9760
3834,13184 11590 12136 4410 13535 4966 560 5896 7846 14176
3835,3465 9074 13007 2820 2614 6417 11122 2742 9075 11121
3836,5414 11133 2457 7054 4045 14893 4871 11353 5225 1758
3837,1738 3552 5299 2878 5528 8671 3857 8580 5524 2448
3838,10450 12499 11075 6883 9229 9543 14091 6885 12498 13979
3839,5180 9789 3749 7489 14032 14917 14916 12363 6329 10459
3840,10407 14034 9958 6818 11688 13400 12366 6819 9649 11687
3841,12029 3852 10907 5485 956 11354 8210 3849 11756 3851
3842,11634 4829 8387 11633 14861 13559 11635 11636 4941 8381
3843,10576 13565 9612 4608 10574 10367 4136 5949 540 1422
3844,5699 2849 6162 12718 9810 5701 5702 5705 5704 5698
3845,1532 14029 2869 14655 14138 14359 15091 11122 14736 11121
3846,10715 14702 14690 14875 1351 7130 7129 52 14163 14703
3847,13434 2739 6868 49 3404 1839 10278 2490 11876 34
3848,14038 11776 12866 1317 13992 13557 10913 13590 4034 14445
3849,10844 10845 12677 13001 12645 8085 13000 9652 12999 12998
3850,3667 7078 7065 1003 10193 9536 2891 9535 11893 11894
3851,2365 9784 15093 360 14374 13354 14524 14375 9793 14359
3852,13617 13278 13654 5695 9555 14593 13655 5697 5693 5691
3853,7285 2100 1754 3713 2806 9048 3210 5718 6975 4797
3854,12149 5104 5103 5102 5101 5100 5099 5098 5097 5096
3855,384 1409 4393 377 3973 388 389 387 375 382
3856,14033 5105 5104 5103 5102 5101 5100 5099 5098 5097
3857,10108 9824 3996 11293 9398 13768 7432 7711 12326 11294
3858,10205 6510 11849 11841 11840 11842 11839 9808 6513 6174
3859,13641 14040 3428 14086 13642 14087 14085 9256 14230 1561
3860,9435 4445 4444 4443 5107 5106 5105 5104 5103 5102
3861,8761 7333 8489 7334 6940 5571 9123 12842 9075 3892
3862,8203 9932 3095 8868 9240 13042 3534 4147 3252 9466
3863,10036 7556 14041 8592 1885 2610 1958 11362 2611 1911
3864,10080 3572 2087 8582 11040 6139 8089 13003 6136 13402
3865,1916 7358 2372 11777 1915 12896 4609 2379 2375 4036
3866,14044 12743 404 1535 13672 1530 11052 12745 1166 1525
3867,13914 12290 8638 8628 8629 14785 12289 13381 12292 12293
3868,14046 14045 11635 5651 13957 6281 640 15179 11633 10168
3869,14047 14048 10220 10224 11869 6059 12880 4460 4748 10117
3870,3793 6398 7536 7532 13796 3591 6395 4272 7534 7537
3871,6993 8402 13234 1532 12006 2741 13200 8810 11897 14138
3872,13839 9841 7524 10150 6061 3591 8240 1467 10229 6494
3873,10112 13196 3669 10785 5639 7951 7643 7649 2927 4962
3874,8677 900 4497 5338 11142 102 10021 12988 9221 10332
3875,7825 13738 1894 2899 9032 1891 12646 12173 13269 3568
3876,13880 6782 7935 908 6170 14378 11912 12460 7574 14342
3877,7147 9308 6356 12079 12078 14445 9302 4311 12632 7013
3878,13615 7214 10924 13534 7669 13616 13279 5882 7213 10923
3879,10412 8251 4570 2065 13428 8259 10875 2016 15019 8580
3880,14049 12427 7114 7118 11444 7111 14163 111 14555 7120
3881,13696 1874 13887 13715 12864 12622 9973 13139 11526 14050
3882,9842 9225 9841 7629 9226 10122 6952 5897 15172 12352
3883,14052 13851 14053 11258 14054 8747 9792 6326 11706 5299
3884,14055 8870 5163 10784 10050 7854 8513 11748 102 9427
3885,13438 7920 7856 3041 8857 7622 7514 3278 6968 2147
3886,8320 6403 14058 12984 13697 14057 3446 11658 1472 10432
3887,11716 4814 8544 5331 8086 3835 5836 13944 12647 13817
3888,14061 14059 14060 273 14062 6852 316 337 5945 12391
3889,1201 1578 5074 14447 3254 5090 3014 7197 4219 6516
3890,2614 11899 11379 11441 13578 12186 14337 13319 8803 15152
3891,9249 873 2324 14063 7310 9459 4821 14261 3476 7300
3892,9784 13354 2820 9793 14359 2365 12744 13344 8761 13711
3893,12009 10255 5783 14064 13387 8423 1845 4968 3070 6854
3894,9074 1882 5328 11942 8698 13002 5327 14771 5326 9075
3895,13280 12519 14065 13279 14531 12263 13068 12926 7660 13368
3896,12967 14066 10979 14797 13462 9772 12970 12971 12968 12969
3897,14067 2630 13646 14943 14536 2628 10981 2629 5091 5092
3898,7964 14069 1011 13225 13389 14202 13044 13541 13545 5687
3899,8543 14071 12091 8363 14783 8545 12253 11200 10456 12999
3900,4809 9448 4275 4274 6944 8518 11733 9823 5793 7809
3901,2080 3296 724 6388 3547 5185 12762 12127 545 4369
3902,14072 3072 5690 7073 12209 11578 9850 10556 11924 3693
3903,14073 12153 6815 4318 2698 2407 5611 1369 5275 1371
3904,14075 14077 14074 13813 14076 9015 13900 12841 10917 14783
3905,11447 9849 2924 296 8266 5175 2955 5134 4045 8317
3906,12331 9251 13781 12034 12629 11836 9148 323 11012 14708
3907,7218 1317 1777 11638 11640 12630 12628 12629 12627 8983
3908,13361 8739 15167 13306 14798 1636 14451 11544 11944 1637
3909,4355 5773 1199 13554 5622 292 1735 12204 4856 7829
3910,14951 9472 13715 162 4162 9054 13696 14166 8999 1874
3911,13188 404 4516 1475 11524 5345 1166 13189 12535 11418
3912,12766 7914 10666 5215 9051 1074 13714 9933 8446 3420
3913,10054 476 488 5414 14897 10126 13935 13603 1387 12044
3914,2820 6000 6001 13128 13244 1528 11122 1166 14084 13248
3915,9818 9821 9819 14080 15287 8587 9820 14081 15003 15184
3916,14082 2657 2501 10094 13172 2651 2655 5265 2296 5264
3917,8736 15129 5929 7009 9808 8733 8735 14010 8739 8738
3918,8513 14083 6806 8514 5163 5094 5095 5096 5097 5098
3919,2820 13187 8727 2742 1166 12426 13327 13354 11122 1165
3920,10679 10680 405 14084 10963 13330 13931 1323 8906 2820
3921,14086 14085 14040 14087 5297 13725 1561 12486 13901 5151
3922,11762 3612 13211 6309 3412 13210 9713 3611 14450 12990
3923,13381 12292 12290 12289 12293 12291 12675 15253 12674 10037
3924,1528 12509 405 4516 13128 13244 13331 6000 13651 4330
3925,14071 10456 11200 8363 10721 1953 10455 9122 10457 8543
3926,1616 10423 1615 1599 1598 1597 1609 1605 1607 1617
3927,9055 14088 13587 12651 2391 14558 12513 4426 1392 3019
3928,3677 7751 7750 13336 7752 7749 8832 8334 1475 3687
3929,12286 1351 10909 1350 15273 15274 10715 14089 7920 13912
3930,10450 12499 14091 10244 12498 7518 5878 14090 11601 7998
3931,560 13184 13535 4964 4753 4962 13723 11568 1855 12296
3932,318 344 6358 12640 15265 13656 6357 13657 638 5556
3933,10011 2391 12651 9055 14833 14834 11602 10009 5505 10008
3934,12879 10195 7530 4361 6392 13142 1669 4362 13141 14093
3935,13354 13959 8727 13187 8830 432 9793 9784 1323 404
3936,14094 14522 577 5077 5103 5102 5101 5100 5099 5098
3937,6668 6659 14097 14098 14096 14302 14301 10394 109 6667
3938,2820 12426 13232 1166 405 2742 3465 13187 11418 1323
3939,10715 4964 14100 4551 14875 14702 7649 4073 4753 4962
3940,14015 12994 2742 2820 1535 8730 13562 1165 13346 405
3941,6172 9697 12937 10714 9810 3423 8650 10363 5782 8649
3942,13987 10051 3387 14102 8884 2280 3829 7706 5402 7695
3943,3541 10868 3540 3537 6613 4346 11153 13004 13971 12373
3944,13141 1940 7530 2162 13142 5276 6062 11885 7666 12879
3945,1115 5967 2907 12155 1107 11886 11885 2914 9708 2726
3946,12459 3654 14450 8844 3656 5599 2991 12432 3646 1176
3947,13452 14084 6000 4516 13187 11121 2820 11122 13574 13628
3948,14105 3846 3844 1826 10815 2876 4414 3843 1866 7427
3949,11595 13124 11702 183 13584 14106 3273 9275 13372 836
3950,14108 12668 14210 5092 5093 5094 5095 5096 5097 5091
3951,11773 14109 8358 13779 12694 8360 8359 2050 9454 9453
3952,12673 14111 12675 12293 11186 11630 14110 12290 12674 15253
3953,10369 10227 3016 8671 4943 11174 844 11427 11426 1738
3954,13885 12850 14488 5268 11366 14506 14500 14480 12298 14456
3955,14112 6165 4601 12865 10413 6780 7651 9800 6167 6161
3956,4997 714 10494 4888 2450 1349 8054 3554 13606 7390
3957,10161 14113 7490 1284 504 10164 3100 8577 3678 4230
3958,9223 205 349 11815 8795 351 339 203 4830 346
3959,14114 10270 3676 8790 5823 2082 13355 5516 12805 7252
3960,6362 1319 4415 1778 6363 6361 1320 4060 1779 1321
3961,1880 6868 7157 15147 7734 7159 7156 10741 12574 10965
3962,11141 2182 7250 7773 12358 1693 5918 3855 4399 4478
3963,8499 7006 8463 10018 11223 837 12605 2498 5003 12813
3964,13641 12685 12684 12520 10427 13642 11611 9137 7650 1554
3965,14116 14115 13358 7950 5713 5676 2909 12939 4358 6188
3966,266 14118 12892 14117 7180 11782 8737 902 5695 10252
3967,11670 13401 13143 3990 11935 12438 14120 5593 7400 11957
3968,12511 14123 14124 13931 13421 13259 13700 13330 13452 14122
3969,11346 2373 7215 10088 4606 2375 12350 12929 2371 2864
3970,4052 7152 13454 7776 506 1086 1573 12543 3538 7907
3971,14125 2563 3459 3460 1099 343 1090 2156 11660 14298
3972,733 6088 1503 11158 4223 753 8516 12213 584 6833
3973,2597 160 11529 8664 2594 2221 2598 2596 5850 2593
3974,14126 12793 13224 13835 1995 8 8382 3403 14903 1994
3975,14127 10124 5229 7684 5615 5452 2296 5230 5231 5232
3976,10069 10627 6579 3083 1318 12350 11890 10068 3074 11910
3977,13451 5222 13818 13461 11631 4056 2612 4057 383 4059
3978,5671 1354 5669 5672 9554 9665 1357 3846 6320 1355
3979,10148 2903 8119 13726 13564 8787 2924 12136 12137 5251
3980,10464 2210 8098 11157 5408 5746 10465 10466 10467 7365
3981,11405 726 14512 11403 14383 11402 14200 11401 13852 14711
3982,14129 11932 14382 2770 11084 9972 7229 9486 12483 10060
3983,12850 5266 13885 14498 11366 10611 5268 14497 14506 14538
3984,13885 11366 12850 14488 10328 5268 14500 13895 5267 14506
3985,14132 11737 1475 11230 10413 14466 5345 8892 14168 14527
3986,5601 5967 12081 6392 6389 13951 9998 4699 12489 9657
3987,8310 6409 14080 630 9041 3899 5210 3374 12640 8452
3988,11873 1337 64 8258 8259 10558 14511 5121 12708 9565
3989,4024 10480 9920 15084 1918 14272 2511 3402 9914 2547
3990,1172 1174 755 7293 6790 8439 8821 14947 3578 989
3991,14134 8532 14135 13765 12925 12947 8318 7878 7624 617
3992,4608 4137 11624 1357 5863 1828 2377 4139 14571 13565
3993,1668 8958 9832 6803 7705 7707 7706 12708 5340 12212
3994,13324 8526 13323 13271 1533 1529 4514 12426 1475 5345
3995,9319 1447 7186 14493 1553 3105 13808 11863 12875 8479
3996,14137 14136 13998 11405 692 15230 12497 14497 3815 14208
3997,13343 13730 14138 12994 3464 2820 2741 11881 8827 404
3998,6532 8306 10608 2079 3662 3904 5739 2081 5777 191
3999,13919 14141 14140 1701 12545 10564 15281 685 2074 14716
4000,1501 3280 3834 2470 137 1161 2474 5207 5209 3727
4001,14144 11189 8785 4962 10124 13753 6489 3959 5070 1352
4002,6004 2979 1864 6622 5145 12522 6476 8305 2268 4976
4003,14148 11120 14829 14147 10561 5673 13214 13878 12085 14464
4004,8694 1303 12067 2614 1299 13578 15152 11393 14323 13453
4005,14151 14138 14150 8907 404 13348 11753 15257 15048 403
4006,10373 10372 155 10371 9955 4396 12165 10370 4869 156
4007,7574 6186 11912 6180 7433 11227 6782 7573 4948 6708
4008,13023 12456 13046 11895 7532 12957 11978 14411 8126 6744
4009,12748 14153 15120 11218 11219 11041 13566 14181 10062 6537
4010,13738 1894 2899 1891 12646 13269 7825 9698 9032 1895
4011,3481 3482 5332 5327 14155 1882 3480 5326 10455 14789
4012,11988 12162 572 13239 14206 13767 7889 7107 4707 12860
4013,11002 14156 8476 12101 11703 2378 10191 12297 6550 9173
4014,2742 13854 2820 15152 5998 7249 405 4515 13651 2745
4015,405 1529 13854 7249 2820 2742 1535 13578 9366 2614
4016,2614 2742 13578 13453 15152 1166 2820 11393 14323 3465
4017,7657 6950 14093 8887 13783 1669 8886 7530 14090 10184
4018,13537 13848 13725 9557 13176 14085 14001 4672 14086 1560
4019,7581 14159 14157 1131 14158 14160 11746 11384 5513 14304
4020,1937 9650 13763 11232 12148 9682 13762 13761 8059 7745
4021,9056 8588 3906 8579 8583 14430 8587 13977 7110 8586
4022,110 14930 14166 15244 14931 14937 2203 11959 14427 12513
4023,2082 14114 7252 12019 1885 518 4164 6063 5538 11090
4024,14164 4713 6788 11187 12480 9571 2567 1541 14377 5407
4025,11221 1522 13424 6775 6173 6776 14462 14461 6783 5521
4026,5415 8816 13012 7428 5004 11764 13017 11763 13016 9320
4027,8999 14166 14929 15148 91 15184 14951 14612 15079 14559
4028,13537 13725 9557 13848 13176 14085 14001 1560 14086 14715
4029,1561 12486 14085 4368 6669 14086 14207 266 14446 5297
4030,4962 12682 14002 12055 1352 6748 12679 12681 12683 13841
4031,1357 6360 2014 4605 15238 9851 4133 6553 2369 6550
4032,5580 4925 466 618 5579 7928 1690 4764 13438 6045
4033,606 12748 12496 10262 6497 15120 621 620 13490 9714
4034,13642 12439 13643 14752 13726 13741 12522 7940 5338 5358
4035,14167 13389 8786 4171 12236 6511 4357 8785 13536 8235
4036,2742 1324 1323 13187 1325 13333 2820 2614 405 8727
4037,2742 8730 13453 13651 1166 1535 1165 14015 6996 2815
4038,1893 14168 1891 12986 2230 1894 3088 14466 1895 14128
4039,13889 14169 13191 10425 10426 4962 3943 5021 5707 12588
4040,13616 14171 14172 9668 14065 14170 10252 11877 4373 10253
4041,14173 6435 2419 11978 14174 13986 14507 8218 13760 7522
4042,14104 6586 14175 13281 2905 9542 2728 8430 3091 11079
4043,14176 13610 13107 13116 2912 7869 13535 6828 13184 1697
4044,12725 11723 12839 10099 8443 7058 9755 10075 11531 11721
4045,8730 1166 13650 1323 14015 13628 13576 2820 13624 405
4046,1526 2741 8907 6416 6994 11898 1530 2742 6992 8905
4047,13069 8033 13901 14086 14012 13162 13466 13471 13465 13470
4048,14180 13055 8362 12843 14330 11555 5998 14805 13315 12820
4049,11295 14175 8620 13408 6869 10153 2429 12555 1265 11292
4050,11611 12684 9137 7650 2840 12685 14181 7653 10427 9136
4051,10158 12110 1316 9910 9121 7730 2538 7758 281 11181
4052,11770 12319 1121 2446 12047 11029 11772 10044 2843 11732
4053,2614 2742 5998 15152 13578 14323 2820 3465 13453 1532
4054,13271 6001 13323 9791 13628 6000 404 6867 1166 13422
4055,14178 12518 13254 8264 12926 6479 10609 14503 5923 7352
4056,9807 12036 11114 9661 7934 13178 6251 10224 10027 6543
4057,12242 11226 5367 12240 12241 13723 12239 11225 7081 12732
4058,14190 14192 14184 14191 14187 14188 14189 14186 14133 14185
4059,6846 4379 3492 15194 3609 668 6845 6840 6843 2839
4060,11879 12882 9794 11755 12994 14044 1532 8835 11112 14122
4061,13845 12683 13846 14177 12681 12679 14119 9695 8688 8781
4062,14194 12323 14195 14196 2819 13659 7237 13409 13039 2947
4063,14198 14197 14525 9201 14395 2904 9220 2931 9217 3692
4064,13532 1885 12997 14031 13246 1884 5407 8323 13432 14392
4065,14129 11084 5405 14382 8058 5431 10208 13959 9130 9520
4066,14200 3896 352 14775 14770 15089 14398 13819 12276 10695
4067,11405 12868 2600 8977 14512 14200 14711 14136 12869 5196
4068,4766 0 10962 2807 11429 14617 4177 4085 1993 585
4069,12251 5725 12252 10584 5640 14209 10316 7776 2632 6728
4070,14203 14204 7581 14202 14205 14581 3840 14889 14069 6609
4071,13216 3160 5233 12110 13213 8460 13217 11379 5595 7631
4072,12824 12524 10322 12249 9556 12263 13858 12248 12525 4629
4073,14207 1560 6669 4368 13725 14001 11344 14085 14182 12486
4074,10168 14208 14046 14417 14889 13182 6608 9131 14045 14320
4075,4135 9751 3679 8164 4605 1827 7065 4693 12209 7057
4076,12349 4413 5689 8983 12929 12350 4600 8443 11910 10068
4077,14208 14209 14596 14595 13736 13680 10168 12440 14286 13685
4078,1317 4688 2375 4687 13723 4137 4132 13270 14038 2379
4079,9920 11644 12692 4024 15084 10480 1918 14272 5187 2518
4080,13191 4962 10426 10425 1352 13889 13961 6226 4753 13841
4081,13463 8084 11206 13462 8076 13461 13064 2746 9572 11207
4082,14120 8775 3955 2464 15245 12011 13883 15116 13807 8708
4083,14211 14212 13167 415 14448 5722 11949 15227 10293 8067
4084,14213 2651 14214 8020 13050 15169 15086 14209 8525 2655
4085,13771 14215 12142 13141 13767 4629 12248 13040 13239 13142
4086,2820 1323 405 12426 3465 1166 2742 11122 2614 14712
4087,9959 12265 14024 6819 9960 12366 9649 13529 9958 3775
4088,14216 14217 10562 8734 6827 5494 12777 8735 3978 1520
4089,11907 9973 9387 11908 9380 9384 12860 9377 9379 9386
4090,2375 2372 2379 2380 4609 2371 11347 9853 1778 13111
4091,12987 12082 6172 1111 8650 11665 6185 8649 6244 8968
4092,5260 2156 2290 5159 4267 4933 12835 12830 12834 12831
4093,14221 9052 10921 14220 3890 14995 4437 14219 12566 6848
4094,11384 12065 5788 14379 14380 14889 553 13262 13737 14891
4095,3063 13388 8587 75 11914 11126 8579 8583 7110 8586
4096,1700 6183 2981 14146 13961 13893 1846 14002 14314 12898
4097,14222 14224 14223 14415 14952 14160 13836 10121 5518 14610
4098,14226 14225 14459 11120 5673 2869 12551 13878 2887 14464
4099,14065 14171 2839 12519 11610 10253 14172 14531 13616 12520
4100,13460 14227 2731 6477 12881 9213 11152 13666 13267 14337
4101,14209 14596 12188 6331 10121 14595 13680 14223 12440 14286
4102,405 1166 3464 8603 2820 1535 7198 1323 4076 6867
4103,13452 14127 13453 4516 13187 2742 8727 13235 8829 13325
4104,9195 7080 11691 1013 10818 13984 4138 11624 11352 10814
4105,14230 12526 12527 13171 14229 12715 13641 13175 14228 11147
4106,4600 7078 3667 9536 7065 11893 11894 11896 1005 1007
4107,14232 9960 13073 12594 12649 14233 8099 12003 9813 14042
4108,7426 1721 4413 2882 4605 9235 7425 14345 11638 11640
4109,14152 1625 14235 12553 6062 8126 4327 2265 12957 12463
4110,14236 4062 7014 14571 7015 7013 4063 12657 14753 13878
4111,9794 6001 14079 6000 8727 2818 1166 1326 3464 13327
4112,10251 14237 6174 8967 6241 11796 10250 9104 6240 1268
4113,2820 2742 2823 13187 1535 14015 1166 13005 12426 13346
4114,13644 12492 8687 8921 1845 6247 1510 8684 8683 8681
4115,5788 7253 13616 7252 13238 13279 14170 11940 4450 8644
4116,8485 1438 3728 2696 4280 9562 11088 206 5667 7289
4117,14238 14260 14638 14575 489 11315 14572 6581 14574 14492
4118,8591 10382 2130 10383 10362 8 9042 12857 3375 15028
4119,14239 14244 14251 14248 14249 14250 14247 14246 14245 14243
4120,4301 4886 13645 5607 5829 890 378 65 6144 13342
4121,5786 3177 7000 13784 5787 10564 12641 12666 3178 15228
4122,14136 692 11405 12386 14145 14512 11402 14200 12497 14711
4123,8823 12698 9072 1589 443 9884 10232 4568 705 11260
4124,12985 13942 1557 6784 6097 6546 6498 10229 12986 6923
4125,14244 14251 14248 14249 14250 14247 14246 14245 14243 14239
4126,8788 7643 6613 10868 7649 628 4388 11153 13004 621
4127,4507 11252 11082 3483 2011 14681 11251 13684 13685 3484
4128,4844 538 6820 14808 4839 536 531 5751 526 5744
4129,12138 13782 10119 11656 11085 6887 8143 12148 7745 13385
4130,4364 9604 171 2326 12163 11803 3092 7327 4774 2767
4131,2665 3564 3568 3562 3569 8593 3565 7321 14023 1911
4132,184 2156 3860 12018 88 5260 9188 14252 9669 1296
4133,14254 14253 14358 14395 13524 11579 13525 2465 14357 7239
4134,10125 3387 8884 6905 14378 13987 7809 10051 3396 10391
4135,14126 10728 7630 7795 12793 3981 13224 10370 13585 13835
4136,11993 5142 5794 5797 5801 13560 5796 3137 2938 5800
4137,5502 1101 10236 7021 12201 1181 3811 2329 10233 6400
4138,8458 14217 4569 14471 10914 2602 8735 10562 14216 13375
4139,46 6825 12205 10732 11392 6787 6002 6043 6318 10288
4140,870 139 5041 5437 10126 12654 11938 1646 2777 12428
4141,14255 6824 9101 5324 3561 14076 8095 8487 11365 1886
4142,3119 3359 9669 10295 9118 11748 3282 4320 10910 12978
4143,11119 6542 3079 9664 2869 8982 11118 9754 8151 1862
4144,8850 13713 8848 13712 12348 8849 12377 9645 4607 4691
4145,14257 8077 11963 7658 7739 11163 4665 4651 9190 1631
4146,7452 3903 7910 13783 5952 9820 7805 10102 5287 1058
4147,13193 14258 3038 11706 11139 4489 13194 4257 12060 10930
4148,10003 10001 282 10181 1971 6772 10002 13714 11943 6626
4149,13454 11073 1351 3055 9974 10544 1350 14089 15273 15274
4150,7441 8957 7329 5996 7331 14259 295 13021 5304 4984
4151,4865 3150 11821 7391 5070 9221 4174 713 3466 3043
4152,14260 14238 489 7051 14638 14575 5075 3211 11315 1457
4153,1727 7572 12146 1721 1011 12261 12143 14618 9235 12144
4154,12005 14063 14261 4762 7412 170 15257 6031 12178 514
4155,11157 5408 5746 8098 2 5747 2210 8285 8700 10464
4156,2026 1798 2548 12166 1961 4376 2131 2146 2544 3213
4157,14262 1532 11470 6940 13613 14138 8489 11122 2614 11121
4158,8999 15148 15207 15206 5527 5488 11185 14297 7580 8074
4159,10980 2666 12312 8392 12996 9812 1543 12697 9123 2238
4160,6703 3076 3078 3077 6704 3079 3075 11768 2616 2870
4161,4828 648 8972 10550 10886 9902 6315 7442 1621 10546
4162,11101 10064 1676 7651 1934 1678 1675 14322 13044 13541
4163,134 385 13402 2241 10432 12187 13130 11042 11040 2333
4164,9545 12813 12193 3497 4920 1074 7494 7497 896 7008
4165,5155 690 3399 4181 3222 3223 4179 10378 1568 2307
4166,14266 4529 4530 4524 11592 4525 4520 4526 4528 4522
4167,7037 7845 4396 1413 4861 15146 10373 10372 2693 3960
4168,14267 4036 9951 9949 4609 9952 9948 10752 10843 4034
4169,9991 2672 4498 2671 4312 7977 4314 2945 2673 5734
4170,4351 2256 9613 239 6118 11485 10183 2415 7941 14275
4171,324 6792 15253 10512 10511 10669 12674 9122 4920 6384
4172,5920 257 6094 14417 5349 14887 14399 2833 8001 10529
4173,5226 14268 11253 14396 3116 8454 4576 11630 11366 5096
4174,2984 1177 6613 5285 8788 12930 11594 7894 2846 7882
4175,8474 9427 52 2899 15273 15274 8475 9698 8466 9202
4176,14269 2871 8847 8000 9752 8850 13713 6347 9645 4607
4177,11914 10820 8521 11129 1297 6227 12200 5793 4856 2411
4178,11371 4656 5563 5566 11767 5565 11369 4664 5564 4644
4179,3602 3834 3348 4867 10976 14729 14516 7047 10977 4992
4180,11713 3740 6046 11751 8129 6041 3736 3737 3115 7344
4181,14273 14271 6041 14272 8453 2952 10586 10822 9069 487
4182,12069 5723 8714 14796 25 13063 2589 9571 6100 8899
4183,14136 14208 11402 11405 692 13182 10168 15230 12497 11403
4184,12281 14390 6725 693 9704 4937 6717 14383 10863 14379
4185,4096 9167 9090 8744 9886 4384 1967 1229 1959 4233
4186,11379 11378 12612 3900 8376 7005 10075 10708 8793 11375
4187,14274 12714 4346 7394 12620 3541 7395 7396 6151 8241
4188,13560 6615 11993 711 13181 10115 13083 11567 12034 2938
4189,11370 11368 4663 4660 4650 4653 2804 11369 11367 12710
4190,1831 2525 10137 13935 7768 6043 6318 10288 6270 7917
4191,685 195 6822 6445 7149 13919 10727 433 6821 1701
4192,14206 12162 2108 1491 9563 5247 1215 323 11360 11988
4193,14138 1532 15257 8402 6993 15153 11122 10523 13234 11121
4194,12549 244 7831 3172 10487 10043 3853 2655 4122 7433
4195,13725 4458 13537 6145 14085 1560 14086 6144 13848 12486
4196,171 1684 14443 4862 1688 6198 764 964 5528 4468
4197,8820 13588 14279 14278 14277 4953 11053 13033 14276 9098
4198,8742 1452 1427 8653 2024 2756 9391 12042 1568 11950
4199,11151 7286 1160 4064 8439 8631 268 1300 10078 1571
4200,9826 14281 10867 8227 13406 15026 1269 14265 11712 230
4201,8390 839 5581 11320 6411 9511 8391 7799 162 170
4202,5003 2498 159 7113 10406 15230 6923 14107 15098 14890
4203,14283 11347 6805 9174 9889 6431 9173 8982 4661 3001
4204,11848 14284 731 2166 11409 3138 1475 14362 9912 14522
4205,11243 3139 12168 180 453 11844 476 466 2448 162
4206,14286 12440 14285 15173 14209 14596 14595 13680 14213 14458
4207,1408 1252 2930 6645 838 11170 748 11260 11259 13487
4208,9439 2764 2826 9518 601 3748 1103 3094 2825 10762
4209,14287 467 1423 12847 6216 12084 12087 6003 10454 5971
4210,14291 14294 14292 14293 14290 14289 14288 6662 6666 14099
4211,232 10485 11292 14175 7195 10153 229 10406 2829 14104
4212,14085 13725 1560 6670 8999 14086 13537 14207 12486 11344
4213,7848 9051 4090 14940 2291 10078 10270 13606 13607 7849
4214,14295 12513 3498 11229 14088 14930 14427 15244 11959 14931
4215,5417 794 6005 618 7633 11393 2082 15065 6063 5517
4216,13587 15045 4426 7115 14826 6148 13940 11059 15263 2326
4217,14154 11410 10731 13856 12587 6129 1331 14444 9945 12823
4218,12670 13722 14055 881 14298 3193 5508 9613 5938 9427
4219,14299 8106 870 3956 3276 10126 10904 14926 14621 571
4220,6652 10400 10401 10394 7368 10395 10399 10392 10393 10398
4221,14301 14302 14097 12556 14096 10392 6654 4327 6668 10394
4222,7632 7109 11230 3160 7310 14921 10901 8690 14165 12803
4223,14163 8999 9054 15148 14951 13012 5415 11185 15079 14668
4224,14303 14304 5516 11384 13652 2623 6574 9827 12065 5513
4225,15260 7719 9143 6766 14674 14886 14470 15046 14894 12600
4226,14305 10278 9762 12352 3449 8488 9763 1839 10432 5230
4227,2155 3500 2106 4669 4031 8500 4965 4760 115 82
4228,9054 13587 14826 13940 9055 13414 14951 14551 15270 14555
4229,14306 9054 14852 739 12206 14555 14951 1858 15230 14551
4230,9054 8999 14951 14929 7124 14166 13912 2156 5335 5260
4231,740 14348 14979 14089 14907 12084 1351 11818 15273 15274
4232,9570 2235 7235 10462 11363 1128 4051 735 245 2243
4233,14308 11955 14562 10076 14802 13353 13730 14331 403 13926
4234,14311 14310 32 2602 7967 13741 4601 1806 9902 12857
4235,14312 5106 5105 5104 5103 5102 5101 5100 5099 5098
4236,2739 13015 6868 5415 14560 14851 13012 13017 13016 11718
4237,10746 11447 240 8527 4359 14313 5010 9085 15078 5619
4238,14100 7773 13669 13971 3501 11646 5233 9266 4494 9904
4239,13481 13480 5471 6086 5105 5104 5103 5102 5101 5100
4240,11152 13666 13267 13951 6069 13029 2731 7891 11475 6617
4241,12980 14314 1196 12250 15047 13029 13040 9972 14146 6670
4242,13245 13576 13628 13650 14802 13730 13271 13128 14308 13323
4243,1533 405 1323 3465 12426 4514 13578 13187 15153 2820
4244,13849 11389 14290 6655 10397 6667 6661 6662 6664 6666
4245,13329 1532 15152 5998 13344 11122 14138 15153 13331 15257
4246,14315 14316 13431 13310 1632 5516 3067 4118 5563 13904
4247,12420 11069 7731 5543 2123 12169 5097 5509 11481 7727
4248,11429 9340 14317 14617 11917 3972 8621 14544 9034 14468
4249,8509 14318 14058 11585 8320 11579 11582 11580 11581 6403
4250,1761 13571 6327 15127 1304 1515 6331 12342 12090 12089
4251,14320 14208 692 14383 11403 693 14512 12386 14366 14379
4252,14321 12195 8976 9508 7952 413 5106 9600 3155 9246
4253,14322 10064 11790 8523 10191 8484 7671 11066 3403 15264
4254,11917 12855 6023 9340 12854 8621 12856 9694 7716 2135
4255,12666 11480 2957 9024 733 12918 374 12667 13373 10279
4256,14319 8760 7781 8747 7782 4336 8807 11026 11027 8805
4257,14311 13898 6232 12577 13741 6229 6230 6233 6236 6231
4258,14323 11555 13924 11554 13315 14805 2614 10127 13673 12659
4259,12425 2741 14138 13189 14324 14308 15257 8827 7686 13730
4260,1531 1330 14326 1525 11394 1530 1526 12743 14336 13672
4261,4515 1532 8905 8830 13324 3465 14138 6992 2745 6417
4262,13349 13734 12302 13189 4514 3465 2814 13453 9786 1533
4263,13343 12271 14328 8808 5194 14138 6353 6995 13351 15210
4264,13344 10208 11122 13329 10680 11112 6352 2741 9784 2820
4265,2614 12905 12906 11286 14329 13409 12903 9517 4447 13578
4266,14014 2741 13323 6416 14325 8312 13629 2742 13324 13628
4267,14199 3507 11560 11399 1624 726 11557 6310 10790 11974
4268,13578 2614 3465 1529 11393 15152 6417 14323 13453 2820
4269,13578 2614 6352 15152 1529 3465 5998 10208 13561 11393
4270,11955 14562 405 13332 11749 13539 13331 13576 2820 1323
4271,12070 8892 13854 14803 6990 11111 8893 11822 12406 4514
4272,3463 13248 13672 3464 2614 1535 1166 11052 6000 13128
4273,10410 14331 2820 13926 13353 2824 15096 1165 12535 11880
4274,13201 2822 13202 13347 8907 13624 2820 13346 11051 12426
4275,13244 13245 13128 1528 6000 13248 13576 1535 14802 12509
4276,2742 1166 2743 2820 3464 1165 1535 13327 405 3465
4277,9784 4515 13354 9793 14359 2365 12744 8905 13324 13344
4278,14332 13203 13661 10411 405 14084 8058 13648 11051 11753
4279,14323 11555 15152 2614 13924 13578 14007 5998 14805 13315
4280,5998 11112 13319 15152 14337 8312 2614 8803 10508 11711
4281,6996 2742 2741 2743 11112 8730 13327 1535 14015 7395
4282,14007 5998 14323 15152 10127 5189 2614 12905 2742 14562
4283,14336 14335 13990 407 14326 10260 13574 11394 1531 2816
4284,405 1535 2742 13244 2820 1528 13038 1166 1323 12743
4285,10963 13330 13931 8906 13625 9791 10679 1323 3464 12511
4286,13629 2742 1165 13352 13325 2743 2741 6353 6417 3465
4287,10410 14331 13926 13260 13353 15096 2824 13329 8730 1535
4288,2820 2741 405 5998 6416 2742 15152 2614 12426 1166
4289,2742 14122 1531 1323 14326 13700 2743 11394 12511 14123
4290,2614 11112 1532 8312 13578 2742 14405 2820 3465 7395
4291,13731 3464 1166 1326 13187 2820 3463 6867 13422 1324
4292,13423 1529 4514 3046 2741 15153 6416 13578 9366 2814
4293,1530 3464 11394 1531 8907 1330 2820 1526 11052 1166
4294,12786 2614 12380 2742 13562 2741 13574 13578 1165 13651
4295,1367 15276 2208 3018 2029 7128 5547 2085 6038 7179
4296,14339 14338 12628 12627 12632 12630 12629 3486 9421 5668
4297,6784 12985 12025 11661 14340 10986 9807 1174 7855 10644
4298,7401 11872 4755 13830 13829 14582 15099 13828 14528 14353
4299,2373 4138 12929 1719 12656 11346 13573 7067 12349 12350
4300,12025 13644 6685 6616 8372 1786 6097 11244 13892 1782
4301,13785 12209 7784 3083 12734 5690 4687 4688 3084 12211
4302,8029 8026 1122 9128 8024 8885 8041 8039 14050 8011
4303,11777 1354 10199 15017 9540 5687 1357 9534 5447 3001
4304,12370 10749 13443 7427 13442 10088 9540 7095 7554 10987
4305,10351 14342 14181 12536 14153 10353 13566 13968 13207 14006
4306,1315 3083 12211 13450 12210 7784 12655 1314 13621 11721
4307,13519 12917 4403 1317 9195 4693 11387 12077 7818 7817
4308,11265 10255 14064 576 5782 12048 5783 11264 8423 7625
4309,12891 7436 13258 13377 13698 5985 8321 13797 15261 6186
4310,2930 14344 9688 14128 11260 14227 11259 5862 8176 1408
4311,4599 7427 13111 9540 10569 10899 12725 4693 1315 13443
4312,13557 10911 7702 11612 11613 11614 13556 14762 15106 13212
4313,1011 12607 11537 11536 5687 9534 7964 2893 4611 14751
4314,7215 11120 2869 10992 1379 4403 1318 13111 11536 7064
4315,7427 7498 4402 4599 9540 11598 7554 10899 1011 10199
4316,11949 3980 4437 5421 10706 6118 2914 14158 13113 5722
4317,6849 13742 10195 12879 3877 13542 10197 10764 13719 4361
4318,14345 1778 2372 2375 4609 1319 6362 1317 7215 1011
4319,3429 4350 3428 3427 13312 9256 11979 6884 14419 6178
4320,2953 756 14111 5579 14896 6332 6872 10476 995 1204
4321,12332 10088 7215 2864 11347 11986 11598 2869 13111 14283
4322,13215 13214 691 10561 14147 13213 12085 14721 13216 13217
4323,8542 1709 4145 4461 10990 10994 13785 10998 10995 9967
4324,5690 11347 9850 4687 3083 4132 397 14283 13112 7093
4325,12036 10224 2422 9807 12035 14047 14048 10220 9661 11869
4326,14348 11818 8479 740 4847 11863 14089 15154 11817 15205
4327,14350 14349 14351 14843 1771 7215 5875 11347 13111 14283
4328,13776 14117 10969 1524 13034 3491 12846 14725 10027 10970
4329,11249 11248 7714 14161 11620 7713 12527 4373 4672 14119
4330,11099 10627 7095 12368 12367 12369 9554 10749 1144 12370
4331,14206 11218 6163 6537 2108 1592 7625 6623 13417 11041
4332,11963 5782 6605 7377 618 10388 612 14257 14717 15065
4333,14352 13176 2840 1360 6231 1947 5675 9659 12486 9127
4334,14353 7242 4447 7244 7376 7240 7571 7375 7381 7243
4335,11840 11842 11841 7168 11839 12888 10658 6510 12986 1590
4336,14354 10216 14738 10219 14845 3813 10218 3004 10217 13758
4337,3003 1136 1145 10751 5686 5857 6847 12368 12367 12369
4338,14356 14355 5288 2729 4589 13642 2274 4582 14411 6744
4339,3075 8167 7221 6704 6324 8166 3079 11569 8848 3083
4340,2820 13660 14084 8727 2742 8906 3465 13327 1165 11122
4341,7217 2891 12936 10193 10807 9535 1773 5854 10857 1003
4342,4567 13604 7506 6226 10271 10272 14012 1448 5575 4270
4343,4196 9309 3555 7955 5419 8704 3551 6579 3222 2761
4344,11626 3666 3074 3667 11778 2380 7078 10193 11892 7065
4345,12831 13823 6095 5625 12835 12830 12834 12833 3877 12832
4346,1719 7057 12929 4607 13723 11536 4138 9235 2373 2869
4347,14357 14358 14254 13525 13524 2465 14318 11579 14253 10058
4348,13723 1317 13209 4413 10627 10097 6804 10990 10630 10626
4349,3465 8906 14359 10963 6417 13622 6351 13235 8905 2820
4350,6939 12142 7682 13122 13771 14215 11888 5338 13767 13943
4351,13785 2880 8542 6847 5449 1314 7077 12933 4461 1317
4352,2373 12929 4600 3667 4132 4687 4138 1719 7067 10199
4353,14362 14284 5012 10491 11848 731 8058 4736 3138 2166
4354,9554 14363 11099 1354 12756 1357 5672 2369 1136 6364
4355,2058 11019 7688 5795 13899 13305 10121 2061 13289 13300
4356,14027 12623 13763 14002 9650 9999 1907 7745 6685 1937
4357,5355 6729 13841 4463 7544 13715 12285 11453 10432 10490
4358,11665 12987 5352 6185 14219 6541 5353 1837 8968 12264
4359,7186 7270 4484 6348 11623 8241 2950 9319 7820 8837
4360,11019 8210 7688 13899 9199 14666 5405 2058 8058 14667
4361,1011 11777 1354 1357 2371 1916 3846 1355 5687 11778
4362,1374 9359 56 2958 3906 13413 11473 9206 13699 555
4363,10463 10256 6173 13767 2023 1392 285 7978 1895 13771
4364,7220 14364 11632 73 15189 2585 10265 14579 5278 14639
4365,2378 11808 4139 10069 5849 9889 11805 9626 5841 8476
4366,13710 14109 9857 4527 8231 14365 5354 3492 1125 4172
4367,2928 6143 13906 11902 8762 2925 2927 1747 2926 10404
4368,5151 2582 12309 14086 811 2583 7931 14040 14087 5297
4369,1447 344 12916 15265 9319 13656 13657 9889 638 3105
4370,13696 11115 7529 10052 8144 10184 10047 10046 11730 11728
4371,9853 2375 5690 13111 2372 14072 3072 2379 11347 2380
4372,1174 12985 10644 11983 3854 6784 11846 13045 1176 7712
4373,14010 9100 7009 10429 9798 7008 7007 7010 10428 8736
4374,9759 13307 9796 8095 13 14026 8096 12 13382 14255
4375,692 12386 659 15082 15083 11366 14145 12340 14654 14136
4376,14367 5106 5105 5104 5103 5102 5101 5100 5099 5098
4377,2428 10985 1506 643 12546 9030 12819 15185 13571 5990
4378,14373 10900 8712 10223 10081 8901 2088 3563 13995 9108
4379,14375 14374 14376 15093 2365 9784 5093 5094 5092 5096
4380,7752 5998 10674 7750 7751 15152 2039 3368 7565 2041
4381,14378 10125 14219 7935 9650 5904 13239 13767 5917 9809
4382,14313 8383 11794 9611 5731 7369 4950 6876 9565 4282
4383,5555 5294 10958 10862 2868 10861 13912 638 7987 1301
4384,12008 1168 2742 13453 405 1165 12007 14807 1323 11121
4385,13453 2820 13421 13717 14599 14123 12511 12426 3465 2614
4386,4196 3276 2185 3555 9309 6134 5777 11934 5608 10022
4387,11412 11411 11413 11414 11417 11416 11415 7640 10024 4709
4388,4515 14716 4591 8732 11965 1535 11899 8905 13324 13271
4389,14380 14379 692 5519 14424 12386 11366 693 5518 15082
4390,14382 14129 10060 11084 10391 4772 4911 5405 11932 4711
4391,14384 14383 692 12081 12386 6228 13538 11403 11366 11769
4392,14385 5106 5105 5104 5103 5102 5101 5100 5099 5098
4393,10899 11850 4599 7427 9814 1344 13111 5687 9540 2375
4394,4516 2742 14127 1165 13452 13561 1535 13325 6353 10260
4395,14386 2687 2951 13168 13806 13804 13807 10177 13805 1328
4396,8995 5016 589 14527 14132 5507 10572 2508 180 625
4397,13453 2814 14326 13672 1531 12743 14336 1525 1330 13349
4398,14387 999 11405 14389 14388 14950 14512 14200 14711 13920
4399,2820 2614 13574 10260 13651 13727 404 11122 13578 2742
4400,7631 3792 4230 9093 12019 1187 5544 1284 5595 463
4401,11809 3943 8140 1270 3263 14436 3260 13618 1805 7993
4402,13066 13067 13064 10431 11208 2793 6755 12618 4715 10082
4403,14393 3895 13930 14693 3134 14955 2678 14517 4298 8971
4404,8965 1947 2944 13221 9127 5743 14394 2943 8041 4524
4405,10920 10369 11317 1491 3014 611 9007 5538 5552 4238
4406,14395 1633 14254 11035 8300 14525 14357 14358 14253 14322
4407,2582 14185 11599 14187 14188 14189 14186 14133 9231 2583
4408,3811 1101 14893 10881 10347 9604 3977 1659 1457 9605
4409,14396 1572 170 8705 11269 2448 1732 651 11268 10517
4410,1532 2742 3465 6417 13327 360 11122 12742 14562 2820
4411,12290 12291 12674 12289 12292 12673 12293 12675 13381 15253
4412,1679 13563 5264 10272 11964 6850 10271 5265 10581 8005
4413,6264 548 2457 2855 10784 545 7054 544 13827 5225
4414,1532 8904 14122 405 1323 11122 14029 14324 14138 13329
4415,7860 3805 13669 7970 14178 11938 14707 3804 10558 7859
4416,9077 9076 8093 9078 12647 8102 13945 14399 14398 352
4417,14400 46 2308 12205 11392 10732 6002 4925 4924 1576
4418,14402 2837 6799 2604 2615 4659 4658 10836 12740 12485
4419,12440 14286 612 14285 14209 7915 14717 618 11759 6217
4420,11406 645 7049 14853 9179 14986 14997 5126 639 12752
4421,1611 4975 3819 3544 3546 1888 14623 4974 7369 1887
4422,15152 14405 2614 14079 13578 13352 5998 1532 2742 14326
4423,9276 12308 6064 10061 856 702 7275 12463 1978 3182
4424,46 2677 10370 12205 11392 10732 4396 6002 12337 10371
4425,14406 7121 11185 8999 3903 2951 7452 3899 9041 15148
4426,14217 14407 8735 13166 10562 3067 14216 15270 12900 14471
4427,14410 14409 12961 4034 13101 12760 137 5092 5093 5094
4428,13718 13217 12879 10052 5273 2269 14729 12351 8144 13213
4429,10148 8119 8787 2903 13726 13564 10151 8842 10783 12136
4430,7719 6766 15260 14674 14886 9143 9158 3729 3470 13524
4431,7504 757 1198 10517 10762 3748 1661 889 4180 10647
4432,12678 13877 10243 14413 12996 14399 13484 9558 14412 2094
4433,7065 1136 10843 4609 3846 1146 1145 1866 10752 3667
4434,1665 9810 9809 12987 6781 1662 14219 6506 1939 6780
4435,13719 13742 13934 1897 12482 12038 5492 12557 13941 10868
4436,5283 7235 11745 7841 10482 12005 12014 1403 3755 8863
4437,14414 13979 13732 3540 6547 7804 12489 12959 6613 13971
4438,14415 1028 3180 11230 14720 15085 9244 14719 14222 4671
4439,14416 10259 11261 4840 12504 12410 13342 14440 7767 13813
4440,403 14308 405 404 1323 12426 8907 13625 1166 14802
4441,14417 257 9131 714 2291 10168 8054 13606 14490 14208
4442,11747 10056 3034 1576 14805 10732 13315 11392 15242 13038
4443,14419 6178 8139 3308 4350 13312 13012 4128 10607 6176
4444,3086 7166 10000 7165 2050 8788 13779 11594 1795 3644
4445,10517 6328 1661 13048 1686 1732 1198 5075 3211 6331
4446,14420 13117 11020 6392 7356 13123 13980 12437 5255 13978
4447,2741 11283 6416 12815 10248 5785 12818 12816 7866 2742
4448,14423 14422 2699 11238 5197 7527 11409 13266 13265 3602
4449,14424 5519 12779 13570 10163 14873 15229 14418 14644 14643
4450,692 12386 14426 15082 15083 14524 14145 11366 12340 13920
4451,5929 15129 13430 8736 8735 14471 14714 8733 8739 7009
4452,8983 12487 4035 2886 12349 1777 1826 13380 5876 4605
4453,8999 8786 3031 14929 14427 14166 8226 15148 1368 13134
4454,14428 13307 6102 2086 12316 2486 9076 14744 1301 9077
4455,11405 12669 14512 1475 14200 14711 5345 14136 13825 14591
4456,13807 13805 13806 13804 14120 9306 8581 13640 2951 3333
4457,12612 13000 14164 1886 12963 14255 5324 4713 13001 11187
4458,14431 10871 2106 5069 3700 12462 2066 5982 5474 1243
4459,2877 2888 4603 14736 5686 4596 1724 6364 9889 7554
4460,10821 2108 14206 14959 13286 6622 4168 4173 12159 6620
4461,10150 14221 13221 1467 13839 10157 9841 9052 8965 10921
4462,5788 6885 6884 12155 11979 11978 3427 13405 4530 1179
4463,10276 2278 6978 11090 6092 2283 2292 6090 12019 2285
4464,14434 6451 9995 8890 6493 4927 4451 14228 14717 8517
4465,1277 1279 1278 12152 1281 1274 1081 9554 1280 1276
4466,11038 12971 12970 12968 12969 7236 13402 12967 12187 1498
4467,13898 9291 12864 10986 10427 13368 10252 8781 7999 14606
4468,7978 10256 230 11869 10488 4672 229 10463 11248 11712
4469,4350 5881 14185 8940 13312 6264 13922 11024 13921 2100
4470,14172 14182 12681 13103 266 265 14171 267 13616 10253
4471,5206 8004 2259 3369 8001 11731 8604 5920 8003 11238
4472,14437 8887 13550 11984 4593 12910 14050 11885 13397 8886
4473,13702 11805 6557 13060 12637 12644 7451 13572 11348 12238
4474,6814 13664 13437 1604 6348 7090 3548 7185 9878 5586
4475,13998 5782 14137 13905 7742 5781 10255 4670 7103 7951
4476,14443 14442 15015 7527 5683 14967 782 970 773 764
4477,3090 5276 2729 1436 3372 14699 14356 2724 664 14092
4478,4665 12030 11592 13706 4651 12496 7739 1877 13196 9344
4479,4034 14409 12760 14410 4590 12761 9879 14038 137 14445
4480,740 9106 14348 14089 14979 15273 15274 14980 12084 14547
4481,2950 11905 1817 6980 8957 4484 8241 11935 9391 11670
4482,14444 11410 5371 5374 1473 14154 5368 6115 5375 5377
4483,14445 7013 12632 7014 7015 14571 14038 4034 12803 9308
4484,14119 4731 11620 11249 1554 12685 14177 5297 14446 1561
4485,10189 1678 10185 8001 9103 10034 1675 4518 7949 8430
4486,8478 12550 6730 11076 1327 9198 9838 5899 8042 4745
4487,11525 4964 12523 12522 1872 11887 8144 10122 13407 8770
4488,12910 3090 4041 5276 2729 4593 4046 4047 1436 4043
4489,7749 7750 7751 7752 2170 10973 10338 3766 9082 10333
4490,13015 14560 14851 11718 3960 11045 8999 3471 5415 2739
4491,7526 6667 7533 14915 14289 6662 6666 6658 6665 6664
4492,14447 312 1578 5721 12668 7842 14295 11671 2092 2091
4493,14448 9522 12103 693 11124 14205 13167 14383 630 8871
4494,13943 7699 14563 7700 13892 13350 13520 3801 2730 8421
4495,9784 13354 2815 9793 14359 12744 2365 13453 13344 13711
4496,5222 8103 12649 1911 12310 1890 8903 12068 14232 13818
4497,7843 14447 7842 12480 5336 7844 3838 11367 7849 2015
4498,12722 10726 12723 1715 12721 12464 7673 8088 1717 5428
4499,9254 3579 876 11977 3578 6332 8499 994 385 9020
4500,7704 2431 6978 4668 2432 4561 10151 11566 13564 2426
4501,4389 8000 10700 8001 14269 4394 4390 4393 2871 4412
4502,6668 6659 14098 14097 109 6667 10394 14096 6662 6666
4503,12676 8758 5472 14018 10975 13031 11203 13781 14066 6852
4504,726 12535 11880 11405 7676 13852 14199 8562 14996 13804
4505,13182 7521 13183 8144 14462 13178 14461 10707 7517 14460
4506,14452 692 14208 4966 626 12386 5709 10168 6608 11366
4507,12992 9071 8393 13222 12989 8086 12991 13812 13815 13811
4508,14454 12969 12970 14453 12968 1743 8215 12971 14782 12967
4509,14455 14456 14388 14950 8428 14387 14706 12494 10537 8061
4510,13271 14457 8727 405 2820 13628 2742 1323 13651 12426
4511,14458 14209 14596 14595 13680 12440 14286 14213 1859 14285
4512,4396 10373 10372 11071 10371 155 4869 10370 9340 152
4513,14459 5673 13878 11120 14226 8302 12585 982 14236 13852
4514,14462 14461 13183 14460 14205 11221 13424 14889 5521 13182
4515,14463 13974 9775 5998 4356 5403 1335 9681 12619 14425
4516,6155 495 6427 1440 6156 12012 10835 5085 9042 4579
4517,10715 14690 14875 14702 7130 7129 1351 13172 52 14703
4518,14464 6550 6551 2369 1357 1354 6555 3081 6552 6553
4519,10826 10827 10825 10828 10830 10829 7476 6243 5098 5097
4520,6432 6431 670 11808 11028 672 671 12934 4598 10090
4521,11850 1706 5688 6806 8513 1353 5857 13185 9814 12378
4522,12280 11193 4772 2220 4776 7266 4774 13552 10060 12494
4523,794 5980 8936 7580 476 9711 7051 5974 8243 3222
4524,14466 11737 14168 14465 12837 3884 3883 15187 12838 13627
4525,9034 14468 12181 4566 14369 14317 1542 14370 14467 1543
4526,14469 13219 2435 11232 2434 2436 2433 13769 2432 13120
4527,9129 6401 4337 6514 12464 8885 2900 14470 13551 9542
4528,7016 7015 14571 7014 7013 10832 260 4287 859 2003
4529,13195 2215 4067 8467 5347 3670 4065 8832 11116 10319
4530,14136 14208 692 11405 10168 14889 15230 12497 6608 13182
4531,149 14472 5521 6605 6606 14204 169 6608 2835 11221
4532,13849 14473 6663 6763 6661 7210 2281 6657 10579 6660
4533,11405 14512 11403 859 11402 14383 14200 11401 14711 14136
4534,13885 11366 12850 14488 5268 14500 13895 5267 14506 14456
4535,13885 12850 14488 5268 14506 11366 14500 14480 14456 12298
4536,14476 12390 14923 14475 12391 12392 11354 14162 9263 10565
4537,13885 15120 14488 12850 10701 11366 3665 5268 7938 12298
4538,13885 12850 5268 14488 9357 14506 14500 11366 14480 14456
4539,11366 13885 14488 12850 5267 5268 12298 13895 5266 14497
4540,14456 13885 14455 8428 14972 14068 11366 15193 12850 14944
4541,11366 13885 5267 14477 14486 14488 14404 692 5266 14913
4542,13885 12850 14488 5268 14506 11366 14500 14480 14456 12298
4543,10200 13511 11366 14478 13885 14487 3898 14565 14488 14564
4544,13885 14488 12850 11366 5268 12298 14480 14500 14506 14497
4545,13885 12850 5268 14488 14506 11366 14500 14480 14456 12298
4546,11366 13885 12850 14488 5268 5267 13895 14500 14506 14456
4547,11366 13885 12850 14488 5268 5267 13895 14500 14506 14456
4548,13885 12850 14488 5268 14506 11366 14500 14480 14456 12298
4549,13885 14488 12850 11366 5268 12298 14480 14500 14506 14497
4550,13885 12850 14488 5268 14506 11366 14500 14480 14456 12298
4551,14479 13885 12850 5267 14488 5268 14491 11366 14506 14500
4552,13885 12850 14488 5268 11366 14506 14500 14480 14456 12298
4553,5267 13885 12850 14491 14479 14506 14488 5268 11366 14500
4554,13885 12850 14488 5268 14506 11366 14500 14480 14456 12298
4555,13885 12850 14488 5268 14506 11366 14500 14480 14456 12298
4556,13885 14488 12850 11366 5268 12298 14480 14500 14506 14497
4557,11366 13885 14488 12850 5267 5268 12298 13895 5266 14497
4558,13885 12850 14488 5268 14506 11366 14500 14480 14456 12298
4559,13885 12850 14488 5268 11366 14506 14500 14480 12298 14456
4560,13885 12850 14488 11366 5268 12298 14480 14500 14506 14497
4561,14482 6196 13025 14496 5890 4028 13026 13667 6195 8340
4562,11366 13885 692 14488 12386 13895 14479 12850 5267 15082
4563,11366 13885 12850 14488 5268 13895 5267 14500 14506 14456
4564,13845 8688 12859 12715 12236 1558 14230 9324 3858 5677
4565,12850 692 12386 13885 11366 15082 15083 13895 14145 5268
4566,5268 13885 12850 14488 14506 14500 11366 14480 12298 14456
4567,13885 14488 12850 11366 5268 12298 14480 14500 14506 14497
4568,11366 5267 14131 14479 14491 13885 14477 14496 14486 14488
4569,11366 12850 13885 5267 13895 14477 5268 5266 14486 14500
4570,11366 14477 5267 13885 14488 14486 14404 5266 13895 14913
4571,13885 14488 12850 11366 5268 12298 14480 14500 14506 14497
4572,14429 14483 12787 366 12850 8575 12788 4399 553 14471
4573,12632 11366 14445 11273 7013 15209 15208 14763 14339 14338
4574,14485 14486 5266 11366 12528 14499 14481 14491 14913 14479
4575,5267 11366 13885 14491 14479 14488 14506 12850 14496 5268
4576,14487 10200 14565 13511 14564 5019 3898 14478 14227 4756
4577,14488 13885 12850 11366 5268 12298 14480 14500 14506 14497
4578,13885 14488 12850 11366 5268 12298 14480 14500 14506 14497
4579,14489 11366 5383 13885 5267 14477 5385 14486 14488 692
4580,11366 13885 14488 12850 5267 5268 12298 13895 5266 14497
4581,5267 13885 12850 14491 14479 14506 5268 11366 14488 14496
4582,692 12850 12386 13885 11366 15082 15083 14145 13895 5268
4583,12850 13885 5268 11366 14538 14506 14938 14537 14500 14887
4584,13885 12850 14488 5268 14506 11366 14500 14480 12298 14456
4585,11366 13885 12850 14488 5268 5267 13895 14500 14506 14456
4586,14492 4532 7719 3445 14575 14674 15260 14691 14886 14574
4587,14130 5267 11366 12850 11266 14479 14491 2064 13885 2062
4588,14130 11366 13885 14488 5267 5266 12850 14477 13895 14897
4589,11366 13885 14488 5267 12850 13895 5266 14477 12298 14497
4590,8042 14131 11366 13885 12850 681 14488 5268 5267 13895
4591,11366 13885 12850 14488 5268 5267 13895 14500 14506 14456
4592,13885 14488 12850 11366 5268 12298 11608 14480 14500 14506
4593,11273 12850 9307 13557 15106 10913 13101 15156 15155 3486
4594,5267 5266 13885 11366 12850 14479 14491 14488 14506 14498
4595,11366 13885 12850 14488 5268 5267 13895 14500 14506 14456
4596,14137 11366 13885 3815 14488 13998 14497 12850 5267 5268
4597,14494 14495 14432 14131 13885 14488 12850 11366 8042 5268
4598,14496 13885 11366 9026 12850 14488 14491 15175 5267 5268
4599,13885 12850 14488 5268 11366 14506 14500 14480 14456 12298
4600,14498 14497 12298 5266 11366 14137 13885 14574 14897 14486
4601,13885 12850 14488 5268 11366 14506 14500 8357 14480 14456
4602,11366 13885 14488 5267 12850 13895 5266 5268 12298 14497
4603,11366 692 12386 15082 15083 13885 14479 13895 14477 5267
4604,14499 14481 11366 14486 4339 15176 12528 14485 14913 5266
4605,11366 14477 5267 13885 14488 14486 14404 5266 13895 14913
4606,11366 13885 14488 12850 5268 5267 12298 13895 14497 5266
4607,10330 13513 3990 15277 14577 14576 10332 1670 14036 1527
4608,14085 266 1561 14446 12486 14086 5297 13725 14040 14087
4609,14500 11366 12850 13885 5267 13895 14477 5268 5266 14506
4610,8676 14501 2725 7804 12880 5426 8788 14118 10892 6613
4611,5757 13885 12850 553 5758 13262 14488 13737 5268 14538
4612,14503 14502 12466 6479 607 5707 14178 12923 12518 14731
4613,11366 14131 13885 14488 5267 12850 8042 14494 14222 14495
4614,13885 12850 14488 5268 14506 11366 14500 14480 14456 12298
4615,13885 11366 12850 14488 5268 14500 14506 13895 5267 14456
4616,13885 12850 14504 14488 5268 2201 14506 14500 11366 14480
4617,10986 9830 7855 6784 14279 4753 11896 10941 9331 7678
4618,14506 5267 13885 12850 14491 14479 11366 14488 5268 14496
4619,11912 6623 1864 7574 11005 1510 11227 717 13070 5783
4620,2823 13187 1166 1535 2742 5998 15152 10410 14139 13540
4621,2614 2742 13578 13453 6352 15152 2745 11393 2820 14323
4622,5267 12850 14491 14479 13885 14506 11366 14496 5268 14538
4623,10464 12081 13458 5196 12623 5899 13457 13253 13832 14384
4624,10764 6227 5793 8605 14507 9835 4749 11407 6483 6598
4625,2265 14235 3887 13889 4068 2264 14152 238 12156 1625
4626,14508 15177 12338 14860 7937 5090 5092 5093 5094 5095
4627,14509 15191 13227 13228 4977 5972 7913 175 20 9602
4628,13282 8999 15148 14545 11185 3486 15248 14690 7121 14951
4629,14510 4953 13414 14458 14607 14578 14824 7017 8376 53
4630,14381 6003 9430 14970 14329 15109 13018 10484 8408 6128
4631,1337 14511 11873 6982 5675 4933 1269 5260 1340 1596
4632,5527 10870 15207 15206 7626 7428 7627 7628 7629 12567
4633,14512 726 2657 11405 10094 11403 14082 2651 13852 14199
4634,14513 14478 14848 14610 14277 14204 14706 11405 8547 13420
4635,740 14296 14348 14979 14089 14907 12084 1351 11818 15273
4636,4016 4074 14055 11260 8182 4764 6045 8846 12434 4357
4637,14165 11367 7844 14447 7842 7843 7632 11368 14824 8663
4638,14432 4382 11367 14494 14495 3536 2836 7240 14165 11030
4639,14166 2210 10464 14929 8098 11157 9052 5408 14514 5746
4640,10542 13000 14413 14683 4815 1869 12311 13995 1162 3237
4641,14516 14412 10976 2099 10874 10873 10872 1298 12616 3834
4642,3693 1721 8152 11578 4407 9664 11435 13573 11119 11439
4643,9759 13 8096 8095 13307 13382 4565 15 12049 12
4644,14517 3895 7643 12901 12470 14393 13930 10906 3907 7649
4645,11366 14486 5267 14477 12528 14913 14479 14499 13885 14481
4646,12713 3462 3629 14975 8582 6815 612 14809 11824 10978
4647,14422 14423 11238 3369 5206 8604 11731 7547 6780 11732
4648,14519 10591 13056 320 15011 15247 3841 14913 12877 321
4649,235 1617 234 1618 1619 1622 11254 1621 11814 1620
4650,9251 539 10180 11784 9412 4076 14708 4285 8 12331
4651,13430 5107 7109 14952 3751 14921 14471 14224 14714 8251
4652,13723 560 4137 5367 7057 12655 12211 11721 13621 7784
4653,12101 14156 13646 10981 11002 10977 8993 12134 12071 4416
4654,13036 14520 14521 12437 12297 13408 7251 3855 13533 5973
4655,7776 11861 11860 12251 11859 13454 7152 8892 7772 7777
4656,14094 577 14522 14095 712 13286 3600 731 15026 11405
4657,2820 11122 3465 14324 13127 1166 2742 13624 6417 11121
4658,9830 8244 5485 3480 8646 10986 1703 12029 9331 7806
4659,2742 8727 2817 5998 15152 13327 14562 407 6941 8729
4660,13324 13271 4515 8905 13323 13628 1527 6992 2745 13038
4661,13660 13187 2818 8830 12426 1166 11524 14016 13188 2820
4662,405 8904 11112 13007 8312 1532 1323 2820 6992 8729
4663,2820 13187 13452 1166 14127 2816 14139 3464 1165 8727
4664,14222 5518 11384 14581 14415 12065 13895 14538 14223 14379
4665,6057 12881 14523 1376 6764 12194 9147 14460 12233 3004
4666,14204 14478 14513 14581 14848 5518 6606 6605 4549 14610
4667,13053 11405 14512 14200 14711 14591 14136 13286 14145 11402
4668,14205 13949 7381 14873 14889 14462 14461 14854 14517 14526
4669,14524 13831 360 14426 14586 14142 13920 14904 13351 5183
4670,14525 14198 14197 14395 9201 1633 11035 14254 8300 2904
4671,14204 6606 14523 6605 14581 5518 14846 14478 6057 12881
4672,13266 11405 14512 14200 14711 13207 14136 14591 13286 14145
4673,14379 14380 693 11384 14383 5519 12065 14366 692 11403
4674,14526 12013 4757 13369 14792 9227 15076 14854 14296 12362
4675,14527 1181 14528 7663 2591 11786 14132 9964 14858 12247
4676,14530 3801 692 14441 14004 13520 14961 12386 14529 15082
4677,1907 14531 5674 12387 7660 12519 10565 13368 1908 14065
4678,173 14539 5216 6833 61 14903 14543 14971 7198 1328
4679,7581 11289 2591 14159 15265 14157 2594 2598 2596 2593
4680,13167 14212 14448 14211 9522 12103 415 11124 693 14205
4681,11366 14477 5267 13885 14488 14486 14404 5266 14913 13895
4682,7844 1180 2303 14447 1178 7842 1170 15069 11404 15072
4683,13272 13756 13757 13759 10107 4359 13273 10810 11115 9971
4684,11144 6077 2321 6072 15176 6076 11303 11129 7182 6073
4685,10868 3537 12373 3540 6613 11153 13004 3541 13719 13971
4686,7384 12989 8892 13335 14452 4671 8893 13331 12406 6996
4687,14532 557 9217 556 558 552 11366 555 2904 9220
4688,12898 5715 2627 6484 6485 1846 6183 1864 1700 7573
4689,15238 13665 8164 4605 4133 10098 1357 7016 14459 5673
4690,1529 2820 13578 9366 3046 11393 13038 13731 2745 11418
4691,14495 13606 14494 5352 7935 14432 13607 14378 1349 13239
4692,14039 7648 8686 10593 10254 10253 12486 12716 12719 12520
4693,14534 3993 7863 9339 7430 12571 9443 5210 2415 5265
4694,11120 14459 13878 10818 15238 5673 12756 8164 13665 4133
4695,12577 14311 13741 13078 12809 14739 12439 14752 12470 3017
4696,13846 12567 12566 6349 6685 13459 6524 2979 6785 10870
4697,13900 13114 10917 9015 13040 10085 14075 14077 5331 10431
4698,1884 10542 7565 13246 5407 1955 14392 1882 11187 1956
4699,13353 14331 13926 2824 10076 15096 13453 2742 10410 2814
4700,5514 9114 15163 5515 14224 5513 12840 12009 8452 4861
4701,7050 5592 14356 15000 14355 7051 5288 7052 7246 10264
4702,9238 7455 6909 9960 1886 7466 9959 14729 14255 10972
4703,7343 13978 9239 10782 12263 5896 10112 11358 11357 6761
4704,5687 7427 8513 9534 6806 10899 9540 10199 1011 5447
4705,14535 14240 7268 8871 11124 2324 10053 13933 11125 9777
4706,14537 14536 12850 14943 13885 14067 5268 14538 14506 11366
4707,14660 5369 15008 3771 259 924 14693 11711 14393 13627
4708,14131 14495 14494 8042 11366 13885 8517 14222 14432 6934
4709,14540 14541 7231 4066 15145 10048 12752 412 2919 2916
4710,8397 626 13479 6118 14167 6488 9365 5709 4966 14275
4711,14542 5337 7136 7258 5339 7946 5710 5979 5338 12869
4712,12298 12850 13885 14497 14971 11366 5268 14538 14506 14938
4713,14498 13885 14488 12850 11366 5266 14497 5268 12298 14480
4714,6729 14543 14566 9563 4595 5355 14206 13841 7343 15007
4715,14545 9406 13282 3486 11725 9422 15106 9412 13101 2853
4716,14538 12850 14264 14973 14938 13885 14415 14222 5268 553
4717,6553 1357 1721 6550 9235 6551 1354 2369 6555 10366
4718,14538 14264 14973 12850 14938 14415 14222 553 13262 13737
4719,14538 14264 14973 12850 14938 14415 14222 553 13262 13737
4720,13652 11009 14303 5516 2623 9827 14304 11384 14116 10468
4721,14512 11405 11403 14383 11402 11401 14200 14711 14136 11404
4722,14512 11405 726 11403 14200 14711 13852 14199 14136 14996
4723,14545 9406 13282 11725 3486 9422 2853 15106 15145 9412
4724,12850 13885 5268 11366 14538 14506 14938 14537 14500 14887
4725,12850 13885 5268 11366 14538 14506 14938 14537 14500 14887
4726,12850 13885 5268 11366 14538 14506 14938 14537 14500 14887
4727,3500 5751 2957 5744 5752 1779 13052 5749 1624 11560
4728,14264 101 14547 14618 14538 15233 14898 4727 15270 14690
4729,14548 478 14539 5438 4177 149 5524 11855 476 12841
4730,101 1808 15233 14690 15270 12362 14898 14579 14685 14407
4731,12101 10977 12134 10975 7560 9342 7559 13899 10976 4882
4732,58 15285 14980 14742 11126 14824 14605 14604 9013 15069
4733,10818 1001 1002 12756 2887 11768 11691 13878 7080 1379
4734,14553 14552 14557 14551 14556 14558 14554 14081 6850 78
4735,4516 1166 14127 1165 2742 3464 13452 2743 2820 13561
4736,12850 12134 13885 14887 13899 14538 14696 14697 5268 12574
4737,14490 12321 13885 14674 14470 11217 14417 14142 5091 5092
4738,12426 3465 2820 8828 14599 6417 13188 405 2742 2614
4739,14561 692 12386 15082 15083 14145 11366 12340 14654 14136
4740,12481 11055 8997 2009 1173 1174 2635 5024 10497 5413
4741,692 5197 4465 12386 15082 15083 11366 14145 12340 14136
4742,1655 9682 5384 5383 2438 5385 1939 10007 14489 1663
4743,14404 5786 5787 7000 11366 3177 3178 15228 12667 8377
4744,14563 12465 13350 13943 12468 12467 35 9603 11077 867
4745,14565 14564 4756 10200 14487 15180 13511 5019 15074 11026
4746,13838 14213 10591 12340 14214 13056 692 15086 13050 3841
4747,2893 11768 1001 9968 1002 6703 10818 11057 1011 1776
4748,14566 3841 14543 11884 13056 11883 9300 15007 10591 7678
4749,13896 13897 15195 13894 1858 14285 13895 5666 692 9492
4750,14316 383 8677 692 13766 12253 5070 4497 4759 14570
4751,14567 6583 6582 13058 6584 2013 6581 6044 692 6046
4752,14268 5226 11630 8454 12536 11253 14132 14111 14181 14819
4753,14569 12339 8250 2273 14575 2263 12338 6581 14574 14492
4754,14570 14316 14241 14244 14251 14248 14249 14250 14247 14246
4755,3180 330 6036 10709 14415 8669 12305 11302 7337 5610
4756,14226 14464 2887 5689 8477 7450 14571 13878 7449 14225
4757,14573 14572 14964 12340 8250 692 14569 259 12386 13558
4758,14575 6581 14574 14492 14009 8250 12339 14238 14688 14569
4759,13558 692 8250 12340 14964 14569 14572 12386 14573 14575
4760,14209 14596 14595 13680 12440 14286 14458 14213 14285 14214
4761,14082 13172 2501 13174 13173 2657 10715 9214 11963 8138
4762,14577 14576 15277 10741 13513 13074 5344 451 14434 1880
4763,11883 2391 12025 11884 15163 10011 12651 9055 7678 6784
4764,53 14578 12877 14825 14510 7124 14826 15163 14320 3055
4765,13192 7944 2230 14128 10653 14344 14232 7942 9341 8256
4766,14579 101 14503 15189 14615 15233 11632 15270 14690 7223
4767,10382 8591 10383 15028 15029 2325 117 12875 3662 9200
4768,14582 4755 4434 15099 6951 12537 14451 14587 12669 3877
4769,13999 7351 9202 15133 6618 12991 2899 12564 7352 9698
4770,6797 10115 6795 8128 5564 4594 11858 4641 14822 6796
4771,11947 11426 11948 11205 7755 844 11427 6269 4644 3838
4772,14583 14584 12427 11458 113 14585 14049 15273 15274 11473
4773,10035 5620 5380 1889 5612 5621 5615 5619 5617 1297
4774,6181 11622 908 9804 3823 8605 10446 6483 6180 13892
4775,12318 6885 12709 6884 4924 9891 8044 4554 12317 11576
4776,14319 3190 11048 426 6022 10797 8760 5624 1170 1343
4777,4755 14451 14587 14582 5559 15099 13361 15167 13306 8545
4778,7556 12648 13946 10407 10456 11426 14234 844 10696 13914
4779,9793 5998 2741 15152 6416 13574 2742 14562 14323 14007
4780,7648 12892 8688 14039 13655 10253 10254 8686 6748 12520
4781,8164 15238 4605 4133 13665 9852 7016 11787 15126 10098
4782,14281 7639 7853 6520 8575 13457 10810 13365 7855 13170
4783,13726 12216 8410 12215 5964 5707 9806 12217 12214 10148
4784,13653 11781 14365 15197 5923 11177 11245 12846 13070 2627
4785,12612 2636 12092 13974 13969 8545 13975 11191 14600 1996
4786,5226 11366 14268 14477 5267 13885 14488 14486 14404 13895
4787,14110 9022 9021 9023 11186 14111 5329 9011 11630 12673
4788,13828 2650 13830 13829 12536 11872 6487 12303 6537 8373
4789,13885 12850 14488 5268 14506 11366 14500 14480 14456 12298
4790,11366 13885 14488 12850 5267 5268 12298 13895 5266 14497
4791,12981 7402 13679 12055 7272 11647 7568 3265 14845 14738
4792,14589 12772 12152 4084 581 12781 7386 9675 10677 11720
4793,1475 5345 11759 14844 12535 13336 11965 13318 13038 11880
4794,8324 5 5814 12093 5759 14453 13936 1128 8323 5742
4795,3720 6984 5525 15092 14957 3893 14958 3986 12829 11582
4796,13885 12850 14488 5268 14506 11366 14500 14480 14456 12298
4797,13079 1949 8580 13078 12512 9060 13080 3800 2016 11366
4798,726 8590 8589 11405 14511 11212 13852 14199 8562 14996
4799,14591 11405 14512 14200 14711 14136 11402 11403 13286 14145
4800,15129 5929 4424 2951 13806 13804 8736 13513 13017 13807
4801,9106 14592 15252 14821 1605 14822 5383 726 9594 740
4802,13336 3677 8832 8334 1475 5345 12535 7751 7750 14844
4803,553 13737 13262 13681 13365 14538 366 11384 6622 14889
4804,7941 4351 6004 2415 11872 7942 3993 2599 8893 8889
4805,12838 8832 11880 11877 4074 12535 13336 12837 1475 905
4806,9555 14593 13617 12928 3582 2978 14730 3585 14976 3894
4807,14594 2847 5729 6162 6781 8206 8204 6097 14733 9828
4808,10820 4016 11188 6105 12633 11365 11473 14055 13699 714
4809,2152 13618 13435 3542 1805 2305 11809 8852 12233 4756
4810,11405 726 9106 14512 14200 13852 14711 14199 14136 14996
4811,11405 726 9106 14512 6719 14200 14711 13852 14199 11367
4812,611 593 275 15020 4321 6474 8558 11936 11939 2808
4813,14301 6654 12556 14302 14097 14096 10392 4997 13429 5428
4814,6687 7689 9655 8059 3672 4169 9650 3182 9656 1707
4815,14596 14595 13680 14209 12440 14286 14213 14458 14285 14214
4816,8999 15148 14595 13680 14596 11185 15248 14690 14951 14560
4817,14597 13013 1485 1483 13012 11549 15190 15249 15068 15067
4818,13201 2822 405 12426 2614 11878 2742 11110 2820 13202
4819,5998 15152 2742 14562 13327 2614 14323 14007 2820 13339
4820,14598 4550 13417 4151 13420 617 13418 11911 9287 12567
4821,3046 13561 13453 13578 2614 15152 14599 5998 3463 1534
4822,8397 6488 6118 8574 14275 9365 1746 1127 626 5131
4823,12949 14600 1996 13815 11191 1997 8629 10083 14372 12092
4824,2412 7341 2291 13606 13607 9051 14417 11759 7848 4090
4825,6702 6147 1989 13645 4946 11017 8070 8670 1491 3685
4826,3237 11440 54 11444 14049 2031 1988 2566 10542 7564
4827,11388 14450 9825 9150 11389 12988 3656 11129 6558 13123
4828,14602 14601 5182 12163 4773 7765 4418 9582 12776 308
4829,14211 14214 14009 14213 13736 8020 15169 13050 15086 7083
4830,14603 5415 7158 1496 8798 7159 13012 5004 10890 15023
4831,14605 14604 100 14080 58 15287 7324 8802 1131 14980
4832,14606 10252 12235 10250 5678 13688 13689 13687 13686 6841
4833,6622 7352 7351 7350 10609 10610 13892 8239 8264 7349
4834,9921 2574 13042 570 181 7285 10020 2506 7758 6907
4835,14607 3365 9399 9342 725 9350 4192 7908 14307 2129
4836,3242 705 11260 12941 4568 989 2930 11259 6563 5862
4837,14355 14608 9910 3663 1538 13632 4454 14356 12762 9802
4838,2441 12762 12761 938 9880 3663 9879 1538 966 14608
4839,14223 14610 14160 14222 10121 10266 14415 14106 6346 9935
4840,14611 11807 10261 3000 195 10857 11852 10753 10886 10263
4841,8059 10151 1926 9650 7434 11701 4668 1937 13763 12136
4842,1268 7106 8967 11621 10867 10870 13762 6174 13880 10251
4843,340 7698 6817 5631 3196 10618 13437 931 11738 8878
4844,12786 13233 12380 5194 6351 6995 13357 10207 1741 13234
4845,6917 10539 2464 291 9479 130 10159 6882 5312 10550
4846,14613 14614 7586 13205 280 2592 230 6481 12522 9944
4847,107 8074 1216 14297 821 5512 634 14406 601 5490
4848,12028 13577 5261 4439 3410 1480 13268 7647 5911 14997
4849,6572 6570 10790 8071 7389 4363 14884 8494 13693 6355
4850,488 13603 6339 3266 12044 10884 5410 495 10054 15007
4851,12316 1944 3350 11717 11094 10486 11096 8545 1997 11095
4852,145 786 1047 167 13369 14792 15076 14296 9227 6575
4853,14617 3228 379 11429 10780 13973 3227 3229 3232 3231
4854,7051 658 4260 14260 466 794 11361 169 659 13487
4855,7802 7803 6146 12081 2728 7801 14384 10745 5899 11769
4856,14367 5106 5105 5104 5103 5102 5101 5100 5099 5098
4857,6809 10814 9757 3442 4132 9753 4688 9756 10098 7404
4858,8892 8893 2599 8889 8888 8896 12406 5372 8894 6996
4859,4668 11566 10151 4561 7704 2432 10842 8842 10147 10154
4860,3972 14544 12785 8902 14317 1537 3274 5607 3275 3583
4861,12044 5410 488 3743 11289 1518 15265 8515 5411 13603
4862,12845 651 13264 3213 10484 5438 10594 216 10477 2838
4863,14619 14618 14550 1702 2262 12421 1409 5351 3916 14547
4864,14621 3956 242 14620 11213 7230 7164 12580 104 6762
4865,1910 2310 6467 12602 9995 5557 11165 3510 8602 14622
4866,13556 10911 4599 13212 13557 14762 13111 15016 14546 1315
4867,8325 11265 13826 4902 2716 2287 11264 1276 12280 4809
4868,14623 4670 12296 13759 12135 3410 7999 6773 1602 7939
4869,14624 5252 12594 9813 14232 1129 9426 9960 2613 9814
4870,2061 364 12568 13039 3213 3872 9694 12051 11561 11562
4871,11878 11110 2822 13201 12426 10179 1535 2814 13453 2820
4872,4861 690 7875 14224 9255 14893 5514 11405 14903 2629
4873,13611 12311 14076 12253 14783 13000 9101 14075 14077 13995
4874,5289 6108 5338 3547 1053 5339 2673 6112 5358 6113
4875,14625 1365 14626 14640 11419 9140 12653 12399 10197 6385
4876,10484 13132 14970 14616 9430 12845 14329 8408 13018 2956
4877,8200 4575 3916 4741 14619 3182 14486 12134 12372 14618
4878,14630 14627 14629 3787 14628 12170 12814 1801 3680 10694
4879,14632 5887 1585 5986 7233 1893 6263 5836 8515 5237
4880,634 14297 8074 107 9706 5488 5490 10304 6689 1216
4881,9292 6096 1262 1264 2451 7886 7887 6559 13417 1548
4882,7580 794 5488 7577 7578 7579 8074 5490 7051 1332
4883,10424 5062 8453 3026 12043 6953 9592 214 5082 6223
4884,6118 8397 14275 1746 6330 3980 2256 12606 6488 7852
4885,14635 7359 5481 4956 7430 8737 9443 5484 5470 5469
4886,14636 5740 7232 10968 3765 3272 3271 3270 11550 6157
4887,14637 10507 15196 586 10834 5986 10633 11259 882 10833
4888,14638 11315 11306 14572 14238 12626 14260 13559 14964 8374
4889,4850 1282 5351 8195 3500 12847 1905 12084 7051 12087
4890,8063 1572 7388 4319 2337 2332 587 3153 3192 10552
4891,14639 1102 73 4416 2704 2748 14839 14686 14841 1306
4892,11082 4507 11252 3483 8224 6438 6442 6441 6178 6440
4893,14625 14640 14726 9436 7085 13457 13459 14626 1365 5093
4894,12696 2795 10242 12695 13907 8213 14769 3573 13065 5578
4895,6687 9650 9655 6187 8059 11406 6528 9826 7689 13358
4896,14641 10344 3009 2404 10345 12899 10346 717 4421 3005
4897,3749 10737 1029 4907 9912 10459 11848 14284 9523 10498
4898,2943 11323 2116 9089 7836 1047 7708 12309 2944 2158
4899,611 14621 15078 3214 11483 2296 3956 242 15020 11484
4900,8434 7822 83 6054 8432 8433 8431 601 602 603
4901,9540 11569 365 10199 7427 1828 2875 15017 7554 9534
4902,12652 14611 224 4120 8898 13036 223 221 14520 222
4903,10126 6868 476 870 2739 4862 10017 5266 3811 12428
4904,11366 692 12386 14477 5267 13895 14479 13885 14486 14488
4905,13162 7986 13069 13691 9128 7851 8657 8751 6482 8035
4906,1660 3945 15096 4419 2824 1328 9278 7552 10789 15229
4907,7683 7996 11134 10181 10573 7763 347 11836 323 3930
4908,13017 8572 13016 14979 12325 3488 5415 11316 13015 13012
4909,10193 9535 10857 3074 3688 3846 3667 1003 2891 1866
4910,9397 2938 12852 7348 9396 6436 9884 4771 3253 6688
4911,10883 12433 10915 8724 6913 9902 10547 7371 1018 549
4912,8047 8243 7397 5027 5083 3624 1083 1812 10045 10665
4913,8363 14071 11200 10456 8102 10789 8543 11163 11717 11980
4914,7691 5408 2821 5406 8098 8058 11157 7694 2819 5746
4915,1354 11777 2378 1357 4144 1355 8476 4143 11703 10366
4916,14644 14643 14642 13739 12650 8507 13602 3259 8576 9698
4917,5711 8341 4577 13342 6511 2808 192 4633 13632 3905
4918,3443 12376 3003 10246 1136 12757 4689 14751 7215 4690
4919,232 7196 7697 229 2829 7195 985 162 7191 668
4920,1474 12295 5958 6592 1656 11760 6380 5015 6383 11196
4921,13314 5570 8713 13144 8316 6415 10731 12820 6284 10880
4922,14638 11315 11306 8374 12626 13559 14572 14238 13558 8373
4923,169 10832 12094 2748 260 2133 7051 2261 712 13531
4924,14646 5780 14645 13919 5781 14304 5779 10441 14656 5382
4925,10840 11316 3510 8591 586 1485 13013 3149 11662 4236
4926,14650 14649 14651 14648 14653 14647 5670 13523 7082 6465
4927,4726 2472 6434 6263 8052 8053 117 5004 6848 10502
4928,8838 5498 3241 10281 8570 8964 12132 2187 9133 1661
4929,12840 10672 11849 12103 11836 12034 3662 14017 9808 10157
4930,9373 3392 9374 3888 3393 7234 8977 12226 555 3394
4931,645 14853 6823 6477 8561 5866 14986 639 8836 14997
4932,578 6849 10267 3877 13542 7453 6002 6336 10764 9546
4933,14654 14862 692 5104 5103 5102 5101 5100 5099 5098
4934,14309 14655 13186 15091 14015 14029 13660 13717 8730 1533
4935,14645 14656 5382 1655 8298 1094 5384 8372 13823 4601
4936,14139 2745 13540 13187 2743 2822 2816 2820 3465 2614
4937,13201 2614 11747 13330 3262 13202 12426 2822 1323 11627
4938,9786 13425 1535 4516 12426 405 13453 6866 2814 11878
4939,2741 4515 13628 13271 6416 2742 13323 8905 13324 13629
4940,2614 2742 2820 1326 2743 15238 360 2822 13201 14139
4941,13850 10730 14856 5998 1529 1331 15152 11256 13578 407
4942,2820 1529 15152 5998 12426 13578 13188 14599 11418 2364
4943,14657 4516 626 12426 1339 1535 11524 13452 14127 13479
4944,13330 2614 13578 10963 1529 11393 1323 13931 15152 12511
4945,11393 2614 13578 1529 15152 14323 13453 13731 3464 15224
4946,3602 1752 14729 2699 14423 14422 7139 10931 14091 3043
4947,12911 14315 11261 14316 13431 1632 13904 13310 5516 3067
4948,14107 1493 1497 1487 10158 12016 5137 1481 1489 10550
4949,12440 8693 14286 5498 9242 1262 1979 14285 9989 12133
4950,11254 234 235 13850 2959 1618 14985 1617 1619 6716
4951,14659 3894 14043 14658 12480 5559 13020 12366 5565 7824
4952,10245 665 1160 3369 5206 11731 8604 10430 11238 1161
4953,9799 14660 259 15242 924 5094 5095 5096 5097 5098
4954,11079 2901 14175 5766 6060 5333 14104 9129 11709 11710
4955,506 1943 5573 1197 5539 6919 11741 880 4180 8984
4956,10491 13312 14284 14507 14362 14174 13986 13760 8218 14173
4957,3663 1538 14608 12762 938 8695 1539 7039 15016 2441
4958,14661 6517 9090 1194 4096 11608 9167 1069 10452 1243
4959,14662 14330 7249 6726 13854 7236 14183 15210 6353 11982
4960,2807 5277 12160 8313 8311 3171 1028 8399 13139 5653
4961,2078 9253 2249 2352 9693 2952 3192 8196 5814 10700
4962,8075 14663 11201 9352 3222 5808 1742 15245 10509 4974
4963,14139 9793 13260 2823 10410 13187 13259 1535 10411 13354
4964,12366 13072 14034 10407 6819 14024 12365 10967 11425 8698
4965,8363 8102 10789 14071 5370 8093 12171 8094 8092 5560
4966,14666 14667 13077 7276 8210 394 8133 12606 558 401
4967,5351 4850 8376 9590 12421 8195 14619 11143 13025 14510
4968,14668 12420 10528 10390 1479 6589 8872 4280 9215 13412
4969,2296 5452 2651 11483 7499 14127 5229 3824 13567 7684
4970,8999 15148 14670 11185 7121 15248 14690 14951 14560 15069
4971,10237 1085 11746 10235 3605 1484 8347 13894 10233 12306
4972,1806 13012 5577 1483 32 14419 14310 14311 9902 5415
4973,13722 502 1820 1732 347 4479 6825 10166 7683 7399
4974,3663 14534 13721 1539 73 3626 1538 3759 4305 945
4975,13651 13332 405 2820 2742 13423 13576 12380 1326 11955
4976,4818 11461 2754 1202 4061 4820 7723 9562 11462 2758
4977,5287 11357 13951 7172 12207 12285 12159 2108 7878 4462
4978,3222 10787 1734 15245 10509 8075 3893 2415 4974 5292
4979,3375 14518 6822 12132 9248 1854 6882 8286 4319 4994
4980,1347 3955 7920 10909 12286 4071 5910 8449 5053 7149
4981,4363 3510 467 1381 14287 447 1453 10547 10265 8722
4982,6068 13631 337 9829 13714 10666 8350 8348 6069 1292
4983,134 2333 6679 13402 12187 11042 11040 11038 1555 4174
4984,6836 3906 15181 5785 14278 13588 14452 4953 14279 8820
4985,11777 1916 7358 1915 10072 12874 2371 1913 1354 1914
4986,3222 651 6577 15113 216 15245 10509 8075 12845 5438
4987,13488 14673 9172 14671 13956 14672 11577 9174 13585 8833
4988,1773 7217 1770 1011 12936 1774 1704 5255 10807 10936
4989,9976 8555 8056 2710 14342 7405 11711 7174 6782 9233
4990,11366 14477 5267 10867 13885 229 13406 14488 230 14486
4991,3831 5829 9576 3339 4301 5214 4979 5213 10874 5220
4992,11419 14626 9140 12653 12399 6385 10983 12490 13799 1365
4993,14674 14470 14490 14886 14417 14142 11217 7719 13053 13949
4994,12574 1880 6868 15147 14887 5678 10741 10965 14717 13074
4995,13055 7397 10452 8705 9469 1574 9186 6642 5299 9314
4996,12185 7400 10305 7330 11935 12336 4813 9493 10249 5596
4997,4062 4063 14236 9853 11120 5876 12657 14753 1769 13111
4998,13640 6785 6244 13798 12082 9856 4674 9306 10716 13846
4999,14676 10077 10266 14675 8754 8815 12852 10885 5610 10340
5000,3271 3270 3272 2794 5740 3269 3955 6872 9305 2362
5001,3549 7415 7416 5145 5790 6477 5968 11589 11074 2988
5002,10626 6432 1778 2372 11808 14347 2375 9851 4609 13483
5003,13236 10808 14677 5685 8680 7108 1712 5444 12757 12913
5004,10844 10845 13666 12676 12677 13703 13001 12645 8085 13000
5005,12375 12374 13444 5843 10367 12145 5847 396 13789 2997
5006,14680 611 3909 4848 14527 2750 14132 2313 8995 15020
5007,14681 2011 2010 11252 11251 13684 11370 11368 6110 642
5008,14265 14064 12472 6540 9826 3425 5781 9806 3889 6171
5009,14145 11188 10084 4053 11365 6105 7227 10081 10080 10083
5010,13983 11386 4624 13450 5844 4611 5537 13911 4615 4619
5011,3863 8181 290 1451 5988 3861 11023 6104 5992 5997
5012,2875 12259 12261 6067 14682 5857 1705 15049 12146 9540
5013,780 7339 10929 7736 89 2363 7735 7737 11116 2249
5014,14684 14683 10524 13307 8427 12911 10809 12172 12978 14413
5015,14121 5623 12621 14258 5398 1834 3989 11904 1811 2994
5016,14579 53 13513 10820 15277 10330 14577 14576 15163 14578
5017,14685 10821 13559 13928 12575 13558 14259 4073 14859 9946
5018,8999 11185 7121 15148 15069 14406 15248 14690 14951 14560
5019,13692 10951 3069 13688 13689 13034 13687 13686 6841 12235
5020,5210 6786 10798 7139 2227 13276 13277 14534 6444 1132
5021,10591 4313 1765 13056 6603 3841 13606 198 7380 14519
5022,10839 13637 8471 13027 13028 11398 13636 6610 12432 2166
5023,13231 5123 13716 274 9667 9890 8659 7248 986 1986
5024,14687 9511 6202 15146 10836 10834 10833 10835 8221 10124
5025,6836 12886 14452 8190 13884 7954 14579 13335 8189 59
5026,10384 14688 14689 6581 14887 5595 15254 14905 14914 14543
5027,14690 8999 10715 15148 101 14875 11185 14702 1351 7130
5028,14691 11397 14492 5788 5708 14949 12950 6489 14575 14227
5029,11962 4532 10516 1697 11961 12276 13020 12337 1752 10596
5030,14694 14539 7229 14693 9486 7244 11932 9244 14393 15199
5031,3969 5612 7176 3455 5950 1292 3968 5620 654 3970
5032,14695 8348 3117 7487 11159 10620 8863 2753 893 1684
5033,14696 14697 12134 13899 14887 12574 12101 14976 12850 10977
5034,14698 5106 5105 5104 5103 5102 5101 5100 5099 5098
5035,14699 6191 1186 664 1436 5059 14709 5466 12536 6195
5036,14700 15289 11045 5093 5094 5095 5096 5097 5098 5099
5037,7554 6323 9753 13270 7091 4688 9756 4132 9540 6809
5038,2834 5789 2129 3818 3815 71 2338 4095 2532 3607
5039,14702 14703 14220 14100 10715 8376 1351 610 106 14929
5040,643 12546 13571 2428 642 639 644 645 638 4111
5041,8334 13336 3677 8832 1475 8329 8328 8331 8330 8332
5042,611 2073 2075 15020 2072 12714 11936 11939 2074 11937
5043,14705 14707 14706 8428 13430 7545 14704 1885 10906 3805
5044,12340 14572 8250 13838 14964 692 14573 14569 12386 13558
5045,14708 12565 9845 9251 7205 15046 9847 14739 9143 12470
5046,14646 14304 13919 5780 14158 14140 14141 14157 8734 12020
5047,14710 12886 14709 11189 8576 12269 7945 11865 8944 8640
5048,10441 14316 11384 6484 9113 14570 12065 7573 12898 14315
5049,11148 101 14547 11563 2498 1696 5003 8272 1695 14923
5050,14136 11405 692 12497 12386 14145 14512 11402 15230 14200
5051,14711 1627 11405 1628 14512 14200 14591 14136 13286 14145
5052,14538 12850 12134 14264 14973 14938 8200 13899 14887 13885
5053,6202 2556 11574 7438 11241 10836 10834 10833 9511 13894
5054,14163 8999 15148 14668 14612 15079 14559 14547 15233 11185
5055,3464 14712 11109 10179 1166 13348 11111 13661 2820 13731
5056,4020 6411 2748 3049 2318 753 13923 12213 3032 11593
5057,14511 11134 11089 8589 8590 1337 4939 7683 8779 5798
5058,3457 5459 9943 9979 13139 5454 3770 8399 1104 9820
5059,8042 3002 11895 8730 11894 8031 8478 9198 7078 11893
5060,14295 5721 12668 11671 14310 2320 502 6088 14298 15118
5061,58 15285 11126 14824 14980 14742 14163 14605 14604 12427
5062,14669 2360 2358 113 9367 2438 7140 10664 10455 10457
5063,3266 11924 10884 488 794 3218 10100 6870 1686 5743
5064,14587 7 11717 1134 9374 11425 13367 2614 9373 9649
5065,14227 11654 10200 2930 7012 10625 10102 14487 11260 11259
5066,6527 5087 3216 8963 6530 5086 5095 10597 10598 10600
5067,11958 7385 7996 3833 2261 370 10294 3811 3613 3050
5068,14319 8747 8760 14052 13851 14053 7781 11258 14054 4336
5069,11144 11303 11129 3753 12362 9442 3114 9325 9326 9327
5070,7960 2607 7961 10233 3624 6400 3725 10235 10231 5950
5071,6331 6327 2059 15127 12200 12090 12089 6844 7782 6328
5072,14715 9557 5161 13690 2409 14012 8024 10636 6472 13265
5073,14416 14440 4359 11137 7857 2830 212 4840 10783 13757
5074,11466 9088 10985 9030 12819 15185 5990 2111 8 4075
5075,11478 14701 14899 15285 10612 8367 8480 13310 7146 10613
5076,14108 10541 12668 14210 15118 5721 14295 6881 11671 2320
5077,2428 486 12546 643 10914 13571 9877 2602 12532 12531
5078,7396 2820 12426 13235 13325 7394 2364 7395 2742 13326
5079,14717 14716 6493 6505 13178 9661 14434 13179 6543 14141
5080,1670 14036 8780 13513 14718 14997 15277 10330 14577 14576
5081,10346 13485 7347 6754 2811 10345 10344 10094 717 2812
5082,11586 9660 2800 14413 11687 11688 7880 11305 11631 114
5083,7452 3903 692 12386 1058 15082 15083 14145 12340 10430
5084,12292 12293 12290 12675 12673 15253 12289 12674 13381 12291
5085,3542 7453 8303 7971 4210 2718 11063 2719 6336 3543
5086,14720 14719 4671 14721 7967 1351 1028 13947 1350 13215
5087,11355 13666 11988 12683 710 265 10254 11353 12681 11152
5088,8166 8167 10461 7784 2399 12934 13270 8476 12933 3083
5089,10027 1178 12858 9661 9807 7934 10982 14725 12846 13178
5090,13779 2050 14109 13777 13778 3491 13776 2728 10869 13678
5091,14722 7853 14281 7855 7639 6520 8575 10810 8136 10870
5092,10229 14723 13839 7712 14724 2726 7713 14527 7715 11983
5093,12846 14725 10027 13776 7107 3491 11245 13778 13777 11490
5094,14726 9436 14640 14625 7085 13459 13457 13458 13544 4338
5095,14728 14727 13796 10104 13769 7471 2992 12650 13667 6397
5096,14598 6503 8206 8204 1942 8205 8208 8209 5729 7172
5097,14410 12961 14409 13101 15235 15106 10180 12962 11790 15156
5098,14173 3387 14174 13986 14507 8218 13760 7522 9843 3388
5099,14174 8218 13760 14173 14507 13986 7522 9843 409 10491
5100,231 7107 13950 7568 5638 229 13988 13406 9190 14725
5101,13254 5387 14178 13505 13507 13509 13501 13494 13497 13491
5102,9718 14721 13215 691 9717 9716 8716 13214 9264 14720
5103,12055 12981 798 12682 713 4658 12463 4645 4659 10053
5104,1784 14437 3798 2436 2434 13840 11984 13550 13769 8887
5105,7057 11346 13723 1719 9235 2373 1011 4687 12333 9534
5106,14161 11249 11620 9857 7801 12159 14119 4731 7802 14177
5107,12854 2959 5818 13850 9024 15257 13939 13133 14138 13081
5108,1120 13396 11984 10244 10116 5249 13397 12948 8055 1119
5109,14730 14731 6614 9555 12833 12254 12164 14593 12651 6168
5110,12037 7302 5107 5105 5104 5103 5102 5101 5100 5099
5111,14733 9828 3469 5759 6607 5729 9126 13962 3423 10714
5112,14725 13116 12846 10027 13845 13776 13107 14176 2912 13610
5113,1863 7222 3077 10626 3079 6703 3078 14347 3076 9235
5114,13705 12219 3789 4404 8256 8437 8746 3512 12221 371
5115,12389 4707 13777 14169 13418 12827 5124 1126 12926 4706
5116,8649 12928 1846 13962 12927 10714 6173 5716 12460 10363
5117,13571 3977 9 1659 643 12546 2921 2915 11092 12044
5118,6356 9308 1321 7147 15017 6363 2998 1778 3002 12079
5119,7568 13988 12981 230 3862 13950 229 231 12343 13987
5120,14735 11486 1507 8778 2140 4284 1901 1647 2552 5147
5121,7065 3667 3688 7078 1003 3846 10193 3074 9536 9535
5122,10749 9853 2375 5690 9850 13111 2379 8982 1001 1000
5123,3416 11778 9237 9236 4141 1354 1355 13450 1358 4144
5124,13351 1532 5193 3464 11899 2816 1166 8808 4751 2614
5125,14736 2372 12332 4609 2375 10752 15027 2379 11347 10843
5126,4275 14737 10156 4274 4809 9448 6944 9823 11733 5793
5127,585 1204 873 2651 14158 14955 8189 9424 14896 15229
5128,12209 5690 9194 8167 12210 13785 2874 5876 9751 8166
5129,1001 7062 1002 6742 2370 9640 2374 11768 10854 10856
5130,11777 2371 2375 1778 1916 1322 12874 1321 1354 4060
5131,1777 1012 9640 1826 5876 8983 9194 6705 6364 9192
5132,11777 7093 7784 3083 10818 13683 12211 2371 13684 1357
5133,4693 1011 4687 7817 11387 4132 7818 4688 11386 5537
5134,14739 3435 943 3431 3430 3434 3432 3433 4309 12470
5135,14105 3843 11382 1826 2876 3844 5876 4416 3846 4063
5136,6555 8513 5447 6806 7554 15017 9540 5687 10199 11712
5137,10115 7179 13560 14822 10416 14821 11731 14592 10834 10833
5138,4327 6062 14096 2351 3589 5097 2281 9462 9461 14097
5139,11122 11121 6417 404 13344 1166 2820 1532 6351 9791
5140,1136 1145 7215 1146 2628 4596 9539 10751 5686 1722
5141,6660 14099 4276 6667 6662 6666 6665 6664 6655 3652
5142,9308 7147 12079 6356 12078 14445 12076 12071 12075 7013
5143,12082 6244 9682 6476 4674 13640 10716 6520 9805 8575
5144,13768 10108 13119 14742 7432 7869 6332 725 3993 5579
5145,8058 12483 14284 2821 10387 14362 11932 7691 5405 5408
5146,14744 2086 6284 2093 11003 12904 11039 3564 13144 8713
5147,12933 14459 12934 2869 5673 12932 7215 12935 5845 13878
5148,14745 4037 4035 2880 13380 13426 4039 10071 673 8983
5149,14748 14749 14747 12807 14746 10568 12942 10570 14750 5668
5150,4035 673 10073 1316 13426 4036 13982 10817 4037 10071
5151,643 12546 13571 2428 639 4111 642 12044 2287 9657
5152,101 15233 14690 15270 14898 14579 14407 15013 15007 13603
5153,14751 7817 10246 12376 1011 12757 9625 1862 4407 2882
5154,9195 4403 11691 7080 11724 13519 12917 7426 1013 10818
5155,12846 11245 11490 14365 14725 10027 6090 13776 11489 10449
5156,10316 13760 10110 13407 14174 4803 10111 13986 14507 8218
5157,14062 2730 3091 14061 14059 14060 273 6852 2896 316
5158,12833 6614 12848 14730 5467 5468 14731 7913 2927 12835
5159,13573 1354 4138 3846 11528 1866 11578 1003 12656 13621
5160,14752 14352 10560 12439 13642 13643 7264 13176 13741 2840
5161,5399 12300 12892 12520 10971 1933 12299 6748 12682 2842
5162,12657 4062 14753 4063 7015 7014 8708 14571 14236 6361
5163,14527 14723 7952 14754 3861 1181 275 13121 7715 10229
5164,7426 1317 11724 4687 1777 4316 2996 4132 4688 9195
5165,4851 1837 7936 11711 710 6174 7947 1222 7948 1268
5166,11712 14281 8135 15026 8136 4273 9826 2301 10867 8409
5167,11620 14161 11249 13617 12520 14119 9857 4731 7801 12159
5168,14752 10560 14352 12439 7264 13642 13643 13741 12522 7940
5169,1002 1001 9174 3083 8476 9173 11703 11002 8932 10191
5170,12764 10293 67 12169 5722 8142 11916 11949 11130 415
5171,10035 5620 8025 5380 1889 11357 5244 5708 6131 7342
5172,14756 14755 12503 14707 15031 14706 14705 8428 13430 7545
5173,5669 9665 5671 1917 1914 4608 1915 13565 1913 9526
5174,9124 13881 11660 995 9123 6158 13882 704 5938 11661
5175,9952 9950 9949 9951 1344 9948 13833 8382 13835 10899
5176,12379 2858 5954 6939 11117 12380 9438 5511 2854 2861
5177,13548 6589 13970 7532 13972 12035 13549 9126 14674 5964
5178,6048 1547 11589 3549 6051 6050 2054 3745 5073 4366
5179,3429 1119 8016 14266 3427 5248 15070 15186 3428 5247
5180,8526 9784 4515 2614 1532 13354 11755 2365 14359 15153
5181,13667 10104 5975 12985 5890 14728 14727 13796 7255 12622
5182,6748 12682 12892 1561 15267 266 12055 5399 12679 12681
5183,14759 14758 14760 14761 14270 9758 12078 4614 9753 9757
5184,14394 9127 9659 1947 11344 7259 12693 14185 1560 14187
5185,5687 2618 11107 9534 1011 10899 10199 1729 2620 1730
5186,13557 13556 10911 14762 14764 14763 3486 15106 11273 15156
5187,1011 6360 12895 5687 9534 2893 7964 10192 14751 13983
5188,1498 5219 315 11038 9286 8577 880 14868 4939 7439
5189,5254 8593 4755 9075 13814 7321 14023 2746 2665 7748
5190,13318 14664 12328 11965 9465 4719 11246 11247 4591 645
5191,6940 12740 12495 10262 8489 14402 2837 1630 2604 14262
5192,13000 12311 13995 12253 13611 14796 8544 13001 12677 2636
5193,14768 14766 14767 12317 9891 8044 4554 12318 744 3111
5194,14770 14769 13907 9558 5578 3896 4594 10242 4654 4738
5195,14665 14773 8757 14772 12182 13996 12274 14451 13433 6099
5196,13003 6136 7309 7563 2787 6139 2793 13064 11202 4883
5197,14774 5106 5105 5104 5103 5102 5101 5100 5099 5098
5198,13032 11943 10343 6626 13714 10001 11029 8003 10592 1293
5199,13714 337 10666 3961 11732 6068 13631 8348 8350 1292
5200,11429 14617 4766 6576 0 14664 7248 4719 1993 4924
5201,9575 13019 9572 13463 13822 11095 4715 12618 14797 13064
5202,14775 10696 13019 4654 13945 14234 3896 14769 8087 13907
5203,10696 9077 8487 9076 9078 6824 13945 1536 14234 13914
5204,13402 11042 12187 11040 11038 134 5409 12971 11039 12970
5205,13816 14776 6672 5564 2439 11858 12208 3878 10685 10687
5206,4056 13944 4058 2665 13818 12268 8214 12183 13451 3572
5207,13400 11980 1134 11717 11163 12003 14071 12311 9374 1884
5208,1997 13818 12092 8594 1996 12612 12949 11095 2668 11191
5209,5328 5327 5330 1882 14370 5326 3482 9074 5329 13382
5210,1130 8814 8813 14600 12003 2665 9610 10916 12964 7565
5211,6824 5324 11365 8487 12480 6002 7395 14782 11188 1743
5212,13 8096 9759 5254 12314 1298 8095 13382 4565 15
5213,14587 13461 14779 3380 10872 13463 11715 12184 4715 13818
5214,8211 6268 13927 5556 9112 14019 14658 4657 5409 15089
5215,11427 13 13740 9759 14782 1743 844 8096 12065 13307
5216,14454 1883 9026 8631 13256 6099 12969 14496 14022 11151
5217,13461 13975 10975 8903 5222 12993 9573 13974 10977 13463
5218,14066 14769 13019 14781 14770 12967 13907 14795 13822 6101
5219,13114 14780 10085 6139 13917 12614 13900 14515 14797 11208
5220,13432 1884 13247 13246 13433 14031 13424 13608 12997 13532
5221,14782 5564 13816 2795 5566 1743 5565 13740 11858 5563
5222,14453 12093 13936 1128 5 12274 11844 14454 1743 12969
5223,1883 14783 13900 9015 9026 10917 12091 14076 12999 14075
5224,2086 9077 14744 14784 2093 9076 9078 11003 11039 1536
5225,9083 5565 4643 4642 5566 14659 4644 12366 5564 5563
5226,5407 14392 11187 13929 12997 14785 1884 13246 10976 5406
5227,6099 13433 6101 12997 2095 1883 14031 6100 13532 14665
5228,14026 2664 4064 5326 13307 5328 8095 6269 5327 3670
5229,13567 6333 2830 7694 7695 5346 4282 13616 3861 11033
5230,8102 14373 5258 13907 14769 8363 5578 8099 8100 8093
5231,8389 5413 10497 14787 12481 1369 9606 5024 8210 12922
5232,9576 10874 3831 10873 14516 13820 14234 4719 14412 13914
5233,13954 5253 293 14985 5732 11254 13681 9407 12624 4398
5234,14454 12969 12968 12970 12971 12967 11038 12129 1129 1743
5235,14035 13383 14788 8617 14784 12601 7443 13780 13720 8594
5236,14779 13974 10872 13461 4715 14587 12618 13067 14516 9027
5237,13900 14392 14783 1475 7746 14377 11284 8416 5345 12091
5238,13399 14789 13527 12998 10918 5517 3896 5634 1886 8416
5239,5327 3482 1882 5328 5326 3568 5332 7562 12695 7825
5240,13822 13019 12963 6139 1636 10086 13720 9079 14781 5559
5241,8488 13612 7188 14305 2637 13037 13611 8964 9762 11919
5242,12182 12274 14772 8757 13608 13020 2805 4643 14665 14773
5243,9576 12618 4715 12999 11191 13067 14783 14779 10874 2793
5244,4594 9558 14770 6795 9559 9560 4644 4642 4641 12328
5245,13531 14780 14515 14034 11096 14233 10978 13780 12094 14042
5246,14089 740 1351 636 15273 15274 1350 14348 6331 14979
5247,13781 12331 14018 9708 8759 8100 13703 12676 11128 5472
5248,13304 9353 13529 6139 9772 12977 9649 9352 4814 1953
5249,14794 5106 5105 5104 5103 5102 5101 5100 5099 5098
5250,14787 13099 615 5377 13100 5785 13118 5375 5413 626
5251,6101 8757 12182 14795 12274 14066 14781 1294 6099 11941
5252,11096 3480 14369 13917 14370 14780 9034 14468 1997 8244
5253,8544 14796 2636 12647 13995 11206 2989 8545 2988 12068
5254,14128 11210 5374 14444 6115 11209 9111 11247 11246 13431
5255,14797 7443 14515 12614 8101 9575 1074 4715 13780 13383
5256,4714 12601 11202 13974 13969 13975 13383 14788 2636 14035
5257,8545 2636 12316 8543 12612 8544 5559 13974 12601 13969
5258,13608 13432 12182 12274 13424 8757 13609 14031 13433 12275
5259,13946 12648 2789 11472 13073 14234 13072 7556 13071 13914
5260,5332 6788 6 5331 3482 14164 7701 4713 11187 10080
5261,13974 2567 6788 13969 13975 14779 14164 12601 4713 2636
5262,14399 9896 5349 6094 2833 3113 7916 10322 903 9077
5263,5565 4644 5566 4642 5564 8634 5563 14659 844 9559
5264,13486 11543 13916 8759 12066 11211 14798 11093 14231 2792
5265,6101 6102 6100 9025 13247 13997 1999 9948 6099 4664
5266,2611 2612 2613 2610 10036 14041 8592 7556 9426 1129
5267,13059 1166 404 2820 12745 3464 11122 9791 1535 11121
5268,13731 2614 1529 13578 1324 11393 11052 12742 3464 3463
5269,3465 13578 2614 6417 1323 11122 2820 14324 12098 15257
5270,13326 14079 14457 13333 13327 4515 2743 12747 13624 1532
5271,13708 13052 14053 405 5998 11112 14052 15152 13851 8312
5272,13650 407 10730 6868 2817 15152 13628 13850 8727 5998
5273,1325 14326 13323 1535 1165 4330 1531 13625 1324 2820
5274,405 12826 14512 11403 12475 15164 14383 12502 2820 1323
5275,14800 2614 13854 8731 7249 13578 15152 14323 13453 11393
5276,405 1535 1166 6113 13186 13244 14015 1475 2820 8730
5277,8526 2817 8727 12426 11755 1165 1166 13524 2820 13932
5278,14801 14912 11899 13453 11052 1525 2814 13332 2820 405
5279,1165 11112 6989 2742 8312 1532 14150 2820 13352 13325
5280,13201 6351 2822 405 6417 11112 11122 11878 1532 13232
5281,2741 9784 1165 2743 2742 6416 13354 9793 6996 2738
5282,13202 13232 13201 13518 2822 1529 2820 12426 2742 8907
5283,2614 13201 1323 2822 13352 13578 3465 11878 14139 13562
5284,14599 11051 13347 13346 13005 13717 6352 13323 6001 8906
5285,14802 13730 14308 13245 8831 14124 13128 13357 6350 9115
5286,13327 8732 2614 2816 1166 2820 2742 13578 404 3465
5287,5998 15152 1532 2742 2614 14562 13329 14323 14007 13201
5288,5998 15152 1527 13315 14007 12905 14562 14323 13339 10730
5289,2742 13661 12742 2820 1165 2815 13648 2614 3465 13327
5290,13325 13659 13235 2742 1165 13327 13233 6351 5999 13622
5291,8301 11899 2820 1532 405 3418 7146 1165 8311 11931
5292,13625 403 9791 2820 1165 404 12426 1166 6867 13422
5293,2742 1532 6417 2614 2820 1165 2743 11122 2741 3465
5294,2742 13717 9791 1165 2743 404 1532 12426 13187 13625
5295,8730 13187 404 5998 1535 15152 6996 14015 1166 13624
5296,6416 1166 2741 1165 4515 2820 2742 3464 2744 1535
5297,14803 11822 12070 4514 4791 11111 6990 15153 11897 13321
5298,6416 2741 5998 15152 7395 12425 6120 3046 10207 2742
5299,9794 13188 1532 405 404 1166 12426 11122 11418 9793
5300,13727 14804 14327 10260 8828 13423 7767 13651 12745 1326
5301,2820 4516 1475 5345 1166 3465 2742 2614 14127 405
5302,1532 12425 13336 405 2835 14138 15153 11122 15257 9784
5303,14805 13315 11555 10056 12820 12854 14323 8362 11747 11231
5304,2741 9784 11112 14806 13333 13344 7395 8312 1475 6416
5305,2741 6416 7395 6120 3046 10207 12425 2742 11365 11881
5306,2741 12425 6416 13561 7395 10207 2742 6120 3046 11365
5307,15152 5998 1529 6416 2741 13578 12426 4516 3046 14562
5308,14807 405 13562 1323 1168 14015 2820 12008 362 8730
5309,1532 11754 13188 8828 14138 12426 15153 11122 13329 11121
5310,11555 13315 14805 14323 12905 8362 10056 12820 12854 12906
5311,2741 2744 6416 6352 13561 13344 13331 13578 7395 12746
5312,11041 10062 13834 12748 8057 15120 11219 10063 11218 4447
5313,14808 538 4844 4840 4839 6820 536 14416 2811 529
5314,14808 538 4844 536 6820 529 531 526 535 533
5315,12885 11355 11288 710 12035 13593 11353 10863 11287 1415
5316,14045 14809 6789 7824 14043 14046 13342 10012 14975 14031
5317,13593 12885 7208 10863 10092 11270 13591 12886 9936 6123
5318,4844 6820 14808 538 536 9656 4839 531 578 535
5319,14007 5998 14323 15152 10127 5189 2614 12905 2742 14562
5320,5744 5325 10432 12822 9467 14804 11953 9773 11069 13722
5321,12667 6005 13373 13753 12666 2308 8479 1995 3403 12087
5322,2614 14196 12905 8108 12906 13578 14007 15152 3465 2742
5323,14590 8110 3551 8108 2614 13578 14196 15152 8109 11393
5324,14330 12820 14180 13409 12821 14195 5998 15152 4447 11098
5325,3771 5036 11711 14693 14393 11402 2678 11982 6930 11401
5326,1617 1618 1622 235 234 1752 1621 9694 5070 1619
5327,11790 10180 12962 12961 14322 5177 9667 10064 8523 8484
5328,12823 7486 6129 9533 14154 4932 7473 10059 7476 6669
5329,11871 5615 8226 6942 5229 5622 14127 7684 10124 3391
5330,14180 15152 2614 5998 13578 14323 11393 13453 2742 14330
5331,8111 13990 13989 13308 10130 3400 14884 13693 6355 14883
5332,14811 2820 14812 12825 15032 406 6325 11123 3465 1166
5333,6380 985 1575 4324 2764 7195 3629 4505 6383 9905
5334,14813 14814 5208 7307 7308 7312 7311 4983 3607 187
5335,14818 6224 14816 14817 14815 9776 14679 13589 11854 9765
5336,14540 7231 7232 8075 5634 12309 5151 14541 7931 3168
5337,14819 9620 8047 10494 1935 11280 11279 11278 11281 14574
5338,10407 14034 14317 12366 13072 6819 14024 10967 11429 3972
5339,11132 8518 7996 6152 6103 11862 6838 7809 4809 7518
5340,6264 8940 548 2100 3605 3609 2779 545 544 4944
5341,8440 13126 7687 12150 13604 3245 3882 3391 14253 7860
5342,14307 15273 15274 14875 52 1351 11914 7579 10171 15074
5343,1297 3891 5612 5620 1299 5621 5615 6210 5619 5617
5344,14709 7945 11049 14710 7943 7260 9661 12886 9278 14699
5345,14820 8186 8187 3986 5092 8185 8184 2458 2749 4214
5346,625 5088 7863 482 178 8522 2479 13517 11190 2220
5347,5677 11835 13654 13798 8688 6011 7523 13762 13763 7742
5348,6391 5401 7155 10781 7159 2507 4951 6388 7158 6392
5349,9367 7504 6053 12717 2807 4180 4704 4914 1401 3610
5350,10561 14147 13214 12085 476 13215 6090 2635 3004 13213
5351,1374 4406 8504 12857 2548 8195 3906 7734 5989 9582
5352,14200 11405 14512 14711 14136 14591 13286 14145 11402 11403
5353,14821 14822 14592 15252 10115 11731 10834 10833 1605 1615
5354,13766 4360 7250 383 12253 5070 4759 602 603 11141
5355,12165 14161 6399 9263 6395 286 10373 10372 9253 9857
5356,9805 12566 9682 14009 11143 13838 13846 13893 7740 12564
5357,12850 13616 13885 13279 5268 1558 14506 14938 14538 14537
5358,14827 14826 14825 8873 12875 14493 13587 14824 13414 14718
5359,11729 6785 5255 2729 13733 6498 3091 3090 11730 8045
5360,14145 692 11405 12386 14512 14136 14200 14711 11402 15082
5361,13277 11799 8541 5689 13276 9748 9747 11797 5662 11801
5362,1319 6362 1778 1321 6363 4060 1322 1320 2375 9192
5363,11977 6614 6227 14730 3579 14731 4749 6332 11239 7620
5364,7966 5224 12966 9044 8009 10076 6075 240 13353 5225
5365,5757 11384 12603 5758 553 12065 12605 12604 11304 692
5366,5690 12209 3072 9850 14072 2996 4316 12210 13785 11578
5367,6537 3665 11218 11219 6163 14206 2650 7264 11041 11217
5368,2590 3765 11765 11764 10244 1283 11763 1278 5862 13547
5369,726 13804 13806 13852 14199 13807 14996 8562 11405 286
5370,14674 7719 14886 14470 15260 6589 9143 12035 14490 6766
5371,3271 3270 3272 2794 5740 3269 6872 3955 11373 9305
5372,11315 11306 13559 14638 13558 12626 14861 14859 14860 14572
5373,11692 12694 10892 11773 11212 2725 6674 14118 11147 7539
5374,14813 14814 5208 5092 5094 5095 5096 5097 5098 5099
5375,10741 13074 1880 14434 6868 1948 451 4451 15147 10051
5376,12625 11858 13427 12624 9559 6797 6795 4652 13816 9110
5377,14148 14829 3864 14147 7489 5180 7659 11120 9789 2061
5378,14830 13281 7018 6774 13718 2633 4300 12889 9556 2729
5379,14831 14832 13144 9545 5572 3868 11266 4905 4991 14130
5380,14394 8978 11622 1925 11077 10535 1267 11359 4343 9696
5381,14224 11405 5514 7875 4861 14952 14512 14200 14711 15163
5382,10011 14833 14834 11400 14436 5709 12986 2391 5788 14667
5383,58 15285 14980 11126 14742 14824 14605 14604 14163 15069
5384,726 8562 13852 14199 14996 13804 11405 14512 3031 11189
5385,611 15020 11936 11939 9955 11937 14680 11938 14547 11230
5386,14522 731 14095 584 11848 14094 14284 13729 15026 730
5387,8145 10821 14959 9963 4417 14205 11760 10165 5520 10166
5388,4524 7730 9188 14266 4529 174 4530 10648 11887 12523
5389,6622 10414 5383 14714 8372 3955 14489 11322 5385 11310
5390,14101 14836 12707 1559 14167 1556 12700 12699 12703 12705
5391,14838 14366 6604 13139 3457 8399 12528 14913 693 3171
5392,699 13937 15059 706 708 709 702 701 707 12062
5393,12683 12679 12681 12520 14171 8781 12682 10219 5399 10253
5394,14839 14686 14841 653 13388 14639 9830 14840 11914 8999
5395,14542 7946 7711 12326 9398 13479 11708 4126 15171 6058
5396,11765 11763 13547 11764 11021 13549 13678 2590 3765 11152
5397,14843 14351 106 14350 14349 3093 14449 14703 14702 5875
5398,14844 13008 10731 13039 5570 1331 14021 936 4448 13314
5399,4516 10523 6417 10525 15257 3465 14127 1532 2742 13452
5400,13697 8112 2391 2046 680 4463 10441 14527 10865 14132
5401,11188 11365 6105 4053 7395 14145 6824 5324 8487 11112
5402,13505 13507 13509 13496 13495 13510 13508 13502 13491 13503
5403,14845 14737 3813 14738 14846 13679 10216 14724 3265 3263
5404,14847 5249 12893 1523 6435 12892 3428 13403 11401 6531
5405,2116 13041 11974 1881 7763 656 3180 9050 8954 1734
5406,7546 1858 1354 9192 1916 7065 7358 9194 1859 11777
5407,1384 3955 3149 131 1333 7182 1957 15254 14914 14905
5408,3717 10728 730 11977 12341 4553 2254 8397 12447 198
5409,14478 14848 14513 11405 14706 14960 14610 14512 14200 14705
5410,14849 771 9223 8189 15060 4754 4424 15029 100 12031
5411,14850 14555 14851 15288 14852 9510 14560 14449 13015 11718
5412,1471 14221 12137 13847 8325 14734 2410 1469 1468 1470
5413,14853 311 9101 14076 9028 7730 9926 9457 7371 645
5414,14329 14854 8408 14970 13018 9430 6270 10484 13132 14526
5415,14070 8999 9053 10786 15148 11185 11926 7497 10734 6391
5416,1295 1766 5836 4867 6878 991 1299 1871 3312 4814
5417,14856 14855 6816 4928 1763 10730 6977 3453 38 3292
5418,3236 3641 4815 8053 4891 9719 4897 4887 3619 4909
5419,12928 8605 1222 6483 11407 9555 14593 12927 13617 11711
5420,9192 1916 7358 4036 1779 4138 4609 8541 11777 7065
5421,10440 14857 12429 12805 11476 11735 8689 5364 466 7295
5422,2859 14734 851 709 7480 383 3397 7477 12196 8958
5423,10227 12166 1242 11168 7361 3139 3696 8651 4206 11243
5424,13277 11799 8541 5689 9748 14464 14226 9747 11797 5662
5425,12156 10701 3887 15120 13887 12748 3665 5717 12157 12154
5426,14859 14861 13559 14860 7876 11306 13558 11315 7875 12338
5427,13627 14465 14168 5369 8860 15008 14466 15187 11737 12837
5428,14864 7209 11769 14863 10063 7204 7203 10101 6319 7208
5429,13276 13737 2681 13277 553 13262 14458 13365 13681 366
5430,7777 6863 9946 8427 5335 7772 3020 3494 14259 5828
5431,14870 14824 14869 12434 15269 14868 12436 14554 14558 12019
5432,14872 14871 4380 4382 4383 10854 10856 1452 4381 4039
5433,3093 1332 6306 7580 3092 8560 9027 106 6220 12547
5434,14873 13949 2835 4960 14517 14946 1078 12901 4955 11217
5435,10168 7336 14208 7164 14046 7161 6821 15108 9131 6612
5436,14875 52 10715 3055 15273 15274 716 14100 14702 14690
5437,5759 14733 11124 8324 9116 8871 3798 11125 9828 9522
5438,2081 2304 10680 2079 9429 6532 9081 8306 13338 13340
5439,11017 6143 1443 6211 579 1969 9391 8877 11843 3188
5440,4708 14187 14188 14186 14189 14133 14185 9231 14192 14190
5441,11887 12523 8770 4151 12522 12142 14437 4524 5136 11984
5442,5437 7305 10601 6860 8860 8859 7974 10743 476 139
5443,14877 13635 408 4514 2814 13453 5190 15210 15153 13349
5444,8110 14590 1909 13908 9763 8108 3551 9482 9762 1907
5445,14878 13825 7767 3123 9050 2225 2962 12669 6444 3023
5446,8056 6754 10338 5664 11685 922 13485 10346 11036 13620
5447,14844 1475 5345 6933 12535 13336 13008 11965 13318 13038
5448,11734 9197 9947 8012 14001 4182 133 859 10982 11196
5449,14734 10784 6663 2122 5911 10329 6657 5664 5134 4283
5450,11456 13865 14258 11457 11451 11449 11452 11454 11450 11455
5451,5001 7348 10019 3253 6968 5064 2548 6960 6688 10532
5452,13910 1534 13269 14879 13561 13351 13738 6353 12646 13623
5453,8240 2137 11212 1036 1226 7474 6377 13839 4217 9841
5454,10229 5199 13942 10157 14723 13220 13980 12985 5201 12484
5455,14880 8534 8361 6337 1237 10065 983 9596 9598 9599
5456,2084 8802 2085 2083 111 11061 14605 14604 12711 1367
5457,7748 2811 7224 2812 9790 12748 7228 11529 15120 13485
5458,2828 1311 14845 12387 1310 1312 1309 3263 1307 14738
5459,3398 1161 506 9591 13454 13606 7152 275 13607 1501
5460,13879 7264 13716 9892 13131 10560 9895 716 14752 13770
5461,692 14136 693 12386 14383 14366 14379 14380 7457 14208
5462,10192 4036 3442 4609 4138 9751 4034 1011 10072 13590
5463,13843 14692 5354 13029 607 4709 10034 7744 10185 1521
5464,5708 7342 12948 13404 6131 284 11772 11357 5896 10535
5465,7124 13912 14559 12877 14555 14578 9054 8999 53 5595
5466,14884 13693 6355 14882 14883 6338 13440 8081 1671 13456
5467,13892 14885 6622 2979 11852 14889 553 10766 13365 12901
5468,13220 14886 13696 1311 8144 10157 12351 14674 14470 7719
5469,14887 257 14417 5920 12574 14688 6094 12134 258 10502
5470,15287 9056 14080 8588 14605 14604 1500 14430 15205 13977
5471,13212 10911 14546 14762 4229 13557 13556 6260 15156 10912
5472,14261 1618 12766 1617 12178 2311 234 1619 235 15113
5473,6484 3665 7573 1852 12898 6779 10679 7938 13366 10441
5474,14889 11405 14208 14512 10168 14200 13182 14711 14136 11403
5475,12178 5974 3962 11383 3595 9273 14063 1565 1564 1412
5476,1837 4851 13950 231 7940 7568 5638 229 10323 13988
5477,14588 1936 6692 5249 5104 6070 8356 1592 4696 1268
5478,8581 14891 8588 14430 10667 8579 14102 8587 8583 12065
5479,3046 4515 5193 4516 8826 5852 8491 14892 11470 14127
5480,9957 10982 11227 7940 7659 1352 11912 7574 10445 5157
5481,2448 7915 182 11759 6217 1830 9318 7815 176 7341
5482,13388 11914 11126 9610 4153 14839 14686 14841 3063 653
5483,2782 550 6055 11819 3341 8223 9983 13784 8655 3495
5484,7583 9228 14556 5896 5895 4964 9944 4073 4752 4754
5485,626 5250 5377 9365 5341 5375 13918 13479 14167 5709
5486,14893 4861 4961 7875 14983 14874 14982 14224 5514 14903
5487,2415 3993 4351 1734 8028 3662 7430 6532 9443 9510
5488,14689 10384 15254 5595 14905 14914 14543 14688 1618 15064
5489,10012 14771 14045 9770 11042 1544 11427 4656 10230 10456
5490,14894 7953 5261 11296 6766 15073 10522 12196 3953 12028
5491,7937 1847 8081 12338 14860 7106 4358 14508 7947 7948
5492,9973 9380 12860 9323 11907 12236 1558 9324 12858 13239
5493,12656 10754 4138 7065 13573 12929 673 12262 2373 1719
5494,14334 14862 14742 14654 11308 714 3152 14984 11307 8054
5495,3928 13401 1812 6974 3927 3914 3912 3929 811 6861
5496,8577 14142 6853 1498 420 13831 13317 1504 12429 11038
5497,4426 15045 15263 13016 6785 7159 13640 12427 15118 14163
5498,14498 14897 5266 11366 5170 3126 476 14497 10434 202
5499,14875 52 7121 3019 11313 14100 8474 15273 15274 11185
5500,12491 1445 4544 3460 1099 343 11768 10669 6703 9560
5501,14900 13609 12266 3722 13608 3721 14232 8902 6140 9960
5502,9955 10373 10372 3595 10371 1622 611 4396 155 383
5503,14699 4966 626 5709 949 7302 5113 664 13479 15100
5504,14901 13050 8525 14214 14213 15169 15086 14209 692 8020
5505,14425 14463 3840 14202 9011 8423 14933 14505 9775 9021
5506,10865 15199 680 8184 7229 12020 14304 14955 8187 8112
5507,14904 14903 11310 13920 14426 5183 14941 14389 14862 12388
5508,10412 13428 10875 5640 6710 12901 2920 2435 14469 13219
5509,3365 27 2324 12005 14261 2428 15078 817 3214 2309
5510,14430 8581 9299 14102 13977 14933 4934 8588 8272 5734
5511,7438 3885 11124 3880 8871 3798 9116 11125 3887 3888
5512,9970 7643 14905 5608 15254 14914 9056 12470 14689 1618
5513,14906 14907 740 15190 14979 15123 10294 1420 3615 7377
5514,14909 14908 13521 14004 14441 14944 14942 3801 13520 8428
5515,13805 13936 13807 11550 12320 13806 13804 12093 6216 12847
5516,10715 14702 14690 14875 1351 7130 52 7129 14163 2142
5517,9459 3476 14063 839 14261 3962 3223 5075 3211 5042
5518,12546 10111 1183 1184 1677 15128 643 10110 4803 10103
5519,14911 10604 4656 2982 6793 11977 6288 14143 15125 6087
5520,14092 14550 4841 14865 15075 7771 14163 1873 1436 9511
5521,10496 7663 13207 9964 14858 14193 12247 7163 14153 14528
5522,3055 13626 11126 15247 9957 14875 7994 11424 4820 7455
5523,14496 11366 9026 6196 15175 14491 5267 13885 6195 14477
5524,13885 14479 11366 14488 5266 5267 14497 5268 14491 14498
5525,14497 11366 5266 14574 14498 12298 14486 14575 13885 14485
5526,726 11189 13956 8988 13488 9172 14671 13852 14199 14673
5527,11366 14477 5267 13885 14488 14486 14404 5266 13895 14913
5528,14912 14801 8429 13923 11899 6489 2814 7442 1525 13332
5529,14498 5266 11366 14497 14897 13885 5267 14477 14486 10611
5530,13885 5266 14488 14498 12850 5268 14497 11366 12298 14480
5531,13933 14461 6764 14462 14460 13370 11739 13183 5561 4963
5532,12298 14497 13885 14488 11366 14971 5268 5266 12850 14498
5533,14488 13885 11366 5267 5268 13895 12298 14497 12850 5266
5534,11366 8609 13885 5267 14477 14486 8615 692 1335 14488
5535,11366 14477 5267 13885 14488 14486 14404 5266 13895 14913
5536,11366 12386 692 3857 15082 15083 14479 13895 14477 7643
5537,11366 14477 5267 13885 14488 14486 14404 5266 13895 14913
5538,11366 13928 14477 5267 13885 14488 14486 14404 13895 5266
5539,11366 14477 5267 13885 14488 14486 14404 5266 13895 14913
5540,9424 11366 14477 13885 5267 14985 14222 14488 14486 14404
5541,10441 14646 14645 8335 5780 14316 8112 5384 12576 10007
5542,14491 13885 5267 14486 14479 14496 11366 14488 12850 14480
5543,11366 13885 5267 14477 14486 14488 14404 5266 692 14913
5544,14913 11366 12528 10591 13056 14838 3841 14519 14486 14477
5545,11366 15150 3828 14477 5267 13885 14488 14486 14404 5266
5546,14479 11366 5267 692 12386 14491 14486 13885 15082 15083
5547,11366 14477 5267 13885 14488 14486 14404 5266 13895 14913
5548,14480 13885 14488 12850 11366 8031 8042 11894 5268 11893
5549,9424 13885 14222 14415 12850 14488 11366 14985 13895 14131
5550,11366 13885 14488 5267 14477 13895 5266 12850 14479 14497
5551,11886 692 12386 4745 11260 11366 4746 15082 15083 14145
5552,11366 12386 692 15082 15083 14479 13895 14477 5267 14145
5553,11366 13885 12850 5267 14477 13895 14488 14486 5266 14404
5554,13895 11366 13885 14488 14486 692 12386 14479 14491 5267
5555,11366 14913 12528 14486 14838 13885 5267 14477 14488 14404
5556,13895 11366 14222 12850 13885 5267 14415 14477 14131 14486
5557,7876 14222 7875 14859 14860 14861 14415 13559 13596 13599
5558,14131 13885 11366 14222 12850 14488 13895 8042 5268 5267
5559,14500 13885 14488 12850 11366 5268 12298 14480 14506 14497
5560,11366 5266 14498 14477 5267 13885 14486 14497 14488 14485
5561,11366 13079 14477 5267 14489 13885 14488 5385 14486 13078
5562,11366 14477 5267 13885 14488 14486 14404 5266 14913 13895
5563,14479 5267 14491 11366 14506 14496 13885 14486 14130 5266
5564,11366 13885 12838 5267 14477 9473 14486 14488 14404 5266
5565,11366 14486 12528 14485 14499 14913 14481 14479 5267 14491
5566,11366 11359 6761 12162 9239 11358 6759 6756 6757 6758
5567,14481 11366 5266 15176 14499 14498 14486 13885 4339 5267
5568,11366 13885 5267 14477 14486 14488 14404 692 5266 14913
5569,5267 5266 14491 11366 14479 14498 13885 10611 14506 14496
5570,11366 14477 5267 13885 14488 14486 11260 14404 5266 13895
5571,14153 13968 13566 14181 13207 14006 12748 15120 6298 8122
5572,11366 14477 5267 13885 14488 14486 14404 5266 13895 14913
5573,14915 7526 6658 12484 5179 6667 6657 5711 12483 5199
5574,11366 11359 13312 14477 5267 13885 14488 9239 14486 14404
5575,11366 11893 14477 8405 5267 13885 14488 11894 7078 1005
5576,5267 11366 14491 14479 14506 14496 13885 14477 14486 14130
5577,11366 12386 692 14477 13895 14479 15082 15083 5267 13885
5578,5267 11366 14491 14479 14496 14506 14477 13885 14486 14488
5579,11366 14477 5267 13885 14488 14486 14404 13895 5266 14913
5580,11366 14477 5267 13885 14488 14486 14404 13895 5266 14913
5581,14477 11366 5267 13885 14488 14486 14404 5266 13895 14913
5582,14490 12321 13885 14488 12850 11366 5268 12298 7847 14674
5583,12485 2604 2605 14402 2837 6799 10836 12740 4658 4659
5584,14497 14137 12298 13998 14574 14498 11366 13885 5266 3815
5585,14790 7244 11190 3886 15108 7240 14276 10786 14694 13257
5586,11006 11005 8143 11007 8034 11564 12460 4753 6262 13962
5587,11405 14512 14200 14711 14136 14591 11403 13286 14145 11402
5588,14204 6606 6605 13183 14581 14846 625 5518 14462 14461
5589,11711 3771 3486 10508 13282 14693 14393 12391 11401 11402
5590,14917 14916 14032 14919 14918 6334 5180 9789 3749 12363
5591,13388 11914 11126 9610 4153 14839 3063 14686 14841 653
5592,169 8550 9703 8674 4505 2346 9438 7051 2261 712
5593,14167 12236 1559 7544 1556 14101 14836 1558 13389 9365
5594,5919 14920 9209 5094 5095 5096 5097 5098 5093 5100
5595,11143 11260 6849 5351 14055 3877 13542 4016 11259 10764
5596,512 8407 10495 4350 15009 5312 90 13487 510 662
5597,9144 14921 12803 4756 7109 625 9143 5552 7697 2067
5598,3665 6537 11218 7938 6163 2650 11219 7264 3887 4939
5599,14486 4741 4575 12528 14485 3771 14499 11366 14481 14913
5600,739 14852 15230 14555 14136 15147 13670 7113 3021 2142
5601,14307 15273 15274 14875 52 1351 11914 7579 10171 15074
5602,6785 366 553 14429 13640 13262 13737 13365 6244 13681
5603,14923 14476 8272 12390 12065 14102 14475 4934 8581 9889
5604,7124 9054 13912 14951 14555 14559 12877 8999 14551 15076
5605,6079 14926 8473 1301 7711 4033 14299 2262 10862 12497
5606,11084 2834 14129 13699 13342 14983 14874 9130 9520 2835
5607,5172 5170 5163 9472 14951 12554 10615 11390 7543 11391
5608,10183 2200 4074 5113 4474 14953 7977 8037 5709 14227
5609,12670 876 3579 12537 11090 12669 4474 881 3578 12019
5610,14449 14927 14843 14555 14404 5092 5093 5094 5095 5096
5611,13168 14386 2687 10670 10460 10669 9560 3772 10177 10289
5612,14163 14668 15233 14612 15079 14559 14865 58 13919 14547
5613,4426 15045 9055 15263 13016 7159 15118 12427 13587 15007
5614,908 9299 12264 6170 14430 6181 11622 13892 8581 6782
5615,8581 10897 14102 4934 14928 14430 9423 8272 9299 14862
5616,14929 9052 14427 14930 12513 14166 3021 15244 11959 2203
5617,14449 14843 14927 14404 14351 14555 11366 15228 8377 3177
5618,14396 14709 14162 14933 8581 15118 1396 14430 4191 15181
5619,14936 14924 13455 6992 8810 1533 2743 13410 8907 11112
5620,9054 14824 14951 14165 14551 15076 14555 14510 4162 9472
5621,8999 4426 7124 15045 15148 13912 15263 11185 14559 1351
5622,685 14937 11259 15244 11959 2203 14931 14930 14427 12513
5623,13208 13191 12012 11654 10106 8782 14227 7012 2914 7115
5624,14939 14391 10321 4758 5037 12086 1951 8521 3560 8184
5625,14709 14910 14699 9278 2595 10690 5137 15009 14926 2594
5626,7632 1845 8690 14165 8391 9808 15189 11849 12876 8282
5627,3471 14550 14552 14557 14560 14851 3470 13015 3469 11230
5628,14940 7848 10833 10834 14822 7849 6202 10115 4727 14821
5629,14163 58 11737 1485 7115 14466 1493 11059 14168 14980
5630,14162 14941 13920 14904 3793 14426 5581 5183 12388 14862
5631,14942 13521 14705 8428 14944 14706 14972 14068 14456 15193
5632,14943 14067 14536 14537 2630 13646 12850 5099 5098 5100
5633,6836 11027 360 4336 14524 11026 13351 14452 1904 10206
5634,12784 14742 15088 14334 1702 58 12620 8050 11865 11271
5635,14853 645 311 14986 639 14997 643 12328 9228 642
5636,11401 1523 11135 11402 11403 12640 11404 11398 11397 3068
5637,14946 11784 11779 10333 709 10638 8985 12342 6562 13939
5638,9960 9373 14947 9959 9374 7234 9958 14232 3392 5329
5639,13935 14672 13585 7768 14671 13488 9172 1831 14673 13956
5640,7229 13033 15199 10865 5726 11932 5431 7249 10208 5405
5641,14484 4028 14482 1539 8340 1784 6270 12538 2283 5259
5642,14673 11577 8833 13488 9172 14671 13956 14672 8834 8831
5643,10820 714 8054 12633 14417 14984 11307 11473 14102 14334
5644,14948 14435 5106 5104 5103 5102 5101 5100 5099 5098
5645,14452 10124 6836 13335 6489 13331 12989 13884 13332 13753
5646,11359 9239 6761 11358 1379 15186 9292 1124 9392 5243
5647,11812 650 10679 10680 10963 649 8954 5212 6140 3316
5648,14491 13885 11366 14488 5267 14479 14496 5268 13895 12298
5649,12950 14949 12828 14691 10493 8829 11709 13577 12173 10564
5650,14950 14388 14951 14455 14387 4162 9472 999 10537 14706
5651,4426 15045 13016 15263 14163 7159 12427 58 7124 1351
5652,14952 14341 10381 2319 14224 11424 14157 11235 5107 10380
5653,8935 4090 4426 15045 3221 2290 4175 3930 5260 14980
5654,14471 14714 14483 3055 13430 11390 14429 11322 13626 15129
5655,13836 14224 14952 9583 2598 13795 5514 13794 14157 5107
5656,14952 14224 14157 5107 7581 14158 13836 14159 14304 8734
5657,9430 160 14970 4738 14329 13018 10484 8408 13907 2597
5658,4426 15045 13016 15263 7159 14163 12427 58 7124 1351
5659,14129 11084 4711 14382 15097 13320 14183 8869 13855 5405
5660,337 1292 13714 10666 4536 6068 8348 8350 13631 3968
5661,14953 10183 23 15185 14144 12169 11192 21 602 24
5662,5107 14952 14224 11668 14157 13430 7109 5103 5102 5105
5663,14921 7109 9144 12803 14445 5107 13430 7013 12632 14244
5664,11213 14695 14621 8348 242 3956 5465 9322 9527 8182
5665,14705 10238 14574 14706 14942 14575 14497 14819 6902 10327
5666,14954 14955 10566 3176 10968 14393 8567 6135 951 15108
5667,13286 577 11405 712 14512 14200 14711 14136 14591 14145
5668,8866 14505 2128 12254 3840 12164 14425 14202 7470 11575
5669,9490 5026 10743 10985 9030 10797 12819 15185 5990 5624
5670,14864 9615 14863 7209 9616 9363 9139 9618 7439 3947
5671,14158 14304 14157 8734 12032 7581 14952 14159 12020 14216
5672,14304 10865 12020 14158 14157 8734 14960 15199 14303 14646
5673,8323 1885 11968 7349 4701 5572 8324 5759 13532 14158
5674,14932 3261 5287 4357 1311 9543 3259 3263 6548 4551
5675,14957 14958 3720 15070 434 3986 1818 11582 11580 11581
5676,14390 12281 4121 9704 6725 4937 693 4313 2405 13266
5677,1746 1938 13888 9652 2908 4358 6118 1748 14275 8397
5678,13424 11221 13432 13608 14462 14461 5521 14472 13183 14460
5679,14132 6610 7229 14527 11398 13697 13637 15199 11737 10865
5680,14276 14790 15108 13257 14777 14561 13810 7336 12206 8237
5681,11366 14477 5267 13885 14488 14486 14404 5266 13895 14913
5682,14205 14462 14461 14460 13183 9590 14889 7126 5351 11221
5683,3068 3064 3065 11401 3066 3067 11402 11403 8735 11404
5684,11405 14136 14512 14200 14711 14704 12497 11402 14591 13286
5685,9805 14009 13838 12566 9682 13893 12340 10263 7083 13846
5686,14205 692 14889 12386 14462 14461 8145 14853 13183 10821
5687,692 12386 15082 15083 11366 14145 12340 14654 14136 8250
5688,11701 11702 1926 11232 7962 11700 3781 12303 8373 9275
5689,14227 2986 5708 8979 10214 6105 11188 13930 14691 13928
5690,14637 15196 14823 14612 15079 14559 14865 10507 1368 692
5691,14873 14946 13949 4960 12779 2835 14424 5519 11784 1078
5692,14960 14961 14848 14304 14478 14513 14158 3801 14157 8734
5693,14691 14949 12950 11397 12828 14492 5708 6489 5788 5092
5694,6484 6476 11781 5923 13653 14365 7573 12082 6779 12898
5695,14963 14962 4958 7664 11229 4959 10615 10655 8177 11652
5696,13892 6622 6685 14885 12567 14889 2979 11852 13882 13846
5697,13838 12340 692 5521 12778 14472 14366 14208 6608 13895
5698,12009 5514 4968 12059 15163 14224 14202 5515 5513 12840
5699,14069 14202 3840 8423 4968 14425 7964 12009 14933 11428
5700,12840 5514 8452 11956 15163 14224 10157 5515 5513 7344
5701,5521 14472 13838 11221 2835 13424 6608 12340 14208 14462
5702,11366 692 12386 14477 14479 13895 15082 15083 5267 13885
5703,692 14964 12386 11384 15082 15083 12065 8250 14572 14145
5704,692 14136 13838 12340 12386 14208 14366 5521 14472 13895
5705,14136 11405 692 12386 14145 14512 14200 11402 14711 6803
5706,13949 11217 14426 14873 14517 14524 14490 14674 4960 14470
5707,13892 6622 14885 908 14889 11852 6181 553 10766 2979
5708,8326 14729 5273 14091 6909 3602 10169 13004 5093 5094
5709,692 13183 14462 14461 12386 11384 7663 14205 12065 14460
5710,4968 12009 14202 3840 14069 8423 14425 12011 8117 14933
5711,14366 14838 6604 13838 692 693 7256 12528 12340 14913
5712,5215 187 14858 4884 2037 4991 4636 5633 4813 3319
5713,5521 14472 14208 6608 692 13838 12557 12386 2835 6312
5714,12333 13673 9961 9235 13647 13924 14956 12385 11554 5317
5715,14208 10168 14889 6608 13182 14046 692 1701 14320 13838
5716,14208 13838 6608 692 12340 5521 14472 12386 10168 14366
5717,14102 8581 4934 8272 5734 12031 714 14923 12065 8054
5718,8233 12161 1680 12888 7978 2632 1679 8234 6629 3999
5719,6622 9614 6620 13892 7936 11047 2337 15026 11852 14889
5720,14615 12392 14968 12391 11354 10565 12390 14579 15261 10508
5721,7940 6183 1700 8114 13961 14885 14146 1846 4068 1352
5722,11221 13424 14462 14461 5521 14472 13183 13191 7528 10836
5723,7782 11172 12090 12089 6844 12088 7781 11017 3560 8339
5724,14528 11786 13988 7663 8992 7664 9964 14858 12247 12343
5725,4700 13359 13378 6487 4963 7328 13394 13393 10518 6354
5726,14885 14706 8114 14705 9808 13961 1700 11849 13892 13191
5727,14960 7740 14706 13943 6183 14563 14705 14848 13892 14961
5728,9965 11384 14205 14889 9963 13838 12065 4046 14462 13183
5729,14531 7660 12519 14065 13368 13405 5614 13280 13537 14001
5730,14663 14057 682 9249 11289 191 15265 372 8075 13697
5731,9106 5383 9594 14489 5385 8335 6162 14592 726 9593
5732,611 13675 13674 9594 12872 6083 10893 15254 14914 14905
5733,11424 11126 3055 14984 9594 15285 13626 13388 15247 15069
5734,14579 8190 15189 14615 11959 7954 11632 8189 8944 14503
5735,14733 7320 8351 5759 7398 9828 6607 9221 3469 5729
5736,383 4726 117 2956 118 10383 13766 12253 10382 5070
5737,7012 9228 11654 4964 5896 14227 5895 4073 7744 4754
5738,6768 7844 10249 2957 14447 7842 15069 9519 11404 15072
5739,12574 5678 14606 14971 5676 12298 14903 9175 9178 10252
5740,14969 4279 7183 6348 2632 4339 11967 10974 4294 12843
5741,8702 12483 1988 11932 8701 8058 14220 10802 14284 7229
5742,12633 7170 5972 15191 14509 6267 14854 9497 14526 12586
5743,14538 14264 14973 14938 14415 12850 14222 553 13262 13737
5744,14538 14264 14973 14938 12850 14415 14222 553 13262 13737
5745,14972 14068 8428 15193 14456 14944 14942 13521 11287 14974
5746,726 13852 14199 14996 11405 8562 13804 14512 11189 11399
5747,14973 14538 14264 14938 12850 14415 14222 553 13262 13737
5748,14538 14264 14973 7229 14938 15199 14415 12850 10865 11932
5749,14142 13831 8577 14524 1498 15132 13317 9245 12429 1785
5750,14538 14264 14973 13623 6071 14938 12850 14415 12742 14806
5751,14222 14415 14538 14223 14264 14973 14938 14160 13895 5518
5752,1616 8425 10423 1615 8426 1599 1598 1597 8424 1605
5753,14542 7946 5337 4126 5104 5103 5102 5101 5100 5099
5754,14610 14513 14478 14277 8547 13420 14848 14204 13418 11911
5755,14163 14523 14668 1697 15233 14612 15079 14559 1695 14865
5756,10715 1655 14690 8298 14702 14875 13584 7130 1351 7129
5757,14538 14264 14973 611 14938 14415 15020 9955 14222 12850
5758,14974 1697 1695 14975 1904 1694 10516 11962 14176 4532
5759,14974 14975 8428 14972 14068 14456 15193 10608 14944 14942
5760,14976 13764 12134 12024 14593 12626 11575 1754 10763 13899
5761,8988 11189 2220 11190 13956 726 482 9274 3935 6869
5762,14974 14975 1904 1697 10608 8428 5093 5095 5096 5097
5763,14974 14975 1904 1697 10608 8428 5093 5095 5096 5097
5764,14978 14977 13026 13405 14656 12525 13025 59 14531 12155
5765,13056 3841 11959 10591 15244 14931 2203 14937 14930 14427
5766,1367 11404 15276 36 11402 11401 10891 11403 11549 7128
5767,9300 12551 9851 9749 14804 14566 14226 3841 14225 6360
5768,9606 10497 12788 12922 12787 8346 5413 8389 5024 9942
5769,11405 726 14512 14200 14711 13852 14591 14199 14136 13286
5770,4745 11366 11886 4749 4746 14477 5267 13885 14488 14486
5771,726 12650 6852 13852 14199 14996 14644 14643 14642 13739
5772,14980 14979 58 14013 740 8935 15285 14742 3615 14605
5773,14981 363 13125 365 12422 364 10904 10905 12829 8307
5774,14616 13365 13132 8081 13262 553 10484 13737 6622 11384
5775,14756 13350 14563 14755 12503 14707 13943 2489 10280 583
5776,14579 14615 12392 15189 11632 14968 8190 101 14503 11959
5777,14804 13727 9467 9300 14327 14566 11036 10260 8607 6303
5778,10865 14955 14393 12020 15199 2210 14693 14304 10464 15108
5779,14580 13268 8281 13577 4449 12552 11630 10620 1585 10338
5780,2449 6943 5670 10214 8041 8993 2451 13239 1947 13767
5781,11253 14268 3116 5226 14396 1742 8454 4576 11630 5315
5782,14209 12251 14596 14595 13680 12440 14286 12252 10584 14458
5783,13896 14285 13897 15173 14286 12440 15195 1858 14209 13894
5784,10541 6881 14210 1287 7898 14564 15074 5971 14108 8992
5785,11322 14714 7175 10414 14471 11321 14483 5325 1855 13430
5786,1655 11309 11565 11314 5384 11312 11313 11311 1656 11308
5787,8589 8590 11212 14511 10029 11134 6548 726 10892 1337
5788,14983 14874 14982 4961 2834 14893 13699 13342 4955 2835
5789,14203 6609 5373 13535 5375 5377 7581 14204 14202 2169
5790,14862 14654 8586 14334 12625 5945 8581 12624 8579 8587
5791,626 8397 7544 13479 5709 4966 14167 9365 6118 5355
5792,692 12386 15082 15083 11366 14145 12340 14654 14136 14530
5793,14984 714 3152 8054 14334 7805 11307 14417 14102 8456
5794,9424 14985 11630 11310 11254 9781 3152 14111 14819 11186
5795,692 15120 12748 12386 11366 15082 15083 14136 14145 8250
5796,14580 4449 692 11630 8250 4448 13268 8281 12340 11310
5797,14567 6583 692 13058 6582 12386 11366 15082 15083 5569
5798,692 12386 11366 15082 15083 14136 14145 8250 12340 13838
5799,14569 8250 12339 14964 12340 14572 14575 13558 14573 6581
5800,692 12252 11384 12065 12386 14379 14380 10584 14889 15082
5801,7527 2699 14423 14422 5197 8576 5775 9277 7646 12867
5802,14861 13559 14859 11306 13558 11315 14860 14835 7876 7328
5803,14964 8250 14572 12340 6581 14573 14569 14575 13558 692
5804,14692 13843 7696 8994 9466 6596 12947 176 5732 9413
5805,13395 10093 14888 11405 4954 14512 11230 14200 14711 9410
5806,13487 3874 4574 476 9094 11857 13955 165 2134 8255
5807,14573 259 14861 14660 13559 14859 14860 14572 924 11306
5808,14861 4085 14573 14859 13559 259 14860 1993 7876 4766
5809,14819 14574 11630 14575 14497 9620 6581 14111 11186 8047
5810,14458 14209 14596 14595 13680 12440 14286 14213 14285 14214
5811,8374 7876 5407 7875 14859 14860 5406 8373 11187 14392
5812,14861 11120 14573 14859 259 13559 13878 14860 5673 14464
5813,3840 14425 14202 14069 8423 4968 14505 14933 14463 8866
5814,12156 15120 3887 10701 3665 3880 5717 12748 13887 12157
5815,12083 6617 3747 7169 10765 6619 12873 10049 7691 7049
5816,14987 14990 14989 14991 14988 14992 3061 14993 14840 3060
5817,12748 12304 15120 11219 4447 11041 14353 10062 13834 12403
5818,10897 10420 10653 9347 9423 14128 4552 14344 2230 10423
5819,14854 8408 10484 13018 14329 14970 9430 14526 13132 14616
5820,11405 6113 14512 14200 14711 14136 14591 13286 14145 11402
5821,14581 5518 14204 6606 6605 14222 14478 5519 14513 14203
5822,1627 1628 14711 8411 14199 11920 3405 15064 12201 11405
5823,12841 14074 13813 13997 2018 9025 13247 7463 1551 287
5824,11384 9836 12065 13431 692 553 14379 14380 11642 6622
5825,13276 2681 13277 10798 13737 2713 2714 2710 2712 2708
5826,14969 7183 6342 1575 2685 11902 4279 985 601 1581
5827,14961 3801 8421 13520 14441 14530 13852 886 14004 7699
5828,14757 5106 5105 5104 5103 5102 5101 5100 5099 5098
5829,10214 5670 8979 2986 14650 14649 14651 14648 14227 14653
5830,13587 7124 14826 13940 13414 15270 13912 9055 14578 8370
5831,14995 10921 5971 7898 10215 14221 6881 9052 4437 3890
5832,4756 13511 14565 10200 14564 9144 625 13618 1805 2305
5833,14689 10384 5595 15254 14905 14914 14688 6836 14543 1618
5834,12805 9245 13831 2246 4383 3676 5632 1035 9320 348
5835,14102 14721 4934 13570 8581 9938 8272 13215 14424 14720
5836,7699 8421 13520 7700 15009 3801 14910 5784 8407 281
5837,13852 14996 726 886 14199 14961 8562 13804 11405 882
5838,12059 7457 8299 12009 12547 6220 630 4541 5514 1332
5839,10625 14969 4279 12541 14740 10633 9510 5363 12539 646
5840,7700 7699 8421 14388 15009 14950 14910 13520 14455 281
5841,14565 14564 10200 13511 15180 11994 13602 15074 11026 4756
5842,14986 14997 8780 15246 645 4956 8873 14853 1670 14036
5843,726 11405 14512 14200 13852 14711 14199 14996 14591 14136
5844,713 14140 1499 14718 4865 8190 8873 12463 14493 14894
5845,14157 5515 8013 7581 2985 3673 14952 14158 15163 5513
5846,12810 7132 7116 12384 11719 11658 7134 11814 6207 3751
5847,14998 5105 5104 5103 5102 5101 5100 5099 5098 5097
5848,14512 11405 11403 11402 14200 14383 14711 11401 14591 14136
5849,8408 13018 14854 14970 9430 10484 14329 14526 13342 7381
5850,14199 11399 726 13852 75 4698 14996 1627 4703 8562
5851,11405 14512 14200 14711 7229 14136 14591 13286 14145 11402
5852,8892 11655 8893 12406 6996 13128 13244 1528 12989 6000
5853,9423 4552 10897 10420 10653 9347 1257 4837 10896 7244
5854,7583 365 12487 364 8983 4397 9517 5438 363 10277
5855,7017 6622 9841 9226 6484 309 6818 2914 8487 11425
5856,15000 7050 10171 5592 11914 14356 7579 15074 5225 14307
5857,1277 1916 9554 7358 11777 1915 1279 1278 1281 1274
5858,10932 11493 2742 5998 15152 13672 12743 2815 13453 2614
5859,13651 2820 12380 6351 12786 2742 405 1165 11122 1166
5860,1260 1261 1259 7899 4457 2848 1266 9229 1264 13460
5861,14584 14583 3053 3059 3058 3057 3056 3054 3051 3052
5862,58 15285 14980 14742 11126 14824 14605 14604 14163 15069
5863,8039 12897 12894 8011 8029 4746 8037 12893 8036 8028
5864,13561 1534 2741 13910 13351 1526 4516 13352 6989 12425
5865,2744 3465 1166 11122 2820 6417 3464 13574 11121 1165
5866,611 15020 11936 11939 11937 9955 11938 14680 11230 14547
5867,14586 11440 2659 14524 10912 11718 5784 10776 6310 11938
5868,14514 15005 10603 13883 14149 13512 8097 8411 8480 11920
5869,14475 15006 1091 14476 12390 14162 14585 14713 9263 15057
5870,15007 14475 13920 14566 14476 12390 14904 14426 5183 14941
5871,15008 5369 11332 13627 14168 924 14465 3771 8860 13580
5872,4316 5016 8691 14527 2996 14132 8995 9642 9636 13697
5873,879 6821 502 5571 9400 466 5569 10168 889 871
5874,14458 990 4953 11756 10907 1859 14209 7019 7677 13737
5875,15009 14910 8407 8421 10495 13520 14926 14299 14891 7699
5876,2820 13578 2614 3465 1165 405 11122 2742 14324 13651
5877,3045 2823 13540 360 14457 13334 13187 2745 2818 13248
5878,8074 5490 5488 10304 6689 14297 107 634 7580 5489
5879,577 712 13286 11395 3600 15147 14094 5984 7846 11396
5880,15011 14519 15247 15022 12877 5092 5093 5094 5095 5096
5881,12671 2816 12672 5345 8889 2820 5193 8808 405 1166
5882,10647 13398 6657 3656 14450 6663 3654 10403 5599 5576
5883,4519 9588 7373 2569 851 8391 13129 4411 3735 3181
5884,6002 6004 1957 7941 2979 4351 1864 2599 8893 6476
5885,3055 53 13626 15163 14578 11883 14826 14510 15247 11126
5886,7520 9241 570 10230 15046 9143 14005 12600 7205 6126
5887,10732 11392 1576 1577 8314 8336 46 12205 11747 6002
5888,14837 265 267 13103 14087 13638 12851 14171 12926 10253
5889,14856 10730 14855 4928 6816 6977 1763 3292 38 3453
5890,15014 8705 2448 1382 6967 3033 1231 3697 2765 13055
5891,4924 12343 12318 5455 11862 4742 12709 1949 4741 13909
5892,7691 4553 339 7398 9221 5408 730 11151 10960 351
5893,14442 15015 14443 7527 5093 5094 5095 5096 5097 5092
5894,1320 4036 1319 6362 9192 4609 11799 6363 13277 1779
5895,9647 10988 5667 9758 6555 4603 4139 2877 8159 2875
5896,3839 10406 12204 13991 9518 2670 3714 1116 5044 768
5897,13885 12850 14488 5268 14506 11366 14500 14480 14456 12298
5898,7014 9412 7015 12143 14236 14571 7013 4062 3486 9251
5899,11366 13885 12850 14488 5268 5267 13895 14500 14506 14456
5900,349 4830 8176 351 9223 14128 339 10102 14344 346
5901,4596 9664 12726 13565 10574 11891 1145 11119 10988 4273
5902,15016 3663 962 963 1538 14608 13556 12762 3006 938
5903,14903 14971 5678 12298 611 10832 4861 7875 5216 14224
5904,14752 14352 10560 12439 13642 13643 7264 13741 12522 7940
5905,14789 14155 6273 15198 4356 9761 6350 3481 5554 13399
5906,15017 6356 5447 10199 5687 1011 9540 9534 2996 2998
5907,7129 7130 79 15269 12434 12435 12436 15289 14700 2142
5908,14609 11859 11861 11860 7776 475 5991 9782 5095 5096
5909,6267 14719 7170 7967 14720 4671 14854 14526 14721 7547
5910,12057 3267 3027 3029 3506 1484 2696 72 73 10181
5911,5266 10611 14498 4862 14497 10126 14485 11366 10506 13885
5912,15018 12039 4697 11575 12024 13278 6131 4674 12264 7649
5913,4559 6686 3676 11655 4531 8243 10744 8232 341 7104
5914,4414 2375 4039 2371 3003 4413 1354 3079 5845 13111
5915,14387 13959 999 5431 10208 5405 362 7229 13354 14389
5916,3209 1206 1982 1981 9987 8768 4157 9469 1962 1552
5917,7898 8468 1602 10509 6881 5971 14623 14564 15074 10215
5918,9686 11930 12128 3923 7389 15019 6572 14044 8668 1757
5919,10968 7341 2306 3176 2412 14636 11759 2291 1830 10566
5920,7719 14674 15260 6491 14886 9143 14470 6766 12599 12596
5921,1826 5876 1777 4415 6705 4134 13076 3843 7426 6364
5922,5003 3438 3200 15065 6941 11123 159 2498 7113 13200
5923,15020 611 11936 11939 11937 9955 11938 14680 11230 10421
5924,1287 2798 9273 10541 5517 13379 11607 13808 8607 15205
5925,10168 466 6821 6027 167 14208 14046 2312 476 4764
5926,8218 14174 13986 14507 13760 14173 2597 14298 7522 9843
5927,7014 7015 9307 14236 14571 7013 4062 11273 13557 3486
5928,1295 8248 2471 6878 1299 3312 2474 5836 6871 2475
5929,15022 2096 13957 15021 6065 62 15179 9115 1300 15011
5930,13695 9966 6073 13694 6077 6072 12945 3961 13681 9893
5931,3726 36 3179 2631 7865 15228 11976 12189 8377 14404
5932,11939 11936 11937 15023 14898 14603 11938 2266 13514 13571
5933,13753 10124 381 1291 3403 14144 10279 377 12666 8817
5934,10796 4785 2174 9402 3408 10793 10791 10794 10795 10792
5935,14975 8582 14809 10978 12991 3462 11824 9102 919 13999
5936,8413 2154 15255 10111 12853 13891 10110 4803 10103 12546
5937,10595 12634 3456 7189 5751 7800 12667 13372 4556 12855
5938,13803 7563 13801 13800 13802 7309 10079 11680 6136 10605
5939,11256 13881 6330 2017 2925 10730 10459 9523 6331 6328
5940,13983 5844 13911 4611 1011 12607 10814 13984 11056 5687
5941,2095 6099 4892 4717 10967 11171 11367 12366 9494 11368
5942,6100 13975 10057 14377 13809 11544 6138 12069 8295 4713
5943,10916 12964 12288 4882 14600 13432 7560 3573 13065 10977
5944,14319 8760 8747 11952 7781 4336 8807 11026 11027 8805
5945,15024 5105 5104 5103 5102 5101 5100 5099 5098 5097
5946,8242 5088 4770 8418 2762 2294 98 2239 1417 2293
5947,692 12386 12325 476 2566 15082 15083 7332 14145 12340
5948,3699 4762 7403 6038 14158 5596 4759 1885 6026 4756
5949,11938 7970 11440 12326 14929 11936 11939 11937 10820 4853
5950,7401 4948 7866 576 8424 10955 5356 5357 14353 14528
5951,11748 10910 11215 10050 7283 3317 1836 3359 9741 5508
5952,15025 9433 5792 4284 9431 9434 9432 7086 5791 10496
5953,2375 9192 2371 11352 1778 1779 9191 6362 1320 1319
5954,10042 9442 10763 2925 8052 5143 2918 6103 14976 2927
5955,5419 9263 11761 6411 4025 9250 8777 794 128 821
5956,101 740 14348 14979 14089 15233 15270 14690 14547 14898
5957,7047 715 1760 10664 2201 14504 1515 4834 11623 3880
5958,13958 4305 4946 11298 4776 3479 7190 2118 1834 2333
5959,15026 14281 8409 2301 13832 6620 637 14095 14522 8701
5960,11780 13597 716 9805 6944 6349 1713 6485 6484 6623
5961,1282 4201 9248 1212 661 10471 2457 12847 4850 3375
5962,6468 8142 7385 6969 10893 46 10292 14337 2200 1206
5963,710 11355 4358 1938 11353 1222 2908 7936 1896 11711
5964,1395 2516 9906 1462 1190 2532 9164 1465 1464 1463
5965,49 1374 7346 3906 8874 3599 12169 8873 12666 9773
5966,4128 6178 10607 6176 2307 11194 793 2107 4496 4129
5967,13380 14745 2880 4037 12914 4039 11385 9194 13076 5535
5968,13072 8215 2662 11472 13073 13071 12366 9348 8214 10407
5969,342 1205 11864 12776 9142 6981 8374 11866 10093 5852
5970,4201 12862 6999 6047 141 10418 5553 10415 15069 7844
5971,7430 9443 8700 3993 2 7364 5481 10304 5747 11157
5972,1282 2588 2342 12847 4850 2589 12084 5555 11551 2586
5973,13388 9610 4153 1130 11914 3051 3052 4150 4149 4148
5974,5580 11654 1346 2277 14227 711 7012 2599 8893 8889
5975,11385 12227 15027 7754 14791 12935 9289 6276 14750 10819
5976,15028 10383 10382 15029 8591 12875 14825 14668 14163 9200
5977,13312 9519 4350 10491 13836 10249 15226 14419 6178 13933
5978,15030 12507 2614 12503 11390 12506 12508 4791 7295 11880
5979,14811 6325 14812 15032 361 406 10494 14054 12825 12502
5980,15033 5105 5104 5103 5102 5101 5100 5099 5098 5097
5981,3094 3001 2375 2371 9666 6847 14283 4138 5686 7215
5982,1317 2719 3684 4687 2987 10494 4017 4096 4132 7453
5983,14321 7719 4392 12410 14252 4884 7046 3236 15260 11261
5984,12939 11265 14313 4068 11264 8325 4948 7940 11733 13826
5985,10353 12748 15120 8997 10351 12481 10701 11219 14153 2009
5986,13777 13610 13778 3491 13779 13776 7138 12389 2050 8115
5987,2820 13562 2742 13201 14015 2822 1165 14807 2815 11878
5988,5999 15034 1326 13960 13259 14150 2820 13651 13007 10207
5989,3465 12744 1168 12007 13200 1167 2820 12008 12745 2614
5990,13661 14712 14084 3464 1323 2820 1166 12747 13648 13007
5991,13623 14806 12742 12032 10206 14879 14324 6866 10207 8314
5992,12746 13518 14079 2948 11880 1525 11955 2818 2744 13672
5993,10192 1011 12075 6360 2371 1357 5689 9851 14751 5672
5994,14440 14363 13237 1145 2096 11350 8741 11891 1136 6339
5995,14113 2409 9595 3406 5418 9177 5416 11918 10657 11659
5996,9534 5687 1011 10899 7091 9540 10199 15017 7427 7057
5997,512 90 5312 7438 8407 13487 510 8622 11627 662
5998,3365 12916 6702 1642 470 499 2224 1474 768 6127
5999,248 8888 12176 10063 246 14305 2599 8893 8986 244
6000,10529 14657 10131 6094 11493 9894 12984 6130 10128 5650
6001,10059 15036 9533 7630 8986 11098 6129 13585 12823 14154
6002,6471 182 9530 3310 10300 7723 7969 634 4007 4764
6003,13593 10092 3393 11270 12885 13591 9936 421 3392 15242
6004,15038 12842 7393 12027 8761 7908 1740 4790 8312 7333
6005,11139 9441 5186 4406 6375 5622 13193 15082 15083 9601
6006,7552 8553 9171 13677 13676 3543 4139 4606 12730 7062
6007,12656 7449 7817 9084 9083 14751 1011 12757 10246 12376
6008,8307 5791 27 5792 10230 9252 5750 8455 3035 363
6009,4179 11317 1835 4496 8970 1478 8349 1504 3199 5155
6010,13923 4020 8429 708 13647 10694 13673 14801 1132 1257
6011,15040 15039 14282 12759 2600 5196 9551 7965 9397 9780
6012,383 12848 7913 1301 6079 13766 3983 12253 4759 5070
6013,3367 2575 10891 12813 166 161 5541 9467 14804 8499
6014,11735 10671 6406 197 5462 5460 885 11903 5454 5459
6015,15041 14682 10258 11074 1774 1704 6447 5854 2883 5688
6016,14127 4516 13452 13561 14657 14084 13453 13187 13482 13701
6017,5199 5901 3847 2859 10154 10229 13634 3849 10157 13942
6018,4424 12020 12031 100 14163 53 14210 10541 14605 14604
6019,2579 2504 47 54 10017 2583 12306 87 1751 13580
6020,13905 13998 1302 9495 4670 13904 1299 13752 6229 6230
6021,771 14849 9223 8189 15060 4754 4424 12031 100 13190
6022,1475 8889 11583 5345 14844 12535 13336 2599 15210 8893
6023,12559 15043 15042 6015 10883 14608 1536 6016 15021 10893
6024,14844 6933 1475 13008 6938 5403 936 13039 10731 6932
6025,11718 11440 14586 14560 14851 10776 13015 10459 1368 3960
6026,6853 11658 420 11574 6382 5577 1641 2645 1814 149
6027,4660 4663 11368 11370 4650 4653 2804 11367 11369 4658
6028,9372 9249 6489 3304 10766 3821 13431 12901 5742 14452
6029,8104 10901 3394 14358 11230 9814 14254 14357 10900 555
6030,15044 14280 10667 372 12741 12307 8768 14891 5026 14910
6031,14163 14307 14668 15273 15274 15233 14612 14875 15079 14559
6032,323 6411 1564 176 1565 5173 4468 6038 12178 6374
6033,12752 11406 14541 15046 6400 7049 467 11361 6463 13124
6034,1351 10390 242 1350 5858 14089 15273 15274 13132 14616
6035,4028 1539 14484 1784 2283 14482 12538 1541 5259 1538
6036,4413 6360 7096 8443 6364 2371 6553 6363 3083 2375
6037,11881 2741 6416 12994 7395 6120 3046 10207 12425 2742
6038,10560 7264 14752 2635 14352 12439 13642 13643 13879 13770
6039,11545 13084 13486 11543 11380 1160 11544 9358 12066 13916
6040,7366 1011 11528 13573 5535 10913 13621 5687 11571 3082
6041,3717 5116 9934 314 659 16 3749 3138 9933 3716
6042,1354 1355 1357 2369 4141 11778 1356 2886 3416 2378
6043,14636 10968 2309 11550 3765 3176 14710 2590 5740 5852
6044,560 11231 13723 13238 11232 4137 11284 5367 8562 7057
6045,14799 11121 3464 3465 6992 4514 6417 11122 8828 15153
6046,14803 9784 12070 11111 11822 14359 13711 13354 13482 6941
6047,4642 5565 4643 4644 5566 9559 9558 5564 4594 9560
6048,12283 12284 3914 4160 4155 988 4156 4165 4161 3927
6049,8846 12435 7374 12436 8499 3015 4957 6898 10546 15269
6050,15047 12250 9984 12980 13704 10226 12252 3424 6349 10584
6051,3080 6219 14438 14439 4407 1776 10246 12756 3693 2882
6052,8452 6968 6034 9390 3041 4157 6035 7044 3248 3020
6053,1512 3957 4017 6546 6697 6693 1292 9497 6498 6499
6054,4344 2799 4906 12140 12139 10327 7559 4951 1371 14388
6055,9390 9048 5076 7516 14112 11866 13884 12865 10413 6444
6056,6378 8198 2225 15082 15083 3023 14878 8146 2249 3024
6057,2488 7321 11970 7047 9182 4992 4834 8593 7048 2131
6058,15048 14151 12783 15030 12506 9244 2109 5188 5818 11111
6059,3553 2962 10657 14878 1527 10963 7767 13825 11267 3123
6060,15049 4072 10716 1709 12261 4596 6360 3667 7065 9851
6061,4117 15050 4118 4116 11707 11673 12763 3040 203 4581
6062,9784 6990 6995 5190 11108 9935 13354 9788 14359 12070
6063,3160 11954 6908 4370 1960 8503 11379 9911 12337 6899
6064,7740 905 3423 9805 10322 7487 6228 12838 14960 13538
6065,13047 15051 12508 12507 15241 15168 8023 15119 9048 8672
6066,9880 9879 4589 4590 12946 966 12761 12760 15052 15053
6067,15052 15053 7655 12943 8263 12946 15054 9880 4589 1540
6068,6391 9053 586 6402 4355 7869 14070 3881 4843 10439
6069,11634 9847 6109 6065 13948 11633 15022 11635 12157 12154
6070,3383 5812 6322 3148 15222 3350 5078 10660 3368 10715
6071,6095 13080 13823 13079 13078 3877 13542 13074 10983 13597
6072,13342 10259 2402 6789 8408 12797 5607 11261 2834 7824
6073,1537 3025 10066 3972 14544 6369 1539 1541 1538 8902
6074,5414 5011 7921 2126 7181 5730 6853 420 9166 1641
6075,15055 2990 1979 6148 668 864 4167 4779 887 6853
6076,14265 1404 4861 11293 2117 7875 14224 12197 14893 14064
6077,11036 4718 4713 14377 1541 8274 10085 13114 13383 14788
6078,7843 12480 3838 5336 2015 14447 6824 911 7842 11947
6079,11368 11370 4663 4660 4650 4653 11369 2804 11367 11371
6080,10382 8591 10383 2325 117 15028 15029 12875 9200 3662
6081,625 8239 14585 13517 12178 4756 14543 9296 7350 8995
6082,13647 13673 708 13924 149 12659 14956 11554 12385 13923
6083,14163 13919 14929 14668 8999 58 14140 14612 15233 15079
6084,10920 1666 4757 425 11643 944 9000 12362 10369 14707
6085,14713 15057 14585 11662 15006 7223 4816 4822 9779 13390
6086,9367 12800 11390 15281 14586 2659 10263 11391 9667 3503
6087,7014 7015 9412 14571 7013 9406 14545 14236 3486 9307
6088,15058 2865 271 13425 11156 7623 11709 11710 6435 6084
6089,13682 10095 9407 14616 2374 2869 10912 13684 9410 13954
6090,8702 14220 8701 12483 4805 1988 8700 14703 14221 14702
6091,15059 13930 15168 699 1394 15119 3895 13937 13928 9840
6092,15063 8370 3053 3059 3058 3057 3056 3054 15061 15062
6093,14306 12206 1858 15195 11126 13897 6106 13896 15248 10215
6094,14891 14910 10667 15009 12065 15044 14280 14926 8421 14299
6095,3405 15064 8411 11920 12201 1627 9024 13310 2129 771
6096,14961 12324 3801 13943 14441 14530 14563 14960 14004 13892
6097,12574 14887 5678 12134 1880 14971 14606 5676 5076 5100
6098,15065 14550 3471 618 3200 14619 14092 4841 14618 15184
6099,11125 10053 9777 14240 14639 15067 101 11124 15066 8871
6100,14163 14668 9300 14543 15233 14612 14804 15079 14566 14559
6101,8241 7452 3903 15077 10173 6971 11257 6592 5586 15222
6102,10715 14875 52 15273 15274 8474 1351 14307 113 14690
6103,14951 4162 9054 9472 14950 8999 14929 14166 15148 14165
6104,14209 14213 14596 14595 14214 13680 15188 12440 15086 13050
6105,14088 14558 12513 6521 7284 14868 14554 14930 14427 15244
6106,13517 625 12178 4756 9296 8995 9144 7304 13262 6596
6107,12338 14508 14860 7937 14859 15177 7876 14861 13559 12339
6108,7177 2084 4423 2083 12711 2085 9113 7134 3022 11767
6109,13899 12134 7688 11019 14696 14697 14887 12574 12101 14976
6110,14854 14526 8408 13018 14970 9430 14329 7170 7381 10484
6111,9299 3713 11070 4771 7723 11586 4761 176 3711 5538
6112,12868 876 3587 12670 12819 13337 578 328 5140 3585
6113,15070 14958 13627 14957 14652 14465 15187 8860 3893 11948
6114,11195 8560 11695 11696 11698 11697 11694 9027 14428 9494
6115,232 2829 229 10485 11299 11292 7195 10153 14175 6869
6116,6869 14473 13429 11847 11299 14096 8560 10153 6316 6306
6117,3841 13056 13526 8256 10591 14566 13705 11884 13522 12870
6118,5674 12387 1907 10565 5675 12391 11354 11894 12392 1908
6119,14450 5599 3656 3654 13211 7450 7449 11431 11430 11433
6120,8871 14240 14535 11124 13933 2324 7268 11125 5375 3798
6121,14620 7002 8690 12811 12689 15072 11563 15184 1500 15287
6122,2986 10026 74 8561 5415 8562 541 13012 13017 14227
6123,15075 12017 14092 15074 12497 14564 7898 6881 8992 4841
6124,11459 12178 6596 9262 4 625 6038 6374 9263 14475
6125,10559 10483 14529 9060 1949 12512 4417 13847 8969 276
6126,13369 14792 15076 14296 9227 15072 12013 10256 786 7131
6127,14255 3561 8095 1886 13929 4564 7962 2015 11701 4565
6128,13560 11993 2938 2781 2933 13181 2307 13083 5075 3211
6129,13917 11096 14780 8901 13531 14515 4719 13780 1997 12094
6130,7433 12549 11934 5928 5028 1284 504 5095 10597 10598
6131,46 9683 2277 12205 11392 10732 14057 13697 6002 4925
6132,14080 15287 14605 14604 1500 100 8310 6409 630 9056
6133,5329 14022 5327 5330 1882 13256 5326 3482 9959 5328
6134,15077 7240 14781 9573 6971 13019 14066 14795 6101 9575
6135,12995 9132 3019 7370 3738 2585 2571 2123 5012 6914
6136,11654 14227 6543 7012 6495 13178 4474 13933 10106 9661
6137,14631 12290 12293 12289 12675 12292 13381 12673 12291 15253
6138,12277 2089 12613 13969 8087 14371 8101 10133 14042 1637
6139,11836 8196 2016 12852 15019 8580 12512 3800 13886 2249
6140,15078 3214 4519 9588 2569 7373 851 27 14621 10746
6141,15007 13603 15013 14578 8050 15270 15002 14407 15045 4426
6142,2086 14744 8921 12492 2093 1174 11003 11039 3564 13644
6143,12328 11246 11247 13586 14664 645 14076 4594 11210 11687
6144,14307 15273 15274 52 14875 1351 11914 7579 10171 15074
6145,14612 14559 15079 14823 14865 8413 14163 1368 14867 14866
6146,10134 7960 2607 2929 9092 10233 8851 5688 6400 2252
6147,13388 11914 11126 12689 13937 15088 3063 14839 14686 14841
6148,10696 13945 14234 4654 2717 13914 8088 12648 14467 6796
6149,3691 6812 5823 14128 14114 3676 10270 10653 3687 14344
6150,15013 15270 14578 14407 15007 13603 101 3060 15002 8050
6151,14223 14160 10121 14106 6346 8737 7688 11019 6614 13899
6152,12386 794 12388 7580 12387 7051 476 6411 13920 3222
6153,2828 12387 12388 9343 1311 9523 9522 9526 14845 9520
6154,200 14703 204 192 14702 202 203 195 205 7020
6155,15081 14840 3061 3062 14993 3060 7129 14988 15012 14989
6156,13527 5634 8663 10918 1886 12993 8416 1883 12104 9770
6157,3441 6964 1798 4215 6366 7955 4376 4 6963 12166
6158,3548 8666 15182 656 7256 13208 2598 659 3163 522
6159,11398 13637 6610 7632 10839 13636 4238 14132 4349 13722
6160,15082 15083 692 8198 12386 14145 12340 14654 14136 14530
6161,13215 14721 13838 13214 14720 12340 13213 691 14719 13216
6162,14826 15060 13414 4754 15134 14570 15063 13587 14320 14827
6163,12134 13899 14696 14697 14887 12574 12101 14976 10977 14538
6164,14689 5595 6836 14543 10384 4349 14566 8272 14452 7631
6165,14742 58 8050 14980 15285 14605 14604 14824 14334 12784
6166,6099 1883 6101 6100 11166 13433 6792 8393 2095 8757
6167,14555 9054 15288 7124 13587 14296 14852 15079 14559 14826
6168,14299 14120 1456 15245 12011 10904 14926 15116 571 15009
6169,7723 182 15113 11461 2949 2107 2103 13071 2748 580
6170,713 12463 798 12055 10053 14140 1625 12308 12981 5736
6171,15085 7440 1028 12313 1238 8508 14720 14415 7753 1343
6172,5452 4973 11665 6558 2296 3411 11733 2653 1304 12988
6173,12966 10637 6881 15006 10541 5376 15051 5224 8007 3821
6174,6785 7170 8081 13640 14854 14526 6267 7161 13846 6244
6175,15086 13538 14214 14213 13050 12653 14890 15169 4375 6228
6176,1553 9319 12983 7223 8483 11653 794 15056 518 383
6177,14268 14396 5226 15107 4576 11253 9892 9894 14144 9895
6178,9056 8588 15072 14430 8579 13977 8587 8583 8586 7110
6179,8904 1533 1532 14324 6992 2744 13455 11112 8810 3465
6180,859 9947 11196 2317 8184 749 11734 4260 11424 7016
6181,5850 11157 7393 5746 2 15038 8312 5747 8700 12842
6182,12828 13577 12950 14949 6613 11709 13268 12371 10493 12173
6183,14215 11073 7380 13771 13606 13607 13040 12142 1349 13767
6184,14039 7648 12719 12520 7528 12282 2839 11610 10253 10254
6185,2133 2774 4349 14898 10138 6826 4 13350 10280 2779
6186,11632 7572 12237 8999 15148 10798 15189 10508 12240 12241
6187,6329 4265 8960 413 12406 6331 6328 14321 11089 636
6188,14482 4028 14484 8340 6270 11690 8843 6043 6318 13025
6189,11405 11402 13182 11403 14512 11401 14200 14136 14711 11404
6190,4963 4700 12385 13933 3894 14739 5561 10529 12470 12565
6191,13932 405 11755 6415 8526 13144 8713 13314 6416 8729
6192,9964 14858 12247 7163 7663 1018 4450 9963 14528 11786
6193,0 8376 2204 14703 14702 14220 14100 7208 106 5351
6194,15016 13556 14764 3006 962 963 14762 3663 5058 14763
6195,5438 15088 1004 478 14548 651 1069 14539 4177 12487
6196,15089 14398 10695 352 12276 6268 6276 10694 11654 10085
6197,10281 9071 11272 1252 688 8838 9072 648 12992 3811
6198,1752 2930 1747 2240 10931 13585 12667 11260 2925 11259
6199,2556 12087 12847 11480 12084 7438 5971 7805 12320 1282
6200,14180 5430 12843 13055 14330 5998 8362 2614 13409 12820
6201,14416 4840 13813 11470 14262 13613 14074 14440 13144 8713
6202,15090 5747 4705 2 8700 5746 11157 4698 3775 4702
6203,12820 13315 528 14805 10880 11555 14330 13314 12821 535
6204,2365 1167 13200 15093 1168 12007 9784 2820 1532 13201
6205,2742 5998 15152 2614 14562 2741 2820 2743 6417 13327
6206,13244 1528 13128 6000 13248 12509 1535 405 1323 8892
6207,405 1535 14084 1166 2820 2815 13244 1323 1528 2816
6208,13271 13650 13628 404 13324 13576 13327 1165 13574 407
6209,11418 6001 2742 2820 14122 405 13232 14405 13007 1323
6210,6868 1880 177 13129 7923 15147 6399 4519 10741 297
6211,13422 6326 6867 12502 12826 15164 9791 12825 9792 406
6212,14375 14376 14374 15093 2365 9784 5093 5094 5092 5096
6213,3464 1166 1529 13731 14712 6867 13422 2815 8904 2820
6214,2820 13187 1166 3464 2614 13326 13731 14139 13354 13452
6215,12475 12826 13345 403 15164 14122 12502 14029 405 13625
6216,1166 3464 11052 13731 2820 3463 13260 1530 1324 6867
6217,14015 13562 13346 8730 13005 13186 2822 13347 405 14599
6218,14811 12502 14812 11123 12826 14408 15164 12825 15032 406
6219,6867 13422 9791 3464 9792 1166 404 12502 9793 13625
6220,2742 1532 9784 2815 11112 12742 13453 12744 13344 2820
6221,15091 9792 14812 14811 15032 14655 12825 6867 13422 9793
6222,13562 14807 405 1323 13334 14015 14405 362 404 8730
6223,14655 15091 14029 15032 14309 12825 14812 14811 14359 14335
6224,14562 11955 5998 15152 13327 3465 2742 13578 13332 2614
6225,2742 1165 12426 13325 13327 2820 8727 1166 13629 403
6226,13625 13650 14405 4330 1535 13323 403 404 1166 1532
6227,15093 2365 14374 14375 9784 14376 13354 14359 1532 9793
6228,13423 1326 13651 14327 5430 2742 13727 1532 13672 10260
6229,2742 14881 13201 2822 5998 15152 11110 11878 2815 3465
6230,13731 1324 11052 3463 2744 3464 1325 15035 13260 13327
6231,12426 6351 2820 13248 405 6417 1323 13187 2822 2742
6232,1323 14662 14183 15097 4711 13320 13855 8869 405 15210
6233,1532 2365 15093 14138 11122 11121 11112 15153 2614 14374
6234,1530 12743 1330 11052 1525 11392 1531 13672 2820 405
6235,13660 13932 13186 1533 8402 13700 1168 12006 11755 13628
6236,2744 4515 2742 2820 1165 1535 12747 13624 2745 8905
6237,362 13562 13959 11121 9791 15259 1532 11122 14807 6417
6238,405 4515 2744 8905 8729 1535 2820 13271 2742 13324
6239,13671 15095 13348 14325 14799 8731 13328 13575 15035 14712
6240,5344 13339 2614 3465 14016 7686 13338 13340 13578 6350
6241,15097 3465 4711 13320 14183 13855 8869 6417 13578 2820
6242,5998 11112 13561 1534 15152 1339 13910 8312 2614 6991
6243,14655 6353 14335 14309 15091 14336 14029 4516 2742 5999
6244,12425 13339 2614 10207 3465 15152 5998 14016 13578 8904
6245,2741 6416 2614 7395 6120 12425 3046 10207 2742 11365
6246,13806 13804 13807 2951 13805 3333 5094 5095 5096 5097
6247,14138 1532 15257 1165 8830 15153 11121 13629 13325 11122
6248,4516 8907 4330 6992 14127 4515 1526 3465 13455 13452
6249,11418 13188 9786 2364 2820 13324 1529 13189 12426 13187
6250,11899 2820 408 14337 14801 13319 8803 2614 13082 15096
6251,6989 14150 404 13960 13352 13701 12301 9791 1166 14151
6252,2741 6416 8907 1526 6994 11898 2742 7395 2743 6120
6253,2742 1165 2741 13325 12994 13629 2743 6416 10207 14015
6254,6994 11898 2741 8907 6416 8830 1526 2742 8810 7395
6255,1381 4315 10790 2628 6109 10265 15240 12157 12154 6572
6256,6923 15098 14890 11782 14446 13117 1557 4290 11689 2498
6257,14120 14674 15245 5359 14886 12011 14470 7719 1101 15116
6258,6162 1874 14588 13070 1844 5385 5699 12432 2847 5383
6259,11620 6069 1912 10254 7571 14161 11249 11414 11413 11412
6260,14000 12494 13552 11011 947 1658 2079 14706 1999 4772
6261,11153 13004 14090 10868 2946 6613 1669 5970 13046 13971
6262,10184 13765 6090 14134 8532 7529 14135 10034 8887 10185
6263,13482 14657 2614 13452 14127 8869 14359 13711 13453 15097
6264,8647 11780 4459 7481 13597 6944 9395 716 3086 6349
6265,1133 10866 12559 8486 9287 1549 9288 3040 8525 10883
6266,10376 10377 9712 12924 5111 10374 10378 7764 10375 10380
6267,11537 9666 9547 12607 1011 9548 10913 11536 4611 4598
6268,286 10417 1684 10818 4285 14548 478 11025 816 13804
6269,15099 4755 14582 10838 968 5728 8038 3717 14451 14587
6270,14546 10911 14762 4450 13212 7014 4448 13557 2009 14764
6271,12934 15027 12332 12933 14736 6432 12932 12935 10461 8164
6272,1226 7474 1018 1117 10785 9964 6159 14858 12247 7663
6273,15238 8164 4605 13665 11120 4133 10098 7016 8983 4597
6274,9249 14226 14225 5742 9648 2079 2887 14464 9372 11844
6275,12611 14182 267 13103 6842 13647 13368 12333 7827 1748
6276,1011 13483 1861 2874 4693 7817 5687 14464 10003 10626
6277,4599 2014 13111 9851 1315 4693 7817 6360 7427 1357
6278,14729 14091 8326 5273 6909 10169 13004 3602 15192 13718
6279,10519 13142 2946 7018 2418 6884 10521 10520 5287 13141
6280,13238 560 14170 4523 7253 7628 6548 13605 9658 6549
6281,14342 6782 9233 8555 13459 11912 7574 11227 10351 13544
6282,14237 12765 13070 6163 12229 6228 6225 10251 13538 1253
6283,12025 900 9807 9661 3878 6251 12036 7934 13178 8677
6284,6174 1268 13880 6510 7106 4851 7948 7947 1847 4358
6285,14533 11908 13770 14006 1126 13841 4458 8032 13406 11907
6286,13961 14146 13893 1700 14314 14002 5714 2008 6670 11649
6287,12196 21 13479 7953 24 2859 20 9438 22 17
6288,14731 14730 6168 6479 12748 14503 6240 8136 1665 11219
6289,12432 6781 1844 8144 7938 11648 2268 12459 3848 6299
6290,13285 7302 127 12037 4966 1836 292 6676 133 12620
6291,8516 13782 3862 12138 8462 10119 1519 11656 4223 11085
6292,11418 1532 2820 11112 11122 13188 8312 11121 14138 2614
6293,8590 6548 10029 8589 4357 6549 10881 13238 14511 1327
6294,13184 14091 5895 5896 9228 4964 10450 14729 12499 13535
6295,7394 11273 9183 3947 9307 12714 12231 12632 7395 7396
6296,14001 13537 14182 7660 6669 4368 14207 14531 12611 13368
6297,13665 11996 15101 15238 11998 12000 7823 11999 11997 11994
6298,10441 8335 5385 12576 6162 5383 8112 14645 14316 5384
6299,9795 15102 12500 13441 10041 13082 12534 12505 8809 15210
6300,14353 7401 7571 4447 14528 11786 7573 7253 7664 11219
6301,10073 4035 1011 13380 8983 10071 13426 10913 14745 8645
6302,13692 9803 7571 13688 13689 13034 13687 13686 6841 14353
6303,13519 12077 11387 12917 12071 4403 5537 43 11386 12076
6304,13556 7702 12147 11612 11613 11614 10911 13557 7701 11776
6305,14085 10986 14086 13725 1561 12486 266 14040 14087 9830
6306,13585 14672 7630 1751 1752 3044 10435 13488 10059 15036
6307,2820 1166 2742 3465 405 2614 12426 11122 13187 1323
6308,3092 10282 3093 1257 4552 4558 3769 4557 4554 10284
6309,15104 15105 13108 7857 15159 1473 10642 3097 15164 1471
6310,13697 14057 9683 11190 10941 9199 6486 8320 6403 14527
6311,1002 2869 1001 1145 14736 14345 11598 11768 13270 7426
6312,9194 7217 12936 5876 12209 6363 10807 1321 4134 7065
6313,11025 5129 2885 1772 4285 9967 9968 5667 5125 5128
6314,12802 4387 1011 12798 12795 12799 12794 12796 6066 12801
6315,1354 6360 2378 1357 1355 2369 6550 4144 2371 3846
6316,14459 5673 1003 13878 3846 4430 1866 11120 14226 8302
6317,8476 11703 11002 10191 12297 6550 2378 9173 8166 8167
6318,8210 13728 13729 14666 14667 8649 13077 5413 7754 10497
6319,9236 10365 2014 12920 12919 10366 1825 11321 12282 6733
6320,6526 11469 8181 3676 8396 12941 6530 6527 2005 9260
6321,14740 9510 15034 14721 10625 5363 1527 14850 12286 3197
6322,11054 4752 7623 15202 13105 12568 15171 12717 15164 4751
6323,13668 9965 13105 370 11117 12717 2592 13741 15019 11375
6324,12719 13171 12499 13795 13600 10450 12498 13766 353 14039
6325,4672 11248 10488 13793 14229 13848 13795 10489 9288 13794
6326,4605 2875 15238 13665 4135 9540 8164 8983 3846 4133
6327,9748 8541 9747 11799 11797 5662 11801 11800 11537 8540
6328,13766 14115 4360 7250 383 14116 13600 13358 12719 7950
6329,1354 2371 4138 13573 2375 12656 11777 12929 2373 4144
6330,2725 10892 14118 7539 6764 11692 10251 8676 14501 1809
6331,5006 5007 5005 5009 5008 5010 5092 5094 5095 5096
6332,13567 5452 14057 6333 2296 9085 13697 7499 8320 5229
6333,14739 12470 12565 7408 14311 4700 14708 1127 13741 12577
6334,14764 14762 2881 13212 8296 14546 15156 11273 7014 14763
6335,8844 5793 574 102 566 564 565 4809 10332 9448
6336,11477 7960 102 2023 10332 3197 12221 14740 9175 9178
6337,15107 4576 14396 9894 9895 14144 14268 9892 11004 11042
6338,10786 14070 9053 10435 1672 4787 7497 13585 1678 1675
6339,12253 383 12311 12091 13766 13611 4759 5070 10527 8386
6340,14162 14475 9263 9296 6596 12178 1993 625 14476 12390
6341,3055 15276 11185 7121 1367 15069 13626 11126 2085 8621
6342,12975 7441 10860 12976 12977 7225 7443 7440 7329 7331
6343,10037 12617 10038 12171 13381 12289 12293 11211 14797 10789
6344,4655 4657 11369 4656 4646 4648 13022 9361 4645 11368
6345,2093 9470 9473 12838 9658 2086 10086 6347 7956 12837
6346,2093 10086 2086 6347 14744 11003 12068 2092 2091 2090
6347,1998 3572 13065 3573 12949 1996 1997 7560 8214 3571
6348,12565 11038 14708 9202 13402 12971 14739 2899 12970 12470
6349,13257 15108 14790 14777 13810 14276 7444 10037 14955 14561
6350,13721 11714 13811 1635 13812 13815 13810 10079 13814 12992
6351,13003 6136 7309 7563 13703 11128 9358 8899 14795 9101
6352,1884 12647 13703 12068 5407 13246 1955 1882 12997 11187
6353,5364 5374 2635 6334 14444 14919 14918 5375 5377 5371
6354,6303 7230 12339 7248 2273 11036 8690 2263 6083 922
6355,15109 3784 10084 3716 6111 14381 9004 8636 13609 3776
6356,12182 12274 8757 1956 13608 1955 12275 13432 12093 14772
6357,14031 13532 13432 13433 9760 14809 10918 12172 12997 13424
6358,3572 4056 8214 12949 1997 2663 3566 1998 2668 2662
6359,14381 15109 8617 14035 6128 6003 12870 3784 9430 13383
6360,9759 13382 8095 4565 8096 12049 15 13 14255 13307
6361,14381 15109 8617 12871 12870 14035 6128 6003 13522 13526
6362,9027 14428 8560 11165 9494 8638 11198 3233 147 12602
6363,3451 4651 12740 3448 3447 3450 14257 3445 3446 12495
6364,12183 12544 12977 11366 13944 4056 13817 1635 12066 2663
6365,11261 10259 12410 13342 14416 12412 12416 12408 12411 12415
6366,11191 14600 12949 15110 10083 12092 1996 1997 4058 14372
6367,3804 6852 13904 14061 14059 14060 273 14062 3806 3808
6368,14916 14917 14032 14919 14918 6334 5180 9789 9820 3749
6369,13461 10872 9027 14779 13463 14587 13818 13451 14516 5222
6370,14796 12069 25 13063 8899 9571 3712 13311 13309 4719
6371,15112 12877 11184 14578 7124 15247 53 14519 15028 15011
6372,15113 13071 6577 7723 2311 7225 11472 7228 580 13073
6373,12494 14706 14388 14950 13552 14705 14000 14885 14455 14387
6374,3596 14717 4762 3222 10919 170 612 9781 6198 794
6375,14900 6874 1956 5116 4877 8288 1296 8284 4880 8293
6376,15115 15116 15117 15245 8708 15137 15138 2626 15136 15135
6377,5758 1247 4217 1248 5757 2761 8918 4096 8240 8239
6378,15118 12668 4426 1396 15045 5721 14295 10415 14108 11960
6379,14396 14891 13848 14937 1489 1488 8572 14278 10499 12428
6380,14320 10215 14306 5971 10745 7898 6146 14869 10921 14826
6381,10095 14582 13682 6280 9407 14458 1132 7467 10934 10798
6382,11631 9350 6795 4594 2787 6269 9660 12417 4451 4057
6383,14436 8140 7993 14834 14833 11400 5709 10391 12412 12416
6384,363 4180 365 3791 364 1797 10904 12829 10905 3792
6385,15269 6522 6523 5044 11882 12434 3309 12435 12436 13310
6386,13435 12233 8852 6057 9147 12881 12231 390 9581 1376
6387,4451 14434 14228 10741 11631 6451 13074 8890 4927 9995
6388,3367 6701 4031 12097 8201 3167 3860 11146 13595 12102
6389,11914 7579 15074 10171 14307 4191 15181 1204 15075 7577
6390,7145 13364 11317 14661 9267 10717 970 1069 10718 11608
6391,15120 12748 10701 5717 8057 11041 10353 14153 12156 14616
6392,10558 12708 11873 2912 881 2867 3805 8322 979 7407
6393,7326 4348 4985 4900 10675 1371 7330 3476 2470 14303
6394,7344 3811 1796 8452 1101 14893 6317 7343 5834 10512
6395,15124 15122 15121 15123 692 12386 7002 15082 15083 11366
6396,2380 9853 12240 12241 11778 13111 12238 2379 2375 3666
6397,12973 14095 14013 12972 11249 10050 4731 11856 14522 14980
6398,11908 9810 1665 10441 9809 14533 5385 11907 2979 2438
6399,14776 12938 12208 12924 7796 2439 3878 6070 11475 4971
6400,8041 14050 9128 1119 8885 13673 8029 1360 1122 8024
6401,12361 11090 5063 11681 9974 4503 3936 4769 4490 12053
6402,2672 1804 12043 8973 5325 1217 2671 9098 974 3466
6403,4424 12031 12020 100 53 14210 14163 771 2760 4433
6404,13716 13879 13131 9895 9892 9894 13375 13374 13376 13231
6405,8489 6940 8761 7333 5571 7334 2614 529 13578 15152
6406,3266 1499 1901 1047 8403 13909 3485 871 3267 3268
6407,13821 3561 6137 14255 13820 8090 8105 8095 6139 1886
6408,10369 10227 8671 3016 11174 10920 4943 9007 1491 4238
6409,12742 6995 1535 13623 5194 1166 407 12786 2820 14806
6410,14944 13521 8428 14942 14972 14068 14456 15193 14909 14908
6411,7611 5074 2987 6961 4422 209 10645 2719 11193 6963
6412,11366 14477 5267 13885 14488 14486 14404 5266 13895 14913
6413,15065 618 3200 5003 6002 612 1099 11459 12633 13438
6414,13462 12593 4909 12649 13463 8100 9566 3330 158 4053
6415,14986 15246 258 14483 4956 14997 14429 12568 8780 9190
6416,4424 11147 12031 12020 100 12694 53 11773 14163 11758
6417,9308 4132 7147 9406 4311 14545 6356 9302 4314 4687
6418,12649 14787 9111 11209 11210 9110 7 11207 12310 11208
6419,15125 5198 2982 14911 11274 4168 4173 11232 10604 9404
6420,5338 12439 5358 14754 13642 13643 13024 14967 7682 11888
6421,15060 4754 5896 4964 9228 4751 4073 5325 4710 5895
6422,12713 3902 9585 12517 8724 2232 9312 9310 9311 1481
6423,14893 3811 11353 4871 1101 11355 11354 10881 5717 1878
6424,11126 12877 3055 14984 14578 13388 15285 58 11424 14519
6425,15060 14570 4754 14826 15134 15063 4964 5896 15028 5325
6426,26 7992 2340 5225 11082 5224 8693 8224 9878 2117
6427,2201 14504 13805 715 12668 15072 2415 7904 13807 15118
6428,11787 15126 9852 14225 13568 4036 2887 13982 12756 6360
6429,15127 6327 6331 2059 12090 12089 12200 6844 7782 1761
6430,836 7462 138 7928 6833 11485 9711 9438 7538 9440
6431,9306 13640 13798 11863 9299 4757 11462 14493 15154 15205
6432,15128 12546 10210 8427 5882 10111 8695 115 643 8921
6433,15129 5929 8735 8736 14217 8733 8739 14471 8738 8734
6434,15131 13252 9232 1789 13253 1788 13255 9233 14340 6945
6435,625 13517 12178 3407 8995 4756 9296 8254 9144 13262
6436,7399 1807 5523 2139 4237 9064 6999 458 8450 1391
6437,9126 13548 11884 11783 13024 12653 14117 14521 8613 9713
6438,9810 1665 13070 6887 2627 4069 9809 1522 13889 11177
6439,611 12093 5 13936 4020 14453 12032 8324 13923 1128
6440,2319 11235 516 14952 11424 13570 243 9486 3811 10381
6441,4688 4132 4687 2369 11537 13270 12607 9753 1317 1354
6442,12298 14971 14497 5678 14903 13885 12574 12850 11366 14606
6443,11120 8141 8374 10622 13878 5673 14464 13483 14226 14861
6444,9393 11358 4971 7796 13404 9239 6761 11359 9392 14776
6445,4363 8494 12877 7120 7113 81 6990 137 2155 6572
6446,3017 14743 406 13366 3210 13741 14040 11255 14811 14311
6447,9055 13587 14826 13940 13414 15270 12651 8370 14407 15061
6448,8873 14997 14718 14493 14827 14986 8780 1670 14036 12875
6449,14299 10904 10042 571 14926 15009 11192 2918 14910 566
6450,13430 14471 14714 5107 13431 14483 14707 7109 14706 14705
6451,10746 15179 13957 15078 3437 15022 2096 15021 6065 9115
6452,14306 14555 15288 9055 13587 14865 14559 7124 15079 14612
6453,15132 14142 11167 9544 13831 8577 12383 2116 14674 9527
6454,13999 15133 12991 10429 9798 10428 13620 9100 9797 14975
6455,5783 10255 5781 1253 5782 1845 5917 2287 6228 14064
6456,15134 15064 15060 92 8999 14826 8587 53 5093 5094
6457,15134 14826 8999 53 15148 3063 8587 13414 14320 8579
6458,12134 14886 13899 14674 1518 14887 14696 14697 14470 12574
6459,14930 13937 5545 12423 14391 14165 2498 15244 1385 14427
6460,8108 14196 5430 13409 2669 8110 14590 1785 4447 14194
6461,2626 15137 15138 15136 15135 15117 10287 15139 15140 10481
6462,12469 15142 15143 10481 14855 15140 15139 2626 15141 10287
6463,9826 6785 3859 12041 1467 13640 14265 13846 230 6244
6464,6415 7249 10277 13854 13729 13144 2958 8713 13728 13314
6465,15145 14541 4066 10048 412 15144 14847 2919 11619 7718
6466,11319 11318 12756 13878 2887 10818 13568 9554 13590 3080
6467,8057 6780 15101 13366 10813 1665 15261 9803 11785 14968
6468,14824 78 14510 58 14868 9054 14165 14555 14827 14558
6469,15146 7845 9511 14931 14687 6202 15244 11959 2203 14937
6470,15147 14852 739 3790 15230 14555 1490 14136 7301 13670
6471,14929 14427 3021 13033 3160 15230 14166 12513 14930 11379
6472,15238 13665 8164 7016 4133 9625 4137 4605 7015 9751
6473,15148 8999 11185 15248 14690 14951 14560 15069 14851 15134
6474,1883 12617 9026 14783 12091 7909 14797 12171 13462 12999
6475,11405 14512 3019 14200 14711 14591 14136 13286 14145 11059
6476,15149 5106 5105 5104 5103 5102 5101 5100 5099 5098
6477,15264 1532 13627 6378 8860 7993 5365 14436 8140 12269
6478,15150 3828 11366 3824 3835 3829 3834 3836 1181 3830
6479,10910 11904 11669 12191 11748 14121 5397 7400 11935 12621
6480,6784 7855 1126 13416 12985 6502 14533 10986 12025 11908
6481,14128 14344 10653 2230 8462 8176 9341 3691 2189 9783
6482,15119 15059 7002 15168 14143 14911 15121 15051 15123 6622
6483,15152 5998 2614 13578 14323 14562 14007 2742 13339 13201
6484,15027 14736 12934 1724 11385 12332 6432 12227 2869 7754
6485,14234 10696 13914 12648 6796 14467 10874 7759 10873 13946
6486,8057 15120 14616 10701 8409 10813 15026 12748 5717 13132
6487,6788 10080 4909 14164 2567 4713 14413 13974 11187 5332
6488,15153 1532 9784 7237 6866 6941 14194 13855 14359 13354
6489,13064 8899 13067 9348 10959 13916 13463 12618 9574 13066
6490,14699 664 1436 15021 11080 14092 1620 5636 3090 8798
6491,15057 4978 4437 10606 4199 2063 14713 14221 11662 14585
6492,4966 13184 5896 4964 9228 7302 4073 5895 5709 4754
6493,11424 859 1516 9497 8038 9277 9955 7016 9954 11126
6494,12748 12234 12717 7937 15120 12338 14860 14508 8840 10701
6495,13685 6567 15101 3483 11186 13736 13737 9410 9409 2009
6496,11148 8479 2643 14348 8419 9774 6872 5281 11863 4288
6497,3573 13065 7560 10242 7558 4882 9372 3567 3565 2797
6498,15106 13101 15156 13557 15155 15235 3486 11273 9406 13282
6499,14218 11382 10998 10999 11987 11350 11028 10952 11000 1771
6500,9779 5552 2709 4756 11462 9144 14713 9778 9777 15057
6501,13399 4909 13484 8302 12585 13463 982 13462 4061 7100
6502,14775 3896 8087 10976 14770 13819 11042 12277 12613 14200
6503,8453 5084 6381 11934 1567 458 2767 10471 6444 6959
6504,6445 6473 3037 2241 1033 14082 6868 4240 499 7463
6505,9779 9367 11461 1989 11462 10039 2936 4406 8753 11459
6506,9348 11544 12066 13073 11472 14377 14798 13072 13064 11543
6507,1665 9809 6781 13887 14219 9803 13617 14732 14340 6783
6508,4736 5042 14362 9319 2566 7332 5012 8757 7564 6636
6509,323 1028 14415 14720 15085 14719 11328 31 4671 14721
6510,10382 8591 10383 3662 15028 15029 2325 117 6532 12875
6511,3055 13626 11126 15247 9957 14875 7994 4820 11424 3056
6512,2168 1047 5618 5612 5620 5621 184 5619 5615 2167
6513,1583 6962 4295 4828 593 1581 1582 598 1577 1578
6514,12928 12927 11475 6513 5246 14732 11152 13666 13267 7171
6515,10373 1558 9323 9324 10372 12236 12858 12860 155 9955
6516,10821 13286 12159 14959 14161 11249 9857 7801 11620 12372
6517,10898 8526 3040 9287 1549 11755 1133 13932 9288 2824
6518,5090 1201 2457 7054 4219 5225 5086 2201 14504 5074
6519,10917 5331 5332 9015 13900 14075 14077 13040 3482 13114
6520,12655 12211 11721 4597 13621 7784 4137 11722 13723 7058
6521,11813 1870 6470 6275 150 896 10985 9286 9030 11016
6522,11254 14985 13954 5253 6716 5732 13681 9407 12624 9424
6523,15162 15161 4306 1799 568 7952 274 723 3074 4300
6524,10407 10086 49 11945 13051 7844 14025 12068 2093 13925
6525,13954 5732 13681 12624 2011 9407 2010 3005 5253 4398
6526,13590 3442 9303 6553 9751 2890 6360 8166 10072 7057
6527,11113 13571 296 4973 7184 10664 2584 9428 11116 82
6528,14493 12875 14718 9319 14827 8873 9306 13640 11863 2206
6529,15128 6103 1187 11132 6152 8518 6104 7996 5837 7631
6530,5222 12171 14780 1636 13917 14451 8701 2793 6412 637
6531,15163 11883 53 11911 11884 14578 13420 14510 5515 717
6532,8526 1166 3464 11755 13932 2824 6867 13422 14712 2820
6533,11257 8554 3808 11146 3804 10494 10496 6325 1102 3367
6534,12470 1874 7643 1554 12129 9963 14739 12565 14119 12970
6535,13108 15105 7857 1473 15159 15164 1471 10642 1469 1468
6536,14274 12620 15088 12784 11865 12714 11271 12689 4003 12621
6537,14956 12385 12741 13647 14169 12333 14013 13673 11384 9961
6538,1367 15276 2804 13022 1496 10890 4650 8374 11370 2085
6539,115 8695 1901 82 871 857 15128 868 6317 12546
6540,8948 1613 3395 1131 5513 14159 796 10270 7972 5202
6541,10310 3696 1456 8975 600 1574 2773 3206 8970 2780
6542,6789 12418 7824 14043 14809 11824 13342 6576 1796 12412
6543,14136 11405 12497 15230 14512 14200 14711 11402 14591 13286
6544,794 149 7580 5581 4462 14548 3574 7051 15231 15232
6545,15119 15051 15168 8130 5376 15059 13047 7002 8135 8132
6546,14361 11124 9522 14448 15175 12103 9116 8871 3798 11125
6547,6120 2741 12198 6124 6121 6416 13054 6123 7395 3046
6548,15046 9143 12600 9241 7205 11291 10247 15260 233 14708
6549,14377 2788 9348 4713 11472 1541 13073 13072 13071 8274
6550,618 385 14680 3144 15065 2313 612 6002 7615 611
6551,14628 2597 7687 14630 14627 14629 3787 2594 2598 2596
6552,15166 11197 14164 15165 6280 14371 14658 13160 15110 12277
6553,13703 11128 9101 14795 14796 2805 7309 10036 8899 9358
6554,14770 9558 4594 3896 9559 14775 9560 13819 4644 4642
6555,14659 5565 12366 12365 5566 3894 14043 4642 5564 4644
6556,13361 15167 13306 1636 14798 14451 11544 11944 1637 1634
6557,5332 5331 3482 10917 5327 3481 1882 10455 10457 5326
6558,14453 12093 13936 1128 12274 5 11844 11363 12182 12275
6559,14783 12091 12999 14076 7909 12253 14075 14077 9101 13611
6560,10542 14683 10872 8295 14684 4815 13461 1869 14413 1162
6561,13256 14022 6796 8420 1883 1544 9026 10012 14234 13620
6562,9814 11850 2010 642 14681 2011 9959 11022 1129 10899
6563,12182 12274 12993 8757 8663 13608 8634 12275 13432 12093
6564,11427 844 11199 13382 11426 4644 5071 10012 11174 2897
6565,12748 15120 10456 2015 10353 11041 10701 14153 12304 11219
6566,14624 12967 13818 13944 13817 5557 11165 9772 13814 5252
6567,6795 4594 2787 9350 9558 14770 9559 6797 6794 6269
6568,13399 10456 12998 14789 13527 10721 14071 10918 1953 11200
6569,5351 11143 10506 11144 2933 2174 9590 4850 7406 12421
6570,13520 7699 3801 5784 8421 7700 14441 14530 14961 15009
6571,15059 15168 15051 15119 5376 13930 7002 1394 699 5102
6572,3060 15012 3061 14993 14840 15013 3062 14578 3057 3058
6573,7384 4671 6622 8575 14429 13892 12989 6520 9803 14889
6574,11776 12866 14038 13590 11120 12147 13992 10913 13556 5673
6575,11352 6362 1778 6361 6363 1319 9192 2375 1320 1779
6576,3723 11837 2945 1103 12327 10572 10016 10142 1328 4498
6577,8491 8596 14892 13054 13002 11470 4356 14155 14262 13485
6578,15029 771 14825 14849 9223 14668 5517 15028 8189 4754
6579,11373 11378 8793 11375 8501 11377 11376 2507 6603 7769
6580,4035 5535 1140 5530 5532 5529 5448 5536 13380 10913
6581,14262 11470 13613 4840 14416 1532 13611 14892 8491 13144
6582,871 5732 7696 14692 11383 8994 13954 13843 3015 1132
6583,6002 8397 3213 611 5601 7865 8460 1374 287 618
6584,14635 4956 7359 8737 14986 8733 8739 8661 7531 8738
6585,15045 4426 15263 13016 7159 15118 12427 15007 13603 1351
6586,8935 6084 14980 8352 9834 1284 11817 11960 4090 11818
6587,15031 14408 3141 11868 12503 12783 12150 4712 11046 10160
6588,10931 5987 10930 1752 2735 4568 1521 4225 13193 7955
6589,2869 2875 5447 4139 2881 2883 15017 10199 9540 14736
6590,8479 14669 14348 2310 11863 15154 11818 15205 9306 4847
6591,8659 7311 7040 5074 4232 9565 7207 5123 9667 8865
6592,14384 14383 12081 6228 692 5091 5092 5093 5094 5090
6593,14214 13050 14213 15086 8525 15169 14209 14901 692 14596
6594,4590 2442 9879 4589 12761 12760 7654 9880 967 966
6595,5205 5466 5795 10225 11973 7409 7265 11602 8221 6650
6596,8742 9390 4353 12533 1685 579 5079 6964 10328 1568
6597,12065 14891 12697 11384 12312 10082 8272 13 14923 14379
6598,2614 8869 13855 15097 4711 6414 13320 6416 13578 1532
6599,15171 4752 15100 4126 9842 11054 4751 5709 15172 7204
6600,12850 13885 5268 14506 14538 14938 14537 11366 14500 14887
6601,6617 13214 1840 10561 14147 13215 12085 6619 6621 11567
6602,2705 8409 6160 15026 8057 10701 6167 6161 6165 5196
6603,10091 14269 4616 6739 11102 1011 8849 12608 7099 13981
6604,14764 14762 9406 14546 14545 8296 13212 14763 15156 13556
6605,14688 14887 6581 10384 12574 12134 14689 7177 257 12850
6606,14887 12574 14688 12134 7177 12850 257 5101 5100 5099
6607,10125 633 5917 14378 9325 9326 9327 11050 5904 5783
6608,15000 5225 7054 14718 1462 7631 11130 1395 1463 7398
6609,13057 8238 5499 14967 14502 15172 562 4742 10558 5604
6610,12850 5497 1061 13885 7458 8693 11366 7462 7459 7457
6611,8999 15148 78 11185 9054 7121 14868 15248 14163 14690
6612,12254 12164 14505 11575 13761 7470 14671 8866 5788 6935
6613,8769 11300 3939 5888 551 1667 7211 9844 7840 1657
6614,14986 4956 15246 14997 8780 14635 645 258 7082 14483
6615,14996 4557 13852 7841 3977 1659 1257 886 2915 726
6616,9051 7848 4090 2291 6902 7717 2294 846 10078 2290
6617,14299 15009 14926 14910 2595 6079 14388 10904 14950 8421
6618,14561 12206 15173 14209 8456 14276 14596 14286 8054 14285
6619,9789 9588 7489 5180 10169 4519 13025 7373 2569 15192
6620,3578 3401 3579 12329 6837 12832 5764 7293 555 876
6621,15174 5106 5105 5104 5103 5102 5101 5100 5099 5098
6622,7014 14571 7015 7013 14236 7016 4062 1709 14445 12657
6623,14887 12850 7177 11767 13885 7179 5268 7180 7178 14506
6624,12825 14811 14812 15032 8904 1532 15091 406 3465 11122
6625,14539 478 14548 173 14694 8950 6833 5438 4177 14693
6626,14140 11758 1452 1796 12320 126 713 12847 11147 13919
6627,8971 12144 1732 9061 3134 10517 3895 14613 14614 10985
6628,4447 14353 11219 8316 13409 12748 10680 7264 11041 4448
6629,6951 4434 4630 14582 12537 6947 12669 3877 12670 13542
6630,1390 868 871 1901 1900 3441 4 12361 1570 1389
6631,12321 7847 14704 5938 9989 7849 15175 995 9242 7848
6632,10552 5938 12321 7847 15175 995 14704 9124 2332 9221
6633,12321 7847 5938 14704 14490 15175 7849 995 9124 7848
6634,11366 12321 5938 15175 7847 995 9124 14704 10552 13885
6635,15175 12321 5938 14361 14496 7847 995 9124 14704 14485
6636,12321 7847 5938 14704 14490 7849 15175 995 7848 4727
6637,9026 14496 1883 15175 14491 13256 5267 14454 6196 6099
6638,11366 13079 14477 5267 13885 14488 13078 14486 14404 5266
6639,15175 14496 9026 14361 14491 5267 14485 6196 11366 14146
6640,14477 11366 13885 5267 14486 14488 692 14404 5266 14913
6641,15175 14496 9026 14361 14491 5267 6196 11366 14485 14146
6642,14491 5267 14496 14479 9026 15175 14506 11366 13885 14486
6643,14496 11366 9026 14491 15175 14486 5267 12528 13885 14913
6644,14361 15175 14146 14496 13961 1700 13893 14002 14314 2008
6645,11366 12324 14477 5267 13885 14488 14486 14404 13895 5266
6646,15175 14496 14361 14146 14485 5938 11366 14486 14481 5097
6647,14480 13885 14488 12850 11366 5268 12298 14500 14506 14497
6648,14481 15176 14499 6077 11366 14486 4339 6072 6076 5266
6649,5266 13885 14486 12850 14485 11366 14498 14488 14497 14480
6650,11366 5267 14491 14479 13885 14496 14477 14486 14506 5266
6651,14532 11366 13885 5267 14477 14486 14488 14404 5266 692
6652,14491 11366 5267 14479 14496 13885 14486 14477 14488 5266
6653,5267 10210 8427 3257 14491 15128 10042 14479 2918 11366
6654,11366 13697 14527 14477 14132 5267 13885 14488 14057 8320
6655,11366 1181 12337 3828 13885 5267 14477 14527 3824 5502
6656,10552 11366 12386 692 14477 15082 15083 14479 13895 5267
6657,12528 14913 14838 14486 11366 14366 14499 14485 14481 14479
6658,14481 15176 14499 11366 4339 14486 5266 13885 5267 14477
6659,15177 14508 12338 14860 7937 5090 5092 5093 5094 5095
6660,15178 15144 15145 4066 14541 10048 412 2919 7718 2916
6661,10552 2332 6834 14485 12974 5587 11366 3023 9221 6204
6662,15179 13957 10746 15022 2096 15021 6065 9115 62 14046
6663,5170 5163 15171 4126 14897 8513 7204 7203 9427 8514
6664,14055 11260 4016 11259 8870 11886 2930 5862 4764 4568
6665,11366 14477 5267 13885 14488 14486 14404 5266 13895 14913
6666,11366 14477 5267 13885 14488 14486 14404 5266 14913 13895
6667,11366 14481 14486 14499 15175 14485 15176 12528 14913 14479
6668,14485 11366 15175 14496 14361 14486 13885 5267 5266 14477
6669,12785 11366 14486 6903 3972 14544 12528 14499 14485 14913
6670,11366 14477 5267 13885 14488 14486 14404 5266 14913 13895
6671,14485 11366 10552 6834 14486 13885 5004 12974 5266 5267
6672,14897 5170 11366 5266 14498 3126 202 476 10434 14477
6673,11366 14477 5267 13885 14488 14486 14404 5266 13895 14913
6674,11366 11050 13885 5267 14477 14486 692 14488 14404 5266
6675,11366 692 12386 13885 5267 14477 14479 13895 14486 15082
6676,11366 14477 5267 13885 14488 14486 14404 5266 13895 14913
6677,11366 14477 5267 13885 14488 14486 14404 5266 13895 14913
6678,692 14491 12386 5266 11366 15082 15083 14479 14145 5267
6679,11366 6467 14477 5267 13885 14488 6464 14486 14404 5266
6680,11366 13885 5267 14477 14486 692 14488 14404 5266 14913
6681,11366 14486 12528 14485 14499 14913 5267 14481 13885 14479
6682,11366 14477 5267 13885 14488 14486 14404 5266 13895 14913
6683,14480 12850 14486 13885 11366 12528 14485 14499 13895 14479
6684,11059 7115 3019 9223 5347 3982 2203 15244 11959 14931
6685,8882 10135 4345 12429 4852 13903 10481 5335 5625 5471
6686,7233 1585 7232 5986 5887 10658 8891 11690 1523 3857
6687,11405 693 6725 14512 14200 14383 11403 14136 14711 14379
6688,14959 279 13640 11237 6345 10821 6769 13798 11236 7547
6689,3798 9116 11124 11125 8871 11126 14448 9522 14240 2430
6690,14835 11700 8221 6202 12049 11701 9966 10836 10834 10833
6691,15180 14564 14565 15074 7898 10200 6881 8992 13511 4756
6692,14042 14233 2089 14232 12277 13531 12613 14780 9960 14515
6693,14193 13207 8564 14153 1379 13266 10496 14181 1380 2914
6694,14449 14555 14927 15288 14852 14843 14850 15184 9054 14165
6695,14555 15288 14852 14721 14449 14720 14850 13215 14719 4671
6696,3793 14941 13752 7252 14162 13920 14904 14426 5183 12388
6697,15181 4191 13588 14162 14278 14896 13044 13541 10321 13545
6698,14162 14941 4191 14475 15181 14933 9263 14709 14396 5581
6699,14166 14929 9052 3906 14951 8999 3021 9054 14930 14427
6700,14705 14706 14942 14885 14707 14848 8428 14478 14513 14960
6701,9055 12651 2391 10011 10979 12409 4631 8507 12650 6766
6702,11734 9197 8012 14001 9947 4182 133 10982 4673 8460
6703,15182 8666 2598 3548 13836 2594 2596 2593 2591 2595
6704,9014 11973 3952 776 4468 10249 4406 794 5466 4355
6705,14716 4591 14141 15281 11965 14717 13318 9465 12837 8732
6706,10042 10210 2918 8427 2925 10904 14299 9442 3257 10763
6707,14227 11654 7012 4474 13933 10200 6495 7954 6543 1306
6708,13836 2598 15182 22 2594 2596 2593 2591 2595 14224
6709,14925 14741 2637 8488 7188 11919 5522 6153 2118 6152
6710,7124 13912 1351 14559 15228 8377 12877 11444 4426 1589
6711,14822 14821 14592 10115 10833 11731 10834 15252 14940 6202
6712,1855 8444 6544 12296 6536 6545 4753 1341 6543 10414
6713,8143 14970 9578 11564 9430 14329 13018 11006 12138 10484
6714,9055 2154 15255 8413 8762 12651 13891 13587 14612 15079
6715,15184 14620 11820 14555 15288 14081 14550 14852 8999 15148
6716,11485 4384 9613 138 5412 4729 15229 14418 12180 5427
6717,611 15020 8335 11936 11939 9955 5385 11937 14680 11938
6718,3548 8666 15182 7256 13208 2598 656 3163 6816 6815
6719,14163 4426 15045 15263 13016 12427 14668 58 8999 10715
6720,14834 14833 14436 11400 5709 10011 5788 8140 5113 4966
6721,8323 1885 5572 11968 7349 4701 8324 13532 14158 5571
6722,14953 15185 10183 10985 9030 12819 5990 2111 8 11466
6723,12875 14493 14827 14718 9319 9306 14825 15029 15028 12876
6724,14132 14527 13697 5016 14057 8995 6610 14680 14723 8320
6725,9803 6780 8575 1665 14429 10810 7384 6520 7651 14483
6726,14522 14095 15026 14094 2301 731 14281 8409 13832 6620
6727,641 610 614 6509 9790 639 10353 11660 6158 643
6728,13924 11554 13673 12659 13647 14323 12664 12660 12661 10694
6729,14136 692 11402 12386 11405 693 11403 14383 14145 14366
6730,13892 13943 14563 13350 14885 14961 2730 11888 13942 10109
6731,15186 9239 6761 11358 6622 15070 11359 14266 1124 8016
6732,13182 11405 14208 11402 11403 14136 14889 14512 11401 7521
6733,15070 9239 15186 8016 14266 11358 6761 3429 11359 14958
6734,12254 12164 14502 6614 14730 14505 7470 14731 14503 11575
6735,14970 9430 14329 13018 10484 8408 14854 13132 14526 14616
6736,14465 15187 14652 14168 14466 3893 11737 13627 12837 15070
6737,9228 5895 5896 7012 7744 4964 4073 7745 645 4754
6738,8133 8007 8132 14666 14667 9190 7658 1631 9189 8027
6739,15188 14209 14213 4450 8459 14596 14214 12225 12224 14595
6740,13265 15186 13690 14715 9557 14012 13266 4567 1783 5161
6741,14008 15262 5352 13694 12590 13695 11665 12987 5356 5357
6742,14209 7256 11962 14596 14595 13680 12440 14286 14366 14458
6743,6622 2108 6761 14206 6189 13892 13420 15186 6615 1380
6744,1379 13207 1380 14193 1375 14153 5248 13266 1376 10992
6745,8666 3548 7256 13208 15182 2914 14366 11962 2598 12012
6746,3019 11059 9223 3018 3240 3243 108 7115 45 11405
6747,10821 14959 8145 279 13286 9963 11237 14685 14205 13640
6748,14563 13350 13943 13892 14961 10280 2730 14756 11888 13942
6749,6619 6617 6622 6621 5486 6611 6616 6610 6609 6606
6750,14213 6991 14214 13050 14209 15169 15086 15188 8525 8020
6751,14517 12901 13949 7984 10906 3771 14873 10766 7983 7982
6752,5788 0 12474 8145 12473 12471 4838 10821 14959 12472
6753,10786 7497 5897 2149 3886 14070 7494 12352 11032 3880
6754,15189 11632 14579 7220 14364 12237 7528 7572 1845 14615
6755,10011 14143 14667 857 14666 14911 7002 14833 14834 13077
6756,14528 11786 7664 1846 7401 6171 1111 11593 11564 11649
6757,9842 15172 6952 13602 15100 15171 14565 5709 13057 5113
6758,6516 8914 8220 7083 12972 3254 341 10114 12973 8927
6759,7222 10626 14347 9235 1863 7253 13483 6887 12333 3079
6760,15189 11632 11796 1845 7528 14579 9808 12590 11912 717
6761,13388 11914 11126 9610 4153 14839 14686 14841 3063 653
6762,740 14906 14907 15190 14979 14348 14089 3615 15273 15274
6763,8999 15148 11185 15248 14690 14951 14560 15069 7121 14851
6764,8617 14035 13383 14788 14784 14381 12601 7443 13780 13720
6765,14660 259 924 14573 14861 9799 5369 9778 9777 3771
6766,14711 12850 13885 1627 5268 14538 11366 14506 14938 14537
6767,1694 14883 1695 14229 1699 14884 4672 13693 6355 1697
6768,5717 13179 10701 15120 7938 12748 11353 4939 3665 8057
6769,9989 14704 9242 10380 1500 15287 7847 10374 11713 14080
6770,12850 14538 13885 14938 14264 14973 5268 14506 14537 14222
6771,14886 14674 14470 7719 15260 14490 14417 14142 9143 11217
6772,15191 14509 5972 9497 13227 4764 6045 9955 4016 5791
6773,857 871 1901 868 115 14143 8403 1900 1390 6317
6774,12850 13885 5268 14506 14938 14538 14537 14500 14887 14456
6775,15192 10169 12085 14729 5273 12064 12084 12062 9789 10362
6776,14329 13132 10484 14970 9430 14616 13018 8408 14854 12362
6777,14538 14264 14973 14938 14415 12850 14222 553 13262 13737
6778,15193 8428 11287 14972 14068 14456 14944 14942 13521 11288
6779,8397 7643 7888 1127 12470 10442 10444 10443 15018 7649
6780,15134 15064 8999 15148 92 11185 15254 14914 15248 14905
6781,7572 14618 93 14547 14619 7573 12305 6779 14558 6097
6782,11932 7229 12483 9486 10668 14694 5023 15199 10865 14539
6783,14938 12850 14538 14264 14973 13885 14222 14415 5268 11366
6784,14306 14320 10215 12206 1858 10745 5971 14869 7898 6146
6785,5107 11668 11666 14952 14224 14157 5256 8824 12199 13430
6786,8374 8141 2804 342 8373 13022 4650 11370 4660 4653
6787,3213 14620 7230 10893 15184 6002 611 13842 9768 14621
6788,14565 13602 11026 14564 9842 10200 4336 13511 11027 15172
6789,58 14980 15285 14742 14824 14605 14604 11126 15069 7844
6790,14564 7898 15074 6881 8992 7865 10541 5971 740 15180
6791,14320 8999 15148 11185 14869 14306 14826 15248 14690 10215
6792,7898 5971 10215 6881 10921 14995 10541 14564 15074 14306
6793,3617 3616 15054 3615 3912 1171 12558 9084 11653 12561
6794,14974 1904 4336 11026 11027 14975 1907 8760 11025 1908
6795,9056 14904 9300 13920 14426 14903 5183 14941 14804 12388
6796,15173 14285 14286 12440 14209 13896 14561 12206 8456 5190
6797,1697 8459 8123 14974 1695 15188 1694 8121 10516 11962
6798,13897 692 13896 12386 15195 15082 15083 11366 14145 12340
6799,15194 4379 11311 11314 11313 11312 11309 11308 11310 11307
6800,15195 1858 13897 12206 14306 13896 6106 11126 1863 1859
6801,15195 13897 13896 1858 12206 14306 14285 13894 6106 692
6802,91 2083 2084 2085 12711 12710 11370 14612 15079 4663
6803,13897 13896 1858 15195 12206 14306 14285 13894 6106 692
6804,15196 14637 692 14823 12386 10507 11366 15082 15083 5986
6805,2013 13896 6582 13897 5265 4803 2134 10110 5174 10111
6806,9698 2424 2899 9202 8474 17 2397 14644 14643 14642
6807,14561 5683 14443 12206 782 5682 8456 692 15173 177
6808,8054 11307 8456 714 8055 14561 14417 14984 12206 8021
6809,14074 13813 12841 14075 14077 14416 13997 14076 2018 1545
6810,15134 15060 4754 14826 15063 14570 15064 4964 15028 5896
6811,6622 2108 14206 13892 14889 11852 4168 4173 553 10766
6812,7002 6622 14143 14911 15121 13892 15119 14889 11852 13137
6813,15077 6971 8241 9531 2950 7240 14781 3541 9573 4484
6814,15197 13653 11781 14365 5923 11177 11105 13652 5101 5100
6815,11711 1222 7936 710 11241 4358 10323 4851 1837 11574
6816,11473 13699 113 10820 5096 9359 4122 10662 15273 15274
6817,5110 9220 9462 9461 9894 9892 4722 9895 12008 5103
6818,10414 1855 14714 5325 12296 11322 773 14443 4754 15060
6819,14143 14911 7002 857 15121 15119 10604 15123 2982 13137
6820,14143 14911 7002 857 15121 15119 10604 15123 2982 13137
6821,12837 4591 14716 857 7141 14466 12838 11965 11737 14143
6822,12083 10765 7271 10766 1739 10764 10763 7272 7276 6222
6823,7457 6220 12547 630 1332 4541 13808 7580 3093 7469
6824,15198 10028 14789 10031 10030 7963 6839 10032 10033 7809
6825,9666 9547 9548 4598 10913 5535 9549 11385 12866 9553
6826,15199 10865 7229 11932 5431 12020 14694 10208 5405 13959
6827,12059 8299 7457 12009 13943 2730 8064 8062 6220 11888
6828,15108 14790 14276 13257 7336 14777 13810 14955 7444 14561
6829,58 15285 14980 14742 11126 14824 14605 14604 15069 14163
6830,771 9223 14849 15060 4424 15029 4754 8189 100 12031
6831,14493 8272 12689 14923 14102 12065 15088 8581 4934 12875
6832,14565 10200 14564 13511 14487 15180 3898 14478 15074 11026
6833,15202 11054 15164 2596 12826 12502 2594 2598 2593 2591
6834,14693 14393 2678 3771 14955 14694 11711 14539 3895 11401
6835,10986 9830 9331 7678 9999 11883 11884 5788 13898 4124
6836,10495 8407 15009 14910 8421 512 10496 1102 8554 10492
6837,14441 14004 3801 14530 14961 13520 14909 14908 7699 8421
6838,15203 5106 5105 5104 5103 5102 5101 5100 5099 5098
6839,15003 3061 3062 9818 14840 14993 3060 9819 14988 14989
6840,9052 12015 14869 14320 14166 14221 5283 12014 10921 10078
6841,14596 14209 14595 13680 12440 14286 14458 14213 14285 14214
6842,14596 14595 13680 14209 12440 14286 14213 14458 14285 14214
6843,14596 14595 14209 13680 12440 14286 14458 14213 14285 14214
6844,11549 15067 15190 36 13013 13173 13174 15249 15068 5787
6845,3061 14840 3062 15003 14993 3060 14988 15012 14989 14990
6846,14586 14524 11440 471 2659 13831 14426 14216 360 8693
6847,611 15020 6825 11065 11067 11068 11936 11939 9955 7746
6848,15204 7313 15084 14272 15007 13412 9920 12514 8048 1918
6849,11147 11758 5376 15051 11140 12694 15168 11773 13406 14230
6850,11863 15205 15154 8479 9306 9319 1500 14348 13640 15287
6851,3744 4717 9494 3186 9495 4894 4922 4988 338 9493
6852,5222 12277 10356 13735 11190 6140 10603 12613 8903 10359
6853,1160 3288 650 11855 1161 10430 3328 3826 10780 7327
6854,1963 6050 853 6051 5073 5072 4366 6049 169 803
6855,14363 6339 10554 14440 9554 13237 11350 1145 10555 9969
6856,15207 15206 5527 7428 634 5524 8816 5488 4816 8999
6857,7152 4052 7697 12543 3538 7907 13454 9609 6376 12539
6858,15209 15208 14763 12632 2443 15155 14764 12760 8269 14445
6859,1456 235 234 1619 14299 1618 11087 1617 11254 14120
6860,6143 10404 12050 4276 3653 10158 1505 184 8819 10397
6861,15210 14877 13635 12883 13441 14328 14662 10733 8808 8806
6862,10524 10525 10523 12584 14684 8427 1532 14683 13307 12172
6863,15088 12784 12620 11865 11271 12689 14274 5438 14430 13977
6864,1917 9526 10905 5669 10904 9665 3132 661 5671 9523
6865,9991 666 10470 2182 7243 5960 5025 4335 8220 7083
6866,5244 5243 11357 8025 11358 11359 1124 6761 9239 9392
6867,1987 9294 7080 2260 9458 2259 7041 7036 3413 4950
6868,14443 5683 14967 14561 782 773 970 764 14442 5898
6869,15215 15214 15212 15213 11060 15211 14670 8370 11061 3053
6870,3893 15187 6717 14652 6725 6718 6719 10787 8897 6984
6871,14810 15216 12797 13337 13390 13342 3587 1071 1079 1737
6872,1001 2876 3843 4416 1002 1826 11768 10818 9194 6364
6873,3667 7065 7078 2999 9193 3074 3666 1003 9536 3416
6874,14283 6431 4661 3001 2615 11347 13112 6799 1355 4659
6875,14388 10537 6762 7965 8061 9933 2028 10759 1008 5838
6876,9249 6675 4985 11044 5742 9648 11047 2079 9372 6637
6877,9532 3800 973 13909 3485 2016 12512 15019 1499 146
6878,10275 2809 4818 8994 3377 2961 9861 5825 9719 4993
6879,12261 15049 12146 11102 2875 6067 1151 9967 1711 1723
6880,5613 888 11856 10022 12423 277 8259 13130 7438 3970
6881,560 13723 13238 1145 3842 4137 4609 14170 4523 5367
6882,113 15273 15274 7123 11473 13699 14669 1351 7117 14583
6883,1572 506 1943 13454 7152 11269 14396 1237 11268 9648
6884,101 15233 3219 14690 15270 14898 14579 14407 15013 15007
6885,15218 15170 15219 15217 15220 15169 13736 9418 11252 11251
6886,10192 6550 8253 1357 6551 12561 2369 6360 1354 10191
6887,14359 13711 13482 9784 8808 12744 1532 11111 13351 14029
6888,10085 10695 14770 10694 13114 15089 14398 12276 352 9558
6889,3442 12629 7065 15220 12630 15217 12628 1317 12627 15218
6890,6770 12212 701 9832 8958 6803 4309 13036 7707 7705
6891,15222 8697 3148 5540 10512 10511 9605 11272 9604 11273
6892,5786 11868 7000 4636 5787 4992 4991 7011 4893 1983
6893,14752 14352 10560 12439 13642 13643 7264 13741 13176 12522
6894,4085 2798 7398 9715 1759 9265 1515 1287 9221 14861
6895,7452 3903 10500 1058 7910 3347 692 3907 14406 3899
6896,15224 15223 2614 14408 13578 15152 5192 11393 14323 13453
6897,11713 547 7646 2063 10891 545 13388 5775 2064 11126
6898,14692 7696 8994 6596 176 13843 8995 7697 6038 1452
6899,10007 5703 10441 5384 13392 1211 9218 2439 5701 5702
6900,4452 1957 7182 6002 3149 5324 2321 3213 640 7181
6901,15225 5106 5105 5104 5103 5102 5101 5100 5099 5098
6902,15092 12829 5322 12324 994 6984 5954 5324 3893 12379
6903,611 9781 15020 12273 12272 11936 11939 11937 9955 11938
6904,1949 9060 8926 10559 10483 14529 9059 1955 4417 13886
6905,1532 13329 1533 11112 13344 6992 8904 2597 2594 2591
6906,14641 2404 12899 4421 11941 12900 8084 2403 2401 12276
6907,11821 1345 3150 13317 6713 7334 7333 1346 4357 5589
6908,13783 13317 3613 9337 7657 6950 5096 14093 5137 9820
6909,14986 15246 4956 14997 8780 645 258 14483 12568 8027
6910,11804 9529 4364 5083 10417 2937 5013 8744 2778 1967
6911,14889 14205 6622 11384 14462 14461 13183 553 13892 12065
6912,14430 13977 14933 9056 3037 12689 13953 14210 8588 114
6913,4020 2106 2448 769 13923 770 7680 2771 1257 5361
6914,13535 11221 613 5373 284 13424 14203 13184 9393 560
6915,15226 13414 15276 7159 13952 1367 101 14898 114 7128
6916,11985 245 6365 7931 1581 585 1024 1095 9272 6638
6917,13850 13439 10730 2959 13440 5104 5103 5102 5101 5077
6918,5579 5578 13907 2953 13820 6332 14769 4925 10242 5258
6919,13408 13972 13407 13970 11295 8620 1872 14175 6869 13036
6920,1859 14458 1860 13992 1863 13737 10095 1858 2379 12551
6921,466 10294 3104 2024 3196 184 2168 9505 6854 14503
6922,7448 7763 8704 8194 9313 6831 3468 7365 3135 1881
6923,5502 3551 14590 1101 8110 226 12201 1181 3811 2993
6924,8070 1443 3196 6963 1460 6961 3441 1638 8064 8062
6925,9222 8260 14928 3754 11815 1463 15227 10666 12921 3755
6926,12467 11043 13069 11047 12468 10960 12465 35 14012 9614
6927,8737 8661 7531 7340 8733 8739 8660 8738 8736 8735
6928,7394 5594 3942 12714 7395 7396 6191 1836 12424 5603
6929,169 2960 15254 14914 46 14905 7051 2261 712 11902
6930,10640 14857 7234 335 8977 9373 13371 10440 9374 321
6931,14404 15228 8377 3177 3176 8999 3178 13912 15148 7124
6932,8494 15043 4363 15042 7120 12877 137 81 7113 8497
6933,12941 4807 705 240 11854 3242 2266 11469 4806 4568
6934,5792 5791 131 10547 3501 67 8307 4764 27 6045
6935,1544 1623 10012 13256 3332 14022 5389 14771 1883 11715
6936,13054 13002 13485 5326 15165 12198 2833 8641 14892 5328
6937,15204 15007 14566 14543 13603 15013 7313 15002 8050 14475
6938,8702 1028 14720 14415 15085 14719 8701 14220 14721 12483
6939,15229 14418 11485 10163 4660 15269 383 1660 3471 14424
6940,14324 1532 1533 13329 11122 8904 6992 14138 11112 1526
6941,1839 10278 13194 12322 3404 14305 9762 15242 10279 555
6942,14419 9802 2304 15012 7126 8139 105 1027 3308 1035
6943,6622 7628 9965 9963 5446 7625 7627 5442 5443 5439
6944,14904 13920 14426 14941 12388 14862 5183 14389 13670 13518
6945,15230 14136 13670 14852 14929 7113 2142 739 3021 5516
6946,13371 13037 14857 5109 14881 8597 10640 8964 7825 13038
6947,1097 3112 6870 6910 5411 3739 7814 2323 9081 3114
6948,1320 1319 6362 1779 1778 9192 6363 4060 1321 2375
6949,15231 15232 9697 6297 1942 4462 1898 7466 8206 8204
6950,11611 12519 5696 3489 5697 5693 14531 5691 5692 14065
6951,12182 12274 8757 8964 13608 13037 15005 13432 4452 7442
6952,13144 8713 13314 6415 10731 5570 4840 6284 14744 8710
6953,4350 13312 1463 1462 15227 14419 6178 1465 1464 5722
6954,15234 15233 14163 101 5104 5103 5102 5101 5100 5099
6955,15235 15106 13101 15156 15155 13557 3486 12961 14410 9307
6956,7100 7099 7070 10589 982 8302 12585 10995 13484 4061
6957,4913 4901 4905 9499 3236 4813 4891 3377 233 10054
6958,5524 1638 223 221 222 11079 4816 6963 212 224
6959,11112 12535 8892 11880 8312 6996 1532 13344 7395 8893
6960,14178 13669 7860 12518 13254 8264 7773 14100 7854 12926
6961,3843 2876 4416 7091 12071 4132 4688 6323 12076 6811
6962,9392 6761 9393 4513 12948 11359 11358 9239 1124 10881
6963,13556 3486 13282 9412 13557 10911 9406 7014 14764 15016
6964,7014 7015 14571 7013 14236 7016 4062 14445 12657 12632
6965,13557 3486 9422 9406 13282 10911 15106 7702 13101 9307
6966,7293 14947 6790 8105 8439 13031 13118 8821 3578 989
6967,11598 7498 6245 1862 4037 1011 7469 13981 12332 13426
6968,10766 10715 12429 10765 12901 14690 115 14875 870 14702
6969,14339 14338 12628 12632 12627 12630 14445 12629 7013 5668
6970,4314 2712 4311 2713 4312 2714 4309 4306 2710 4313
6971,11199 15167 14772 9769 13361 13306 14451 11427 14798 1636
6972,9308 15156 7147 13212 6356 15106 14546 13101 15155 14762
6973,13170 13456 13458 13457 4338 13459 6622 11547 4710 2731
6974,14286 5190 14285 12440 15173 9935 14209 4038 5193 5189
6975,884 6812 11149 12086 1951 8521 5712 4385 882 886
6976,258 11030 2344 12320 4326 3407 8193 2928 3439 9693
6977,15054 3617 15053 12763 15052 7655 12943 8263 12946 9880
6978,5004 9320 8348 2794 5415 10373 155 13012 10372 4726
6979,12420 1367 15276 91 11443 3270 10503 6916 3594 10020
6980,346 3153 4046 2012 451 10741 4295 3910 13074 968
6981,13212 14546 14764 15156 14762 8296 10911 15106 13557 13101
6982,4743 7070 10589 10630 5846 10996 13209 5845 8598 7077
6983,12440 14080 15287 14286 14285 1500 14605 14604 14209 100
6984,6899 6889 10537 9903 1373 281 7758 12169 1090 3645
6985,625 12784 9296 13517 12178 8995 9144 4756 14475 14742
6986,9101 14076 311 14853 12977 7759 14783 14075 14077 12091
6987,2741 11879 6416 12882 11755 12994 7395 2742 6120 10207
6988,11369 11368 11371 11370 4663 4650 4660 4655 4662 4653
6989,11671 8973 2209 11952 3299 14319 88 2191 12668 5721
6990,2892 4132 4687 11723 4688 4138 1321 1320 1779 7426
6991,12190 3373 1021 3187 11160 10736 13794 5121 13795 15184
6992,6406 6407 9130 7829 11084 9520 3908 11735 3467 1300
6993,2508 2232 12782 8995 2744 11913 10531 10618 5507 2116
6994,14288 6664 14290 6667 6662 6666 6655 10397 14291 14294
6995,2869 12332 11598 14736 5449 7426 13711 13270 5448 11119
6996,12085 330 12543 10561 14147 13214 10169 321 313 12539
6997,6773 5468 1183 14623 10783 1184 8787 10782 4152 10746
6998,7498 4608 13565 4136 8165 10368 10367 6737 10576 4142
6999,5035 7369 507 6987 5742 9953 3219 9343 9648 1540
7000,11647 9182 13365 3822 6476 2243 12775 8493 8177 9132
7001,15238 13665 4605 8164 4133 7016 10098 859 4287 8983
7002,1737 2527 2758 1373 8733 8739 8738 1375 8736 8735
7003,3674 13984 9192 11625 2486 1322 1777 2371 4416 1778
7004,2375 2371 4415 6362 6361 1778 1319 6363 4606 1320
7005,13878 2375 2380 7449 7450 2379 14678 2371 2372 11347
7006,8399 13139 3171 8670 3457 5778 10619 1684 3170 12406
7007,11598 12332 8541 5689 12377 13277 11799 7498 1711 13712
7008,14661 11608 10452 1069 1243 7145 4782 8970 10823 10303
7009,13040 7545 3824 14215 14314 13771 12980 7499 12142 14707
7010,8576 12867 7714 13121 14056 354 12309 6060 13122 5969
7011,14459 11120 14226 13878 5673 2887 10067 14464 12551 14225
7012,6360 2887 1721 12075 5689 15238 11787 4133 15126 14226
7013,1452 167 6821 5419 3222 145 2761 6596 176 7697
7014,15162 15161 4306 1799 568 7952 274 723 3074 4300
7015,15269 14870 12434 12436 618 12435 287 7700 365 363
7016,14717 612 1880 14716 6868 618 12633 15147 11092 8500
7017,2869 6363 7217 7427 12936 4606 1321 6362 1778 1319
7018,3055 8044 11762 7186 3612 9420 6309 12579 12982 5889
7019,13415 9165 11445 11446 269 9404 5779 15261 5339 11785
7020,12423 5545 888 6953 14391 8259 214 8251 5613 796
7021,7725 13842 9996 3091 13266 13265 1265 6536 9998 6545
7022,7215 3443 1136 4689 4690 10626 13111 14347 1145 14350
7023,15226 13312 3055 8999 9519 15148 9426 5460 13626 7339
7024,13590 13568 12756 11319 11318 13878 2887 11776 4673 11787
7025,10618 8146 9887 3153 243 6214 722 6192 6132 3240
7026,6897 5424 7133 6895 17 4357 2071 11393 5425 6433
7027,9850 11028 5636 5690 11798 7960 3458 12262 14218 12209
7028,7217 1353 12936 1773 10807 1006 1704 5854 1774 9194
7029,8047 6053 2758 14692 7696 14819 2754 3556 1836 8994
7030,3237 4913 4891 8349 4901 1163 1371 4887 7564 8350
7031,8709 12114 12816 8711 6417 8710 3465 12112 12126 12120
7032,2794 9774 2133 11069 7727 12106 1291 2652 9908 4327
7033,12011 14120 15245 10142 1106 15116 13410 8708 13807 12584
7034,15096 2824 13926 14331 408 13353 1660 13575 10410 8526
7035,6341 10376 10377 10378 3742 6727 7764 3724 3283 8376
7036,8832 9340 2837 13336 10934 11917 8834 8621 8833 3677
7037,14131 11405 14512 14494 6934 14495 14200 8042 14711 14222
7038,8195 3 4850 5351 14979 14221 1282 3615 14163 21
7039,2375 4060 2371 1778 1321 1320 6363 1319 6362 1322
7040,1532 49 5003 14138 2498 2614 11122 11121 6923 11112
7041,14520 2362 2363 13036 12297 14521 7251 12437 13408 3855
7042,2375 2371 1320 9192 1778 6362 6363 1321 1319 1780
7043,4452 5328 640 9074 15005 14046 5327 1957 1882 5326
7044,8999 8591 10382 10383 15148 11185 15028 15029 15248 14690
7045,8802 5498 14605 14604 8972 7758 6899 9921 281 11882
7046,8999 14929 9054 15148 10482 10483 14951 11185 611 3021
7047,12512 2016 3800 15019 3071 8580 8482 11836 4570 6966
7048,6613 2927 10642 11466 7863 2277 8788 7804 11153 13004
7049,8429 13923 14801 14912 7442 13037 8964 14017 6371 13612
7050,15123 10294 15154 14907 11485 7377 15121 1698 14906 1420
7051,13853 4580 3789 2981 11794 4587 4586 4582 1336 4585
7052,12905 12906 12903 14007 9517 11286 12904 5189 7986 5430
7053,10919 2777 5041 436 2936 3222 6368 2001 5972 7516
7054,15199 7249 13854 10865 7229 7675 7584 14800 6415 13410
7055,11121 6352 11122 13007 3465 1532 6417 13578 14405 2820
7056,4132 4687 7057 4688 13723 12929 4689 4690 13270 1317
7057,3046 3464 1529 13731 1166 3463 14712 11393 6867 13422
7058,14712 11122 2820 1166 3464 13007 13661 3465 11121 6417
7059,6000 6001 2820 14084 5999 13271 5344 13628 13323 13128
7060,11122 11121 6417 1532 9791 404 3465 6351 13344 6867
7061,8904 11121 11122 1529 14324 1532 12825 13331 3465 6992
7062,13717 14599 2364 13186 12426 1529 13005 13346 11051 13347
7063,404 11122 1532 1166 405 11121 3465 2820 1529 6417
7064,10140 9282 2234 11644 5187 2518 2528 2631 1918 3726
7065,2696 1438 206 11088 11323 2702 8485 9816 2713 2714
7066,11397 4753 11871 6231 14691 11005 6942 9225 13176 4751
7067,15240 9440 3029 10065 9519 7272 9680 2952 3802 13312
7068,14137 13998 13905 14497 3815 4670 14136 13885 7742 11366
7069,13022 2804 11369 11370 11368 4653 4650 4660 4655 4663
7070,8179 8286 5586 1219 5591 12709 2228 4122 1683 4223
7071,297 13976 5421 11953 2271 10123 4634 13129 10612 2316
7072,15241 8023 13047 15051 8011 4746 8010 8034 8008 8036
7073,4712 207 1545 7090 7386 12841 2018 15031 6938 5403
7074,3528 5424 5858 2318 189 8449 17 3358 5100 6440
7075,2441 9880 12763 9879 12761 966 15050 2443 12762 961
7076,727 584 730 11341 5583 731 6103 4120 11173 10434
7077,7925 13724 4845 4207 10890 6466 14979 2910 6092 11097
7078,11364 9188 5322 10006 7918 11699 4909 4919 4920 4984
7079,15242 13125 10278 10056 9799 14981 3393 7071 12422 14805
7080,4814 3884 9352 15243 9353 3727 9347 2290 8075 4812
7081,4974 5292 9072 6402 6767 1191 3222 15245 9447 10509
7082,8376 7208 5351 13909 14510 3485 14703 2204 11378 14702
7083,1784 7662 10104 13667 14411 13840 6744 5975 14728 14727
7084,12017 12497 1493 740 5282 15075 4273 1488 8651 12428
7085,13282 3486 14545 4399 9406 13557 11711 15106 9422 12627
7086,716 13597 10584 13658 3877 13542 11780 14875 12252 12251
7087,769 3709 1973 3700 1230 3309 8317 9391 7418 2448
7088,8993 1088 2449 5346 9993 5347 5772 13799 1948 12716
7089,13808 13913 13891 15276 9319 1287 9227 12547 10651 7128
7090,3599 11960 2738 734 3595 6052 3596 10058 3594 7918
7091,14710 11550 12347 5852 14636 13017 3622 12886 13016 7290
7092,10356 5361 13735 3680 12108 3348 13041 5803 8302 12585
7093,13194 13193 10930 8263 12060 1540 1839 12322 12231 15052
7094,9799 15242 14660 13125 10056 3393 10278 7071 5094 5095
7095,2562 6914 2536 2503 2505 2551 9282 2490 549 12054
7096,14155 4356 6350 9761 5554 8486 12027 7333 14892 13614
7097,11120 5673 13878 13483 14464 14861 14226 14209 2887 8302
7098,11937 15098 11936 11939 11938 611 14898 15023 6923 14603
7099,7561 4344 7048 6928 1163 3312 6925 8481 2566 7047
7100,11936 11939 11937 11938 15023 14603 14898 611 13514 2266
7101,10102 8188 6954 10567 6651 12563 13783 12021 9820 3362
7102,4510 2467 9593 12018 12360 11216 2776 9619 2147 1812
7103,15163 5514 5515 11883 5513 14224 5516 12840 12009 13431
7104,13878 14236 5673 14459 14678 11120 2887 12756 4062 7014
7105,3547 1053 6108 5289 6388 5185 12127 4369 9475 1076
7106,15058 13425 11156 7623 6084 4044 8512 2286 3980 5982
7107,9055 3019 12651 9223 11059 13587 3018 3240 108 2391
7108,6041 8971 10018 12022 6046 6868 4863 6596 1880 1398
7109,4009 13145 639 915 5104 5103 5102 5101 5100 5099
7110,14298 7263 45 10342 10158 10546 14125 9910 6889 10547
7111,2079 2081 9680 13552 12494 6532 10489 3552 9249 8306
7112,12669 8085 7911 13609 10961 13825 13001 13608 12645 12677
7113,1354 6320 2369 1357 1355 6550 6551 11987 2886 14464
7114,13808 4423 4422 8802 6929 8199 14605 14604 13913 11193
7115,14534 5210 12571 7139 12569 8741 8310 6409 630 10498
7116,15198 14789 10028 14155 6273 13399 12998 13527 10918 3896
7117,5579 6332 2953 13820 3579 11977 6331 6328 995 13768
7118,14347 7071 14265 15242 10626 14064 12472 6540 1013 13483
7119,83 1868 4442 7533 601 602 603 5114 8432 7822
7120,4929 782 3487 1568 14443 4004 4349 10742 4181 6038
7121,4911 2470 11974 88 9493 11676 7330 10542 10391 12336
7122,2614 13701 13578 13453 6352 2815 13622 13352 10208 13960
7123,7146 10864 920 2258 2717 2688 8301 3560 11931 8619
7124,12435 8846 9349 12434 12436 15269 4016 11481 5096 12420
7125,10964 10963 2113 5104 5103 5102 5101 5100 5099 5098
7126,2085 7121 2084 2083 11185 7458 6677 7191 9883 15069
7127,6053 8790 6643 11550 9530 8223 7348 5092 7245 9069
7128,2428 6220 2790 643 12546 6218 13571 7457 12532 12531
7129,44 771 6902 9203 13412 1255 14849 10238 12633 9223
7130,12941 240 2266 2264 11469 7966 705 4807 3242 2265
7131,8553 3110 7552 2790 9171 12714 3543 7394 6317 4820
7132,4717 9494 8457 3645 2219 4178 4029 3409 3744 7622
7133,14751 2880 3038 4036 9666 6432 1011 4609 4598 14745
7134,10762 3748 7504 871 1103 1551 3255 2826 1484 12841
7135,8461 8800 4933 5260 9692 1337 6266 2156 2032 2253
7136,8561 3803 6823 74 8388 9770 7082 8562 3031 10012
7137,1252 11272 10281 3811 648 4405 1101 14893 8838 1255
7138,12469 15142 15143 14855 15140 15139 15141 10481 2626 8708
7139,2611 11042 8585 12268 2668 2612 11039 13402 2613 5409
7140,14988 14989 14990 14992 14991 11126 13388 14987 14993 3061
7141,1319 6362 6361 1778 2375 1779 1320 6363 2371 9192
7142,11626 2996 4316 5690 3002 10913 13443 9642 1001 13442
7143,9798 10429 10428 9797 13620 9100 15133 14010 13999 7009
7144,14896 6872 10476 8463 4191 2211 837 10435 756 4855
7145,10498 14534 4315 6560 6701 11643 11098 73 2963 1029
7146,15246 14986 4956 14997 8780 645 258 14483 12568 8027
7147,250 3132 509 10432 11587 3222 1212 4350 13312 3327
7148,3707 2694 984 11819 3708 14650 14649 14651 14648 14653
7149,14979 3615 14907 14163 14980 8143 740 4400 8195 11390
7150,6269 2664 12291 12417 13160 7868 12179 11426 12290 9350
7151,3055 13016 15263 3019 13626 11126 15247 11059 9223 3018
7152,14383 14384 11403 693 12081 6228 692 5091 5092 5093
7153,1255 44 1254 1256 1252 1253 1251 5094 5095 5096
7154,15233 15234 14163 101 14668 14690 15270 14612 15079 14898
7155,9056 15205 9260 5608 4788 8396 13884 5517 14905 15245
7156,15069 7844 11404 15072 11126 10203 58 13937 3055 12862
7157,2320 13847 9491 3771 917 5023 11932 12432 8239 14693
7158,10592 6463 4076 3028 9884 9295 13263 10472 3097 9219
7159,7290 12360 9428 7837 3095 5852 7291 4510 3605 9427
7160,7448 4553 7423 9428 5630 730 9562 11151 10728 3717
7161,14920 5919 9209 13913 13808 13891 10651 12428 9319 1287
7162,14547 14618 14163 740 14866 14619 14612 15079 14559 14348
7163,14977 13026 14978 12525 59 13025 13884 14656 13405 9556
7164,58 15285 14980 14742 11126 14824 14605 14604 15069 14163
7165,14868 1498 14555 15288 14163 9054 14929 14852 10159 78
7166,8301 7146 11931 3560 6419 11324 3418 3785 8311 13310
7167,15081 14840 5105 5104 5103 5102 5101 5100 5099 5098
7168,11061 111 7127 7120 7126 108 7111 7119 7114 7116
7169,14547 4727 15148 8999 10503 11586 1696 14618 1695 11185
7170,2739 6868 5479 10159 14868 10126 5470 5469 5484 5476
7171,14566 14543 15007 3841 11884 15204 13603 6729 15013 9300
7172,1367 15276 7128 2085 13891 7179 2084 10891 2083 9043
7173,8669 11302 3180 7337 2254 5610 7386 2588 11234 8692
7174,15011 15022 14519 2096 15247 13957 15021 6065 62 9115
7175,7129 7130 79 14840 15081 2142 10715 3061 14993 3060
7176,3612 13783 3611 11762 13211 7657 6309 6950 14093 9820
7177,15011 14519 15247 12877 13626 7994 14578 15112 15028 4363
7178,2380 2375 4060 2371 1778 9303 11778 5846 13590 1321
7179,8999 15276 15148 7128 11185 13891 15248 14690 14951 14560
7180,58 15285 14980 11126 14742 14824 14605 14604 14163 15069
7181,5739 2777 7697 6473 6532 10601 15014 8306 2808 2151
7182,9821 9818 9819 728 9119 1368 4426 45 6868 12186
7183,3068 8735 8734 3064 3065 8733 14217 8739 14158 5929
7184,15248 8999 6106 15148 11185 2608 14690 12206 14951 7121
7185,12084 740 866 14348 12847 14089 5641 14979 12085 15273
7186,3055 13626 11126 15247 9957 14875 7994 11424 4820 7455
7187,13388 11126 14984 11914 15285 11424 3063 14988 14989 14839
7188,10193 1001 1013 9535 1002 11352 11691 7080 11768 10818
7189,3552 9680 3161 12063 9122 11200 3868 9372 11302 3153
7190,13626 15247 7994 3055 14519 15011 9957 11126 14875 11424
7191,1738 11930 3989 12128 9686 3990 3923 14121 12621 5623
7192,10509 1602 3222 10641 10710 3337 15245 14623 2784 8075
7193,1352 7940 1753 4962 5104 5103 5102 5101 5100 5099
7194,6657 14302 14301 14097 6663 14096 12556 10392 10647 13398
7195,15045 4426 5106 5105 5104 5103 5102 5101 5100 5099
7196,11549 15249 15068 14597 15190 13173 13174 15067 2325 15066
7197,13132 14616 10484 242 14329 13262 14970 9430 13018 8408
7198,7129 7130 79 13891 15276 2154 15255 13890 2142 7128
7199,15168 15051 15059 5376 15119 11147 13047 12966 11758 10637
7200,13355 14114 5516 8726 14785 5513 2082 14303 5515 13895
7201,14862 14654 8581 14334 13920 14904 14102 14426 5183 14941
7202,14447 7842 7843 7844 11367 14165 7849 4727 7848 6584
7203,9054 12015 14951 9052 14551 15076 14555 14165 4162 9472
7204,12977 9026 46 1883 10860 11205 12975 12976 12205 10732
7205,7911 2575 71 10279 13317 12669 11148 8085 9426 11821
7206,9610 10553 1130 2160 4153 13388 13797 2658 13258 6777
7207,11166 12277 13427 9354 9111 12613 2089 13969 6792 11858
7208,15252 14592 14821 14822 10115 11731 10834 10833 9106 1605
7209,6362 6361 4060 1319 1779 1778 6363 1320 9192 4415
7210,15253 12674 12675 12289 12292 12293 12290 12673 13381 12291
7211,11769 12479 561 7209 4273 11744 6772 11743 10447 11742
7212,13784 8655 10639 6311 11819 3802 12641 15240 9552 9553
7213,15254 14914 14905 14689 15064 1618 9056 2960 235 1619
7214,15255 2154 8413 13891 5092 5094 5095 5096 5097 5098
7215,14165 7632 14486 9054 11367 14824 14555 15288 14930 14166
7216,14295 3498 11229 1118 5721 12668 14963 14962 11671 14310
7217,14979 14980 740 8572 14348 3615 14907 14089 14013 7052
7218,7221 6324 3075 2870 7546 12237 3079 2616 1011 10626
7219,15132 9544 12383 13024 5358 12597 13023 14142 576 11129
7220,6468 3149 13514 7965 6261 7182 1957 15023 14388 14898
7221,14955 14393 15108 3615 14693 9618 1204 4940 14790 2678
7222,15074 14341 10381 9781 1589 15075 1988 14564 7898 14952
7223,13764 12626 12024 11575 14976 11315 14593 12254 1754 15018
7224,15288 14555 14852 9054 14449 7124 14850 14165 14951 15184
7225,12578 14793 399 14337 8803 13319 6477 401 393 11665
7226,11379 7005 12016 11441 3160 3174 3975 3166 3172 11378
7227,7520 855 6443 4177 7521 7517 2775 9241 1441 4257
7228,8100 8099 14373 4053 8094 8092 5560 8102 8091 8089
7229,2876 4416 3843 6364 1826 3000 3674 13223 13984 4414
7230,13976 10975 13051 10977 1448 5575 4270 9577 297 6265
7231,15050 4117 4118 4116 12763 4581 3040 12946 203 12762
7232,13701 6989 13960 13352 12301 7686 13333 6353 1534 4516
7233,6353 4516 3465 5430 13701 1339 6417 13352 8729 13578
7234,6353 2614 4516 1532 13960 13352 13578 13701 14127 7686
7235,14084 7686 1534 4516 8729 2614 13561 13960 13352 13701
7236,13339 14016 5998 15152 4516 3465 13338 13340 13578 14562
7237,14014 14325 13671 13348 15095 13575 8731 15035 13328 14799
7238,4515 13323 13628 13271 13324 13629 8905 13650 8312 6001
7239,13960 7686 8904 1532 2614 13352 13701 6989 13333 12301
7240,13561 4516 6352 13578 10208 14127 1534 13701 13344 13452
7241,6992 13455 8810 1533 2743 11112 4515 8904 8907 1532
7242,14044 15096 8828 2824 12743 13727 13926 408 8835 11879
7243,15257 14138 1532 6417 8402 15153 11122 10523 14151 11121
7244,4515 6995 5194 4330 12786 6992 8905 13324 13343 2745
7245,2131 3213 2548 6002 9182 3018 3982 2061 4595 11588
7246,14753 5991 2302 5992 11861 11860 5988 12657 12639 12638
7247,14811 14812 12825 406 15032 3017 14743 6325 10494 361
7248,12826 15164 12502 15202 12475 11054 13422 13345 2596 6867
7249,6868 2739 1880 15147 407 10741 10126 13650 11393 14717
7250,13932 14122 11755 13421 8526 14029 13700 14123 12511 12475
7251,14044 14123 13421 11121 1323 8727 3465 12511 3923 6417
7252,13731 12742 2820 3464 1324 1166 11052 13623 14712 3463
7253,13244 11121 8727 1165 11122 1535 1166 1532 13128 6417
7254,13931 14150 2820 11121 11122 1166 3465 6417 12511 14123
7255,13259 404 1167 13260 13200 1166 1168 11109 9791 13354
7256,3464 3463 1166 13731 13260 6867 13422 1324 14712 11052
7257,13624 13347 14457 8730 2820 14122 12747 1535 1166 405
7258,14405 2364 11121 408 13334 11112 1529 2614 13578 11122
7259,14599 2614 2820 13421 13717 12426 13578 13453 11051 2364
7260,6417 11122 11121 6351 15257 3465 2742 1532 14324 14405
7261,15258 359 361 14333 15094 15259 12098 362 6325 360
7262,6417 15257 3465 11122 8709 6351 11121 14138 13578 2742
7263,14333 359 15258 15094 361 15259 12098 362 360 5103
7264,15258 359 15094 15259 14333 361 12098 362 360 5103
7265,15259 15094 12098 359 362 15258 14333 361 13562 13959
7266,13701 3465 4516 5430 6417 13352 6353 13622 6989 13960
7267,10142 4005 13401 6861 1830 2101 11904 10572 5396 12011
7268,15260 7719 9143 14674 14886 6766 14470 15046 12600 7205
7269,13902 9587 9780 9781 7732 7460 3598 2516 1384 3226
7270,11407 8605 11710 6483 11408 11409 11709 2397 6435 10764
7271,12268 3830 13944 8214 2662 3716 4059 8275 7916 8637
7272,4594 6795 9558 9559 14770 9350 6797 2787 4641 4644
7273,13257 8592 1954 1955 15108 14041 14777 5324 1956 14790
7274,14797 13462 14066 12617 9772 14041 8899 13063 1883 9026
7275,7017 6818 8487 11425 2801 6819 8712 1742 12266 9649
7276,11039 8585 2086 14744 5409 2093 11003 11042 3564 11004
7277,4719 14664 14020 11096 10874 7759 13063 14658 10873 3274
7278,8393 13222 7903 12992 6099 4655 945 2012 13812 13815
7279,11714 13721 1635 11715 1636 1634 13811 2662 11716 7756
7280,10037 12289 13381 12290 12293 12292 15253 14777 12675 12674
7281,14888 9409 9410 2112 460 10587 13685 13395 3483 10093
7282,6099 11166 6792 15253 12674 9354 10669 6794 9560 6101
7283,9560 5563 11371 5566 4644 4642 5565 9559 9558 4594
7284,14787 5785 13118 13099 615 11283 12818 12815 10248 7293
7285,13821 8090 8105 13820 7293 3561 5228 5579 6790 13914
7286,11274 11232 12566 10716 2982 6528 2979 6228 2654 2896
7287,12253 12091 10527 14783 12999 14076 12311 8543 383 7909
7288,7825 8058 5109 5368 9032 12173 5405 3568 5103 5102
7289,9759 13307 13 12 14684 8096 8095 14683 10524 12065
7290,13381 12289 12292 12290 15253 12293 12291 12674 12288 12675
7291,7824 14043 6789 13342 14045 14809 3894 14659 1955 6786
7292,4450 5788 4448 9657 15188 9658 13968 14546 14834 14833
7293,14785 13355 8629 8726 13451 1634 11191 14600 1996 14114
7294,12993 8663 8903 5222 11367 13527 11368 5634 1886 8416
7295,12289 13381 12290 12291 12292 12293 12288 12674 10037 12675
7296,13381 12292 12978 12618 2793 9669 9772 8899 12289 12290
7297,14771 11942 10012 9074 5328 8698 14045 1544 9770 1882
7298,13907 14769 5578 10242 4654 4738 5258 7916 1958 13945
7299,12673 12675 12291 12293 12292 12290 12674 15253 12289 13381
7300,1911 8103 1890 14041 12268 3011 3010 8592 8899 2665
7301,5349 6094 14399 2833 3113 10322 7916 903 8646 5920
7302,14752 12439 13642 13643 13741 12522 7940 10560 14352 1352
7303,4964 4753 6544 11005 1169 9228 4754 5896 15060 4751
7304,7264 11219 10560 6537 6171 4447 11593 14353 11564 11218
7305,15261 11785 15101 14968 9691 9403 13938 11114 4628 3246
7306,12333 12577 9235 906 14311 12809 13078 905 7222 14956
7307,5601 10756 1265 9998 13213 5967 13266 12081 6392 13265
7308,15129 8735 14217 5929 8736 14471 8733 10562 8739 8734
7309,3094 9439 5778 601 8399 5780 13139 10098 13572 1738
7310,15262 14008 13694 5352 12162 5105 5103 5102 5101 5100
7311,10054 14252 7564 6300 9499 4884 3236 5215 5392 7331
7312,9228 4964 5896 4073 4754 15060 5895 7012 7744 1169
7313,14029 14359 14122 13320 14655 15097 4711 15091 13711 8869
7314,11912 7574 11227 6782 5157 4948 14342 717 11910 12228
7315,11108 6990 6995 10563 10179 12070 4329 9788 4791 10562
7316,5595 7631 15289 7124 14700 11045 4349 9204 9207 14560
7317,6356 7215 9308 7147 15017 13111 12079 1771 14350 14349
7318,13113 5112 6104 2859 8529 7408 5898 3980 4292 13180
7319,10809 1507 5685 13130 9601 13236 9441 6597 10808 14677
7320,7628 12354 7629 904 7627 13833 8148 7342 7626 13238
7321,13282 14545 3486 9406 9422 13557 15106 9413 9416 9412
7322,13733 11729 9997 12026 11730 11728 1590 8978 13142 4631
7323,15129 14471 14217 5929 8735 10562 14714 14216 13166 14407
7324,13968 13566 10009 14153 10008 14181 5775 7646 8122 13207
7325,3067 11223 12900 6908 3065 5305 2206 15147 9930 2493
7326,1532 11112 2614 8312 14405 15153 13344 13855 14138 10179
7327,14678 1317 7784 13982 8541 13878 1318 10199 2881 8539
7328,15153 13855 1532 13351 4514 2614 14803 15097 8869 4711
7329,1709 12332 8541 9967 1711 9968 1011 11598 15049 8539
7330,13726 5964 12215 5707 9806 8144 13970 13972 14503 10122
7331,14464 5689 8477 14226 2887 14571 13483 13277 4693 11799
7332,14411 6744 13551 15141 13023 7662 354 5288 6743 14356
7333,1709 3075 11569 8848 1863 9967 9540 9968 1711 13713
7334,13351 13855 8869 1532 15097 4711 15153 360 13320 14183
7335,13351 8808 4514 1534 15153 13561 11822 5193 14803 13855
7336,2888 14347 1013 11352 10626 11691 7080 9195 12734 10193
7337,12309 5201 5798 5151 811 11089 5198 7931 8779 13122
7338,5385 5383 8335 6162 14489 1864 10441 2847 5699 9106
7339,10071 8645 13380 2880 3443 4037 13981 7498 10073 14745
7340,13878 14678 14236 5673 2887 12756 11120 13982 7784 7449
7341,12744 14359 9784 13711 12745 13482 13354 9793 14029 2365
7342,15240 10639 4315 9553 72 6311 2628 2779 13784 8297
7343,13647 12659 903 13673 13924 11554 12664 12660 12661 12662
7344,14765 11651 1306 1102 11654 5411 3006 4289 8599 8494
7345,12607 11537 4611 13983 5844 1011 11536 13911 4617 4612
7346,14394 9127 1947 8041 9126 9659 8965 11344 9128 6943
7347,13282 14545 3486 9406 11725 13557 11711 15106 9422 12627
7348,6990 10041 12500 6995 4514 13235 8906 9795 15102 3465
7349,14464 13483 11120 14226 10626 8302 12585 14347 2887 982
7350,15238 13665 4605 6553 4133 7016 8164 8983 4287 859
7351,11768 1011 7784 2893 12655 14678 12211 5687 13621 6703
7352,14571 8477 14464 2377 14226 7015 2887 7014 11536 5536
7353,1527 11267 7241 10963 13324 10657 7240 7244 13513 1526
7354,14803 12070 4329 14408 6990 11899 6995 4514 1532 15153
7355,12070 6990 6995 14803 11111 11108 4791 11822 13854 6941
7356,10626 14347 13483 7222 3079 13209 2616 3443 5845 7076
7357,14571 7014 7015 7013 14236 7016 4062 14445 12657 14753
7358,14754 3259 4296 4294 4289 4298 4287 14723 5338 14527
7359,3789 2981 13853 11794 4580 13705 9238 9796 9514 9515
7360,13906 7627 13630 2928 7628 7629 10093 7342 7626 2925
7361,14445 4034 14038 12632 7013 11776 14409 12866 7015 7014
7362,9828 6611 2852 2866 6607 2855 4124 14733 13848 3469
7363,8581 8009 5224 7966 14102 12966 4934 14430 8272 9044
7364,15263 13016 4426 15045 13017 7159 12427 11316 14163 15118
7365,2156 14502 5260 14503 3460 13057 12254 12164 8238 1099
7366,10101 14863 11533 2475 6065 11111 10025 10665 7561 5207
7367,10208 13578 2614 15095 3465 4516 1532 6417 11122 13344
7368,12574 14887 12134 13899 14688 14696 14697 5678 12101 14976
7369,14782 1743 13740 8487 12314 13301 8825 6824 5324 8508
7370,2614 1529 11112 13578 8312 11393 14405 9366 3046 2364
7371,5121 12190 11873 12853 9200 2318 5325 5122 15028 1337
7372,3055 12921 45 12922 13626 1452 7697 4988 15247 11126
7373,11477 9817 3736 12320 6698 236 12847 3737 11029 12047
7374,2650 12748 15120 6537 12536 13828 11219 10353 12303 11218
7375,592 635 9975 1066 4341 2331 3731 5590 896 9286
7376,13423 13717 13233 13202 14879 12786 13910 10207 13232 14599
7377,8146 2249 6378 9800 1093 2247 3618 3161 8196 10176
7378,5722 11949 415 15227 10293 8067 3662 3943 13569 8621
7379,8390 133 4182 11734 14001 6821 5053 9197 6824 292
7380,8999 15148 7545 13040 11185 15248 14690 14951 14215 14560
7381,3865 9099 13436 9097 9487 2570 3408 8895 9931 10015
7382,15264 3403 5365 10124 13753 5744 14322 3400 12667 10064
7383,7632 8272 12876 14923 12065 14102 4934 14476 8581 14165
7384,10914 618 14557 8473 3471 6079 14550 15065 2602 14560
7385,8562 11284 4840 14416 11231 3754 1511 3755 2133 4744
7386,14264 14538 14973 14938 14415 12850 14222 553 13262 13737
7387,14939 8748 14391 1619 1404 1419 4437 1618 715 3149
7388,14144 11004 11042 8585 15107 11003 4576 11039 13402 5409
7389,11725 14545 2853 15145 9406 13282 4066 14541 10048 412
7390,12536 14181 8454 10351 14342 14153 14268 2650 13566 13968
7391,14341 10381 14952 11424 10380 11419 9140 14626 12653 12399
7392,742 837 7727 11482 1334 12605 12420 12337 12100 12604
7393,13282 3486 14545 9406 9422 8999 4399 9412 7015 7014
7394,10712 7361 11204 11441 12517 1496 6344 5306 7155 10178
7395,478 14548 14539 5542 5438 3036 4177 5524 11855 476
7396,112 11479 116 13190 12139 12140 12141 7559 11719 6206
7397,8498 4909 3871 11094 8180 3869 3236 7561 9992 9184
7398,9783 12507 13047 5606 12508 9787 9785 9788 9786 9782
7399,4177 14548 478 2775 7520 4257 855 1441 10962 8945
7400,5689 14226 14464 13277 11799 2887 4693 8477 8541 11598
7401,15265 344 11289 13656 13657 638 5556 14663 5555 11288
7402,14543 14163 13388 14566 11914 14585 5216 14668 14903 14971
7403,7385 7386 6817 4712 7090 2810 8669 7391 1684 11302
7404,14337 13319 8803 11899 13006 6969 2614 1532 6477 399
7405,1618 1617 235 234 3055 1619 15254 14914 14905 11254
7406,13130 11486 1507 8778 4284 1901 1497 5147 1647 7496
7407,5517 15029 15205 11838 3055 14825 1287 14668 15028 10541
7408,13848 14093 2866 2855 7530 2852 14090 1669 9824 617
7409,1532 11112 13855 15153 8312 13344 14138 10179 13351 7395
7410,9054 14951 14551 15076 14555 14165 4162 9472 8999 7124
7411,3844 2876 8191 5450 3843 4609 1826 4416 14105 10752
7412,1893 11709 3088 1891 12986 11710 1895 1894 6435 2865
7413,13434 1573 34 13454 7152 33 5341 7776 7377 13918
7414,7300 2324 843 821 775 8871 107 8074 3985 3680
7415,15267 6748 12704 12702 12701 12700 12699 12703 12705 12707
7416,1827 4693 2869 4607 9751 1821 11536 4135 1822 7553
7417,6668 6659 14098 14097 10394 109 14096 5091 5092 5093
7418,1532 8808 13351 2614 14359 13711 14138 15153 13482 5193
7419,7703 15268 13337 13390 12797 3587 5093 5094 5095 5096
7420,14464 2887 8477 14226 5689 14571 7450 13878 13483 7449
7421,12651 6614 14730 14731 7881 9055 2391 10979 4336 4631
7422,8243 7926 14344 9187 6686 5980 668 10078 4944 2344
7423,15204 7313 15007 5103 5102 5101 5100 5099 5098 5097
7424,15084 14272 7313 13412 12514 8048 9920 1918 10018 7726
7425,9783 14344 949 15159 3873 8176 8950 14128 2134 779
7426,49 3599 12666 12169 2738 10279 7294 11916 9773 5744
7427,11078 11077 11489 10449 11491 11488 11492 11487 11490 14394
7428,152 8600 11562 12583 5754 4396 11561 11556 8078 4869
7429,7469 9623 13655 9621 1862 13068 3427 12155 13405 13396
7430,7171 13137 7002 5246 7161 2864 14143 11986 6612 7170
7431,11759 6411 3964 3596 794 1219 3599 7915 1830 3595
7432,12518 14178 8264 13254 12926 6479 9556 12525 4629 12524
7433,8239 7350 13847 72 7351 7352 15240 4315 10639 9553
7434,13310 7146 15269 14701 14899 3560 11478 938 15285 6523
7435,14981 13125 12422 15242 7675 11583 11627 12509 6786 10056
7436,15269 12434 12435 12436 6522 6523 14870 8846 14869 14824
7437,13756 323 237 13272 246 31 5453 12791 12790 236
7438,8466 9262 11459 8475 8474 12178 8473 8470 8468 8471
7439,13415 5779 9165 13129 11445 11446 4519 5780 269 9404
7440,2116 7290 10531 10618 2508 3715 9428 5852 8995 12360
7441,11822 11897 10733 408 12501 10041 8808 4791 1534 12535
7442,14736 15027 2869 1724 1770 11598 7426 13270 1774 1773
7443,1295 1369 8484 4341 3298 5835 164 14322 6878 1299
7444,13209 10630 10999 5845 11000 1001 10997 10998 14218 11382
7445,12420 9159 5298 5509 12559 11481 10883 6015 837 6016
7446,11855 1090 2570 14548 478 2526 549 3288 10883 9043
7447,7264 13770 13177 10560 13406 14533 12577 12809 13078 4629
7448,9788 6990 6995 4791 11108 9787 9785 12070 13321 11822
7449,2871 2873 7818 9644 4693 4689 7817 4690 2874 2870
7450,6622 4962 6544 1352 13892 14889 11852 6536 6543 553
7451,10633 715 10625 2581 2706 14740 12303 2201 4744 14504
7452,12764 10965 8480 12446 1880 6868 14037 10612 15264 3403
7453,8248 6674 6197 2477 12694 11773 6195 14406 3674 6196
7454,10369 10227 10920 8671 3016 11174 11317 4943 1491 9007
7455,8701 637 15026 11407 11408 11409 2397 2301 14281 8409
7456,15270 14407 15013 14578 13587 101 14826 14825 15007 13603
7457,15079 14612 14559 14865 1368 14163 91 14823 14867 8413
7458,1371 4906 8180 5834 3237 7566 10274 4635 5828 3381
7459,4313 4486 8113 4314 4121 12281 15243 4639 299 1492
7460,13414 15060 15028 15063 14826 14510 4754 15134 14570 15029
7461,14622 13528 14776 6679 5824 1088 6672 9993 1555 9034
7462,14826 14320 14578 13414 14825 13587 3055 53 15270 14510
7463,14997 5682 1480 8873 14986 14718 12028 8780 9605 4439
7464,4424 12031 100 12020 53 14163 14210 771 2760 3222
7465,15271 5106 5105 5104 5103 5102 5101 5100 5099 5098
7466,12765 11140 149 12573 14548 12945 14237 1147 1284 9893
7467,5427 5425 4482 12180 11260 6376 11259 6568 2930 12187
7468,12841 2018 1545 6419 5507 287 8845 7463 7700 1551
7469,12588 1762 8144 1515 6815 12363 13726 12587 13137 12215
7470,10866 1133 8486 8525 13050 9287 1549 3040 9288 14214
7471,3442 7404 6809 6323 7091 12629 9889 9756 6811 12630
7472,10715 14690 14702 14875 7130 1351 7129 52 13172 14703
7473,12922 10497 9606 1548 9292 12788 6096 1818 5413 8389
7474,6969 8803 14337 13319 13420 13418 11911 6477 2614 11899
7475,13194 1839 12322 10278 13193 12231 3404 10747 8263 10857
7476,12575 14685 10821 13928 13559 14259 8335 7127 7322 9267
7477,14144 6868 8817 10654 1880 23 14953 1291 2509 15147
7478,9054 14951 14551 15076 14555 14165 4162 9472 8999 7124
7479,1758 3468 5558 11975 4291 10623 469 638 5414 5555
7480,8194 7089 9518 4295 918 346 4294 10249 4296 10618
7481,11017 6135 3560 4495 8339 611 8665 7146 14954 6032
7482,8693 1285 3502 2340 5275 3641 1766 471 12279 5070
7483,10124 14687 740 9511 14893 15146 4871 11353 6202 14348
7484,11410 529 7236 14154 14444 12654 12329 10731 8489 13289
7485,9221 7398 10960 14419 5621 9284 1572 3924 8351 10265
7486,12813 12018 5306 5215 4635 9802 8499 5362 9545 187
7487,2739 6868 6800 10126 2463 2727 9506 9509 11393 9508
7488,15255 2154 8413 13891 5092 5094 5095 5096 5097 5098
7489,9069 1919 4370 14273 14271 4376 6041 8453 14272 10292
7490,1846 6238 4300 14528 12898 11786 9808 1700 7664 14830
7491,10190 11227 1846 13391 11912 7574 8430 2813 10189 14528
7492,3952 4468 9014 6038 3951 10249 3950 12438 10310 13358
7493,10144 2625 2192 10143 5571 5569 2626 865 5572 1553
7494,15272 5106 5105 5104 5103 5102 5101 5100 5099 5098
7495,11051 13347 13346 13005 14599 6352 13345 13624 13717 14015
7496,14320 9052 14869 10078 14306 10876 10878 10215 14826 14221
7497,75 3063 8999 14199 10559 10483 14529 9060 1949 4417
7498,14510 13414 14578 14824 14607 14826 53 14825 8376 12877
7499,10409 10408 3998 2715 505 4265 5060 11016 9095 6367
7500,12848 7913 5322 15092 6580 12829 13228 13227 5954 4977
7501,10780 13973 1160 379 14617 10430 377 1161 11151 11545
7502,8106 3980 5366 9528 12610 6118 2914 13113 14275 8397
7503,3937 760 7361 12791 12790 12789 8224 6445 11372 3182
7504,14870 13013 7153 14597 9125 12434 14869 14824 11549 11316
7505,3055 13626 15247 11126 9957 14875 7994 11424 7455 4820
7506,6836 14452 13884 13335 12886 59 14865 9227 10124 12062
7507,15273 15274 1351 52 113 14875 14307 740 10715 14089
7508,11366 14486 12528 14485 14499 14913 14481 14479 14491 13895
7509,14491 14479 5267 14486 14496 11366 14506 12528 14485 13885
7510,3066 7849 11366 3065 3064 6584 4727 3068 7848 7842
7511,11366 12386 692 15082 15083 14479 13895 14477 14145 5267
7512,11366 14477 5267 13885 14488 14486 14404 5266 13895 14913
7513,11366 14477 5267 13885 14488 14486 14404 5266 13895 14913
7514,14404 11366 15228 8377 14477 5267 13885 14488 14486 5266
7515,11366 14477 5267 13885 14488 14486 14404 13895 5266 14913
7516,14404 11366 15228 8377 14477 5267 13885 14488 14486 14843
7517,11366 14404 14477 15228 8377 5267 13885 14488 14486 13895
7518,11366 14477 5267 4027 7232 14488 13885 14486 14404 4260
7519,11366 14477 5267 13885 14488 14486 14404 13895 5266 14913
7520,5267 11366 14479 14491 14477 14496 13885 14506 14486 14488
7521,11366 14486 12386 692 14479 13895 12528 14499 14485 15082
7522,11366 14477 5267 13885 14488 14486 14404 5266 13895 14913
7523,11366 14477 5267 13885 14488 14486 14404 5266 13895 14913
7524,5266 11366 14498 14497 10611 13885 5267 14485 14486 14477
7525,11366 14477 5267 13885 14488 14486 14404 13895 5266 14913
7526,11366 12386 692 14477 13895 14479 15082 15083 5267 13885
7527,11366 14477 5267 13885 14488 14486 14404 13895 5266 14913
7528,11366 14477 5267 13885 14488 14486 14404 13895 5266 14913
7529,5267 14491 14479 11366 14506 14496 13885 14477 14130 14486
7530,11366 14477 5267 13885 14488 14486 14404 13895 5266 14913
7531,8370 8369 15061 15062 3055 15063 13587 15001 13626 3054
7532,7124 13912 14559 12877 14578 14555 5595 9054 53 1351
7533,8139 3308 14675 14419 6178 4350 9802 2304 105 14676
7534,14825 14578 15029 14827 15028 14510 15270 12877 14668 53
7535,14668 15029 14825 5517 15028 14163 10383 11838 15205 10382
7536,15277 14577 14576 13513 10330 1670 14036 10741 1527 13324
7537,14163 14668 15029 15233 14612 15079 14559 14823 14547 14865
7538,14984 11126 15285 3055 13388 11424 58 11125 14988 14989
7539,15121 15124 15122 7002 15123 14143 14911 15119 10294 15154
7540,7580 1332 7577 7578 3093 7579 5488 6220 794 14707
7541,14391 14163 14939 14668 15233 5545 14612 15079 5037 14559
7542,9054 15076 14951 14551 14296 14792 13369 14165 14555 4162
7543,14852 739 15230 14555 14136 13670 15147 7113 3021 2142
7544,14555 15288 14852 12427 14049 14449 14850 15184 9054 7114
7545,8999 15148 11185 15248 14690 14951 14560 15069 14851 7121
7546,9052 14929 14166 14869 14951 3906 14320 14221 14930 14427
7547,13884 14865 9227 6836 59 9260 7516 14612 15079 14452
7548,12014 1622 1617 6868 1621 1620 2739 8048 1618 9955
7549,3906 14166 14929 1374 14951 9052 3907 14165 1375 3898
7550,12545 46 9200 12205 13919 10732 15028 11392 14140 6002
7551,7632 8690 8391 14165 4519 11036 6303 6083 11398 9588
7552,15279 15278 12878 7524 5179 12879 8884 6089 5100 5099
7553,12386 692 15082 15083 14145 12340 14654 14136 14530 11366
7554,8459 8123 8121 15188 1697 8127 14153 8122 14868 8135
7555,7581 14159 14157 1131 14158 14952 5513 14160 14304 11746
7556,692 12386 15082 15083 14145 11366 12340 14654 14136 14530
7557,13388 11126 10891 10715 15276 1367 12931 14984 11914 11713
7558,3055 12055 713 13626 12463 798 15247 11126 10053 9957
7559,15067 15066 11549 15190 101 15249 36 15068 13173 13174
7560,12850 13885 5268 14506 14938 14537 14538 14500 14887 14456
7561,10715 14690 14875 14702 7130 1351 7129 52 13172 14703
7562,857 14143 7141 14911 7002 12837 4591 7854 7859 10011
7563,11120 14209 14596 14595 13878 13680 12440 14464 14286 13483
7564,14654 14862 14334 13920 14904 14426 5183 14941 12388 14389
7565,14654 692 12386 15082 15083 14862 11366 14145 12340 14136
7566,2016 15019 11836 12512 8580 3800 6966 917 4570 10559
7567,7784 4687 4132 4688 12929 5447 10992 6705 4138 7057
7568,12976 1033 3321 2253 10860 12975 12977 10672 6266 11655
7569,10514 10513 10644 10512 10511 2810 475 1990 3148 9521
7570,13382 12184 14370 4566 4564 9034 14468 14369 8095 12181
7571,11938 3916 139 11936 11939 11937 14619 12654 8200 7970
7572,9204 1834 10711 14121 9315 12621 5398 5623 14258 7671
7573,1686 8619 2717 12865 10517 9954 9849 13935 10445 7382
7574,14355 13632 4454 3494 9946 9182 6863 11090 14356 6511
7575,12848 7913 13228 13227 4977 12833 5592 6580 5322 10974
7576,13111 13112 9853 2375 4599 7215 1315 2371 4693 5845
7577,11623 7820 8837 11957 3504 7270 1869 715 3223 1686
7578,12054 7128 9282 15002 10014 7122 91 8474 4426 3735
7579,13053 9107 4780 3374 3730 4321 11047 2248 5852 7877
7580,2527 2546 5149 2234 2496 2529 2528 2552 2544 2535
7581,11240 4999 163 12189 860 2521 2631 7865 3726 7512
7582,6742 2374 1001 11325 3674 3415 7062 12806 673 10913
7583,12625 12624 4652 9110 11858 8586 13427 9559 6797 13816
7584,5278 4797 3160 7762 11233 9159 10265 3461 6900 9923
7585,14954 6135 9553 9269 15240 9549 3584 8823 4315 10639
7586,6134 9891 12295 2535 2185 12294 8044 4554 12317 10249
7587,12974 10552 5587 3023 5400 6204 9425 4324 4832 3128
7588,12172 5628 5626 14031 13611 13613 14684 13433 13432 8626
7589,9601 9441 1507 3314 11406 9596 9598 9599 9597 9600
7590,3811 9246 1101 1995 14893 10881 10347 1994 9604 4383
7591,4713 1541 14377 8274 4718 6412 11036 14164 10057 11187
7592,1131 5513 14159 7324 7581 3395 14605 14604 14157 5515
7593,12877 15028 14578 14825 53 15029 14510 13414 15270 14519
7594,14852 739 6676 7491 11255 3017 15230 14743 3476 6151
7595,8057 10813 13366 2979 11041 10062 13834 14616 8409 3017
7596,5419 6579 1389 3370 3222 167 2761 476 4602 6832
7597,14391 14939 5545 796 12423 860 5037 14163 7512 3014
7598,12305 8797 6097 2578 3713 9743 2577 5048 93 1059
7599,2441 15042 12944 15043 2443 1540 7655 12943 15052 15053
7600,11970 2495 5209 5388 2488 5389 5996 1501 3359 5393
7601,15280 2609 2608 2607 5094 5095 5096 5097 5106 5099
7602,7695 5346 4282 6333 7694 3157 10499 5347 8993 1348
7603,4132 4687 4688 13270 1153 4689 4690 9753 6323 12071
7604,14125 1090 3582 2563 12110 1018 9964 3585 14858 11855
7605,7681 7247 4020 6437 12232 13923 7670 5582 5576 6765
7606,619 7439 1698 7512 860 8872 10019 5219 3253 1446
7607,4590 9879 12761 12760 4589 9880 966 967 2442 12762
7608,1130 10223 10978 10222 5304 9610 4715 14975 10182 14373
7609,2574 87 9815 130 181 2506 2026 1919 10017 10020
7610,12280 2063 3848 4902 1042 8515 1083 12432 8325 2064
7611,7571 13950 10257 14353 7568 15162 15161 7573 231 13988
7612,15245 15116 8708 14120 15115 3222 4788 15117 4127 12011
7613,14458 10095 13737 1859 13992 13682 553 13262 13685 13365
7614,15281 14141 1044 14716 13919 14140 1994 1997 1996 4591
7615,1721 11638 11640 1155 1723 12445 12444 1151 12442 12441
7616,8995 625 5507 8704 2508 6596 176 13517 5016 784
7617,14383 11403 693 14512 14384 14379 14380 11405 11402 14366
7618,2586 6032 457 2589 7918 11017 4005 11081 11364 9188
7619,2615 6799 4661 4659 4658 14283 14402 8701 2837 2604
7620,10715 14702 14703 14690 14875 14100 1351 14220 7130 7129
7621,1709 2880 8150 14745 9967 9968 1863 13785 1711 15049
7622,8999 9610 15148 1130 1287 10541 11185 10553 4153 15248
7623,12140 12139 7559 116 4903 12141 1371 11719 7326 4906
7624,10890 11874 10549 13412 13724 9925 1496 7461 9898 6915
7625,405 1323 13333 14807 13562 2820 13326 1325 1528 13330
7626,12043 8857 10389 1804 2672 8859 8860 9259 7920 7348
7627,12757 10246 12376 9084 14751 2014 9083 7817 2882 12656
7628,14662 6353 14879 2743 11548 8835 2742 2815 13453 13910
7629,8605 11407 6483 11408 11409 11756 2397 11710 11005 10907
7630,275 8558 7483 10606 593 3826 7286 3398 334 666
7631,8748 4437 3149 9316 7182 1957 6468 14939 14221 4631
7632,7272 7402 9689 12981 11647 13679 1739 8142 7774 9440
7633,1999 4664 6102 8552 947 293 12462 10642 4777 9566
7634,13752 6114 1302 2520 2962 9321 14878 13905 3793 6871
7635,2139 437 3328 5386 11258 11734 5392 9286 3575 10004
7636,4715 14779 13067 12618 10978 4584 9575 13066 12978 2793
7637,15282 1650 43 1649 1647 1645 1648 889 1643 1644
7638,504 871 8403 5853 1646 806 1284 13570 2329 857
7639,3055 13626 11126 15247 9957 14875 7994 11424 4820 7455
7640,7238 7243 2550 10521 10520 7244 7240 10519 9280 6755
7641,4726 2472 6434 11212 2475 5004 2469 6263 8052 112
7642,7149 4007 6648 2158 6375 12449 3905 3338 3812 163
7643,10329 219 1477 7417 4299 10473 625 3026 3307 3518
7644,13304 12977 10860 12975 12976 9353 13529 6139 9101 5833
7645,9946 6863 3494 14259 5828 4867 9182 991 13632 14355
7646,4881 7319 7307 7308 7312 7311 4983 187 3607 4558
7647,6369 10066 11298 12127 4902 6306 5817 8325 3093 12280
7648,14158 1885 11949 585 4762 14304 8323 14157 13532 9658
7649,1170 2653 585 6638 3190 4241 1178 1406 10797 5624
7650,10430 1160 11377 7769 10780 8346 1161 11373 11151 11545
7651,8317 5134 6408 10143 11447 10144 14734 8319 865 2924
7652,12627 3486 13282 9421 12630 13557 9406 12628 11711 15106
7653,8376 7208 5351 13909 14510 13593 3485 7204 7203 14703
7654,1201 3254 6516 8220 7083 8914 12972 6348 5074 341
7655,728 8644 6453 4307 8667 13909 3485 7179 7180 7178
7656,7956 9470 10240 6053 887 826 9658 8518 844 10328
7657,11059 7115 2154 3019 11058 5093 5094 5095 5096 5092
7658,6245 12895 12908 7069 7498 11598 11055 1862 9832 1011
7659,13538 14890 12653 4375 6228 9214 13172 6923 14384 15086
7660,5577 170 7001 7139 14396 12714 5398 13055 5210 2705
7661,4324 3629 6380 9905 11155 3343 4321 8608 10354 12713
7662,2372 2369 11347 4609 14283 13112 6551 2375 6550 2379
7663,8188 6954 3705 3362 4764 3707 6045 11934 5422 3699
7664,794 13902 9587 1213 7460 4220 3226 6410 1384 7580
7665,12813 9802 5362 8499 8368 166 161 3579 12018 11977
7666,14688 6581 10384 14575 14887 6582 14574 14964 14492 8250
7667,9223 3019 11059 7115 6259 3018 3240 3243 108 5347
7668,6043 6318 10288 6270 7917 7838 7741 1304 3468 929
7669,7499 11298 12560 3824 11417 11416 11415 10559 10483 5452
7670,3001 7425 7426 5876 1826 10199 4134 5686 1354 14283
7671,1095 1519 8516 2763 3993 3994 11985 10165 5520 1252
7672,4316 2996 9642 9636 5690 11626 6807 3002 2998 10913
7673,73 2675 5436 7220 14364 8189 14639 4744 14534 1102
7674,5345 1475 12672 12671 12535 14844 13336 11965 13318 13038
7675,15097 4711 13320 13855 8869 14183 13321 13351 15153 14029
7676,13462 4662 2663 13463 3572 4056 11369 14797 8214 13461
7677,6879 9390 3637 328 1763 7516 1515 13884 10789 12372
7678,43 1719 12077 10275 4138 11816 1280 2377 12929 11347
7679,13077 394 3055 12606 15289 14666 558 14700 14667 11045
7680,15243 4639 7138 7927 4637 4469 2721 5088 9498 12097
7681,8999 15148 3063 75 11185 14199 15248 14690 14951 14560
7682,11578 1915 9662 9665 3693 1914 1916 13573 1913 5671
7683,11313 11314 11312 11311 11309 11308 4379 11310 11307 10038
7684,6038 12438 10310 3206 6596 4468 6426 6026 10742 3699
7685,15283 5107 5105 5104 5103 5102 5101 5100 5099 5098
7686,5299 3857 9135 5305 4969 14052 13851 14054 14053 12487
7687,1090 8307 2156 14125 8500 2563 7461 5260 2205 11739
7688,11567 1840 12131 13639 13386 2914 9226 11964 2724 7949
7689,11812 3316 5212 8954 5214 4979 5217 5213 5389 3831
7690,10965 6868 1880 6897 12764 7726 15147 11393 2549 4357
7691,3051 3053 3052 3056 3059 3058 3057 3054 15063 15001
7692,5075 3211 1457 12246 839 10364 5089 13048 842 6381
7693,1145 1136 1146 1722 1717 1708 2628 9539 1718 1706
7694,7324 10651 7325 14605 14604 1131 5513 14159 14406 100
7695,10715 5812 3368 14690 3383 14875 14702 7130 7129 1351
7696,15073 14894 3953 3954 7953 5261 11296 6766 10522 8102
7697,14112 10413 12865 9800 9048 7698 1755 6444 11230 5347
7698,5876 1826 6364 6705 1777 9191 7426 8983 3843 4063
7699,13201 1532 2822 11878 13202 14138 6351 11110 15153 13562
7700,1818 5494 6347 5866 2238 697 2704 11738 434 1548
7701,13012 14419 1483 5415 1806 13017 6178 5004 13016 1485
7702,9030 10985 15185 12819 5990 11466 2111 15159 8 3134
7703,7315 3835 5835 121 14107 3824 3828 1493 9188 3829
7704,796 860 7835 5057 14391 7512 3014 5315 10471 8783
7705,15152 11899 2614 5998 13578 14323 14337 13319 8803 11393
7706,14898 101 2774 4349 15023 15233 14690 15270 15226 14603
7707,6962 4828 1583 1581 10321 1582 6966 1577 1578 2704
7708,11874 130 2571 2026 2574 6896 2576 10890 11902 2146
7709,13904 9495 2645 13905 2640 2639 2646 14684 7293 2642
7710,1367 15276 11954 7179 2085 7128 9038 2084 13891 10891
7711,13578 3465 1529 6417 11122 3046 9366 15257 14324 11121
7712,10140 2185 1383 6134 12857 12295 9891 7549 8504 7465
7713,7121 11185 15069 8999 14406 12876 823 7458 2085 12874
7714,9366 1529 3779 13578 8834 3046 8833 8826 8831 8732
7715,8648 3027 3151 12057 5122 5121 3029 3493 8649 8650
7716,10715 14690 14875 14702 7130 1351 7129 13172 52 14703
7717,11016 3289 1870 2566 7332 5389 12325 7564 7561 7088
7718,2742 13453 6417 3465 2815 11122 13578 12745 2820 10207
7719,3985 843 3313 1454 8451 11363 3986 5852 7300 2324
7720,2745 4515 2742 1529 13578 2614 14139 11393 13324 8905
7721,6767 6682 7840 820 822 3372 894 3256 778 5153
7722,12232 7681 3205 768 5054 11148 5576 10182 9426 7247
7723,13380 10071 4035 10073 8645 8983 13426 14745 4037 10913
7724,4636 4905 5392 3328 1082 3348 4885 4867 4992 7047
7725,1448 5575 4270 9577 13051 6265 3411 12246 7149 5756
7726,3617 15054 3912 3616 15053 15052 7655 12943 3927 3914
7727,6432 11028 11808 6431 2624 9850 5636 12934 14751 6810
7728,12793 13224 14126 13835 8382 13833 9950 9949 9951 9952
7729,15284 5106 5105 5104 5103 5102 5101 5100 5099 5098
7730,15084 9207 14272 5595 7631 12966 10637 7313 13412 9920
7731,8500 2139 612 14717 8871 11258 618 12633 11092 9286
7732,9223 771 14849 8189 4754 15060 4424 13190 12020 11815
7733,13825 475 4797 9216 12669 11861 11860 14878 11859 10512
7734,11535 5105 5104 5103 5102 5101 5100 5099 5098 5097
7735,12068 10086 12647 12310 2093 12646 13738 5627 13269 12649
7736,15069 11185 7121 8999 15148 823 14406 15248 14690 14951
7737,91 14612 15079 15184 14559 14865 14823 14165 14620 8999
7738,5613 3970 228 5612 5620 7438 10876 5621 10126 10878
7739,6572 10790 7389 8071 6570 9686 12128 11930 10876 10878
7740,5709 4966 5113 15100 626 10337 15171 9842 14834 14833
7741,11366 11059 14477 5267 14488 13885 7115 14486 14404 13895
7742,3019 108 45 11059 9223 3018 3240 3243 9119 13952
7743,3575 2139 1072 9038 11258 9043 9286 11467 8500 9042
7744,2380 11778 3666 3074 3687 1354 11626 3416 10193 3688
7745,13268 13577 12552 10620 9017 14580 12028 7255 12622 6319
7746,15030 5948 15048 12783 14151 1736 12506 9244 5933 5188
7747,7552 13677 13676 3945 227 6833 10359 5852 9171 8553
7748,625 12178 13517 11459 8995 9296 9144 4756 14475 6596
7749,8669 12108 11720 8302 12585 982 13484 4061 7100 11302
7750,5281 742 2509 7549 14144 7727 10140 1099 10379 299
7751,3008 3007 3664 961 12945 12762 9893 9880 12763 12761
7752,11045 1033 11646 15289 14700 13724 10889 13412 8801 2538
7753,9043 9585 549 9709 9586 2536 2533 9038 11855 1384
7754,10539 6898 10019 97 5314 7439 619 10379 14052 13851
7755,740 14348 14089 14979 15273 15274 14980 12084 14547 14907
7756,14345 1721 1145 9539 1136 11638 11640 3413 2628 3414
7757,1457 7513 3811 4782 6031 824 1101 834 5075 3211
7758,6868 2739 4437 380 14221 12014 10126 11393 6942 15057
7759,860 7512 1690 163 796 11240 4925 14391 619 5579
7760,6682 3223 3935 2255 662 8623 7816 7840 466 11623
7761,1351 13912 15148 7124 15045 14690 10715 4426 15273 15274
7762,12822 4384 5412 4863 4729 11485 4096 12404 13350 11271
7763,15166 15110 11197 15165 6280 14164 14371 14658 11191 14600
7764,9182 2131 3494 7138 3822 2483 2488 7178 9946 6863
7765,4712 7090 7386 13664 15031 8320 2810 6403 7385 7384
7766,3961 11732 10666 13714 337 13694 13695 5206 3369 11029
7767,15043 15042 1540 2441 8263 12944 15052 1539 15053 7655
7768,6898 5281 10379 14052 13851 10539 14053 7549 10374 10140
7769,11166 9354 9111 13427 11209 11858 11210 9110 11207 11208
7770,12324 994 15092 3579 1673 14961 6271 12840 12829 876
7771,4664 4656 11371 1999 5563 14911 6102 8552 10012 947
7772,3857 5299 14052 13851 14054 14053 12487 8747 11258 7925
7773,14163 14668 15233 14612 15079 14559 14823 14547 14865 13919
7774,14306 12206 1858 10215 14320 6106 11126 14865 9054 739
7775,11126 14984 15285 11424 13388 3055 58 11125 14988 14989
7776,14163 14668 15233 14612 15079 14559 14823 14547 14865 13919
7777,9054 14551 14951 15076 14165 14555 4162 9472 14166 78
7778,14852 14555 15288 739 14449 15230 14850 15184 9054 14136
7779,15147 6868 1490 7301 577 3600 1880 2206 712 14493
7780,14163 15045 12427 58 4426 14049 15263 14980 15285 14668
7781,14929 14166 3021 15230 9052 14951 3906 14427 12513 9054
7782,15285 11126 58 14701 14899 14984 14980 11424 14742 15069
7783,14560 14851 13015 11718 3960 14850 15289 11045 8999 14700
7784,14701 14899 15285 11478 11126 13310 58 7146 938 3560
7785,2026 2146 2544 2571 14611 2023 2535 2574 2518 10014
7786,14345 3413 3414 11340 673 10750 7080 1887 3415 11893
7787,13965 13966 13964 13967 13963 13707 6751 5095 5097 5098
7788,15255 2154 13891 8413 15276 13890 7128 14612 15079 14559
7789,12877 14578 14519 15112 15011 15247 15028 4363 53 7124
7790,15244 11959 2203 14931 14937 14930 14427 12513 14866 14867
7791,13414 14826 14510 13587 15063 15028 14607 14578 14824 15060
7792,15284 5106 5105 5104 5103 5102 5101 5100 5099 5098
7793,15148 8999 11185 15248 14690 14951 14560 15069 14851 15134
7794,4813 7332 4884 4823 7330 3235 12336 12185 3234 9493
7795,11675 1419 10435 6911 13585 14672 7630 5636 8607 1404
7796,11126 3055 14984 11424 13626 15285 15247 9957 13388 14875
7797,14826 13414 13587 14510 13940 14827 14320 15270 14578 9055
7798,14163 10715 14690 14875 14668 14702 7130 15233 14612 7129
7799,14108 12668 14210 5092 5093 5094 5095 5096 5097 5091
7800,15287 1500 14080 14605 14604 9989 8189 11965 14704 8310
7801,14391 14939 5037 5545 14163 8748 796 10321 5052 5055
7802,15288 14555 14852 14449 14850 15184 9054 14165 12427 739
7803,5222 8903 12993 3318 13818 13451 9109 13461 11631 2484
7804,8041 6943 1947 9127 14394 13239 13767 7107 8256 9128
7805,12481 2009 8997 13685 1303 10353 3483 9410 13682 11186
7806,8077 4665 7739 14257 4651 12030 11963 11592 13706 7658
7807,13195 5347 8467 5346 8725 3982 5349 8993 7115 1755
7808,15129 5929 8736 8735 14471 14217 8733 8739 7009 9808
7809,11370 11368 4663 4650 4660 11369 4653 2804 11367 13022
7810,15263 13016 4426 15045 13017 7159 11316 15118 13012 12427
7811,10124 13753 3403 15264 14452 14127 5229 7684 14322 12667
7812,14559 7124 14612 15079 13912 14823 14865 14867 14866 12877
7813,13193 12060 10930 13194 10931 5987 12762 14258 8263 11706
7814,856 12308 9801 12463 9276 5736 12306 12583 2257 9138
7815,11122 14324 8904 6417 2820 3465 11121 13344 6351 12825
7816,14826 13414 13587 14320 14827 15060 14578 53 3055 7176
7817,10265 5278 2585 1381 9284 2497 11902 7220 14364 1375
7818,15288 14555 14852 14449 14850 15184 9054 14165 12427 739
7819,12877 14578 53 14825 7124 14510 15028 15163 15270 14826
7820,14824 58 14510 14980 15285 14165 14742 14827 14605 14604
7821,13412 8872 10890 15084 8871 14668 7439 619 8622 13724
7822,2566 7332 7564 12325 11016 7561 4736 3234 124 3237
7823,53 15163 14578 11883 14510 12877 14826 4424 12020 12031
7824,1316 12336 10158 7330 12185 4813 14107 9493 1314 10678
7825,14700 15289 11045 14560 14851 13015 11718 5595 13077 15273
7826,13640 13798 9306 11863 14493 15154 9856 15205 5677 11835
7827,8370 15061 15062 8369 13587 15063 14826 15001 13940 13414
7828,3843 2876 1826 4416 5876 14105 3844 4414 4063 3416
7829,1826 6364 7426 3843 13223 7425 5876 10096 6735 4414
7830,13755 10364 1392 1081 5064 494 10980 5075 3211 2666
7831,13310 3405 10123 7302 13317 13311 13309 14315 11920 7146
7832,15290 5106 5105 5104 5103 5102 5101 5100 5099 5098
7833,7322 7760 975 667 5122 1978 1130 8497 5121 2350
7834,15276 13891 7128 1367 2154 13890 15255 13808 13913 7179
7835,4820 3055 13626 6791 15247 9957 4061 11126 14875 7994
7836,14550 3471 15065 14560 14851 14619 14092 13015 3469 11718
7837,2209 88 2191 10542 12054 4901 1162 4815 1869 5642
