user_id,recommendation
0,21 24 1 20 23 17 22 13 7 2
1,39 38 31 37 33 36 35 30 32 34
2,94 92 80 76 79 77 93 57 50 82
3,157 132 145 140 162 155 151 172 166 168
4,192 205 203 204 202 195 200 207 206 196
5,221 223 222 224 219 212 218 220 217 216
6,230 231 229 232 3862 13950 2829 13988 7568 10867
7,246 240 250 249 245 247 242 243 236 248
8,258 257 256 14986 4385 10616 873 149 14483 5920
9,264 262 261 263 1556 4381 4023 13709 1263 11774
10,274 273 271 272 269 270 268 14059 14061 14060
11,279 280 277 278 14959 11237 6345 3994 183 13640
12,133 285 293 292 294 286 287 290 291 284
13,321 313 303 307 327 300 319 320 335 326
14,351 349 350 339 346 341 343 344 342 348
15,356 355 354 12532 12531 12533 12382 8493 12046 10209
16,359 360 361 15258 14333 15094 1532 2820 2742 2614
17,365 363 364 10905 7583 10904 12829 8307 7300 9540
18,367 368 13197 13198 13199 7999 1648 1347 6218 12766
19,377 383 389 388 385 387 372 382 384 381
20,393 401 398 397 402 395 394 396 399 400
21,405 404 2820 1166 1323 1535 1532 12426 403 2742
22,411 296 409 410 7767 7293 2247 11113 8439 7534
23,497 498 474 470 446 501 458 480 484 441
24,531 538 535 530 533 537 536 526 532 534
25,545 544 549 547 548 543 51 546 539 542
26,557 558 556 553 554 555 552 13077 6709 6721
27,574 565 564 566 573 575 571 562 570 568
28,323 577 583 578 582 579 580 581 31 712
29,600 598 592 599 83 597 596 593 594 595
30,615 610 623 628 611 625 614 626 619 620
31,169 634 14297 149 8074 466 165 2960 5984 171
32,642 643 639 644 645 638 641 640 636 637
33,650 649 648 3288 11812 3359 2484 2494 1160 2482
34,659 466 658 657 661 656 288 660 653 654
35,667 666 665 3479 5838 2350 7760 7483 10245 11291
36,669 14519 5102 9658 14146 7593 10285 13601 10466 14540
37,670 672 671 10090 10089 10091 10088 5686 10087 7094
38,692 706 708 709 682 701 693 690 707 681
39,720 719 718 721 13216 12530 10778 11236 14830 6291
40,584 726 731 730 733 732 728 723 725 724
41,833 829 767 793 755 776 828 800 819 812
42,884 886 882 869 874 881 885 868 865 876
43,897 898 899 13547 14297 13548 10306 6472 12952 603
44,905 900 906 904 903 902 901 12838 4497 10322
45,962 963 958 915 965 973 977 916 979 980
46,1011 1002 1001 1004 999 1003 1007 1005 1009 1008
47,1063 1032 1086 1015 1082 1040 1058 1072 1078 1085
48,1115 1107 1113 1114 1112 1110 1108 1111 1109 1106
49,1119 1123 1122 1121 1125 1120 1124 8021 5244 9393
50,1130 1128 1131 1132 9610 25 1129 14159 5513 12093
51,1142 1139 1149 1137 1157 1155 1147 1150 1151 1141
52,1160 1161 1162 1501 10542 4901 7286 164 3280 3237
53,1166 1165 23 2820 1168 2742 1167 3464 14953 1535
54,1174 1172 1173 1171 12985 11983 10644 3854 3616 7293
55,1170 1180 1178 626 1179 358 1177 4966 2653 3190
56,1184 1185 1183 9867 9863 9860 9862 9859 9864 9858
57,1210 1199 1205 1197 323 1213 1212 796 1214 1211
58,1224 1228 1221 1220 1223 1222 1226 1227 904 1225
59,467 1232 1231 1233 1234 1230 1229 10301 3473 4236
60,686 687 1239 1238 466 1242 1241 873 3811 476
61,1244 1245 1246 6291 6292 6283 6272 6275 6287 6273
62,1248 1249 1247 2754 2753 3751 2752 18 3529 4512
63,1255 44 1256 1252 1253 1254 1251 13100 6902 987
64,1264 1263 1266 1260 1262 1265 1261 1259 9292 688
65,1277 1081 1279 1278 1281 1280 1274 1275 1276 1270
66,1287 1285 1286 2798 9273 9610 10541 11739 8999 8273
67,1292 1291 337 1289 1290 3970 3969 3968 3228 3967
68,1299 1303 1297 705 1302 1300 1296 1301 1295 1304
69,1310 1312 1313 1308 1309 1307 1311 1306 1305 3859
70,1319 1317 1316 6362 1315 1314 1318 1778 1320 1779
71,1323 1325 1324 405 2820 2614 2742 3465 12426 1535
72,1331 1329 1330 1328 1327 10731 586 11076 1531 1525
73,611 1333 15254 118 14905 383 10421 1618 14914 10893
74,1340 1337 1339 1338 1336 254 1335 4514 4516 4515
75,1343 426 1283 8508 12313 7753 12314 1742 11284 12316
76,1346 1345 2277 2283 10782 2292 2276 13955 11857 5886
77,1351 1350 1349 1348 10715 13606 13607 13912 740 15274
78,1354 1355 1357 1356 1353 2369 4141 2378 4144 1829
79,1359 1364 1362 1363 1361 1360 1365 57 980 10490
80,1367 1368 1371 1369 1164 1370 8999 3237 15276 3234
81,1375 1381 1379 1376 1374 1377 1380 55 1378 1373
82,1438 1429 1408 1435 838 1425 1415 476 1431 1413
83,1465 1464 1462 1395 1463 1461 11946 1466 5917 5901
84,1469 1468 1470 1473 1471 1472 13108 7857 15159 13847
85,1485 1483 1491 1489 1487 885 1490 1488 1484 1481
86,1501 1503 1500 1498 1499 1502 15287 1161 3280 3727
87,1509 1507 1508 13827 3314 7122 7117 6142 9601 10715
88,1513 1514 1512 9443 9227 2432 6181 6246 10716 4782
89,782 773 419 149 1516 1517 747 14443 764 5683
90,1523 1522 1521 11401 14847 7233 3428 11402 11690 11403
91,1532 1526 1533 1529 2614 1531 1534 1530 2820 1527
92,1539 1540 1538 1541 1542 1537 1536 15043 15042 3663
93,1545 1546 1547 3127 7463 11706 7483 2018 11705 1551
94,1551 1550 1552 3473 3210 2018 7463 794 287 478
95,1559 1556 1557 1558 1554 1555 12236 14167 14836 14101
96,1563 1562 15137 15117 15136 10286 6743 5962 6744 10826
97,1581 1583 1577 1582 598 1578 1576 1575 1580 1579
98,1594 1593 169 1592 163 1591 1590 686 685 466
99,1599 1597 1598 1617 1609 1607 235 1616 1601 1615
100,1627 1628 8411 14711 11405 13316 8609 13474 3065 5936
101,1631 1632 1629 1630 9190 8007 8027 12838 7658 9189
102,1636 1635 1634 13721 11714 13361 15167 13306 1637 14451
103,43 1650 15282 1648 1649 879 1645 1646 788 1643
104,1655 1656 1654 11309 437 2438 5384 5155 9682 1939
105,1660 1658 1659 15096 12494 11720 13552 8616 3945 3637
106,1662 1664 1663 9810 1665 2438 6623 1939 6162 11567
107,1668 1667 6803 12212 12909 8225 11405 811 692 8958
108,1678 1675 1677 1676 1673 1672 1674 1671 11101 10189
109,794 1690 489 1686 1688 860 1689 1684 1687 1503
110,1695 1694 1697 1699 1087 1698 1696 1693 14547 11961
111,1717 1708 1718 1706 1136 1145 1722 1146 1725 1709
112,476 478 1732 1734 14548 466 1733 794 3222 10517
113,1737 1280 1063 1736 1081 3539 8294 3530 1050 1071
114,1742 1740 1741 11253 2801 7017 7687 6818 5229 11425
115,1746 1748 1747 342 1744 1745 1938 13888 12611 9652
116,1750 196 573 11830 1068 8984 5046 5458 1484 1477
117,1515 1764 1761 1762 1763 1758 1757 1760 1754 1759
118,1770 1773 1776 1136 1775 1774 1724 1772 1771 1145
119,1785 1782 1781 1786 1784 1783 873 686 8577 12429
120,1790 1794 1788 1792 1793 1791 1789 1787 10000 15131
121,1801 1799 1800 1802 1796 1798 1199 1197 1797 12814
122,1818 1817 1813 1815 1816 1807 1814 1048 1811 1812
123,1826 1827 1821 1822 1825 1823 6364 3843 2869 1824
124,873 1833 1835 1834 1831 1832 1830 10182 6176 14121
125,1857 1842 1843 1841 1849 1853 1851 1855 1844 1850
126,1864 1863 1862 1858 1861 1859 1011 1860 7469 12206
127,1869 1868 1867 10542 4815 1162 3237 4901 88 4399
128,1263 1872 1873 4023 13407 10150 4841 10152 11408 13773
129,1877 1875 1876 2755 2309 3811 11601 7518 7998 11602
130,1880 23 1879 6868 2739 13129 1291 15147 2509 7726
131,1885 1884 1883 1882 9026 12997 8323 13532 5407 14158
132,1611 1888 1887 13662 673 8822 5491 2990 13759 14623
133,1891 1894 1893 1896 1895 1892 1113 13630 6616 3088
134,871 868 1901 1390 1900 1570 1239 1899 857 8403
135,1907 1909 1908 1904 444 1905 1906 5674 9763 1903
136,1916 1915 1914 1913 1003 7358 11777 11578 9662 9665
137,1918 1919 9904 1640 9282 7726 2559 2522 2493 9920
138,1930 1921 1929 1923 1924 1922 1926 1935 1928 1925
139,1944 1943 1941 1942 1940 506 2162 13141 8204 8206
140,902 1946 1945 1896 33 12892 11686 1046 13416 7892
141,1955 1956 1884 1953 1951 1954 1950 1949 1952 10721
142,806 1959 1977 600 1976 1974 803 1975 1973 1970
143,795 1219 1986 794 2933 1985 9390 7516 3033 466
144,1989 1990 1991 7144 1684 2689 7145 1766 7143 3764
145,1997 1996 1994 1995 1044 1993 15281 12949 11095 2668
146,1263 2005 2006 2003 2004 2000 2001 2002 260 4023
147,1354 1303 1357 2009 2014 2010 2011 2013 2015 2369
148,101 2023 2030 2020 1093 2031 2028 1686 2026 2022
149,2039 998 2041 2040 501 2037 2038 2034 2036 2035
150,2047 2055 2054 2050 2056 2053 2052 2051 2045 2046
151,2058 2059 2061 2060 6327 12200 3671 12051 3213 10350
152,2064 2063 1079 419 875 2062 5499 4978 1035 3529
153,2073 2075 2072 2074 2077 2076 631 2067 1692 2071
154,2085 1367 2084 2083 12711 722 15276 12710 11370 7121
155,2086 2093 2092 2091 2090 2087 2089 2094 1578 2088
156,2100 788 2101 484 2102 2103 2104 2007 2097 2099
157,2116 2115 2113 2112 2114 2109 2111 2110 14888 12569
158,2149 2143 2131 2142 618 2150 2139 2144 2146 612
159,466 2167 2168 2166 1902 2161 873 437 2160 2165
160,2173 2176 2179 2171 2178 2177 2183 2172 2181 2180
161,2199 2196 374 2033 2198 2197 2191 2195 1426 2190
162,2243 2245 2242 2227 2241 2238 2236 306 2230 2235
163,2256 453 2257 7946 10183 765 6118 14275 7515 466
164,1987 2260 2259 7080 3413 9294 8062 8064 12297 6970
165,169 2261 1902 466 149 165 2960 5984 171 712
166,720 719 718 721 13216 12530 10778 11236 14830 6291
167,2264 2266 2267 2265 12941 240 6749 11469 4848 3651
168,2283 2272 2292 2285 2281 1346 2275 2286 2280 2273
169,2300 2298 2299 2297 2035 3927 12638 12639 2302 7273
170,2320 2315 2314 2319 2318 1381 2317 2310 2321 797
171,873 2328 2327 3973 686 1079 3676 6650 217 9992
172,2352 2353 2355 2348 2350 2351 2354 65 2340 2321
173,2363 1088 2362 7968 780 2249 9993 7118 8993 5824
174,464 788 1481 2366 794 476 2005 1489 10499 466
175,2375 1354 2371 2369 2373 2372 2374 2370 1357 1778
176,2386 2398 2396 2384 2383 2390 2389 2388 2385 2387
177,2403 2404 2401 2402 526 14641 12899 4421 11941 13342
178,2406 14378 5204 6098 6515 2088 2632 11490 10141 13796
179,476 2408 466 480 738 794 2407 478 464 14897
180,2433 2435 2434 2430 2429 2432 2431 2410 2419 2423
181,2441 2443 2442 977 4590 12761 967 966 2988 4589
182,2448 2446 268 2447 2445 176 879 3222 7915 476
183,2449 2451 2450 5670 6943 1262 9292 6096 1264 7886
184,775 780 455 2156 331 2460 2462 2367 2461 2457
185,871 1047 1901 2030 2465 2145 8403 2466 868 879
186,2475 2472 2474 2473 2476 2470 2469 2471 1164 1501
187,2524 2537 2534 2544 2153 2508 2552 2204 2558 2535
188,2577 2578 6097 12305 8668 9743 3713 3033 1649 1059
189,2582 2583 2581 2580 1621 2579 1622 1757 10633 11931
190,2586 2457 2589 2588 1521 1238 2587 1282 6032 2342
191,2598 2596 2594 2593 2595 2591 2597 2592 15182 15202
192,2603 2601 2602 10346 10345 10344 2042 717 1801 12814
193,2605 2604 12485 6799 4658 4659 4647 10836 12740 14401
194,2609 2607 2608 15280 6106 7960 2653 3624 5950 10134
195,2611 2612 2613 2610 9426 1129 9813 9814 8212 10036
196,1729 2618 2620 1730 2619 703 2623 2622 2621 369
197,2626 2625 10144 15140 15139 10287 10481 13594 15137 8708
198,2630 2628 2629 14067 4315 13646 997 7339 5820 8484
199,2635 2221 2634 2632 1173 2633 10560 1174 5364 5850
200,2646 2642 2640 2639 2643 2647 2644 2648 2649 2645
201,2651 2657 2655 2296 1204 2650 2652 2656 2293 10094
202,1635 2666 2663 2665 2662 2664 4056 4059 8214 13721
203,2671 2672 2673 2670 2669 3849 5339 3851 5338 9287
204,2713 2714 2710 2681 2685 1761 2693 2708 2712 2696
205,1840 2724 2725 2729 2723 2728 2726 2727 7804 7802
206,2735 2734 2733 1687 7955 8837 6166 10931 5987 10507
207,2742 2741 2743 2738 2740 6996 6416 2614 2820 1165
208,1247 2754 2753 2751 2752 1815 2750 807 2748 138
209,2777 2776 2779 2770 2774 1452 2760 2025 2778 772
210,2788 2803 2801 2797 2787 2804 2794 2795 2798 2800
211,2812 2813 2811 7224 10190 8430 10189 7748 1857 10188
212,2820 405 1166 1535 2819 2817 2742 2816 2818 12426
213,2827 1626 2826 2825 7644 7645 8294 3748 226 7151
214,2835 2834 2833 2836 2829 2832 2831 2830 2828 13699
215,2839 2841 2840 9384 1360 11610 9377 9379 9385 9386
216,2861 2854 2862 2853 2844 2858 2855 2850 2859 2857
217,2869 2875 2871 2876 2870 2874 2873 1826 2872 7818
218,611 10421 11939 11936 11937 11938 383 488 15020 11230
219,2893 2881 2882 2875 2883 2887 2888 2891 2890 2880
220,2910 2908 2909 2895 2906 2907 2905 2899 2903 2898
221,2925 2927 1747 2926 2916 2917 2924 2918 2922 2928
222,2938 2939 2935 2933 2937 2934 2936 2759 2932 3678
223,2943 2944 5265 5174 2013 4021 1947 8965 9089 4274
224,1328 1660 2951 0 2199 2948 61 2950 1879 2945
225,2959 2960 2961 2958 482 2957 2956 2955 13850 383
226,2970 2972 2978 2975 2973 2969 2965 2974 2968 2966
227,74 2986 2985 8561 8562 3031 6823 10767 5415 541
228,2987 2719 1317 3684 9886 4687 10494 7453 6961 7611
229,2988 2989 2442 31 8813 4590 8814 4589 2443 967
230,625 2993 2992 10492 2257 1056 2991 12178 13796 14728
231,2996 1321 3002 2997 3001 3000 6363 1320 1778 4316
232,3008 3007 58 3011 3012 3009 3010 3005 3006 3004
233,3016 2024 1569 3015 3711 10369 11174 10462 3014 176
234,3019 3018 2029 2131 114 105 11586 3213 11405 2548
235,2225 3023 3024 6378 14878 9877 298 9050 8198 3584
236,3032 3038 3034 3037 3039 1653 3031 2318 3029 3036
237,3043 1752 3044 2560 5070 13585 11230 2270 4863 12404
238,1529 3046 3045 2614 2820 12426 5998 3465 4514 9366
239,3048 960 3047 6377 10487 2217 4725 2785 2117 7212
240,3055 3058 3059 3057 3053 3056 3054 3051 3052 15063
241,3068 3064 3065 3067 3066 12900 8735 13166 7849 11401
242,3072 3071 3069 3070 5690 14072 12209 9850 7073 3453
243,3078 3083 1314 3076 3075 3080 1001 3079 3081 3082
244,1893 3088 3089 3086 3087 11709 11744 1895 11743 4563
245,3093 3092 106 10282 14843 14351 1257 1332 14703 4558
246,3094 13572 2869 5778 9439 10098 4597 8164 6847 4138
247,1684 879 3102 3100 500 3097 3101 788 3099 2236
248,3106 3107 11107 11106 11100 11103 11104 1722 3003 8152
249,3114 3115 2692 3112 2293 3113 3111 3110 3108 1097
250,3118 11152 13666 13267 6617 6069 2731 9213 8846 7373
251,205 3127 3128 3123 3125 3126 2945 203 2649 3104
252,3166 3172 2603 3171 3155 3150 3137 3167 3174 3168
253,3204 3208 3205 1976 467 3207 1684 3206 3198 3203
254,3215 3222 478 466 1646 3223 163 1071 1686 744
255,3227 3229 3232 3231 3230 3234 3233 3228 3235 909
256,3240 3243 3019 3242 243 3244 3241 705 11260 4568
257,3141 15031 4712 11868 14408 12503 12783 11046 10160 12150
258,2709 3255 3253 3254 3248 3252 784 3250 3251 3249
259,3262 1311 3261 3259 3263 11627 3260 14932 5195 11747
260,3266 3267 3268 13824 6698 1499 11477 488 10884 8403
261,3271 3270 2794 3272 3269 5740 9320 3955 9305 2362
262,3324 3281 3334 3363 2048 3330 1162 3349 3331 3339
263,3388 3387 2280 10051 8884 13987 5402 3411 7706 14173
264,3390 3389 7617 4143 5458 11713 1486 1584 10636 7463
265,555 3394 3392 3399 3393 3400 3403 3401 2959 618
266,3408 3407 10796 51 2174 4785 3406 2187 9402 3891
267,3412 3411 3410 13210 9713 13211 12990 1448 5575 4270
268,673 3415 3413 3414 1887 14345 11340 10750 8822 7080
269,3419 3418 3417 8301 4769 323 4925 4973 2408 8974
270,3421 3425 2908 3424 3423 3422 3426 1938 10118 7745
271,3428 3429 3427 9256 1119 4350 5743 9393 8021 12155
272,3431 3430 3435 3434 3432 3433 14739 943 13316 6398
273,3436 8384 13825 8989 14494 688 8487 14213 15155 15216
274,3441 4 1390 1389 2221 3438 3440 3439 7955 476
275,3451 3447 3448 3446 3450 3445 3449 4723 4651 8320
276,3452 13967 12521 12834 14385 14374 8204 13425 6883 15253
277,3460 1099 343 1445 2156 661 3459 14125 12491 3457
278,2614 3465 3464 2820 3463 1166 2742 13578 13731 1532
279,3467 3466 2537 4174 3695 12285 3879 8950 12097 4865
280,3471 3469 3470 14550 14560 14851 13015 6925 11230 611
281,3210 3473 1550 3472 2750 1982 2790 3017 7043 14743
282,1201 128 3479 3477 3049 3478 666 31 323 7483
283,3481 3480 8646 1703 8244 3482 14155 8645 1882 13002
284,3484 3084 1720 3483 3083 12733 7101 11347 1709 4687
285,3321 1978 3487 12976 2253 3283 1033 7299 8083 7104
286,3491 3489 3490 13778 13776 13777 11611 8115 9450 9454
287,198 3496 3505 3500 3504 3499 3502 3498 3494 2129
288,3510 3513 3512 3511 67 10840 2195 8719 1302 4236
289,2781 3518 3517 3186 3519 2750 3516 3515 3514 760
290,3541 3542 3537 3540 3523 3543 3535 194 2357 3538
291,3242 3556 3551 3557 1514 3553 3555 3552 518 3550
292,3564 2086 3568 3565 3569 3566 3562 3567 3563 3570
293,3576 770 3577 3575 3574 1875 786 11588 13369 3727
294,3579 876 3578 9254 994 12670 12324 11090 11977 6837
295,3585 3588 3587 3584 3586 3581 3582 3583 2233 13337
296,3592 3590 3593 3198 3591 11089 5798 8818 8779 6398
297,2738 3599 3598 42 3595 3596 3594 3597 11960 6052
298,3609 1765 3605 1868 3610 3608 3603 3606 3602 233
299,3616 3615 1171 3617 1174 14955 14393 8020 12558 15108
300,3628 3625 3626 3636 3630 3638 3627 3631 3639 3640
301,2422 3647 3661 2421 3591 3656 3659 3655 2414 3646
302,3667 1007 3666 7065 7078 3074 1003 9536 11626 1136
303,3671 3672 3669 3670 2060 4070 7625 4065 10350 10349
304,3677 3687 3684 3685 3688 3680 3683 3686 3689 3691
305,231 3707 3708 3706 3705 3700 3699 3702 3704 3703
306,3717 3716 3138 968 3714 3715 5116 15099 11848 2254
307,3721 3722 9078 9077 1536 9076 9079 8215 11363 1128
308,3737 3115 3736 3740 3741 2692 3734 46 3732 2350
309,3749 3748 3750 1080 1112 2826 1943 3745 3454 3747
310,3754 500 1435 3753 1667 11014 11284 3755 1648 4840
311,3758 3757 3759 1050 3764 3763 1098 1278 3761 2682
312,3771 3772 3770 3769 3767 3768 11711 14393 14693 10669
313,3776 3783 3778 3781 3780 3775 3784 3786 3782 3779
314,3792 3790 3791 7631 9093 4230 15147 4669 739 2240
315,476 3795 3794 3796 466 794 478 477 736 464
316,3798 2430 3799 9116 2434 2433 2435 2429 2431 11124
317,3804 3808 3806 3809 3807 3805 3801 3803 3802 3800
318,3811 884 1101 6812 2309 11149 3810 14893 9604 5502
319,3815 3816 3818 3817 3814 3263 3813 5886 10595 3403
320,3824 1181 3828 3835 3834 3829 3836 3830 3833 3832
321,3844 3843 3845 2767 2876 1826 3516 3842 4416 14105
322,3849 3851 3852 2673 3847 3848 1878 3850 3396 12432
323,399 3407 246 3856 3855 6477 8803 13319 12578 14793
324,230 3861 3862 3863 2830 3859 3860 2831 629 12606
325,3871 3869 3870 3868 3867 3866 30 4989 7729 11094
326,3880 3887 3888 3884 3883 3885 3882 3886 3665 3879
327,3907 3903 3906 3898 2043 3900 3895 3905 3899 3904
328,383 851 2153 3909 996 3252 2859 4759 4519 709
329,3927 3914 3912 3929 2298 3928 3920 3923 852 3932
330,3945 3881 3946 873 714 3943 732 3942 3944 3941
331,3952 3950 3951 9014 4468 6187 13358 7939 9682 7805
332,3954 3953 15073 14894 8102 8093 9077 9076 8094 8092
333,1292 654 3968 3970 3228 3969 3967 3961 3955 3957
334,3979 3978 5058 121 10170 1447 9463 12688 4178 10209
335,3982 626 3980 3981 5898 2131 4595 7115 1755 5347
336,3720 3984 3986 3985 5176 11363 509 843 7984 3313
337,3989 3990 3991 10330 12621 14121 11904 14258 5623 1834
338,1095 3993 3994 1519 183 9443 2415 2763 5265 280
339,3998 3996 3995 3997 10408 10409 1896 7893 11546 6498
340,4005 4007 4008 4003 4006 1811 4004 1817 4000 2332
341,4012 11469 762 3970 4808 1809 6535 5156 5934 10023
342,3945 625 4016 7552 4015 476 227 10359 4014 6833
343,4018 4026 4027 4022 476 2739 163 4025 3055 2456
344,4037 4034 4035 4036 3442 13426 1317 10073 13380 4609
345,4046 4047 4043 4044 4042 4041 1372 4045 4040 1051
346,4051 3111 3108 4050 11363 1128 4049 245 11362 3721
347,4054 10534 6045 4128 6979 9954 6459 6424 14404 14400
348,4055 14146 5102 7139 6484 3740 8920 7905 904 12039
349,4056 4058 4057 2663 13944 5222 13461 12949 8215 2665
350,1778 4060 4061 6362 2375 2371 1320 1319 6363 1321
351,3670 4065 4067 4064 4070 3669 4072 4071 3097 4066
352,4078 4094 4091 4092 3664 4088 4095 1100 1908 879
353,652 4100 4105 4112 4107 4110 4109 4113 4108 4099
354,4117 4118 203 4116 3040 4120 15050 3498 4119 12763
355,4123 6746 6745 6748 12702 7766 6747 4434 7398 14519
356,4129 4125 3811 4128 4124 4130 807 1684 4127 4126
357,4144 4143 1354 1829 1357 4141 2371 2378 4140 1778
358,4153 4150 4149 3648 4148 4151 4152 9610 13388 14598
359,4155 4156 988 4160 4165 4161 4164 4162 4167 4166
360,4173 4168 2108 4170 4172 2982 4171 1123 4169 5788
361,476 794 478 4177 1213 494 797 14548 466 4176
362,4248 4252 2107 4243 4240 4245 4256 1418 4258 4255
363,4273 4275 4274 1176 4272 9823 4809 9448 2287 6944
364,4294 4296 4289 4287 4298 4279 1436 4297 3554 4295
365,4314 4313 4309 4312 4311 4310 4306 4307 4305 4304
366,4321 2910 4324 3730 998 4325 4322 4323 593 4319
367,2820 1866 4329 4330 1166 2742 405 12426 3465 2614
368,4332 2243 4331 5933 11858 11527 2245 9533 2246 3752
369,4335 4334 4333 3994 183 5576 1176 5341 12459 505
370,240 7966 4338 4337 12941 11469 2266 7965 2731 705
371,4346 4344 2488 2540 3831 3289 3826 4345 928 4347
372,4350 4352 2305 4351 687 13618 13312 8882 1805 6268
373,4355 4353 4354 873 5140 292 4406 12204 8971 7862
374,2614 618 287 7700 3465 2820 2742 7699 1532 612
375,1222 4358 282 7936 1938 10001 2908 10323 1847 710
376,4362 4361 12879 10195 7530 1669 6392 13142 1336 4737
377,4363 137 8494 7120 12877 81 7113 447 3510 467
378,209 4251 1568 4365 4364 3453 5858 3185 7955 4238
379,4367 2916 412 2919 4066 10048 15145 14541 2013 10499
380,4376 1764 4373 4375 4374 4371 4377 1798 822 3920
381,4382 4383 1452 4381 12863 4380 14432 14872 14871 7244
382,4390 4394 4393 4412 4389 4391 4410 4408 4400 637
383,1306 4414 4415 1102 1826 11654 5411 11651 4416 4134
384,4417 4418 8145 10559 10483 1949 8969 1865 8131 12560
385,4433 4435 4432 4434 4431 4426 2832 4424 4429 4421
386,707 4438 4440 4439 13058 5569 10064 5769 10529 8470
387,4445 4444 4443 9435 9700 9705 9710 9708 2790 791
388,4448 4450 4449 4447 4446 936 5788 13409 13968 11219
389,2686 4453 9521 842 7301 6787 3750 9249 4006 5398
390,1823 4463 4459 4456 623 4462 4458 1927 4464 2866
391,4498 540 4502 4495 542 4489 3922 4479 4485 4486
392,1529 4514 4515 1340 2741 2814 2742 2614 3465 15153
393,827 2569 4517 4519 746 9588 851 7373 4411 3735
394,4530 4529 4528 4525 4520 4526 4527 4524 4522 14266
395,4533 4535 1731 4531 981 4534 4532 955 12792 11792
396,4536 4549 4543 4540 4542 4539 4538 4541 4438 4551
397,1257 3092 4558 4557 4552 3769 4556 4554 4553 4555
398,4564 4565 4563 569 4561 4560 4562 11744 12184 11743
399,4587 4582 4584 4583 4586 1336 4585 4576 4581 4087
400,4605 1322 4604 4606 1721 4133 2881 2875 4401 4603
401,4610 698 10271 7506 563 10272 2000 4277 1404 10176
402,4621 4620 4622 4623 4615 4618 4612 1318 4625 4619
403,4633 559 3639 443 1231 704 2462 4629 116 4631
404,4635 3380 2539 4636 2483 4637 1163 1275 7138 3237
405,4659 4660 4658 4650 4646 2804 4655 4648 4645 4656
406,4666 4667 13406 13770 12330 231 10867 7722 11147 2904
407,2556 4669 4668 11566 4561 7438 10151 1410 2506 3738
408,4672 4671 10488 11248 13793 7384 14229 8575 6622 13848
409,4675 5102 4853 4175 4495 10504 10465 2024 12621 1670
410,4678 4682 4681 4683 4676 4684 4680 4685 4677 4679
411,4132 4689 4690 4687 4688 3443 1136 4692 2873 9753
412,807 4376 4492 4129 4125 1764 4130 822 4374 2752
413,4706 4698 4702 4705 1699 4701 4704 4703 4700 4699
414,4712 4711 3121 7386 7090 15097 13320 14183 8869 13855
415,4718 4713 4714 14377 8274 11036 4717 4719 4715 1541
416,4305 4724 2480 4722 137 4723 11420 4720 4721 13958
417,4728 4727 7713 7712 7714 7715 7849 7848 14547 7847
418,4730 13442 14267 9752 12370 6364 4611 4141 12919 6557
419,4735 4734 4733 4737 4738 4739 4361 1193 4732 448
420,4741 4575 4742 8200 3916 14486 8238 6254 8614 5499
421,1296 4743 4077 5041 4877 6874 5846 8288 8293 10630
422,4749 2894 4745 2982 4748 4747 1269 4746 10117 15125
423,4753 4751 4754 4752 4964 2947 15060 4962 4073 5896
424,4759 4756 383 3811 4762 697 4262 3016 3711 4761
425,3097 4766 894 1732 4768 2294 4767 2366 4765 4200
426,4778 4779 3386 1960 4775 4777 4776 4772 4774 4773
427,1513 4782 3525 4781 9443 6181 9227 1457 2432 7513
428,4800 4784 4795 4783 4785 4802 312 970 4798 4796
429,2362 4811 4810 2363 14520 1088 10505 4726 10504 6848
430,4814 1392 798 4813 3397 184 3219 3398 2607 4812
431,4061 4820 4819 3110 4818 6791 3055 4817 1778 4060
432,4825 4823 3771 4822 4824 4821 4813 4884 3234 7332
433,4830 1083 2751 1060 890 4831 3363 4828 4829 4827
434,538 4839 4840 4841 529 4835 4837 526 4844 14808
435,4852 1751 4854 4853 4850 4861 3044 2262 3262 2579
436,794 4879 3034 4877 1657 2692 2150 2775 251 136
437,393 395 402 401 398 397 394 396 400 399
438,4899 4895 4903 4905 4901 1371 3238 4902 4427 4892
439,4901 3496 2488 4920 4638 4916 4913 4918 2567 559
440,46 4925 4924 7516 12709 11392 12205 10732 13884 466
441,46 3513 420 2323 813 4930 4929 4928 235 234
442,4371 4935 8357 6525 1910 4376 1764 4377 4374 4375
443,4941 4808 4939 4944 4943 4945 4940 4942 2008 4938
444,4950 4949 2770 9458 7832 10914 1476 5660 10915 6970
445,4955 4963 4964 4752 4958 4966 4956 4962 4961 4960
446,3544 3546 4974 3819 4975 4976 4973 3108 1014 1041
447,1369 3359 4982 4990 4986 4878 135 4342 4635 4988
448,4995 4996 4994 3458 8776 386 2533 2625 2493 9024
449,4158 3553 3366 89 5001 4997 4999 4998 5002 5000
450,5006 5005 5007 5008 5009 5010 11146 11783 7659 6540
451,5057 5055 5046 4050 2253 4354 5048 2006 5053 5021
452,5086 5090 2066 1653 5085 5088 5084 5089 5083 5082
453,5096 5098 4729 5097 5099 5100 4384 11481 9349 12420
454,5102 5103 5105 5108 5106 5113 5101 5112 5110 5109
455,5115 6291 12111 5320 6754 12123 719 11236 12113 13745
456,5122 5121 5116 2703 3245 3151 5120 5119 4235 975
457,5125 5128 5127 5129 5126 5124 9967 9968 11406 9179
458,5160 3129 5154 5071 5142 5162 5130 4326 5163 5150
459,4085 5181 3557 5182 2714 1993 14861 585 4766 1206
460,753 5185 4369 4090 5184 4021 9051 12127 6388 4297
461,5193 5192 4038 5189 5190 1620 1461 5191 5188 10101
462,5197 4465 5196 2699 6097 6498 2705 7527 2600 12081
463,5202 5199 5201 5198 5200 15125 12309 13942 7972 10229
464,5205 4033 5204 1451 12869 12868 11592 252 8426 14926
465,5214 4979 5213 4976 5216 5219 5217 3316 5215 3831
466,5225 5224 26 5223 7054 7966 12966 2457 9044 10076
467,5230 5232 5231 5229 5228 1740 5227 3449 14305 1741
468,5237 3526 5236 5235 5233 10902 5234 3644 10000 5758
469,5240 5239 5241 5238 5242 6054 8434 13547 14297 10300
470,1119 5248 5247 5245 5246 5244 5243 1379 9393 1121
471,5250 5251 5341 505 4406 13918 4333 4244 7174 6848
472,5255 678 5256 1886 5252 5254 5253 11610 2393 8259
473,1799 5260 2156 1801 2290 5159 4933 1802 15162 15161
474,5265 5174 2013 2944 3993 4274 5264 2657 4021 1381
475,299 1492 5276 5277 5278 5280 4313 5281 3792 806
476,4273 5282 2268 12479 12432 4596 11712 12017 5447 3848
477,1177 5285 5287 1897 5286 3950 2984 5284 10868 9594
478,5296 5289 5294 2830 4871 5295 5292 5293 5291 4409
479,1367 1994 5311 5310 3019 5309 3136 5307 2216 5306
480,5320 5318 5319 5317 8255 7472 2014 2624 9962 9961
481,5324 467 5322 5323 1391 4224 5321 15092 6824 6002
482,5327 1882 5328 3482 5326 5329 5330 5332 9074 3568
483,5333 3794 5334 2901 1979 11079 9796 15055 6632 10323
484,2673 5338 5339 5336 5337 5335 3849 2671 2672 3851
485,3384 5342 3385 1281 5435 5501 175 5859 5343 6433
486,1533 5344 2824 1532 8526 2744 1165 15096 13926 4514
487,5346 5347 5349 5348 7695 13195 4282 8467 6333 3157
488,5357 5356 576 5358 5355 5352 5353 13024 5354 12597
489,2139 3428 5360 5361 5359 3550 436 9256 1257 612
490,5377 5375 5373 626 5378 5371 2169 5374 5369 5379
491,5389 5391 3289 2540 5392 5390 5388 5393 5394 5212
492,2101 5397 5396 10572 4091 1568 4188 10142 253 3911
493,5399 1933 12300 12892 12520 400 6807 4611 9756 13786
494,209 5400 4937 6248 11193 10631 3478 4422 9985 439
495,685 5401 5402 466 10781 6445 787 4233 7149 790
496,147 5406 5408 5407 5405 5403 5404 158 14777 10037
497,466 5411 1686 5410 4823 4891 4908 4878 2482 2470
498,1752 3043 5417 5419 5420 4228 711 5416 5415 3044
499,5427 3453 3529 5425 1611 1484 5424 5426 874 5423
500,2422 5428 2421 12036 2414 3661 10224 567 9807 3660
501,5435 5432 5429 3384 5431 5433 5430 5434 4202 11091
502,1721 5439 5443 5442 5446 5441 5440 5444 5445 4407
503,1826 4139 2996 5447 5449 5450 5448 10199 6364 3843
504,3770 5459 1104 5454 5460 5462 5458 1112 5461 5457
505,5466 5467 5465 991 5463 5464 11116 4867 476 6144
506,5484 5469 5470 5479 5476 5481 1677 5482 5478 5483
507,5490 5488 5489 3042 5082 5487 6689 8074 10304 4183
508,5494 5493 5492 6699 8297 12791 12790 12789 1818 6347
509,5495 5496 7405 3450 2404 13293 4755 12654 5999 8709
510,5502 5505 5501 5499 3909 5503 5498 5504 5500 5497
511,1684 5511 5510 1749 5509 5508 2702 5507 4547 10262
512,5514 5513 5515 5516 15163 14114 1131 14224 13431 14159
513,5518 5519 5520 14581 10163 14204 14424 14222 10165 10166
514,478 5524 4816 5528 5527 660 5523 465 14548 5329
515,5530 5532 5529 5448 5536 5535 1140 5449 5534 5533
516,2758 5545 4031 4766 4340 5548 2774 5544 2779 5546
517,344 638 5556 5558 5555 5557 2795 5554 1254 15265
518,2309 5561 3811 466 2755 1875 476 774 686 478
519,5566 5565 4644 4642 5563 5564 9559 9560 4594 9558
520,5569 5571 5572 1553 5570 879 5573 2669 2445 2192
521,149 5577 5576 5475 169 481 5433 170 466 794
522,466 4925 5580 1690 5579 860 5578 476 7516 4924
523,5582 5583 7488 7670 11341 4120 3193 6103 996 667
524,5591 4478 5590 5589 5585 587 3913 3519 5588 208
525,1836 5592 5594 5593 7050 7246 4175 4191 11935 13401
526,5605 4747 4750 5604 5601 1940 5603 5599 5600 2905
527,5607 5606 2081 5608 937 5609 6144 932 13342 2304
528,5612 5620 5621 1297 5615 5619 5617 357 5618 2930
529,5628 5626 5627 12172 12068 12310 12649 8626 8637 8636
530,664 5636 5637 5634 1419 5167 134 648 5633 2141
531,5299 3714 3857 5305 9135 4969 3717 14054 7730 12487
532,5647 5646 5649 5644 5648 5643 5659 5650 5645 5654
533,5665 5666 13894 11574 9492 380 2705 4940 1098 3344
534,5671 5667 5669 5670 1773 5668 9665 1917 1914 2449
535,5675 1748 5674 1337 5676 1360 4386 1746 1907 9175
536,177 5683 5682 782 14443 14561 14997 5680 3101 7923
537,642 5685 648 11022 2010 922 5684 643 644 645
538,1011 5687 4132 5688 4688 1861 5447 4134 2887 5686
539,5697 5693 5691 5692 5694 5696 5695 13218 12088 8357
540,5699 5701 5702 5705 5704 5703 5698 1654 5700 2849
541,5713 990 626 5711 5709 569 5710 5712 4668 5708
542,2589 873 5723 2309 686 5722 5717 5721 4765 5720
543,5734 5732 5682 4312 5737 5736 5735 5729 1191 1402
544,2064 5499 3532 2063 1079 8238 419 4742 2062 875
545,5744 1752 3043 5747 3403 5746 5751 5749 2134 5750
546,5757 5758 5759 5235 8324 553 8323 5236 14733 7249
547,5762 5767 3719 5763 3441 3937 5769 5768 450 5766
548,5772 5774 5773 212 5771 5770 1758 5280 5414 1088
549,5780 5782 5781 644 3028 3038 5779 5777 5778 5631
550,5788 5786 5787 7000 4450 6497 9657 7678 3178 9331
551,3467 4558 5789 1257 4557 3092 3769 4556 11084 3607
552,5792 5791 8307 15025 9252 27 3035 5750 715 4764
553,5797 5796 5801 5794 3137 5800 4339 578 271 5799
554,4915 5816 5806 5805 5827 5823 5824 2567 5803 1159
555,5841 1826 5847 5842 4139 5844 5849 5848 1136 2884
556,5850 2221 5851 11982 6930 1076 2253 4728 2444 11981
557,5861 5855 5856 5870 5872 5873 5868 5866 5857 5875
558,5886 3411 5882 5885 2405 3814 5884 5879 5883 5878
559,586 1329 5891 2723 5620 5177 3881 10439 3672 1331
560,2993 226 2736 3342 5894 1075 5893 1760 10492 3286
561,3982 2131 4964 4595 5896 5898 5897 5895 4710 1753
562,1466 5901 5917 1464 1465 5908 5914 5906 5910 5912
563,5933 5930 5936 5939 5949 5948 5935 5924 5944 5940
564,3811 2309 764 420 5958 5957 5961 745 5960 5959
565,5966 1596 5965 5963 2903 5968 5967 5969 3125 5964
566,5580 249 1340 3499 1341 466 618 4925 1690 246
567,3699 280 5974 5980 5975 5977 5978 5979 2754 1644
568,1366 5983 5984 4518 4709 169 712 7846 8952 8473
569,5992 5991 5988 5994 5987 1296 4399 5993 5990 5826
570,2820 2742 2614 5344 5998 6000 5999 6001 1529 3465
571,6002 46 1957 618 5324 3213 578 7182 4452 612
572,6010 6006 6007 6009 6011 6008 11835 5677 13798 13654
573,4762 6035 6028 6021 6015 1612 6034 1450 794 2366
574,6050 5073 5072 6051 5067 6049 5065 169 4366 2652
575,1684 5416 6054 1416 6055 5417 5418 6214 7385 286
576,6060 6059 4748 6058 684 6057 6061 14047 10220 14048
577,2133 6064 6063 9276 10061 702 7275 5517 12308 3916
578,4132 4687 4138 4688 1317 1011 1719 3083 7057 1354
579,6069 6068 11412 11413 11411 11414 7640 10024 13631 4709
580,5638 231 6070 13950 230 13406 9190 3708 229 7658
581,6077 6072 6076 4350 578 6073 202 6074 6075 594
582,6082 6081 6080 7873 7870 7872 7874 3125 7871 7369
583,1732 848 6083 10517 7338 2781 476 8971 2452 7337
584,6092 6090 6093 6091 5598 4207 893 4225 5434 6084
585,5729 6097 14594 6096 1898 2847 14733 9828 8204 8206
586,6099 6101 6100 6102 1883 13809 14795 8757 12182 13975
587,6104 5837 3863 6103 5997 2186 1471 412 13113 5112
588,3556 1239 1238 8879 3557 4 15085 794 2784 323
589,6113 6112 733 5727 6116 3983 6114 6109 6115 366
590,6124 6120 6121 6123 6122 6119 12198 2741 7620 11239
591,3222 31 6003 30 6128 2959 6129 6126 665 5
592,1282 1765 6133 6132 6131 6130 4850 2342 2588 2210
593,3938 3029 2680 4695 382 5768 12193 503 3027 1484
594,6136 1374 6139 4903 6137 6138 13003 4890 3906 7563
595,3727 3312 3359 4912 164 1501 11588 3280 2470 4348
596,4830 3602 6142 349 8176 679 3692 8719 1060 5210
597,4458 6145 6144 6524 6525 3533 5463 5607 13725 14533
598,6156 6151 6153 6155 6148 6147 6154 6152 6149 6150
599,6158 11660 614 9314 604 11030 2563 11336 11661 9392
600,6160 6167 6161 6163 5445 6168 6169 6165 1253 6162
601,6178 6176 2772 6175 6177 4000 5396 14419 3308 4128
602,6180 6187 6186 6184 6185 4781 6173 399 6181 4948
603,6196 6195 2470 466 6197 144 5542 163 140 6200
604,6206 6207 6205 4877 6203 6204 13190 12974 11244 5587
605,6218 6220 6219 1650 6221 806 1520 3499 4475 6217
606,4749 6226 6227 6225 6224 11592 11964 13639 6122 11239
607,6233 6230 6229 6232 6236 6231 213 1302 684 3814
608,6259 6239 6238 6256 6249 2983 6258 6188 5525 6250
609,5452 2151 3876 2296 5801 7499 3824 5229 10124 7684
610,6268 12417 6269 13018 4352 7868 2664 12291 11426 12276
611,994 1673 1712 6271 12324 876 11872 13236 499 5685
612,6291 6287 6277 6275 6283 6272 6292 6273 1246 6289
613,6293 6294 774 6296 624 6295 4532 466 8490 686
614,6299 6297 2723 6173 5600 1844 6298 5894 4068 6598
615,5401 4951 4636 2469 3826 4344 295 3371 6301 5388
616,2221 6304 2482 5850 5851 1076 46 466 3298 964
617,6310 3507 3049 6311 6312 6315 6316 6309 4158 6307
618,1577 1564 1565 11392 1576 46 10732 1583 7017 8336
619,1136 5686 6320 4597 5689 6324 6323 1145 1861 6321
620,6331 6328 636 6332 2831 6049 6327 6330 4581 6329
621,5362 6347 6339 6345 6346 644 2689 3943 3342 1075
622,6352 6351 6350 3465 2614 1532 2742 2820 11122 10208
623,2594 917 6354 2598 2596 2593 2595 2597 2591 10225
624,1011 2628 1145 1146 4596 1136 1721 5686 9534 10751
625,318 6358 6357 12640 10264 344 8455 198 38 9367
626,1320 1778 6362 6363 1319 6361 6364 9192 1321 4060
627,2151 6371 5739 3916 1206 2467 6373 3931 2781 760
628,1250 1019 2356 10094 2657 13886 1216 8819 1039 9060
629,6384 466 6385 6378 6380 6382 6383 6381 324 1648
630,6392 6391 6389 6388 6390 13123 5601 5967 9998 4699
631,6399 6395 4272 1176 6397 6396 6398 7536 10109 12982
632,1213 3908 6406 1300 1215 1426 2240 4845 6403 6407
633,2614 1529 6416 4514 6415 3465 2820 5998 2742 1532
634,6424 6418 6359 6420 6429 4508 6422 6425 6430 6419
635,6364 6431 6432 14283 1826 9192 7426 13223 4413 1777
636,3108 149 611 1617 1622 1618 1280 3530 3751 1620
637,4507 6438 6441 4769 6442 6440 4241 6443 6439 1071
638,5449 6446 6447 7077 2869 1778 6847 1011 2880 5448
639,6458 6448 6452 6461 6454 6449 6459 6450 6455 6460
640,6467 6466 6465 348 6464 5653 2458 5652 5654 737
641,6471 6054 6470 2509 5487 4639 458 5135 6469 5490
642,2808 5195 3905 6114 4577 328 6474 1608 336 6473
643,6506 6509 6492 3087 6480 1680 6504 6491 6502 1521
644,6530 6527 6524 6526 3609 6525 6528 6531 6529 6523
645,6534 11139 1455 5225 4482 4150 12960 11928 6747 6746
646,6536 6545 1341 230 6542 6538 6541 6544 6543 6540
647,6549 6548 4357 7980 7584 1327 6897 9838 8786 7967
648,6550 6555 6551 1357 2369 6553 6360 2014 6552 3081
649,6566 3237 4891 5793 4887 4568 6563 705 6562 3049
650,6568 1303 7 6410 11320 6681 1426 1213 8694 5427
651,6572 6570 6571 8071 6569 10790 7389 12501 12505 12508
652,6579 6577 6576 6578 6575 6574 7800 2445 5852 3222
653,2013 6582 6583 6581 6584 14688 5147 14567 4803 5265
654,6588 6589 420 1479 3195 6590 6586 3102 1211 1591
655,794 775 873 1203 3943 476 764 323 466 464
656,6595 772 3206 1568 2768 6592 6594 6593 3185 4366
657,6598 6597 431 2723 1237 4696 10809 4018 2267 5287
658,6602 2857 6600 6601 2167 6599 11419 9140 12653 12399
659,6616 6619 6622 6611 6610 6614 6617 6609 6606 476
660,1110 6627 6632 6630 6631 6628 6629 6626 4465 9972
661,6633 734 3985 1453 6639 2106 6643 6642 3253 5422
662,6667 6663 6660 6664 6662 6655 6666 6665 3652 6661
663,4368 6669 14207 14182 14001 7660 13537 7473 7479 7486
664,211 6677 6357 5894 3811 715 994 6678 4555 6679
665,2221 6686 341 973 1600 5850 9532 8220 7083 5851
666,5490 1686 2139 3039 6157 5488 5489 3635 6471 6689
667,4017 6693 6697 6546 1512 6498 6694 249 6499 3996
668,6156 6701 3354 6147 6702 6700 6148 6153 6155 6151
669,3078 3076 6703 3079 4134 2883 2870 3077 6704 2890
670,6725 6709 554 6711 6721 6715 6719 6723 6720 6712
671,6729 4595 6728 14543 3982 2131 9563 5898 5355 8677
672,6732 6731 1855 4013 950 12296 2534 8444 10414 5325
673,6735 6739 6736 6740 4136 6737 6738 6733 2148 1015
674,6744 6743 13551 13023 354 5288 14411 7662 15141 15137
675,6745 6746 6747 4123 6748 7398 12702 4434 7766 11928
676,104 6749 6673 3908 1804 7362 5304 4080 12133 11672
677,5917 5904 632 6750 2005 10125 11050 6751 2175 5918
678,6754 6753 4771 13485 10346 10338 922 5664 11685 2811
679,6759 6757 6758 6756 6761 2971 6760 11358 11359 9239
680,6766 3931 4876 4480 6765 751 6764 6580 3926 6763
681,4309 6774 6501 6772 6770 6773 6771 5171 943 952
682,6776 6184 6775 6778 6779 6777 4281 6780 6783 6781
683,6789 6788 1128 6786 2221 6790 6787 7824 14043 11363
684,4594 6795 6797 6794 5564 5563 6796 4655 4646 4648
685,3909 6802 2235 1429 6800 4477 6801 3602 3581 14680
686,6809 6811 6810 2996 3442 6806 2997 4604 7554 4132
687,6813 6812 6697 748 884 4864 11149 1443 5186 4017
688,3548 3163 8666 6816 6814 6815 949 9428 5630 13664
689,1869 4985 4897 1871 6818 6819 1890 4901 4815 10542
690,538 4844 6820 536 531 4839 14808 9656 529 578
691,133 4182 5053 697 6824 6821 167 6822 6825 6823
692,6832 6830 2448 6831 2225 1206 6519 4419 3361 444
693,6836 6837 4787 6835 1263 2918 6839 563 6838 12135
694,6846 6843 6845 6840 6844 6842 6841 5296 4379 3609
695,6364 6847 1826 7077 1320 9192 2371 1778 1777 4413
696,5884 5584 823 3151 6849 6850 6851 6848 15069 8648
697,6853 420 3225 2211 1641 3678 1646 3195 611 5577
698,5398 4131 4453 5779 1834 4006 592 6861 2102 1811
699,404 1166 6867 2820 1532 9791 405 13422 12426 9784
700,6878 6871 1295 2661 6877 3871 2675 186 3312 6872
701,3453 5858 4251 3185 4031 6676 5540 3528 5424 6545
702,6885 6884 6883 12318 8032 5788 11978 8059 4530 9655
703,6909 6904 6910 6905 6903 5325 90 6892 6911 6907
704,1071 694 832 6919 1899 2770 6918 4208 4862 794
705,6922 6921 7631 14722 12190 6088 4111 4081 128 15043
706,6926 6925 3469 119 4894 6927 6928 4922 5637 4988
707,6938 5403 6933 6932 2274 6936 336 3950 6934 207
708,6951 6947 6950 5600 6949 5603 6547 6948 6499 6946
709,6962 6966 2053 6439 5778 6643 1766 496 6964 1201
710,6986 6987 6979 6974 6978 4121 6984 6985 226 6340
711,1529 2815 2742 2614 2820 3465 6989 3464 12426 5998
712,4515 6993 6992 1532 2742 13234 11897 13324 8810 2820
713,6990 6995 5194 11108 12070 4791 10563 9788 4514 11111
714,7003 7002 4643 476 2151 4642 5191 2936 7004 46
715,7007 7008 7010 7009 4875 3497 7011 4990 2483 14010
716,7014 7015 7013 14571 14445 12632 14236 4062 7016 12657
717,6114 6345 7020 6769 7018 7017 7019 683 1028 4952
718,7034 7026 7029 7035 7033 7024 7032 7023 7027 7031
719,7041 7036 6970 1987 1273 1436 7039 4950 7042 4761
720,7044 7043 465 6445 2139 3210 227 454 5032 6958
721,7047 4992 4834 185 2488 4993 7048 3348 821 6263
722,4850 7051 7050 7052 7053 1282 658 8195 5592 5351
723,7060 7061 7063 7071 4142 7070 556 3077 4608 7067
724,4956 225 7082 14986 3994 183 8561 14651 14650 14648
725,7084 8734 1469 11757 11615 8008 1738 7956 13415 4517
726,964 7085 7403 3683 10680 974 2304 10679 4862 4291
727,6399 4553 3588 7087 3587 3585 3586 3584 3581 3582
728,4776 7089 145 4305 4772 8194 2220 4774 12280 13958
729,2375 2372 6551 7100 3774 2616 7099 7098 4461 2869
730,4964 1169 5896 7103 5978 7106 4073 7104 6163 7105
731,6196 7109 7110 14496 12803 14921 11366 5107 13430 8587
732,111 7111 7120 7114 7126 7124 7125 7127 7112 7123
733,7138 4637 88 3899 6973 7137 3377 2863 12493 15243
734,5452 3543 1602 39 2297 3546 7139 3544 4979 5210
735,3811 385 742 3470 3598 1101 2309 466 14893 2755
736,4056 1635 2663 2662 8214 13721 11714 7142 8215 13944
737,1684 1989 7144 7145 1766 3764 7143 644 2689 1688
738,466 7149 6445 685 787 3937 433 476 8959 1331
739,3931 592 243 2781 4876 9975 635 3926 1066 1206
740,2799 2697 2720 7151 3361 3358 10424 3016 10510 3303
741,7159 4426 7157 7158 7156 2507 7127 7123 15045 3021
742,7161 7171 7170 6612 7165 7166 3997 7163 7168 6477
743,323 138 865 11485 31 466 128 794 1206 10143
744,3969 7176 3455 14826 14320 1292 2061 3970 12051 3213
745,1367 7179 7178 7180 7177 4307 15276 11767 7128 2084
746,1957 7182 3149 2321 4452 6002 7181 9316 4437 8748
747,6348 7186 6814 7185 3943 732 7184 3881 2215 7183
748,985 668 7195 7196 7191 665 7194 1093 2350 7193
749,7200 7199 10186 10187 12015 9829 1455 14836 10693 4441
750,2858 5511 6939 3852 4802 546 953 4354 5952 7201
751,7203 7204 7208 6319 7209 4126 2954 3522 7207 7205
752,7214 5882 1677 1660 5483 1873 7213 328 13615 1678
753,4599 7215 2014 5845 4596 2375 7427 13111 1357 11347
754,7219 9808 11849 1845 1700 8114 1846 6785 14884 11848
755,3075 6704 7221 3079 3077 6703 3076 2870 3078 2616
756,7228 7227 7226 7225 7224 7223 10084 10081 10083 2811
757,6303 7230 7248 2273 8690 12339 2263 8578 11036 922
758,7232 873 7233 7231 4027 5740 3168 14540 14636 686
759,7238 4889 7236 6755 7237 2791 10521 10520 10519 7243
760,7244 7240 7243 4382 7242 782 7241 6296 7239 5755
761,2739 6868 4454 1880 7247 4920 4437 380 13632 12014
762,7249 4836 7250 6465 7202 13766 1988 13854 1873 602
763,3793 7253 7252 7251 12622 14941 6319 7401 13752 5975
764,5710 7136 7258 5979 4788 7262 7257 5337 1522 7261
765,1739 6831 7276 7272 5491 7268 3730 7277 2300 7271
766,2078 2234 7283 4377 3301 474 6934 679 1334 7282
767,7290 1419 7291 796 7289 6651 3203 6367 7286 3362
768,1471 1473 7292 1469 1470 1468 1472 7938 13108 13847
769,7300 3680 363 3043 7299 7294 2036 1487 7298 7297
770,7311 7307 7312 7308 187 7322 4983 4558 7181 3607
771,7333 7334 3892 1345 8761 8489 4356 14155 6940 9761
772,7338 611 848 7337 2452 228 370 446 3676 7336
773,6729 7344 4071 7347 7343 7346 6365 7345 7342 2466
774,7352 7350 7351 7349 11968 10609 10610 4701 8264 8239
775,7356 6265 5599 7357 7355 5885 4489 2143 6058 7354
776,7358 1916 11777 1915 9192 1913 1914 7065 4036 12896
777,775 484 728 4858 2760 7364 5134 6445 7361 698
778,7367 3741 7369 7371 37 7372 7370 1540 4845 7368
779,7376 7375 7381 1180 7242 7382 2661 4840 4836 1181
780,2810 7391 205 7384 964 7389 7385 7386 4712 7390
781,2742 7395 7396 7394 4346 2820 2614 7393 7397 2741
782,7401 7402 7272 7253 12981 11568 4948 1846 1111 6171
783,1778 1319 6362 1320 7404 1779 4060 6363 2375 2371
784,7407 7405 7406 4563 684 2594 6246 6528 1844 5657
785,3116 5315 7416 2989 4269 7415 6373 1217 794 1236
786,7426 1826 2869 6364 7425 6707 1777 3843 4416 2876
787,611 634 618 7428 14297 15206 15207 6471 612 5527
788,6186 7433 618 7434 887 6763 6708 7436 5947 2287
789,7438 2556 90 4864 3738 1410 5613 6813 7437 5312
790,7225 7443 7442 7441 2068 7440 333 7228 15113 13071
791,7447 7446 7445 3189 2024 467 2460 8225 5280 3208
792,7450 7449 2887 5599 7451 7448 14450 8477 13878 14464
793,7452 3903 1058 7910 692 3907 3899 5952 10500 3347
794,3055 7455 11126 5869 13626 6909 7453 15247 7454 9957
795,7462 7463 1212 7458 1610 7457 7459 2489 7456 4255
796,2013 7467 7466 1892 1132 4803 10934 10798 5265 10095
797,1480 7469 14997 1549 5682 9623 1862 12028 4439 3601
798,4932 7473 6669 7476 7471 7475 7486 7483 1117 5799
799,6151 6153 487 6154 7492 7491 4346 7490 6156 6150
800,2706 4789 6463 6671 6622 2707 715 12901 6343 10766
801,3368 5096 7283 5812 7355 3383 10715 186 7493 5024
802,7494 7497 611 3497 5859 5501 7314 7496 1618 3213
803,5452 7499 3824 2296 13040 11298 12560 2151 5229 7545
804,3042 7509 7512 7513 842 4175 7511 7506 7505 2784
805,7520 7521 7518 7519 7517 3851 7998 11601 10450 855
806,33 715 1573 7377 2313 1946 11686 4947 13416 1046
807,7525 7524 4465 3591 7529 7527 6058 7526 5179 6494
808,7537 7535 7534 7536 7542 7541 1577 4808 7544 411
809,7547 7545 72 7546 390 11237 11236 794 11238 846
810,7549 7548 7550 10140 2523 5281 7465 56 742 1199
811,3479 666 7551 7483 1867 4305 9149 13958 3477 3049
812,1354 1136 2875 1827 7553 1145 3846 1357 1355 1866
813,3237 7560 7564 7559 4882 7562 7555 7561 2667 7558
814,2981 7568 7567 13988 9238 1700 6183 3789 11794 4580
815,3811 4978 195 6768 4933 2225 7570 971 2081 1474
816,6484 6779 7573 7572 7571 7574 6228 5375 7575 7576
817,7580 7577 7578 7579 794 1332 5488 10171 11914 15074
818,7582 15271 13674 14285 14455 15155 8805 12122 15253 13675
819,7584 7249 6549 7586 1700 7585 13854 4357 6548 7229
820,7597 7599 7600 7595 7596 7594 7593 7608 7587 7590
821,7611 761 810 9402 8073 163 6961 1646 3222 478
822,6830 7615 268 3622 7616 7614 7612 7618 3144 7360
823,6153 7622 7621 6154 6151 6156 6148 4862 6152 8444
824,7628 7627 7629 7342 7626 13906 7623 7625 7624 12354
825,7632 7631 7633 8690 8391 3792 8272 9093 5595 4230
826,7638 7635 7636 7634 7637 1595 7639 7642 7641 7640
827,2827 1626 7644 226 7645 1675 7151 2750 1118 1250
828,3529 4220 1035 2021 7646 3751 7647 6019 2063 1972
829,4073 7650 7643 1855 7651 6165 7649 7648 4964 5896
830,4087 7654 2442 4587 4586 4086 967 966 1336 4585
831,7658 7657 7656 4530 1416 9190 4529 1631 9189 14257
832,219 6963 6036 4189 209 1477 7417 1454 3609 10329
833,7666 7665 7661 4781 1940 5715 5597 7667 7663 7664
834,7668 1375 563 7814 4788 7570 9509 9508 5764 2463
835,5582 7670 7675 7201 6271 7681 3193 667 7682 7676
836,7249 7687 2304 1741 1740 7686 5607 7685 2834 7684
837,7688 648 4395 11019 13899 10121 10281 11272 4405 1252
838,4132 4687 4688 1317 4138 8166 3083 9753 1011 7057
839,1011 1862 1002 7469 5687 14751 1001 13981 4134 7427
840,7690 8487 8989 5852 8380 14715 8384 13825 12322 5850
841,7692 7693 2402 7791 4152 8528 8529 926 8527 6723
842,5346 7695 4282 6333 7694 3157 13567 5347 5349 10499
843,6821 879 323 1206 1452 2448 2133 149 4235 6822
844,7700 7699 287 281 2700 10347 8421 13520 618 12841
845,6799 1645 748 4659 4661 2615 4658 11023 1451 8962
846,7702 7701 6 11612 11613 11614 13557 13556 12147 10911
847,7705 7706 7707 7704 7708 7710 7709 5763 6500 8958
848,7713 7712 4728 7714 7715 14723 10229 12599 12596 12595
849,466 7719 686 873 7718 624 14674 15260 7716 14886
850,586 1191 2415 9072 9510 1329 6402 4974 3993 1734
851,1398 7724 1229 3209 1259 7722 7723 4239 5538 7721
852,2544 1381 2334 2234 2511 2527 7732 7156 7733 7730
853,780 7736 4660 7737 7735 2779 2804 4653 4663 11370
854,7746 5713 4836 6825 6299 7740 1985 7744 6615 7742
855,7751 7750 7749 7752 3677 2170 4984 10674 2041 10973
856,7756 7755 7753 7754 11947 11948 8392 7903 1635 2662
857,611 6574 7763 7764 7759 7765 385 3181 7761 3904
858,7777 7776 7772 1548 4997 7775 1810 7774 7771 6585
859,7782 7781 7780 12090 12089 6844 11172 14319 7946 6327
860,1003 3085 7784 3083 1011 2875 2891 1354 3667 1318
861,7786 7792 7787 7793 7794 7795 7789 7790 7797 7788
862,1573 2535 819 7243 1329 7798 13434 6134 12166 13454
863,7802 7803 2728 7801 2898 6146 12081 14161 10113 4941
864,6749 3908 1804 4080 2266 7917 2264 7916 13630 777
865,7165 7166 11594 7806 7807 5714 8788 7105 11710 11709
866,7814 3112 2295 7813 7812 7808 777 4490 7811 1097
867,4693 7817 4599 7818 4138 2874 4687 2875 3845 4403
868,142 545 2985 7820 7821 4189 1686 10767 8837 11623
869,7824 6790 1955 6789 14043 7293 8439 1956 1951 1953
870,7828 7827 7826 11073 12680 2449 5046 3311 455 12611
871,6406 6407 7829 9130 3908 1213 1215 1300 13169 1426
872,6157 6149 5740 6153 1519 806 6152 811 244 3099
873,7849 7847 7848 4727 7846 6584 7842 7843 7845 12321
874,7850 13530 7660 12861 3719 11781 13654 13278 4381 13175
875,7859 7854 7860 7857 7864 3863 7858 1523 6329 7853
876,7873 7870 6080 3125 7874 7872 7369 7871 6082 6081
877,4861 7875 7876 14224 5514 11405 14893 14860 13559 14861
878,7894 7882 7879 1177 7893 2846 7890 2984 7885 7884
879,1219 4182 3115 1836 1079 6985 4146 7042 3529 6861
880,7907 6 2608 7362 2459 2458 7905 3254 7903 3642
881,5592 7246 4175 1836 7913 1401 7050 12848 12085 12766
882,7917 7916 3908 6749 8214 6318 6043 1804 1300 5349
883,6399 177 5053 7923 7921 7919 7335 7922 7920 4182
884,1001 2996 7094 4604 1002 10818 6364 11768 1321 7427
885,1048 7927 7926 6588 4347 9590 3741 7511 5056 4031
886,836 5580 7928 5167 7930 7929 7538 7462 6833 466
887,6074 3088 6085 6077 1893 6075 6076 6072 594 6073
888,7942 7941 7944 7945 7937 7292 3422 7948 1108 7938
889,2407 6312 7953 576 5105 6815 7952 2447 12713 6035
890,3811 778 7954 805 463 5290 6813 5606 824 149
891,3182 7689 7956 4902 3916 6254 760 7959 4422 6687
892,5206 1607 5902 7963 11732 1713 8004 3369 8604 1617
893,240 7966 7965 5224 12966 12941 9044 10076 8009 6075
894,780 2363 2249 7968 1088 7735 7737 2362 7339 7736
895,5202 803 778 3110 7970 241 789 3682 7291 4031
896,6187 7936 3821 5325 7978 7977 7976 1222 6251 9655
897,7984 3984 7983 7982 7981 5485 3401 5176 14517 509
898,7985 7721 11774 11773 3489 9327 13786 6320 5867 11253
899,230 5171 4309 6774 7543 7018 7986 7987 684 3862
900,7993 2652 7139 7992 4553 7137 3345 7990 2069 7991
901,2023 656 297 2030 659 2031 101 1686 288 2028
902,5502 3468 5972 4383 7996 1101 7997 12201 1181 3811
903,8001 5920 8003 8004 7518 8000 2653 6838 8002 2172
904,8011 8010 4746 8008 8017 8034 8015 7202 8022 8036
905,1071 811 3928 8046 6471 2326 2195 8045 794 466
906,476 8052 112 6263 8053 8050 5311 4726 2806 8049
907,8054 8055 8021 11307 9393 4446 4428 714 8456 1119
908,3862 8058 8057 2560 5408 8056 230 3043 10813 3044
909,8060 8653 5928 1668 2657 15139 12053 8262 15136 15117
910,2260 8062 8064 8070 8069 8061 8067 8063 7457 8066
911,8072 6277 6291 6283 6272 6292 6275 6287 6273 1246
912,7611 8073 810 9402 761 5642 13912 2490 6961 3402
913,2748 64 143 1568 5422 4205 2781 182 73 1102
914,7231 14540 8075 5634 7232 5151 12309 11201 9352 13527
915,8084 2746 8076 8083 6587 8077 8079 4352 8082 8081
916,8094 8092 5560 8102 8096 8091 8089 8087 8099 8101
917,4399 1869 5218 8107 4858 8106 3552 10542 14429 10493
918,8110 8108 8109 14590 3551 2614 14196 5430 1909 13908
919,8132 8135 8121 8130 8125 8133 5259 8129 1630 5522
920,3500 6322 8146 1779 5176 509 4850 10360 1282 8711
921,8148 8147 7628 5679 7405 6772 11220 10049 8989 13316
922,8154 8155 8157 8149 8160 8151 8163 5689 1861 8158
923,4384 4729 5412 12822 4863 11485 138 9613 4096 5098
924,8171 8172 8178 8169 8175 8174 8173 1339 270 6129
925,2005 6677 8181 8179 8180 2036 306 6526 2228 8286
926,8187 8186 3986 8185 5092 788 8184 2458 2460 2749
927,8190 1500 15287 8189 23 1697 14080 14579 7954 2111
928,1206 8191 323 2781 760 2133 618 2307 2211 3931
929,8200 8198 1270 8194 587 651 8201 8181 205 6342
930,8204 8206 1942 6503 8205 8208 8209 5729 7172 274
931,8210 14666 14667 8649 7754 7401 13728 5024 7276 10497
932,2662 8214 8215 6099 7916 8212 8213 4655 6798 7444
933,8217 5389 5391 3289 2540 5392 5394 5393 5390 5212
934,476 6596 8219 6580 6035 3805 8018 7915 6217 6107
935,8224 8223 3937 3931 1643 8225 8220 6211 8221 3768
936,8226 4775 3109 7042 11871 4972 5622 6942 3391 3393
937,8234 8236 8230 8237 8231 8233 8228 5788 7641 7642
938,4217 8240 8239 3692 2447 5753 6377 13839 5758 10487
939,3541 4346 3526 8241 8242 6971 3540 5343 10868 15077
940,1501 1083 1687 1161 3280 3727 164 2470 4348 5209
941,49 2556 3251 1290 3599 9773 11919 2149 12666 2498
942,8248 4902 2495 3379 5637 5388 5996 8246 2186 8247
943,692 8250 11366 12340 14964 14572 12386 14569 13558 13838
944,8251 1112 3751 7570 8259 3932 3352 1207 3108 8258
945,8254 3407 4778 8255 5568 8253 12561 4779 5317 7192
946,8259 8251 888 8258 8256 8257 678 5256 13705 3751
947,8262 12809 262 13278 13654 9830 10345 9506 1558 9324
948,8264 2298 3927 8263 2300 2299 10609 7352 10610 14178
949,3722 8279 8284 8295 8282 6405 1353 1275 8296 8289
950,8301 3418 1993 7146 11931 3560 11899 11324 6419 3785
951,8307 4319 611 8306 2363 516 363 7761 5501 1611
952,8301 8314 8315 8311 8312 8313 7555 3418 12160 5277
953,4447 5570 8316 13409 11219 8713 13314 10731 6415 13144
954,8319 8318 7878 8317 4707 12925 2861 13226 569 2921
955,5985 8321 6290 7436 8322 7406 10506 7674 10558 11873
956,8324 5759 7249 8323 1387 13854 5758 5757 14733 7961
957,8341 8328 8329 8330 8331 8332 8327 8333 8342 225
958,337 8350 8348 8349 3301 3380 3316 8346 8347 2510
959,466 1419 8352 6381 6577 1796 126 476 11243 6682
960,8355 8354 8356 8353 7205 441 10490 9288 10489 9782
961,8360 8358 8357 8359 9450 9454 9453 9455 13229 3490
962,49 611 2149 10786 8362 7497 8361 3599 140 5897
963,3609 219 2055 209 3634 8365 4485 694 8364 3628
964,3055 8369 11126 8370 15061 15062 1490 8368 15147 8367
965,3938 4695 382 5768 6854 8371 3029 6833 5762 2680
966,8374 8373 2804 8141 342 14638 7876 5407 11315 11306
967,8375 7525 6303 14497 15272 11145 477 15160 4727 5078
968,8376 1935 4848 4428 7208 2204 5351 13909 11378 4446
969,8381 8380 8379 8384 8387 7747 8388 7960 3786 981
970,4057 4058 8392 4056 8215 8216 9012 2663 4648 4645
971,8394 6769 8395 7020 6114 6345 14291 14290 14294 14293
972,7533 5114 4442 5500 3260 7526 4585 3984 14289 6667
973,4884 5185 7646 4813 4823 4369 5215 7332 3235 187
974,611 10421 11939 11936 11937 11938 383 488 6825 9781
975,578 8397 3112 5468 1097 2685 5138 4350 6773 6488
976,8400 4381 14028 9830 13654 13278 1558 9324 9323 10693
977,2329 1701 466 8401 8402 871 8403 5275 879 3286
978,8425 8426 8424 263 8421 8414 8417 8406 6567 7226
979,6586 8430 14104 1856 2905 14175 13281 9542 1857 2813
980,8434 7822 8433 8431 8432 83 10308 6054 10306 7429
981,8438 8436 8435 8437 3453 371 218 12223 3512 290
982,6632 3794 6413 8439 5261 1110 6627 6631 6630 14894
983,5044 8441 11882 2806 5808 11606 8972 7906 3364 6523
984,1347 4071 6441 8442 11855 7149 2165 5910 5911 1601
985,4413 5845 8443 13209 6364 1379 1001 11889 12644 10630
986,3528 8449 5424 189 5100 6440 1216 4146 8450 1520
987,8456 466 6357 5988 5580 8457 5561 5290 8455 774
988,8466 8475 8470 8473 8474 8468 8471 8459 8472 8465
989,8477 4605 7016 8164 4133 8478 8476 7015 5689 2887
990,3811 2309 1875 2755 1101 14893 5561 10347 466 686
991,1447 7324 8479 2808 8480 9319 14348 11863 7325 14604
992,8484 488 3913 6028 5386 3316 3329 5207 426 8483
993,8488 8487 8486 8489 3897 2833 5554 4356 14155 9761
994,5386 2473 3339 3316 3831 5829 4876 2476 3329 2474
995,8497 3795 3009 8498 3005 8496 8494 7760 8082 5804
996,6522 2192 8504 8502 2579 2124 71 8505 8501 4959
997,8507 528 1742 5360 8301 8506 4836 3953 4295 12650
998,8510 8511 5102 3947 4853 109 4123 15060 12620 14865
999,5968 5736 4748 5145 7415 7416 1591 8512 1308 1112
1000,8513 5163 8514 9427 14083 5170 11857 13955 14055 6806
1001,8516 4223 1519 1441 1894 13782 8515 1095 5945 1219
1002,8518 1877 8517 4809 8519 10240 7809 9448 2287 4275
1003,169 586 4930 5719 8522 7717 4859 8521 5962 2752
1004,3298 8523 2334 690 8484 125 13379 11607 14322 2798
1005,5998 8526 2614 2742 2741 11755 1529 12426 2820 405
1006,2402 4152 7693 8528 8529 7791 5468 8527 926 6723
1007,1206 1903 5090 4130 6785 5548 1207 7462 1748 704
1008,3931 2067 2294 3642 8533 2290 98 12359 2293 8418
1009,8534 1237 14880 6986 8361 6337 5935 6598 9648 5929
1010,8538 8537 8539 8536 1011 8541 8540 4401 1725 11799
1011,8545 8544 8543 5559 12 2636 13 13307 9759 12647
1012,3386 8553 3949 8547 5002 7974 6063 317 8552 8554
1013,3498 4470 698 14295 11229 1118 11114 476 12611 3506
1014,8562 74 3031 8561 6823 3803 2986 726 8388 9770
1015,1092 8572 8564 6466 5258 8570 5202 8573 3957 4419
1016,8587 8586 8579 8583 7110 8588 8585 8581 8582 8584
1017,8278 7518 5913 6519 7998 10450 5043 12499 11601 7904
1018,7344 8452 5834 1796 12840 5514 10176 3811 9149 8365
1019,3417 4365 8600 8558 3183 7391 8603 2034 8599 7761
1020,8615 1335 8609 6754 8613 8616 8611 6117 2196 8294
1021,8621 8622 8620 7514 4871 8619 8521 4185 8618 5142
1022,8626 8634 8632 8633 8625 8630 8624 8637 8628 8635
1023,2242 8639 4441 2239 2243 2245 2246 2244 2241 2233
1024,8642 5430 8643 4854 8641 4702 3465 4516 14196 8108
1025,1354 3079 1357 1355 2369 2371 4138 4141 2378 10626
1026,3480 8646 8244 1703 8645 2182 3481 13160 2833 10071
1027,6172 8649 8650 6478 6949 8648 3038 10714 12937 1896
1028,8657 1584 8655 143 1568 3703 1970 3696 4002 7288
1029,163 8661 7340 8660 8662 6033 5247 860 8659 3139
1030,2560 2722 3043 3044 5027 1752 4863 2489 10123 2133
1031,8664 24 689 8185 8663 12993 21 8187 8699 8186
1032,8668 3923 3970 3517 8666 3618 2578 1689 3916 2702
1033,1419 8673 241 1404 8748 4188 8672 10435 11675 6911
1034,8674 8675 5969 7207 2346 7872 8576 14056 10644 5966
1035,8677 6728 12252 900 4497 12251 10316 10584 5640 6729
1036,2234 5163 7270 6340 1600 4928 8546 8513 9427 8514
1037,8685 8684 8683 8679 8681 7652 8687 8682 8686 3858
1038,4178 228 4179 8689 6087 5613 10170 3970 4496 1297
1039,687 8693 1061 8692 8691 2044 476 8669 12017 12440
1040,363 8697 8698 8695 7470 8694 7301 8696 3582 722
1041,4659 6799 8702 4661 4658 8700 2615 8701 4647 5747
1042,176 8704 3713 3711 1796 1452 769 4235 784 3015
1043,3710 8705 2587 2448 2765 9314 3222 2024 794 4821
1044,8708 15116 15245 8707 8706 14120 3222 4788 4063 12657
1045,8709 8711 8710 2207 10 5176 509 440 3984 1213
1046,5066 5833 662 6579 8717 512 6580 8715 466 1095
1047,46 56 7153 6522 7762 2538 7926 2026 8724 2128
1048,8725 10187 13195 13830 9185 5320 13747 13710 7850 4361
1049,8729 405 3465 8726 2820 1323 2742 2614 8727 1166
1050,2040 6794 5066 4 2039 4648 466 4645 2041 4647
1051,8733 8739 8736 8735 5929 1737 8738 8737 8734 15129
1052,821 1642 2711 4825 1460 8742 3707 6954 8741 8745
1053,1419 8748 1404 8747 8673 6325 5299 11675 14939 10435
1054,4290 8754 1080 3231 3232 2649 3382 3762 8753 8554
1055,4736 8757 5277 12182 12274 5042 2566 7332 7564 12325
1056,2667 8758 418 7562 12616 11203 5472 14018 11208 10975
1057,8760 5229 1740 14319 5230 5232 5231 5228 1741 3449
1058,8768 842 826 788 1967 1642 1968 8766 6040 8765
1059,8771 8772 8774 8773 8770 11887 12523 12522 4524 4151
1060,184 2168 585 6020 3104 8288 5488 7004 8775 6046
1061,8640 7962 8779 14255 9565 11701 1926 8095 3561 1886
1062,8780 14986 1670 14997 14036 645 13513 13037 8964 7442
1063,778 7238 2897 149 8783 7835 1396 7211 304 8782
1064,6773 6849 8786 6501 6626 8785 6728 6750 8784 7944
1065,7165 7166 8788 1896 11594 11710 11709 6435 7105 4750
1066,7657 757 2072 6983 8790 7929 8791 7137 2163 6950
1067,2032 8796 2142 8797 3021 2490 8223 8801 2505 951
1068,8807 8805 8808 8806 8760 8810 7249 2816 3882 8809
1069,8813 8814 2989 8815 4965 1661 8812 2988 2442 11206
1070,769 3916 8816 7257 7822 7428 760 8200 11764 4575
1071,2959 8817 7294 3403 13850 10730 12667 2652 234 235
1072,488 7683 8818 3097 3553 2225 8146 590 1972 7832
1073,5863 1603 910 3777 5480 5883 1357 1011 11624 2377
1074,6135 3584 8823 3602 14954 3585 3588 9877 3587 3586
1075,2015 8825 3012 3011 8627 12480 3010 14782 1303 10456
1076,1532 8834 8833 8826 8831 8732 8835 8832 8828 3779
1077,2253 5851 732 8800 8836 6266 6383 5850 12976 8461
1078,8843 8841 8842 7519 5265 8840 8839 11690 10151 2013
1079,611 3998 3118 2497 8846 7373 2675 7377 10408 10265
1080,1709 1863 8848 8847 8849 1711 8850 13713 1011 9967
1081,8851 6574 248 9486 9484 9485 4286 2240 333 516
1082,8664 7334 24 689 8185 7333 3892 6940 1345 2614
1083,8860 8859 476 3244 4318 4026 8858 8855 1855 4869
1084,5074 1201 8659 4232 1766 8865 7207 6215 452 8864
1085,8869 8341 192 13320 13855 15097 4711 14183 13351 13321
1086,611 8873 8871 8872 2185 8874 14997 14718 14827 10421
1087,6044 466 3713 503 1584 1452 7435 2798 8878 3576
1088,8882 4852 10481 4352 4455 10135 4345 2657 12429 2206
1089,8887 8886 8885 8884 10184 7657 7529 14437 11693 6950
1090,8893 2599 8889 8888 6004 5372 8896 8483 8892 6105
1091,7562 8899 7218 8901 8900 1894 6165 2667 6781 7742
1092,4515 1532 8905 6351 8904 8907 8906 2742 6992 2820
1093,8909 8910 8911 8912 8908 5942 11693 8913 8886 12904
1094,8927 8919 8920 8881 8930 8929 8924 8916 1552 8928
1095,5436 7280 7403 8939 8954 8948 8953 8640 7044 5760
1096,585 4382 1734 4383 5140 8200 1516 8962 1242 8963
1097,2267 6597 4696 1191 8965 1936 1592 4848 3651 8969
1098,8742 4227 2780 1580 8974 8745 8971 1256 5014 8973
1099,8977 3888 2600 8976 7234 9373 9374 10640 12195 14321
1100,4238 4227 4194 4235 13722 2779 4245 4349 8469 4251
1101,1317 8982 7554 8981 6809 4407 4687 8980 3442 8979
1102,5858 8984 3453 196 3528 5046 4251 9985 5424 1737
1103,8987 2740 8989 8988 2042 3502 3553 272 8985 8986
1104,7696 8994 7417 2809 14692 176 6596 13843 1484 11906
1105,6013 180 8995 2448 8346 488 7769 1055 1058 12395
1106,8506 1274 22 9012 14 11 9004 7225 9018 8386
1107,1367 9043 9038 9042 4431 1072 668 15276 9041 4907
1108,4162 9044 1739 8655 14951 5558 9472 9054 8999 5224
1109,2139 7044 227 7506 2767 6958 454 3203 7971 6439
1110,6444 9048 9050 3386 9049 5084 2227 7392 5323 9047
1111,9055 9054 9053 1392 9052 8999 3611 6063 1213 9051
1112,9060 9059 1949 13886 3444 4417 10559 10483 8969 1865
1113,4771 5033 625 9069 5029 3811 8766 2784 1382 3518
1114,1320 4060 1778 6362 6363 1319 2375 1780 9192 1779
1115,9072 1191 9071 688 4974 5292 6402 6767 3222 12992
1116,8761 9074 9075 9073 8710 7333 5328 11942 9123 8698
1117,8349 1296 4875 5425 4874 7133 4873 6998 8350 337
1118,9078 9077 1536 9076 9079 8215 3721 11363 8093 11128
1119,5411 2304 6870 9081 9082 9080 10680 466 2323 1686
1120,9084 9083 912 10246 12376 11022 13684 12757 9749 2014
1121,2158 3191 3837 9090 8183 895 8618 8963 6193 1668
1122,7556 9100 9101 12648 10431 10036 14041 8592 14010 2610
1123,6781 1662 9103 576 5204 1665 1222 7108 9810 9809
1124,9114 9109 9105 9116 9113 9119 9106 4662 9117 9112
1125,559 2291 3111 9122 4860 443 12379 3294 12380 2412
1126,995 9124 5938 9123 704 12321 7868 2953 8210 7847
1127,9127 1947 8885 9128 9126 14394 7259 8041 9659 8035
1128,5859 9134 5234 9133 9130 9131 2585 2048 5501 9132
1129,7653 9137 9136 9138 12684 12685 11611 7650 2840 14181
1130,3749 9140 1063 9141 6195 2713 1081 10459 11419 9523
1131,625 4756 9144 9143 5552 14921 7697 2067 12178 13517
1132,9146 9145 551 10 11695 6925 8321 6464 11105 15125
1133,3933 5282 109 3743 5774 2252 7709 4276 2247 6132
1134,8961 8441 2002 9162 9165 1980 9156 9166 9141 6800
1135,9174 9173 9172 3083 3170 1002 14671 1001 8476 2378
1136,9179 9175 9178 9176 5676 7960 5617 12962 434 11406
1137,9187 3237 3860 9186 3989 4992 9181 9182 6985 3236
1138,618 612 14717 15065 12633 287 2476 6002 5580 11963
1139,9190 7658 1631 9189 231 8007 8027 9716 9717 9718
1140,6362 1319 1778 6363 1321 9193 2375 9192 1322 2371
1141,9220 9217 9210 2931 2904 3692 9208 9218 4936 9209
1142,9230 9231 9229 5339 9232 8966 6266 14185 14133 14188
1143,6361 2378 9236 9237 9235 1354 10365 2371 1320 1778
1144,2981 9238 6877 3789 1700 6183 11794 4580 9796 7568
1145,4205 4126 2856 64 998 6914 1206 3738 7245 5170
1146,4383 9245 9243 9244 9249 2418 9242 478 9246 9250
1147,3428 9256 3429 1119 2843 1121 3427 8021 4350 11772
1148,9257 10466 13598 15125 10851 13601 7609 11849 14146 9658
1149,1819 8643 5663 3643 7721 2992 2019 7387 1378 9269
1150,5140 1516 9277 9278 202 1193 476 11726 6077 9497
1151,9280 2922 9284 2350 8210 6335 9282 3891 2550 386
1152,9287 1133 1549 9288 3040 4550 2670 10866 8486 617
1153,8055 4446 4428 9291 4048 9290 7615 9289 4836 8054
1154,476 3269 9295 9294 464 1638 9293 8865 3387 7206
1155,9301 1587 9298 9304 9302 9303 9308 9316 4311 9300
1156,9320 6514 2794 64 9321 4853 8280 5004 8348 12805
1157,9326 9325 9327 633 4083 1557 3753 2750 585 9324
1158,9333 9328 7213 2327 9332 9329 5761 9336 9331 1676
1159,9357 7142 3873 8897 9353 7626 5563 9352 9354 7738
1160,3500 2595 9367 1779 2594 2598 2596 2593 2597 2591
1161,9369 9368 5964 2139 7698 12450 7953 4230 4572 11748
1162,9371 4404 3858 4799 9370 13705 3789 13845 8256 8715
1163,7234 9373 8977 9374 10640 335 9375 9372 2015 2017
1164,9384 2841 9379 9386 9385 9377 9382 9383 9381 9378
1165,3055 11126 7716 13626 4820 6791 15247 53 3056 3058
1166,507 7338 3518 6019 795 5545 9390 7737 4201 1582
1167,8647 7796 9393 9395 3086 1119 8612 5248 9392 9394
1168,9397 2721 4725 7327 7189 5069 9396 2338 3509 3253
1169,9400 9399 502 9161 9401 114 7432 9398 9320 3996
1170,9402 7611 7210 10796 2174 3408 4785 6661 6763 12297
1171,2632 9404 4800 5939 5198 9403 11445 11446 269 15125
1172,9416 9413 9419 9417 9414 9408 9420 9411 9415 9406
1173,7748 9423 5441 9790 2811 7224 4552 641 10897 5443
1174,1204 9424 6919 1213 873 466 585 4191 494 4855
1175,3518 145 423 167 6596 786 625 2148 7737 2781
1176,9428 9427 7290 3163 9426 5630 2584 12360 3548 881
1177,9430 8404 6336 6128 1271 14970 14329 13018 10484 8408
1178,9432 9434 7086 9431 9433 12902 15025 5792 4284 4441
1179,466 6682 662 8623 8719 7816 251 3223 476 686
1180,5784 9438 9440 9439 1758 9441 8550 3683 6347 7462
1181,1686 6394 5877 3814 8784 7542 6649 2867 9446 9445
1182,1281 9447 9448 4071 5292 4809 6441 8442 1347 4275
1183,9450 9454 9453 9455 8358 3490 8359 9452 9449 9451
1184,4940 409 6343 8219 2750 4789 8705 6826 6020 14955
1185,169 149 165 466 171 873 476 4385 686 1436
1186,4950 2748 1476 7832 9457 9458 2770 3704 4221 1763
1187,9460 11139 13293 7953 10844 7797 7200 7179 7015 6715
1188,9462 9461 4722 5110 9465 3589 9464 929 8071 8069
1189,9473 9477 9476 9478 9470 9472 3792 7291 2356 1231
1190,8851 9486 6574 9484 9485 7684 8319 2240 9482 2225
1191,3744 4717 9494 9495 3186 9493 4894 4922 4988 6768
1192,3237 4901 4905 4899 9499 4900 3836 2696 3524 4992
1193,2463 2727 9506 9509 9508 7668 563 3875 1912 5402
1194,9510 2415 1878 14850 5363 14740 3993 1734 10625 4351
1195,5493 6699 1810 4378 8137 5494 5492 7774 10173 4500
1196,9512 12078 12079 9384 7083 7593 13240 3082 6252 8359
1197,9514 9515 9513 9516 2981 9238 1700 6183 3789 11794
1198,1467 9517 5283 10150 10557 5343 12906 11286 7583 9826
1199,9523 9522 9526 2828 8458 9520 9521 2199 9525 3921
1200,5079 9390 1643 2468 6954 1967 5162 8764 4231 2062
1201,9532 3945 8604 1491 7336 9531 146 323 1206 1196
1202,6129 9533 2243 10059 15036 8986 7630 11098 14154 10731
1203,1145 1136 9539 1721 6742 1146 9534 3083 9535 402
1204,796 775 3191 860 794 478 7835 466 14391 476
1205,8675 5604 2281 6952 6235 50 8674 9842 15172 5969
1206,5287 7910 4551 9543 3261 9542 431 14932 5285 6598
1207,871 1869 9545 4502 3213 9546 8417 3119 879 10542
1208,9549 9553 3415 2879 9550 9551 9552 3774 1475 9548
1209,4700 1115 3894 9555 4963 1840 1113 2907 1114 1107
1210,9558 4594 9559 4644 9560 4642 14770 5566 5565 5563
1211,8485 3811 9562 7289 6343 4789 9564 9563 1550 4166
1212,8252 9573 9574 7563 6137 9571 9575 4718 6138 8777
1213,4605 5689 4693 1153 8164 4133 1721 4687 8477 4135
1214,2309 2764 139 3811 466 2755 476 1875 5561 169
1215,1384 9583 851 9579 2597 5415 160 27 9585 9587
1216,2560 3043 4769 2234 2240 4228 455 2199 7348 9592
1217,9594 7515 9593 5286 5285 11424 9106 9621 9623 8470
1218,150 9595 4341 125 4910 5809 2963 11813 3298 4342
1219,9596 9598 9600 9441 9599 9601 9597 6384 9483 6337
1220,9605 9604 6684 3811 2722 5682 2276 5727 4890 2736
1221,8259 9607 5461 9510 8497 8251 14052 1419 14053 2415
1222,230 3862 1235 3762 1236 6019 7568 13988 231 3859
1223,9610 5664 9611 7046 1130 11591 9509 7523 353 11657
1224,5949 1422 540 9612 2708 11244 6203 1444 5933 4474
1225,9616 9139 9363 9618 7439 1917 3947 611 2139 5104
1226,9623 9621 7515 7619 277 1508 6639 9620 9150 453
1227,4139 5848 9626 395 396 6555 7091 9625 7554 9624
1228,9630 9636 9635 9634 9633 9641 9632 9631 5840 6808
1229,9648 1237 4972 1281 3109 1943 5423 3351 5342 5742
1230,3825 9649 1953 6818 13367 13529 1292 4369 11944 3970
1231,9650 6262 7567 8059 9655 7745 13763 12148 9179 11406
1232,3811 6699 8992 8884 9652 7931 3135 9561 7936 9651
1233,7689 3672 4169 586 9655 9656 1707 6687 5664 1852
1234,1071 8396 794 1986 466 5934 1079 2935 1737 4769
1235,585 9658 4523 9657 9470 5174 13238 6638 1885 5265
1236,7945 7260 9661 7943 7543 6854 8372 5156 5157 7977
1237,2375 1915 9662 9665 11578 5671 9664 1723 2371 4693
1238,9668 9667 529 12962 38 11790 10180 8659 7248 5177
1239,9671 9673 9670 9677 5526 9676 2114 8304 9674 6578
1240,1460 8550 6646 9682 5246 2864 9703 7171 878 2711
1241,5784 3028 10912 13520 8199 9439 3801 7699 8421 9407
1242,9686 7337 9688 4322 2254 8069 9285 4492 2117 7176
1243,9694 9693 5764 3507 9690 9692 340 9691 2144 5766
1244,5219 9695 9696 8063 3538 5950 3963 10019 1267 5220
1245,1896 6616 6949 4019 1946 7892 11686 33 13416 6620
1246,2899 9698 8474 9202 17 2397 8128 2424 52 13738
1247,9700 4443 6691 9701 8816 9705 9704 3999 1349 9710
1248,606 1340 7624 620 9714 9712 621 3070 1341 4455
1249,195 7995 139 6997 2762 8304 14254 14358 7239 13524
1250,2910 9717 9716 9718 9189 9550 7925 2909 2908 9190
1251,6791 9719 8668 4635 4820 3055 122 4815 4897 5822
1252,9728 9726 9721 9727 9723 9720 9730 9731 9725 9724
1253,1354 9756 9747 6734 1357 6741 8847 4141 9757 9748
1254,9763 9762 9482 1909 9760 9761 9759 14305 14031 4356
1255,2614 9774 9767 9764 9768 9775 3833 476 3832 9772
1256,3811 9777 9778 9779 924 3153 14660 1101 259 2309
1257,9781 9587 9780 3598 2516 7732 13902 3596 3597 12273
1258,9787 9785 9788 9784 9783 9786 9782 9552 245 13354
1259,3318 9109 2484 5222 8903 3359 4913 186 3302 10738
1260,8375 7525 3591 7529 6058 7524 4465 7526 7528 5179
1261,9790 7748 641 610 614 2811 7224 6509 8356 9423
1262,404 9794 9791 9793 1166 1532 9792 405 12426 6867
1263,9797 10428 9798 9796 10429 9100 15133 13620 6477 13307
1264,823 3657 5279 4503 7926 66 60 9800 8512 9258
1265,9803 6162 6251 9807 7934 6781 9806 6783 5157 8144
1266,760 7239 5755 854 9811 2465 14254 873 14358 13524
1267,9426 2613 2612 9814 1129 9813 2611 6099 8212 9812
1268,46 6304 4984 7989 11392 10732 12205 4925 6002 1576
1269,9821 9818 9820 3457 9819 131 5023 3772 4164 8690
1270,9826 230 3859 1467 4275 2420 9823 4274 9824 9825
1271,9830 9829 8613 4124 9828 10986 7678 9331 13631 7855
1272,9839 9840 9833 7260 9338 8515 7977 9837 7575 6061
1273,9847 9845 8657 7851 6566 9843 9844 573 9072 9846
1274,611 3602 3909 9849 14680 7310 14729 7139 383 6135
1275,6446 1011 2869 7427 7057 4134 1719 4036 1357 6447
1276,9855 9856 7206 13640 6161 2983 6499 13278 13654 9830
1277,9860 9867 9865 9864 9858 9862 9863 9859 9870 9871
1278,9877 3584 9876 3031 3024 7336 486 3153 3027 8665
1279,1136 1145 1146 5667 1721 1722 10751 4596 5686 11099
1280,3303 9561 1736 7279 5948 2416 9878 2336 8753 15030
1281,9880 966 961 9879 938 8239 12761 4589 12945 4590
1282,1399 3287 3868 4989 3871 3870 3869 4988 135 1369
1283,971 3581 6802 9122 7282 319 9881 3585 3584 3588
1284,9885 476 8520 9883 466 794 9884 9529 1685 2324
1285,685 790 4233 466 787 6445 7149 775 433 464
1286,1160 9887 6912 7327 3811 3678 420 9875 4326 3444
1287,9343 1540 2323 6870 46 8458 9888 2216 1440 1415
1288,9891 9414 9890 6134 4554 12317 2535 744 8044 12295
1289,9895 9894 9892 9220 9893 4576 13879 13716 5110 13131
1290,5070 383 3043 3044 4865 5275 2270 2560 1752 5132
1291,181 9915 9925 9926 6907 9927 9921 9923 2192 174
1292,3749 659 9933 9934 314 5940 8599 2597 10459 8305
1293,31 323 27 128 30 6003 1239 2988 794 9250
1294,5404 9938 6529 9942 1183 2063 2828 3620 9941 9944
1295,9951 9952 9949 9950 9948 8382 13835 12793 13224 14126
1296,5255 3160 5079 7371 9911 9953 6899 5078 188 9926
1297,9497 5972 1516 9955 9954 463 8482 8931 8932 1512
1298,6144 5463 6524 6525 3533 5607 9956 2254 9155 6530
1299,6362 1319 1778 1320 1779 9192 6363 4606 1321 2375
1300,9957 3055 11126 13626 4820 15247 6791 10982 53 3056
1301,9960 5329 9959 9958 9814 5330 5327 14232 1882 11850
1302,5317 8255 6431 2014 9961 2624 9962 7472 4574 1726
1303,1554 9963 9965 9964 8145 12685 10427 14858 7663 12247
1304,9967 9968 5667 1709 5129 9969 1151 2893 1711 11638
1305,9970 5608 14905 7643 10505 4726 6848 10504 4024 7673
1306,1387 9971 5319 2923 7808 8002 5320 5318 10154 5759
1307,2268 4800 6093 4273 6091 3848 12432 5282 5023 2632
1308,9972 1164 6629 2770 12980 1110 6627 6631 6630 6632
1309,9979 9987 8678 9986 9458 2054 1749 2056 4819 3919
1310,1088 7118 5607 9993 5824 3627 8993 9992 12427 2363
1311,611 10421 9924 11936 11939 11937 11938 383 488 6825
1312,4631 9999 9996 2902 1265 59 7205 8781 9316 5969
1313,10000 5237 3644 3086 5236 13255 7166 1795 3526 15131
1314,10003 1861 10001 6772 5898 10002 282 4134 1011 13230
1315,9094 10004 3756 6200 5214 5386 4981 10006 4986 10005
1316,2391 10009 10008 1713 10010 5505 10007 10720 1607 7646
1317,244 10012 248 7831 1421 1970 828 350 5089 8451
1318,8999 1640 54 2146 2026 46 10014 2574 10017 9922
1319,778 10024 5294 1811 3098 888 5733 4242 10010 7633
1320,10026 541 10025 2986 74 8796 2711 489 12188 4914
1321,10031 6839 7963 10030 10032 10033 7809 10029 4802 10028
1322,10035 5620 5380 1889 8025 5102 4853 11490 2024 10504
1323,10038 10037 10039 10036 6217 14041 8592 11314 13381 12289
1324,8808 5193 2816 13351 2820 1166 4038 1532 14328 5192
1325,2655 3853 10044 4023 10043 10042 2651 1263 11525 2446
1326,2763 2457 3963 8622 10045 7496 3732 1095 1519 873
1327,10047 10046 10052 10048 10051 2288 10049 563 10050 5174
1328,10058 10057 3651 9896 4834 10056 7687 13809 6100 6412
1329,10061 4772 10060 14382 9276 7299 14129 702 7275 4911
1330,10063 10062 7209 4837 419 248 11769 11041 13834 4835
1331,1491 6684 3627 7385 3023 298 10065 2319 3256 6686
1332,4818 2754 1202 2758 10066 9562 1192 1247 2753 2752
1333,10073 10071 8645 10070 10074 4035 8541 3442 3083 9437
1334,10076 3551 10077 7282 14331 8110 13926 14590 5224 13353
1335,10084 7227 10080 10081 10083 10082 2662 7228 10079 8812
1336,672 671 10089 10090 10091 670 1136 10088 7427 5686
1337,3210 7043 10092 3017 7044 3473 14743 1550 406 9048
1338,264 1263 1556 4023 262 261 13903 4787 5335 263
1339,9427 5163 881 5089 1850 9428 8513 8514 14055 7701
1340,7627 8514 10093 923 342 13906 7628 7629 8513 13395
1341,2657 10094 7347 1250 8224 14082 2651 2655 5264 5265
1342,10095 6280 13682 9407 15166 11197 14458 14371 11968 1132
1343,8808 4056 2663 5193 13351 14328 3572 4058 1532 2816
1344,6364 6706 10096 1826 10098 7098 7099 10995 9192 4413
1345,5192 10101 5193 12534 1620 1461 5189 5190 4038 4329
1346,7402 4365 199 345 7272 7955 12981 9689 2735 205
1347,4803 10110 10111 10103 5126 2013 9940 861 6752 6396
1348,7083 8220 3811 341 10114 10113 10112 5960 6516 14009
1349,101 873 3244 686 14898 2774 3240 15013 3219 3243
1350,10118 10121 7651 10117 10116 10120 4072 2894 3426 7629
1351,4966 7302 10123 13310 3405 13285 626 5709 12037 5113
1352,5904 10126 10125 5917 632 2324 14378 7300 843 476
1353,5570 8713 10131 10130 7685 5206 10127 10129 10128 13314
1354,9681 10135 6969 10137 10134 10133 3835 9669 4986 1215
1355,10144 10143 865 3195 5134 8662 8047 10142 1451 2293
1356,10154 10147 7410 7704 2426 8842 10152 10149 9971 10151
1357,10158 1489 1481 10159 1316 12336 1487 1488 5567 2916
1358,10165 5520 510 10166 2161 1559 8145 10162 2987 662
1359,1621 1617 1622 1618 2358 443 4902 235 1620 4355
1360,6362 1319 1320 4060 1778 6363 1779 1321 2375 9192
1361,10177 8574 10172 3401 2687 10173 466 10170 8840 648
1362,5161 8024 10181 9557 14715 2409 13690 8029 1122 8041
1363,10182 1832 8447 6960 5054 1972 4223 1219 1833 2711
1364,7946 2256 10183 765 14953 4574 7711 12326 14542 9398
1365,10034 10185 5354 575 10184 12234 1125 8231 5907 12717
1366,7200 10187 10186 7199 8725 13195 13316 4441 8618 10305
1367,8430 2813 10190 10189 1857 10188 2812 6586 13391 1846
1368,1721 7222 9665 10192 10191 7093 1001 1915 1153 2376
1369,10195 10197 10194 1365 10196 4361 12879 12492 12217 7530
1370,7427 10199 2883 7785 7554 6707 10198 4134 1826 5447
1371,9978 10203 10200 10202 6340 3605 10201 9476 3635 13511
1372,10205 6510 11849 13654 13278 4381 9323 1558 9324 10345
1373,4330 10207 10206 2820 2741 2742 4515 12426 1532 1535
1374,9510 6827 7162 104 10210 3420 10213 3823 9356 4280
1375,10219 5195 10217 1028 10218 10216 12683 14354 12681 11627
1376,10221 11849 710 13601 6291 7865 5102 7477 9892 6772
1377,10222 10223 1537 10182 1004 1130 10978 5304 9217 1832
1378,10225 6354 2594 1388 6932 10518 917 4030 5466 4911
1379,3303 9363 10228 10227 1736 7279 9561 2416 3016 2697
1380,10229 2989 5199 2988 14723 13942 7712 2726 14724 13839
1381,10233 2607 6400 3725 7960 3624 10231 10237 10235 7049
1382,8518 10240 7939 4809 13109 7956 7809 11132 9448 6053
1383,4925 323 466 4769 7516 1071 2408 3033 3419 13884
1384,230 3862 10169 7568 13988 5634 10243 10242 231 3859
1385,8959 5047 7488 787 11718 3366 5049 1368 9040 7088
1386,10244 7527 5819 10184 2420 10450 12910 12499 4593 11984
1387,10245 665 1160 3369 10247 5280 667 666 7196 668
1388,2882 1721 1136 1729 4407 10246 1146 1145 9664 8152
1389,5280 10247 665 10245 7205 3523 11291 9143 12600 233
1390,7701 1535 9427 5926 3417 7761 445 10248 405 1166
1391,10250 10252 10251 14606 12235 455 6174 6241 14237 8967
1392,230 9826 2982 1269 10255 6225 1253 3859 10867 3862
1393,7767 10260 411 2247 10259 2274 4094 10258 14878 13727
1394,10264 6358 9367 198 1483 998 38 1487 8455 10174
1395,1611 2990 5491 10237 3718 4970 10212 4146 4147 3527
1396,107 1809 6585 10266 8045 7821 8074 1216 2725 5512
1397,7453 6336 3544 9546 2719 7021 3216 7398 5766 10267
1398,10271 10272 7506 563 4610 1404 2000 10269 10270 13604
1399,3377 2961 10275 9861 9719 4635 122 4993 5825 10274
1400,3974 5140 6086 13410 1747 7249 3400 12584 8817 1106
1401,8977 715 10279 9366 10278 10280 7783 10277 7234 10640
1402,10282 5613 10284 5731 4074 10281 3792 2581 7904 600
1403,10285 5102 2024 14540 4175 10504 4853 3547 4022 14519
1404,209 3989 1836 439 3478 10142 7799 3990 3991 5592
1405,10286 8934 9823 10287 2287 7809 4275 4809 4274 9448
1406,3811 1673 755 1101 2309 2114 9604 5502 2755 14893
1407,7336 8415 10289 2074 15108 14276 14790 10669 9560 9532
1408,6576 2105 8601 4766 11429 14617 6579 12430 11064 4924
1409,7346 9283 5143 2417 10042 2559 2925 2490 386 4225
1410,1880 5096 3214 8480 5750 10290 10292 2963 6868 10291
1411,8719 6617 3510 10294 6142 1347 6682 466 6619 8623
1412,769 3309 4468 9702 3120 4194 10295 8933 4257 176
1413,9169 8433 5487 635 1456 5489 8431 6689 10308 10307
1414,9466 1073 9039 7140 837 14692 5164 3095 4411 3691
1415,8959 787 7488 4808 3190 3366 4789 8345 434 42
1416,1201 714 865 4868 559 8054 11307 10820 10143 3254
1417,10319 10315 10313 10318 10317 5903 2215 10320 2556 697
1418,2437 5605 4750 10323 4747 5604 11710 6849 8778 5603
1419,10325 10324 10326 13568 4673 10941 10944 10947 10942 10939
1420,10328 10327 1833 2691 1685 10240 10329 820 2024 1568
1421,1447 3105 764 9319 2035 2684 10871 14443 7088 7186
1422,10332 1108 10330 7671 102 6515 10331 9204 9315 4497
1423,10333 10338 3994 7671 10335 872 10337 2170 10334 8281
1424,2139 1993 2307 793 6178 4085 4128 6596 3575 612
1425,10341 7263 9915 14298 45 10547 6889 3461 1018 10342
1426,3411 3387 3412 5575 1448 4270 9577 13051 5886 6265
1427,10345 10344 10346 2603 717 2042 10343 1801 12814 13485
1428,476 466 5561 10347 478 3811 7814 14548 686 2309
1429,10349 10353 10351 10350 641 10352 6537 10354 11227 12228
1430,6364 7427 9192 1779 1320 1778 1826 2371 6363 4060
1431,5176 10360 509 10358 8711 6322 3984 1213 10359 440
1432,873 1377 4385 686 149 1375 169 3927 13371 3912
1433,10364 1762 122 6932 4069 10363 13755 1392 9719 4635
1434,1011 1357 6360 10365 1354 2369 6320 9236 2378 10366
1435,10374 10380 10375 2358 10377 10376 10381 10378 10372 10373
1436,8704 7918 5507 5011 6052 10387 457 10385 8767 10386
1437,2301 6675 3762 7737 588 2233 1974 6517 3026 9069
1438,10391 466 10060 4911 2040 4772 7993 6905 9344 7266
1439,10394 7368 10392 10404 10395 10405 10399 10403 10398 10401
1440,10407 8215 2663 4057 8393 3565 8216 8275 8214 4056
1441,10408 3998 10409 9502 7292 3996 3995 3997 3118 8846
1442,2823 10410 10411 1535 13187 2820 1166 2742 13260 14331
1443,796 1732 5202 5545 8948 7972 14391 7503 860 10517
1444,10413 10412 1225 14112 12865 13428 10875 9800 9048 7698
1445,10423 10420 10276 3117 9167 5062 3201 8672 854 8619
1446,10426 10425 10427 7076 8900 6504 1714 7895 4962 13191
1447,9797 10428 9798 10429 9100 15133 13620 9796 10844 7441
1448,3857 4789 2308 5299 14400 6343 8485 1523 8959 9564
1449,488 10430 8346 1058 9249 7769 769 1055 6013 1037
1450,7556 10431 12648 9101 14041 10036 8592 2610 9100 1885
1451,794 1071 1986 476 8396 466 3222 478 464 462
1452,10438 729 10239 8836 1329 10439 2294 9896 691 8467
1453,3916 7429 10306 8433 83 8431 10308 7822 8434 760
1454,10441 8335 8112 5385 5383 6162 12576 14316 14645 9113
1455,5299 7730 2519 3857 9607 5305 14054 14052 8747 14053
1456,10444 10443 10442 7888 2850 1127 8397 7643 5199 6094
1457,10447 10446 10448 12869 2263 3823 9804 12954 12952 12953
1458,10452 1574 9314 9068 6372 10451 437 2130 17 20
1459,7401 7253 4276 8141 11602 8644 13360 7513 2295 11940
1460,133 292 1836 127 4127 6676 13285 2457 7302 4182
1461,10455 10457 3482 10456 5282 2438 3009 4273 5332 5327
1462,7149 1347 5911 5910 1601 4740 4071 6441 8442 6445
1463,249 1385 2699 5580 7527 6175 8856 9249 7969 4007
1464,1112 1207 3932 4906 3497 2474 8251 3751 11258 9286
1465,469 2689 339 794 1702 7547 12784 390 2366 476
1466,10458 6760 8755 2240 11916 9820 13783 6831 7910 10102
1467,10460 476 466 8670 1588 945 2920 2124 13168 8524
1468,2221 4348 3298 2913 164 5850 5851 2470 1161 3280
1469,6364 6553 6363 9194 10461 1320 1321 1778 4060 9192
1470,1101 3811 5502 2063 3300 14893 5359 1192 12201 1181
1471,10462 3016 735 7238 464 812 5482 1217 811 4929
1472,10467 6670 9290 10465 10466 10464 10463 7410 4446 14085
1473,3014 10470 796 10471 10472 1455 864 1981 5551 1271
1474,1317 6360 9851 1011 1357 4687 3083 2014 2881 4037
1475,10475 10477 8502 8501 9906 742 7734 10478 10479 2569
1476,10481 3069 5151 8882 3072 12309 811 3071 10951 13692
1477,3055 2519 10482 11126 3407 10398 2575 8245 13626 4820
1478,651 10485 10484 2099 8289 3342 4485 7414 10439 4923
1479,3008 3007 3664 961 3012 3009 3011 3010 3006 3005
1480,5488 10181 9706 6691 5489 7247 4789 7821 5490 10487
1481,10490 9288 10489 9782 8354 10488 1362 13841 4672 8355
1482,10491 14284 14507 13312 5078 9204 15204 10305 14966 10462
1483,1102 10495 10496 8554 4011 10492 1306 4077 9986 1548
1484,10502 10501 6848 10500 257 9970 4726 10503 5251 2362
1485,2734 8837 6166 10507 10508 4774 2733 7820 11623 2735
1486,5427 3819 4181 5425 4975 4482 6376 3544 3546 12180
1487,10511 10512 2810 475 3148 324 2118 1990 6049 10510
1488,10521 10520 7238 10519 10518 1016 10294 7708 4889 7243
1489,1660 2428 8798 15096 10522 11720 3945 8616 1328 3637
1490,1532 10525 10523 10524 2614 11112 14138 11121 8904 2742
1491,7369 4975 3819 10236 1517 7367 3994 183 1041 7873
1492,10527 6040 247 2155 1187 476 8717 3799 794 3269
1493,6816 10529 10530 6094 5650 14856 3548 12705 12699 12703
1494,1219 4223 1235 4769 6651 10531 8447 7500 5951 795
1495,2307 2938 1206 3253 2211 6651 3678 7973 9396 2221
1496,10534 10533 9954 4128 11082 6979 1835 6176 6459 14400
1497,10536 4426 7994 2206 9134 7431 10537 6106 7297 2479
1498,10542 3237 1869 4901 4815 88 1162 7564 4887 4913
1499,10327 3624 5362 8197 2799 4831 10430 10238 8303 7189
1500,8982 10355 7554 1317 4407 6805 8981 1721 8980 10627
1501,1493 9911 9927 1806 6913 10549 1018 10342 5568 8368
1502,10552 9221 2332 10237 5938 6834 11366 692 7398 3924
1503,5011 7178 2021 10553 5815 7179 7180 5730 9610 2126
1504,4596 1828 10554 10555 5686 14363 4139 7427 1011 10987
1505,1320 6362 6361 1778 1319 6363 1779 4060 9192 2375
1506,1467 10150 10557 5343 13839 9841 1263 9517 7524 6061
1507,1738 3028 9439 3946 10227 10559 6036 5784 601 5778
1508,2635 5364 10560 228 10561 2634 13214 443 7264 5613
1509,1443 4398 4329 8768 10562 10563 11108 6990 13954 5732
1510,618 685 10564 1701 10565 586 2029 6434 4207 48
1511,9249 8704 10567 9075 176 5742 3222 5507 8995 784
1512,7077 10570 10569 10568 5871 14749 14748 14747 12807 14746
1513,10572 4005 6032 1480 3601 10571 12327 3911 14997 2101
1514,10577 10575 4608 4139 5849 5848 13565 5451 2874 10578
1515,1520 9296 9177 5142 10579 625 3678 8451 7778 1684
1516,8005 10581 8006 10580 6771 4518 6770 5264 2657 10583
1517,466 6682 8719 8623 662 7816 208 251 476 413
1518,9392 4513 9393 10469 10881 6761 11359 11358 9179 3811
1519,9425 5756 3205 1693 794 476 5585 10588 817 4739
1520,10589 7070 8598 10590 7066 7060 7061 4142 1008 3077
1521,1585 3248 6649 7233 5986 11193 2781 7834 5887 2709
1522,745 3742 10591 9943 13056 3841 1252 5958 14913 5957
1523,10593 4795 10335 5916 2284 4381 11540 11541 11538 11542
1524,149 10594 5549 4930 1192 4479 169 484 11474 476
1525,618 7716 612 10595 287 5580 3403 15065 611 13438
1526,10598 5095 10597 10600 10348 298 5957 9622 4835 3024
1527,2290 9051 2294 846 2067 8418 98 4090 2291 12359
1528,4194 5568 7491 9389 10602 3276 3139 4238 4227 769
1529,10604 10603 6793 14911 2982 4656 4657 6288 6087 1195
1530,10606 336 8558 4978 275 7483 334 3398 2063 3826
1531,2993 10492 2992 226 10498 2736 3342 5894 625 1075
1532,2988 3358 7416 2989 3549 2442 2697 3528 7415 4235
1533,4532 3445 14492 10516 11961 6293 1697 3448 3447 4533
1534,2219 1302 4286 3472 10607 14413 705 383 13752 13905
1535,1689 6591 8546 7274 8925 933 7930 8919 8927 8931
1536,7352 10609 8264 10610 3838 7350 7351 14178 12518 12926
1537,10611 10613 8480 4902 336 10612 3202 2224 1619 928
1538,10615 4037 3467 1317 1623 163 5814 3028 5994 230
1539,10624 1171 10621 3988 1188 8597 5500 6590 1892 7962
1540,10627 7215 10626 10628 3079 2996 6804 10629 14347 5873
1541,4744 4923 578 10633 1511 6625 46 2675 10632 922
1542,83 3602 7429 10635 6694 10634 6546 5597 5864 4462
1543,4941 10113 7801 9234 10637 7382 10387 10638 715 7802
1544,1317 7818 10072 4687 3442 1011 4693 3083 4037 4688
1545,8297 5494 10639 8051 6311 5493 8655 13784 15240 4315
1546,8977 10640 7234 335 9373 9374 9375 2600 3888 8976
1547,2375 6364 2869 1320 1321 1778 2371 2372 6363 4060
1548,738 5591 7456 7314 4485 5604 8553 3967 12462 1079
1549,10642 9088 11466 15159 13108 4406 1999 7857 4664 4765
1550,10643 11980 12318 11804 7765 10852 776 4719 5974 1468
1551,10644 2287 10514 5969 9521 8576 10513 14056 8674 9823
1552,10646 15225 14239 14029 15057 9912 14238 11204 10483 11139
1553,10647 4876 2411 1198 1800 5576 779 8945 4870 3837
1554,9878 6814 10650 2340 10651 2245 5433 8802 1304 7733
1555,3944 591 10658 10664 10663 6880 10665 8461 5837 10653
1556,10669 9560 3772 10670 6792 10289 6313 2074 277 1445
1557,9161 3309 10674 4954 4902 8504 6916 502 2129 10673
1558,10680 10679 2304 964 203 10678 10963 4447 13338 5411
1559,10686 10684 10685 10689 10688 10683 10687 10682 10681 10690
1560,1826 4414 6735 3843 6364 4416 2876 4134 2869 10199
1561,10692 10693 4381 1558 9324 9323 13278 13654 10345 9830
1562,10085 10694 10695 13114 12276 15089 14398 8275 352 10677
1563,9801 9071 1658 10228 2127 10711 10704 2911 10706 6690
1564,1011 2893 9968 1776 9967 11768 9969 1770 1773 5687
1565,1345 11821 1346 7334 7333 3892 12167 7508 3317 4357
1566,7145 970 10717 9267 6135 10718 3041 4879 3613 4660
1567,4493 9569 1377 760 450 5893 191 6854 3916 778
1568,2221 1076 9715 6905 3104 5850 5851 1888 12267 6304
1569,10720 10010 5776 10009 10008 2391 1713 5505 11335 11338
1570,10722 10721 9073 10725 10723 782 4051 7868 2134 3131
1571,1826 10199 4414 10627 7218 4134 3843 4416 5447 6364
1572,10727 794 10729 10728 887 350 2251 3097 3099 685
1573,10731 1331 10730 14154 13850 5570 13144 11410 6415 11267
1574,10734 8809 10733 12884 13082 8808 10041 12500 11822 8806
1575,4716 6064 7196 10737 10736 8271 1163 2484 650 9474
1576,1069 1188 7353 1412 10621 5500 7815 14661 7145 10624
1577,5344 10741 8811 13074 8808 13635 8805 1880 8807 451
1578,10601 10743 2777 1210 3222 761 6411 476 8352 466
1579,10215 10745 6146 10120 6490 9104 10744 8051 14320 14306
1580,9538 3415 7076 10747 3831 5835 10749 5388 3371 8492
1581,10755 8082 10032 8084 2746 8498 3795 3009 8497 12591
1582,9796 5334 10757 2981 10756 8967 2649 6477 1227 7167
1583,3385 4874 4832 5501 1281 5342 175 5343 4779 5859
1584,2024 7831 10762 466 3748 3196 3104 1686 4221 4235
1585,10765 10766 10764 2925 10763 12083 12901 6622 10042 7271
1586,10771 10767 10773 10776 10768 10770 10778 10314 10769 9657
1587,7489 5180 10779 9789 3864 13536 4171 8235 6488 9588
1588,3328 5779 388 3288 3348 9165 13129 2139 4885 3826
1589,3943 10780 2675 3472 4998 543 6957 7490 13973 7501
1590,1257 4020 5361 4015 432 4558 3092 4557 13354 3769
1591,8787 10783 10782 5886 6773 4359 7705 10784 1346 1392
1592,10789 1660 3637 8616 5370 8598 324 10788 10787 344
1593,8294 4827 1050 3761 1280 1103 3539 10762 1484 3748
1594,10793 10791 10794 10792 10795 10796 2174 3408 4785 9402
1595,10797 5624 3190 9990 9490 243 5625 8937 6708 4077
1596,10800 10801 10799 5102 10504 3750 4853 4149 2024 8349
1597,10803 10805 10804 10802 9229 11075 7899 13170 2848 7893
1598,2881 5129 1723 10807 1721 9967 9968 1151 1709 5667
1599,1665 6780 7651 6165 10810 9810 9809 6781 9803 13366
1600,3085 4603 5875 2877 14349 14350 4139 1318 2869 11536
1601,10811 10816 10812 10817 7092 1354 10814 1710 10813 2370
1602,3055 7124 10820 13912 11126 13626 53 14578 14559 8999
1603,1219 796 3016 1071 4862 1649 6919 4220 702 5079
1604,10826 10830 10827 10828 10825 10829 7476 6243 7473 4932
1605,7144 4310 4267 1866 12809 12577 5260 13177 2156 1766
1606,6202 10833 10834 9511 10836 8221 10835 14835 149 14822
1607,1978 10840 611 7299 8083 8616 8782 46 10061 6372
1608,6587 4949 10841 5504 3811 2583 9594 7454 10579 4973
1609,2432 10842 2433 2434 2435 2431 2429 2430 2426 7704
1610,2117 26 3910 7992 4467 3977 10487 6312 6377 2217
1611,4605 8164 4413 1778 4133 3667 15238 10843 6361 9192
1612,10845 10844 13001 12645 12677 9652 8085 13666 13000 12999
1613,10848 10846 10847 4239 14450 10597 5078 5962 5573 10824
1614,10849 10852 10850 10851 10853 260 13061 4537 10832 2003
1615,10854 10856 4039 2374 10859 5672 2370 10858 5531 10857
1616,10862 2868 10861 1301 7987 5294 10863 7614 8854 578
1617,1864 10868 10869 1177 5914 2045 10867 7172 4462 5597
1618,488 611 1447 10871 1572 9491 6576 8303 9319 1474
1619,10872 10874 10873 14516 3834 10976 12616 13461 1298 14412
1620,10876 10878 10879 715 10078 10790 228 10877 10875 2520
1621,3811 10881 9179 9392 4513 12962 10029 11406 12654 6184
1622,1206 7243 323 10883 4205 10884 3699 7245 3738 1217
1623,5589 2360 1345 10567 3210 3619 6689 2581 3699 3096
1624,10503 9928 10888 2523 10887 6896 7730 9921 7263 6889
1625,1112 1079 1614 5046 1014 8552 3352 3751 1737 8251
1626,2281 10891 6233 1367 13388 547 10715 1302 11126 213
1627,1329 3881 1300 586 12205 11294 11293 3946 1781 14005
1628,4398 4604 1322 5732 9407 13681 8768 1443 13954 12624
1629,2928 10310 7847 12321 5938 6038 3206 13906 6026 12438
1630,1081 9140 8083 701 3395 11419 1280 12653 13755 12399
1631,495 2262 4579 6155 14619 488 10884 6427 1440 5958
1632,10897 7244 6897 4837 6104 10896 2550 10895 10894 1622
1633,8278 6519 7904 5043 10898 2 7685 5041 5747 2201
1634,287 10347 7700 6005 7699 618 3811 4303 2700 281
1635,4605 8164 4133 5367 7071 1721 2875 7057 4137 4135
1636,10901 9814 10900 8104 11850 2010 9426 11230 8212 3394
1637,10902 3556 8879 3099 10473 9981 3526 3100 3557 794
1638,7628 8148 8147 5679 7629 7627 7625 12354 7342 7626
1639,363 10905 10904 365 364 12829 1917 8307 9526 7300
1640,7855 4787 4570 569 10438 10907 8987 990 4973 6784
1641,3222 6836 625 287 14452 7700 794 13517 15245 10509
1642,7920 5053 10909 8415 8449 167 4769 8836 6382 4211
1643,3386 10885 10139 8065 6444 4779 4778 9050 1960 9049
1644,5576 3130 3881 7681 575 8855 2457 2582 4335 10034
1645,10912 5784 9407 2659 10911 1989 931 13682 13520 10095
1646,10914 2602 5660 8458 10915 4949 1606 486 618 9131
1647,10918 9374 10917 10916 13527 9373 4882 5517 5331 11717
1648,7696 1568 4757 182 6216 10919 10227 6211 7420 2448
1649,10923 10928 10927 10925 10926 10930 10929 10039 5245 10924
1650,8832 2215 10934 1738 2459 13336 8834 3677 1132 7467
1651,10951 10944 10942 10950 10940 10939 10947 10937 10935 10946
1652,2142 9901 5234 2500 10549 7374 9911 7130 10715 5574
1653,3973 2328 1518 10632 1079 217 6650 3676 9992 8056
1654,10964 10963 2113 11267 8906 10679 1529 13931 13330 13423
1655,5453 10967 10966 2755 10270 467 4862 237 7969 2480
1656,10970 10969 14117 13776 13034 1524 13639 12131 1767 11964
1657,782 1387 4031 3984 661 10972 419 9875 1995 14443
1658,8685 8684 8683 8679 8681 7652 8687 8686 8682 3858
1659,5172 5170 6589 1479 9593 8644 323 5359 745 5802
1660,10977 10976 3834 10975 9342 1884 12101 14516 14412 10872
1661,6812 10982 3699 10983 7145 3050 3507 9049 10981 748
1662,5199 10986 6640 5676 9830 13942 10229 7678 9331 9175
1663,8152 1153 1721 13573 3693 4688 7554 11528 4687 1156
1664,10995 5845 10630 11000 10999 10754 7098 10627 10628 10998
1665,2086 11003 11004 8585 11039 2093 14744 6284 12602 3558
1666,3635 9978 3636 11022 6066 3628 3626 3625 3630 5623
1667,11005 11006 4753 6623 11007 6483 6621 8605 11407 4964
1668,478 811 3620 747 7515 3387 3690 14548 8943 7798
1669,2715 11011 11010 505 11012 11009 11016 6707 7363 5060
1670,5569 13058 4438 7123 5571 5573 5572 2192 879 5570
1671,11020 13117 6936 5893 8434 8464 14012 8432 603 2940
1672,11022 3635 6066 642 2010 3636 9978 11819 13684 9084
1673,11023 1645 1451 8962 3850 6799 5205 43 1650 12869
1674,11026 4336 11027 1904 8477 8760 1576 11025 14319 7881
1675,3241 7859 10232 4627 11028 2446 8838 7960 5280 4104
1676,994 7643 4669 12324 9781 11030 2599 12470 1127 7649
1677,11031 5157 1785 11032 7943 11034 11033 4174 5872 7945
1678,7804 5864 5246 8779 10050 9954 10504 4462 7815 4303
1679,11036 6303 8690 6083 9778 7248 922 10564 585 9
1680,2314 2216 460 6437 4015 10440 3685 1407 14888 2112
1681,46 3111 6341 2360 4307 6383 472 11392 728 2223
1682,5225 7054 2457 5224 26 5223 476 15000 5090 4219
1683,1273 2676 8266 1987 6970 3403 7041 1436 7042 3296
1684,11038 6549 9202 11004 11039 9071 2912 11042 8585 2086
1685,11047 11046 5457 9614 9705 5802 9579 9107 11045 5604
1686,7173 355 3890 7807 1684 10204 2020 3441 11048 7511
1687,11050 5917 2305 632 5904 5477 13618 2152 10125 2175
1688,2614 2820 6326 1532 2465 6386 3465 2742 11052 11051
1689,1721 11055 10956 10863 11056 7221 6245 3077 6537 8152
1690,3055 11126 13626 15247 4820 7994 9957 14875 6791 3056
1691,1690 287 860 1796 7512 466 4925 5580 163 796
1692,11059 2154 11058 15255 13891 8413 7115 9655 1441 97
1693,4381 263 275 11063 12863 8558 7483 2718 3398 261
1694,11065 11067 11068 10139 3695 11071 6727 10965 255 5456
1695,9590 3741 6828 4347 4031 7511 1048 5056 6053 1031
1696,11073 3526 7828 5046 3311 10902 196 2449 3541 11474
1697,7803 5899 11076 1327 11075 1267 7802 9696 3086 2728
1698,11079 1638 736 2901 5766 476 3708 6963 6060 14175
1699,488 495 10884 794 6155 3266 4579 2262 476 611
1700,5352 10716 14008 13694 12590 11665 6240 12987 5353 5356
1701,5577 11080 8775 7902 5549 3373 5422 3314 466 4226
1702,6178 11082 8224 7992 8434 1832 4645 4000 4507 14419
1703,1826 11084 9130 9520 3467 8191 2348 8069 11083 3843
1704,1226 7474 10785 6159 1707 747 3421 6240 1036 11085
1705,4867 3348 5828 991 5836 9946 6863 14259 3494 4993
1706,11089 8779 8818 5798 3198 2355 4805 11088 3257 4265
1707,11091 5435 4596 4407 1721 5686 3384 1011 9664 10246
1708,611 11092 612 6535 10375 618 9 941 7538 14717
1709,1778 2375 2371 6363 1321 4060 9192 6361 1779 6362
1710,3543 3544 3546 4773 1737 3539 8553 7552 7453 6336
1711,3271 3270 3272 5740 3955 2457 2362 14636 7118 6872
1712,6296 8490 926 6411 370 2402 6293 4152 7791 8528
1713,1997 11096 11095 11094 3350 10149 1996 12949 11093 2668
1714,6773 10746 10031 5468 13957 6501 1183 3437 4359 10782
1715,3106 11106 11100 11103 11104 11107 3003 3107 8152 1722
1716,1532 2820 10179 11112 2614 11108 11110 2742 6352 3465
1717,3992 7419 7822 8434 7737 10307 10304 176 9370 8432
1718,1684 11081 9561 3708 735 736 1981 7505 142 4471
1719,1150 1717 5139 1146 1145 1136 1708 1726 1725 1724
1720,11116 11115 10929 2215 7184 5466 3866 11113 7864 11114
1721,3997 7893 2848 2977 13170 7899 7892 9229 1896 5111
1722,11118 11119 1862 6542 2869 3693 9754 1721 8151 11120
1723,11121 1532 3465 11122 1166 2820 404 2742 6417 14405
1724,11126 8999 58 11125 9116 11124 3798 1367 15285 3055
1725,9078 11128 9077 1536 9076 9079 8215 3721 13703 9358
1726,9017 11129 9470 9018 4018 13268 9150 13577 12552 10620
1727,11038 4498 2945 5294 2239 6814 9563 2242 4222 13664
1728,3048 960 8820 3047 4199 6377 10487 2217 4725 9527
1729,8191 4313 3629 2333 4011 2336 3640 10470 10649 1305
1730,3859 1313 6879 6335 11135 11133 11137 11138 11131 5544
1731,11143 2174 11144 2933 10909 11145 2648 2644 11141 9141
1732,6540 7980 5010 11146 5006 14064 4357 14265 6548 5009
1733,5218 6304 46 4918 10493 4399 3316 2482 4014 10564
1734,1429 9712 2045 620 8230 1704 7217 6363 10869 9714
1735,9426 3205 11148 5580 42 7364 2575 8623 5466 7361
1736,5876 1826 3843 4063 1777 6705 4134 9194 2890 2876
1737,796 1646 3678 5315 5853 1446 1439 504 860 163
1738,2063 4978 10606 15057 3124 1035 2064 12280 3529 11150
1739,11114 3265 15261 4470 13679 13263 7436 4045 11785 9846
1740,11156 8460 4673 3242 705 10781 238 5010 11155 8292
1741,11157 5746 8700 5747 2 15090 8098 5408 8285 2210
1742,9953 3219 2462 5683 3202 11161 1051 5035 6696 6753
1743,6794 4648 4645 11166 4057 4058 4661 9350 6792 4647
1744,1458 358 10311 9882 11171 11172 6222 7565 8936 7867
1745,9284 8851 2043 2825 3458 715 3321 10841 10510 4772
1746,11176 6521 4378 9901 10551 9930 7284 2198 3598 55
1747,5098 8229 2285 2432 10145 2436 13120 13769 13768 2434
1748,11178 11180 11179 15172 5699 1469 11050 6134 9891 11841
1749,11181 11182 10114 4635 3492 9719 9121 2399 11183 913
1750,3635 5623 8818 5573 10641 10607 6702 5080 11022 6066
1751,8999 3055 1367 15276 7128 45 7116 7134 7113 11184
1752,8999 11185 7121 15148 15069 7974 14406 15248 14690 14951
1753,7423 7448 6258 2980 9562 4553 13060 6239 4604 6238
1754,11188 4053 2593 8100 11187 2598 2596 2594 2595 11365
1755,4865 4770 5140 10273 4350 11190 11189 2493 3404 1734
1756,1687 8197 4874 4343 11191 1760 4571 2953 10327 7133
1757,3811 9604 10976 9605 1101 6684 2309 2276 2722 5727
1758,11063 2718 4210 3251 3542 7453 1206 275 7971 8303
1759,2248 7877 3374 3624 2779 11196 2774 5065 6030 5072
1760,11208 8903 11207 11206 9111 11209 11205 11210 8758 8812
1761,11212 42 6434 10892 2137 8590 2738 8589 3599 8190
1762,6237 1232 4587 10459 6014 1017 6688 1034 5018 598
1763,879 1767 11216 4502 3581 4243 457 11215 4241 2024
1764,11219 6537 11218 6245 11217 12748 4447 7264 11041 14353
1765,11223 2547 4866 8391 4024 8990 1446 8530 11161 5077
1766,2371 11225 2375 11224 1778 1321 11347 4060 6364 11625
1767,6623 11227 1662 2438 1663 1126 6253 11912 9810 1664
1768,611 11230 10901 1752 3043 3471 7698 11229 2739 14550
1769,11232 11231 11701 1926 11702 11274 14469 10716 12566 6528
1770,9887 5882 11083 2168 4767 7327 7214 2348 3157 7422
1771,7192 2352 4778 4886 11234 11045 3316 3383 3022 10736
1772,7547 11236 11237 794 6267 11238 390 5270 5483 846
1773,2100 2779 8940 3609 3605 6264 2774 4349 4238 668
1774,7620 11239 6122 6227 705 238 4804 8343 4286 250
1775,1684 1436 1442 463 1520 2408 7778 14699 664 286
1776,7804 6613 8788 2725 11241 1699 8676 14501 13971 13979
1777,3160 188 11242 7371 9911 9923 12433 8724 3174 5233
1778,6203 11244 6097 1422 3329 2540 6206 6207 6205 5197
1779,11246 11247 11245 11210 9558 4594 6795 7722 7739 1524
1780,11081 176 336 2586 6198 3015 1796 9318 1452 8799
1781,11252 2011 11251 2010 6110 14681 4507 11572 11573 11570
1782,1742 11253 1741 1740 2801 7017 6818 11425 8487 8508
1783,3476 2475 7326 1371 4891 185 11255 11216 3109 12139
1784,7824 1058 9079 11256 8275 8213 8215 3903 11171 14043
1785,6982 7527 1596 1337 11873 5969 1269 4933 4631 9999
1786,11146 3602 3367 1419 5079 964 10359 2767 11257 11258
1787,11260 11259 2930 4568 5862 705 3242 10210 5425 6563
1788,11262 2942 822 4334 5830 66 4075 489 2200 826
1789,11265 11264 11034 11263 1266 8325 13826 4902 2716 5782
1790,11269 11268 9491 1572 7440 5607 7736 276 3869 133
1791,2371 7215 2375 1778 2374 1354 11347 7064 4060 2370
1792,538 4844 4839 6820 536 14808 9656 529 531 4840
1793,8808 1752 11271 3043 5193 13351 15088 1532 2816 14328
1794,11273 11272 4360 8697 6182 7545 6071 4229 6260 3015
1795,1728 1731 11274 3781 8153 13223 7379 12334 11700 12047
1796,11277 11276 11275 9865 10884 8062 1453 7599 10962 7597
1797,11280 11279 11281 11278 4040 9620 6790 14819 4046 8047
1798,11288 11287 383 11286 11289 7408 5368 7409 914 11285
1799,3528 2697 3358 4777 5501 2826 2692 1030 5424 189
1800,11294 11293 8756 1781 11295 8620 1329 3881 11296 10530
1801,10960 11043 10218 6826 2747 12467 7398 9221 3924 5621
1802,7087 3095 7900 12360 5360 7290 6399 4411 3691 9878
1803,9402 8242 357 6166 8623 349 6203 7959 7466 2351
1804,4780 6564 11302 9693 472 2141 3335 6560 3729 7184
1805,576 11303 10764 2288 11304 5358 5356 5357 13681 11265
1806,1795 1792 1852 2627 10000 11305 1794 6484 1790 1788
1807,2920 10412 13428 10875 6710 476 466 10460 6314 945
1808,11314 11313 11312 11311 11309 11308 4379 10038 11307 11310
1809,8971 5864 5045 7496 6338 11317 8937 9061 6345 7494
1810,11319 11318 12756 11436 5876 12370 10367 12257 13713 6364
1811,6410 6568 1213 11320 6681 1426 6280 1303 794 7
1812,11322 7175 11321 14714 10414 9236 10365 12282 3083 1011
1813,9407 2581 732 10281 3627 3821 3458 10664 2675 9112
1814,467 4468 10454 6216 1423 3206 14287 176 794 6038
1815,5583 11341 11173 6103 727 11326 7097 11337 11334 4120
1816,1778 2375 2371 1319 6363 1320 1321 6362 4415 4060
1817,11353 11355 4871 11354 1415 1878 5717 10565 14893 710
1818,11359 11358 9392 908 6170 4971 11356 6240 6761 9239
1819,4260 11361 658 4027 3100 462 9249 416 171 6035
1820,11363 1128 4051 245 11362 3721 3985 9250 5556 9570
1821,806 8578 385 3603 7248 811 1835 780 8690 504
1822,11366 11368 11367 4650 8663 4663 12993 4660 11370 4892
1823,2741 2614 1475 2742 6416 5345 2820 5998 1532 1529
1824,11372 760 4782 5080 3700 4226 4227 186 8469 9529
1825,11378 11373 8793 11375 1367 8501 6603 3271 11377 3270
1826,10627 11000 11382 10952 4743 5845 10999 10994 10997 1771
1827,149 10700 4385 773 5477 6191 1186 6365 169 873
1828,1452 2688 8619 8941 7972 694 3550 3604 4817 3122
1829,2881 1315 6360 7218 5536 2889 6321 1157 9645 1317
1830,11384 3945 7718 510 4869 9094 778 7676 462 2251
1831,5537 4615 4619 11386 4618 4622 11387 4621 4620 11385
1832,10510 10424 3016 5766 3361 4374 4324 5764 10474 2697
1833,9825 11388 9150 11389 14450 6558 1593 2440 5426 12988
1834,11390 11391 4302 7295 14979 11915 2270 12130 3503 14471
1835,2739 11393 6897 11392 6005 6868 1880 4357 10732 10347
1836,712 11395 11396 577 3600 169 5984 8952 7846 8473
1837,11402 11401 11403 692 11405 11404 11398 11397 14512 11399
1838,11407 11408 6483 11409 8605 637 2397 7748 11361 8701
1839,11089 4939 4765 6237 14511 7938 780 13179 3665 3559
1840,11413 11411 11412 11414 6069 7640 10024 4709 11415 11417
1841,6620 1596 5602 15026 6982 2301 2108 14281 8409 13832
1842,4968 8423 14202 8117 12009 14425 14069 3840 12011 14064
1843,1866 3846 4328 2875 1003 10843 1354 3688 7144 4329
1844,578 3943 11076 1409 6826 445 974 439 1387 9567
1845,1535 11112 11418 405 2820 1532 1166 2742 12426 2614
1846,7910 8687 1083 4982 7527 8347 10181 5864 10656 12492
1847,11420 4724 4305 10072 10073 8645 10071 4035 2869 4722
1848,11076 4745 9838 3887 1840 663 7528 6544 6182 6298
1849,9956 7005 3811 1815 3030 7826 2897 3620 3940 4797
1850,11423 11422 877 464 8654 848 4229 3740 10831 5500
1851,9711 9171 1279 836 9563 7362 6673 6375 450 888
1852,11427 11426 11425 6 11268 844 11428 4644 5071 11174
1853,5401 2587 1022 10781 8705 3710 4636 3826 7155 6301
1854,11432 11433 11430 11431 5599 935 14450 3656 3654 4753
1855,11435 11439 1721 5440 11438 11437 11436 9664 1136 10936
1856,11440 11443 4437 11442 11441 2490 7006 7135 6254 2503
1857,11446 11445 9404 269 9165 5339 13415 5712 2632 9403
1858,1953 6296 11447 1387 10721 10456 9649 6411 6818 13529
1859,11456 2634 11451 11452 11457 11449 11450 11448 11454 11455
1860,618 11459 1782 11462 10340 1206 11461 11458 1803 287
1861,8542 4461 10998 10994 9854 4145 10990 2881 7077 13785
1862,611 7052 11241 10509 10372 3556 10290 10371 153 10373
1863,780 7339 11465 5460 6039 6237 8415 518 2363 7735
1864,11467 3575 1621 1620 3638 2992 8950 7910 1734 6911
1865,4012 11468 4013 4808 11469 3970 1809 6597 762 282
1866,2741 11470 2742 7296 2314 6416 5998 2614 11965 14262
1867,9805 6167 1015 12566 11471 9682 4664 3665 1077 6165
1868,715 8748 8201 14939 4437 7047 2201 1404 1419 14504
1869,1323 6352 10208 2614 2820 405 3465 13344 12426 13578
1870,8525 2155 13050 1443 2358 10866 15169 1133 8486 14213
1871,11473 8853 2916 10499 1481 1489 13699 7248 10132 113
1872,5164 11474 5491 1096 1073 8170 2248 1611 3374 3410
1873,5197 6097 6498 4465 6546 6499 11244 12986 12305 4017
1874,6987 8045 8689 5742 9648 11844 9249 5035 107 4179
1875,10323 3794 4358 1222 1837 3948 6547 1266 4350 6692
1876,4135 2374 2370 1354 2371 2869 7062 2375 5672 2369
1877,7169 11475 1898 6617 3747 5246 6513 10049 12873 7049
1878,6698 11477 3267 10190 9877 11476 3526 3909 6528 3231
1879,10292 11479 605 4720 11484 11483 11480 10476 9771 385
1880,212 11137 4359 14440 14416 1313 3859 5772 5774 6335
1881,1419 5461 3378 1404 11675 8748 10435 6911 8673 8747
1882,11078 11489 11491 11487 10449 11492 11488 11490 11245 11077
1883,10932 11493 13672 5998 10529 2815 2742 6094 5650 707
1884,11518 11522 11514 11501 11508 11496 11497 11512 11502 11511
1885,1826 4416 4414 3843 2876 6364 10199 6735 1777 4134
1886,3372 6380 2764 1206 5276 821 3931 894 879 2729
1887,2820 1475 1166 2742 405 12426 3465 2614 1535 11524
1888,11525 3853 9234 11526 2655 10044 4023 10043 10113 4941
1889,11527 3752 11532 4332 2892 11531 4457 10582 476 3222
1890,11534 7694 9939 1147 2821 7695 5346 4282 6333 12765
1891,11535 10040 6573 8808 10525 6572 15102 2742 12884 14359
1892,11536 2869 1826 3082 1314 4617 3085 11537 1318 4607
1893,11540 11541 11538 11539 11542 10593 4795 10335 5916 2284
1894,11545 1160 11544 11543 9358 2480 13486 1161 6136 14798
1895,11546 3995 5891 11547 1940 11548 4710 6630 6631 6626
1896,9042 10174 2129 3964 2130 10362 1367 9043 794 11759
1897,11549 15067 36 13013 5787 3178 9134 1367 15190 13173
1898,11550 3622 3183 14710 5852 12347 4780 9033 3313 6579
1899,11553 11552 7674 7406 10506 11657 8322 8821 11650 6097
1900,1624 11557 11559 7022 11558 10596 10127 8710 2169 11554
1901,1665 8143 11564 9809 9810 6780 6781 11593 7651 1662
1902,2449 11073 3441 7828 4911 11474 4347 1083 7488 9293
1903,11567 6615 4073 11568 6622 1664 11566 6624 6623 6189
1904,715 9519 13312 2750 1850 11569 3142 5789 2491 11048
1905,11572 11573 11570 11251 11571 11252 2011 15218 2010 15217
1906,424 11574 4961 7495 14983 14874 14893 2556 1222 870
1907,6381 8352 4031 1028 6768 1908 11576 1787 12709 7914
1908,11577 7342 14673 8833 7628 7629 14671 7627 13488 9172
1909,222 10236 4997 3820 4975 9956 223 10128 1050 224
1910,1938 1746 4358 2908 9652 12965 11356 13888 710 2909
1911,3083 6553 4413 7784 1357 4687 2371 12211 1315 1721
1912,873 149 2763 686 169 466 794 476 478 4385
1913,11582 11581 11580 11585 11583 3720 8976 4588 11579 4858
1914,3491 9138 13778 13777 3489 8115 13776 3490 7653 9136
1915,3359 2131 3727 11588 3576 11748 1501 1161 164 3317
1916,3745 2054 11589 8678 2056 11727 4405 3369 3549 8604
1917,726 8843 409 7522 11590 9053 11591 11405 14174 13986
1918,323 236 9817 971 3802 6593 3736 11477 794 11927
1919,6099 1883 9026 13256 6101 2009 14496 6100 14454 14022
1920,4553 11151 730 3717 2254 7448 12341 10728 5630 12447
1921,11593 11564 6171 6349 1110 753 1846 14528 7264 12250
1922,5777 4196 1984 4483 3247 11595 9309 3555 476 13935
1923,11596 4838 11597 12473 12471 12474 12472 5570 12346 12344
1924,4913 4889 8350 4901 8349 7238 218 3237 337 3301
1925,2869 11598 1826 14736 7425 7426 7215 12332 8166 3094
1926,11601 11600 7998 7518 11602 11603 1877 5984 3851 7612
1927,10902 8614 204 2839 11589 11606 3526 8879 8238 4742
1928,11608 383 4555 3949 1436 10343 6386 1216 8563 6834
1929,3489 11611 11610 3491 9137 12684 7650 5255 12685 2393
1930,11612 11613 7702 11614 13557 7701 13556 12147 6 10911
1931,11615 11618 11617 11616 9699 11621 7976 7883 11620 11249
1932,177 11623 10618 3879 9478 2160 9474 9518 2527 5540
1933,2869 4626 6556 5129 11625 6555 11624 4139 6364 2881
1934,11627 8622 3262 5312 8872 5307 2565 1504 28 5989
1935,11628 11629 14192 12960 12142 6297 13570 9722 9507 8081
1936,9660 11631 4451 11630 2800 7880 11687 11688 14228 11305
1937,6685 6520 5353 8112 12572 8575 10870 6257 13882 12082
1938,11636 11633 11635 11634 12400 11263 12537 14046 14045 10467
1939,6345 1894 1895 9293 5864 8515 5054 11637 1750 7378
1940,11638 11640 1721 1155 7218 1151 10716 11639 9967 1723
1941,11642 4700 1840 6493 4963 9226 7328 3887 11567 8885
1942,900 6638 1728 779 4497 8677 585 1170 7379 12047
1943,1498 8577 11038 9286 880 4939 7310 4929 14142 9003
1944,10020 3456 2124 8972 6916 9131 3179 11443 9709 2556
1945,11647 7402 8142 7272 12981 9689 13679 7401 7774 12775
1946,618 1099 10178 1420 742 9923 612 3460 343 15065
1947,11650 221 11648 1227 6185 11649 1111 7934 8650 13840
1948,11654 1306 1102 5411 11651 8494 3006 14227 4289 3800
1949,11655 4559 4531 7104 7224 8232 4595 9591 3158 5435
1950,7165 8967 5711 7166 11594 5714 1268 7106 10251 6511
1951,1320 6362 1778 6363 9192 1779 4060 1319 1321 2375
1952,11591 7523 11657 9611 7871 9883 2431 11656 10506 7406
1953,150 11658 11659 4887 5828 4987 2734 3237 148 7564
1954,3055 6158 11660 11661 614 604 9392 7884 7885 2563
1955,8176 5464 8707 11662 11663 11664 349 4830 8706 14344
1956,11668 11666 11667 5107 5256 5976 8164 7059 5119 12200
1957,9221 4865 4497 2707 1392 2519 2493 4770 8940 10273
1958,6980 11670 7621 3990 8047 9181 10711 8433 11905 11669
1959,11671 4255 3821 8660 278 11975 8661 12668 5721 14295
1960,11679 11682 11674 11677 11678 8956 11565 2561 4811 4810
1961,4085 585 4766 1993 10660 1471 3746 49 5552 1964
1962,7880 9660 11687 11688 11305 2800 11686 9395 6785 6538
1963,8843 11690 5270 11689 5791 3832 9336 3439 751 8340
1964,6364 1826 11691 9192 1320 1777 4413 2371 6363 1778
1965,8887 11692 8886 11693 10892 12694 10184 7529 8885 14437
1966,11696 11695 11697 11698 11694 11195 8560 2248 3374 3624
1967,466 4991 2711 5509 775 1653 6960 464 11699 790
1968,11701 1926 11232 11702 7962 11700 3781 14835 14255 8059
1969,8255 8254 11703 5317 4778 7472 3407 5568 2014 8476
1970,7483 11706 3127 11705 1546 6244 6580 5323 4472 6934
1971,5720 3185 2779 4238 1393 3916 6645 6851 4251 5079
1972,7165 7166 11709 11710 6435 4750 7105 2901 9589 2865
1973,9976 11711 7405 5898 7174 304 10167 8555 2710 8056
1974,11713 4143 5458 3390 547 1077 4144 11830 1750 1068
1975,169 712 5984 7846 8473 8952 4854 577 5983 4973
1976,11714 11715 11716 13721 1635 13945 4654 442 9118 3380
1977,8208 5959 11719 10140 8504 837 5307 11718 6916 2516
1978,1660 11720 5621 5022 15096 8669 12108 3945 1328 8616
1979,281 1090 3645 8714 8972 8719 4032 6899 2578 6889
1980,7527 9277 2346 10166 7143 5969 2699 6785 8576 14056
1981,11723 8443 10099 7058 9755 11721 10075 11531 11722 1828
1982,7249 10056 8341 13854 7229 405 2742 6415 2820 192
1983,11725 15145 14545 2853 6367 5527 5962 4184 7505 15136
1984,11726 2973 9278 3930 1414 912 4419 2972 2970 2978
1985,3699 3705 11727 5083 6029 8188 4762 3708 1206 3362
1986,11730 11728 7478 11729 7529 1809 13733 10184 2725 107
1987,1067 1014 222 1051 2318 6336 5343 3544 1076 3546
1988,5206 3369 6780 8604 11731 11732 11238 11733 2054 3961
1989,5386 4876 11734 3931 3318 3359 10972 1785 1433 3827
1990,8699 2239 689 11736 695 11735 6021 736 8664 24
1991,1778 7404 2869 5448 2883 11723 5449 2890 6362 1319
1992,3462 11664 11663 4261 190 11175 4307 18 2751 19
1993,11744 11743 4563 11742 3089 1522 561 4562 4565 4564
1994,3222 5155 3223 3399 2307 10378 769 10663 743 1803
1995,11746 5756 870 323 1728 3856 4303 1684 424 7421
1996,3262 11747 11627 2221 5195 12426 2614 8622 13330 8872
1997,3262 11627 5195 11747 8622 8872 5312 5307 28 2565
1998,196 26 1737 8984 5046 9985 3734 3527 8733 8739
1999,1778 1320 6363 1321 9192 6362 6361 1779 1319 2375
2000,2614 2741 1166 2820 2742 3465 1532 3464 5998 405
2001,7344 10176 6382 9149 8365 11751 9313 698 3153 3479
2002,2629 4913 8484 8350 4901 4887 2484 186 5820 3237
2003,2820 2614 3465 2742 11754 405 1166 1532 1323 12426
2004,11756 10907 990 7019 7677 6483 3659 10107 11327 8605
2005,777 4080 2838 6749 7814 3112 2295 3908 1804 4490
2006,11759 7915 1830 6217 9249 7341 9318 7815 2448 126
2007,2711 11761 6680 466 6008 821 15029 2326 464 1460
2008,11763 11764 8816 13549 13547 7428 6393 13141 13142 11021
2009,11766 13397 11984 13045 11967 13396 13570 3952 5102 3906
2010,11767 7177 11371 3604 5563 4656 12850 7179 7180 7178
2011,1077 1015 4143 1068 1086 1085 1049 1087 1084 4144
2012,11768 1001 6703 7065 11057 1445 5422 12491 5689 2893
2013,7389 3882 1905 8071 9686 12128 11930 3923 6572 8811
2014,11769 7209 14864 12479 7204 7203 10063 561 12081 6772
2015,707 8470 323 9593 8931 7482 5769 9594 5762 10064
2016,1121 11772 2843 1119 3428 11770 9393 8021 5244 8870
2017,994 1191 7830 4178 5140 7718 10170 8622 12324 5147
2018,7985 7721 3489 11774 11773 9327 13709 4381 12694 11610
2019,3846 1866 1354 10843 3688 2875 1003 4609 10193 1357
2020,1778 1320 11777 4139 6362 2371 1319 3001 1321 4060
2021,350 9531 7770 351 349 7955 8241 10727 339 3776
2022,3667 9536 7078 7065 11778 7075 1003 9535 1007 3074
2023,7659 11783 11781 5010 7660 11782 8992 11780 701 11779
2024,209 1761 10631 1515 1762 6327 1764 1304 13571 439
2025,11409 6619 5716 3285 11786 6477 2699 8921 9885 5700
2026,1001 11788 8760 4136 8604 11438 14319 3888 1002 4608
2027,4229 1062 7037 6260 11273 8697 13212 10509 4360 11272
2028,11791 11334 8178 996 8171 8172 6129 8175 8169 6437
2029,4304 11793 6404 11795 7269 7273 10002 11792 11794 986
2030,900 11796 7948 4497 8116 11912 6168 779 11911 6638
2031,11797 11801 5662 11799 11800 9748 9747 11802 3843 8541
2032,5490 4031 462 5489 768 9046 251 11803 848 5488
2033,1011 1863 1316 2888 9547 5449 1141 11807 11808 1859
2034,583 2677 3752 890 2457 11809 11810 4301 11527 13350
2035,9719 6791 4635 122 2474 5220 5504 8180 11813 11812
2036,1617 1618 235 234 1622 1619 11814 1621 3213 4812
2037,203 7488 5166 4479 5396 11815 5946 9974 7479 7210
2038,2375 2372 2371 9968 2379 1778 11347 4060 1320 1321
2039,11817 11818 4934 794 8935 11360 4029 4027 11087 2067
2040,3807 11819 304 3804 3806 3809 3808 9976 12771 2897
2041,9278 11820 11726 323 3930 912 873 4419 1414 1688
2042,11821 3150 6713 8398 1345 4865 12591 7391 12873 8519
2043,11831 11829 11823 11825 11828 11826 11833 1900 2716 9489
2044,4858 1963 1100 2762 4188 6017 9249 443 4091 4399
2045,3811 10347 323 769 3181 1206 4256 4474 6005 1728
2046,5296 6843 6846 5295 5294 6840 6845 2830 5293 4871
2047,11836 4127 2558 15245 4788 15019 8580 12512 3800 2016
2048,11838 11837 9688 1766 7286 4310 4841 3128 1419 5558
2049,4416 3000 4414 1007 1158 89 1826 2876 3843 6364
2050,11840 11842 11841 11839 6510 6513 7168 10205 10658 6174
2051,5742 9249 9648 11844 6987 11843 2079 1237 12093 9372
2052,11846 11847 11845 6869 7712 11299 11099 6316 1136 1145
2053,6706 6364 10096 7098 10098 7059 10097 10099 7099 5867
2054,9432 9434 9431 7086 9433 4381 9506 496 10693 13654
2055,7583 3891 9517 2402 10277 10948 13342 13729 1297 365
2056,9808 11849 7219 1846 1700 1845 6785 8114 11848 4450
2057,8513 6806 14083 8514 7554 6555 5447 7427 5163 5449
2058,1222 7936 11241 11574 4747 6692 10374 11711 4358 710
2059,6622 11852 11807 10753 4449 13892 12322 2979 1084 8551
2060,2717 2075 4374 1195 10005 10317 1388 417 11853 2077
2061,9249 4007 7969 8520 6175 8856 1385 7928 1412 12294
2062,3348 11323 8273 7531 8350 1110 4427 121 2477 10648
2063,4056 2663 8214 3572 11854 3566 1635 4057 12949 1997
2064,578 464 2453 8397 6002 419 2000 4350 4844 476
2065,9082 1733 2099 6828 5411 6870 14516 9081 476 1734
2066,11855 8442 2165 4071 6441 1347 2570 2526 1090 478
2067,2305 9248 1394 13618 2152 3375 1805 6822 1212 14518
2068,7260 4535 11856 7945 9661 7943 4533 6854 7543 5156
2069,4332 5933 11858 11527 3752 11532 2769 4757 3222 2243
2070,11861 7776 11860 475 11859 5991 9782 13825 13454 14609
2071,10762 1103 3748 1050 8294 1484 1280 2826 3539 11830
2072,11866 8823 5076 11867 11865 3902 11863 10740 3714 11864
2073,9826 7934 11639 3671 11869 3859 230 9807 6251 11638
2074,4505 7357 7833 10308 8431 9703 8433 6380 2218 495
2075,8909 8910 8911 8908 8912 11693 8913 8886 5942 8887
2076,11872 876 994 1673 11871 7941 13830 13829 12324 4965
2077,11740 9565 11873 3102 2213 8640 10339 2458 8659 6801
2078,4609 10752 10843 4036 2372 5450 3842 3846 1866 2375
2079,7925 2910 6466 5299 11745 6467 4845 13724 9717 9716
2080,11193 2781 5400 1811 4422 3248 4326 3632 7834 1585
2081,1050 4131 9956 8294 4006 5398 2826 3758 4453 6859
2082,11875 5503 11874 11940 11421 10703 11637 2729 6763 11006
2083,11408 1263 7517 10150 7521 3404 5147 10152 2547 9283
2084,2820 2742 2815 11878 1166 3465 2614 405 12426 1535
2085,11882 5044 2806 11606 8972 5236 10176 12687 12686 7906
2086,11883 11884 7678 9331 10986 15163 9830 5788 9999 14566
2087,7098 3882 10995 11548 7099 10994 6353 8760 8807 8805
2088,7757 10605 11680 13800 13801 13802 13803 10079 1634 6303
2089,2907 11886 11888 2649 11887 11885 9942 1115 5967 2909
2090,4787 2921 11447 13571 2924 4973 7718 569 7953 1263
2091,10067 10068 9628 9399 12660 9625 12661 12664 7554 12662
2092,7078 11893 9536 11894 11896 1005 1007 11895 8405 9537
2093,5998 11899 11898 6990 2614 6994 2742 6995 1532 11897
2094,2781 11836 7519 3191 3202 7901 3931 7521 775 2016
2095,518 11465 2213 9619 7039 3917 5720 773 8601 7339
2096,6591 8364 875 2357 2702 2353 3531 1086 4147 1831
2097,2709 9993 8223 5550 6166 1647 9876 10417 2701 9570
2098,11901 4154 11900 14519 253 13216 12387 9371 12960 4123
2099,11902 424 6342 3458 2571 6143 2585 2960 4845 10564
2100,256 249 6204 8083 8918 5509 2472 4863 9484 173
2101,2809 7621 11789 11906 4453 1484 7417 11830 7798 1623
2102,11908 11907 14533 1126 13770 8032 14006 13841 9973 9387
2103,3043 3044 5096 1752 3984 2560 3749 5070 2270 4865
2104,11912 11911 11796 717 11910 11909 11227 15163 6782 13420
2105,176 1452 6369 4501 1579 2057 6438 11913 11015 5069
2106,7803 7802 2728 7801 12081 6146 1267 5899 9696 2898
2107,49 3403 3599 7294 11916 437 363 9773 2141 11915
2108,2781 1732 2933 10473 10517 848 3931 13048 1686 1206
2109,11924 10556 9080 10628 4060 11925 11000 1769 11923 10991
2110,6617 5325 6909 3920 6540 6619 6621 5486 6622 3747
2111,11929 11928 11927 11282 10677 11926 300 236 10694 9817
2112,4360 11931 1757 11930 10583 2582 1004 8740 5150 3681
2113,1172 1800 4869 10477 1426 9295 149 128 824 778
2114,4972 3109 522 1869 11933 7511 9037 2071 5790 227
2115,8317 778 3574 3100 6920 1973 6641 4 2772 4030
2116,997 7339 2629 3147 478 2018 7463 1551 287 2630
2117,11934 5608 3418 10022 4439 7143 3850 8705 8403 4196
2118,11906 11935 5278 5236 2784 4227 6980 180 3556 8568
2119,11940 11421 11637 11875 10703 7401 7253 9018 5503 8644
2120,5972 4382 10169 3135 7003 4383 9002 3201 12085 15191
2121,478 1633 11943 1293 11944 4369 5185 1294 2786 1637
2122,1118 7644 3498 3659 14295 2827 11229 7645 1626 7019
2123,1165 2744 1533 2742 2820 1166 2741 1532 12426 405
2124,11946 1462 1465 1464 1395 1463 1461 5102 12037 4853
2125,1320 1321 6363 1001 9194 2996 1778 6362 1319 2375
2126,11947 7755 11948 3838 7756 13627 10609 7753 7352 8860
2127,1011 1317 1001 4687 7427 397 1719 4132 4134 11949
2128,11250 10882 6408 7001 11952 3509 8569 1768 10451 2690
2129,2210 1282 8896 10464 4850 2588 2342 12847 8098 11157
2130,3055 6897 11126 3823 13626 9804 4820 15247 6791 10446
2131,1880 6868 11754 2739 15147 7726 13129 10965 23 2549
2132,11956 8471 7746 1800 13027 13028 7173 10839 13464 12432
2133,3055 11126 13626 15247 4820 6791 7994 9957 3056 3058
2134,10155 9405 10295 11958 6903 5233 11577 9939 1813 2506
2135,2375 2371 4132 1320 4060 4687 1778 9192 4688 1779
2136,9884 1568 10908 3697 8457 1200 8745 3556 433 5728
2137,3811 10347 287 2319 1649 7700 1101 7699 2309 14893
2138,1396 10415 11960 4441 6047 686 11741 237 15118 4031
2139,7100 656 982 6500 8302 12585 13484 12108 4061 1400
2140,1679 6226 11743 11964 2722 1680 9475 11963 11962 11961
2141,11968 7349 4701 8323 11969 11967 7351 12564 7352 1885
2142,11970 1338 11136 120 2488 5209 3359 1340 2495 1339
2143,11388 11389 8668 6652 11974 5410 11443 11975 1286 5316
2144,3579 383 11977 6332 385 8499 386 9254 9020 102
2145,11190 2220 8988 482 6869 3935 9274 6563 10459 8445
2146,11979 6884 11978 9225 4530 1179 6952 5788 3428 1878
2147,352 5822 119 3274 2610 14398 15089 12276 10695 3316
2148,8704 4223 3100 4219 3555 2784 8516 3712 625 796
2149,11982 6930 4728 11981 6726 11076 2444 5851 6107 4586
2150,7215 11988 4707 2886 11987 10989 12162 572 1771 1354
2151,11992 11991 11990 14548 12079 12078 6320 9643 13786 4678
2152,3745 9544 11727 11993 618 4405 6948 612 1577 5359
2153,11996 12000 11999 11998 7823 11995 11994 11997 11589 12001
2154,5814 7131 5742 4902 7716 8776 10540 8324 9648 2258
2155,463 9250 2448 323 163 873 794 128 3250 760
2156,8291 4457 1260 3857 5858 1261 11527 3752 4332 11532
2157,1529 12007 2614 2820 12006 3465 13200 1167 1168 2742
2158,3085 5447 1318 1724 2869 10199 14736 1826 1011 11536
2159,8423 4968 12009 14202 12011 8117 12010 14425 14069 14064
2160,6155 12012 10835 9042 5085 6823 12014 12015 7633 12016
2161,6863 9802 11814 9188 9187 9910 12018 9203 11094 7923
2162,8802 3570 10014 3569 3564 7324 14605 14604 3565 3568
2163,841 12022 3707 9653 1233 1236 1235 8658 6519 3473
2164,2979 12025 626 1746 5498 12024 5382 6622 7605 13764
2165,2721 4067 3509 4478 8898 9848 15243 7138 4639 4637
2166,6586 11648 11274 8430 14104 11650 1227 1111 2905 14175
2167,12027 12028 6414 15038 7393 12842 7908 4790 13577 1480
2168,8761 9123 7333 9075 995 12842 9073 9074 6940 9124
2169,576 563 12029 5358 5356 5357 10271 13681 7401 956
2170,4764 6045 4016 5791 6471 476 5972 794 5580 1065
2171,5065 5299 5033 473 5073 5029 5072 3857 5067 6030
2172,2314 6640 3155 11965 13318 9465 4591 1475 10015 2157
2173,4901 4905 3237 12018 9499 4899 4900 4638 4903 88
2174,12033 5885 7939 7987 6621 6187 13358 6619 10862 6622
2175,3359 1074 8246 6561 2472 12034 9181 3317 8492 88
2176,6589 12035 11288 12036 7719 13548 14674 1479 10224 11287
2177,12037 7302 13285 4966 10123 127 5102 10504 4853 13803
2178,12041 3859 2845 1716 7895 12040 11839 12039 8236 9836
2179,787 1213 797 7958 4085 10420 870 6411 5972 794
2180,5596 3683 1766 7400 7403 964 9044 3210 4291 6648
2181,12043 7833 757 4857 6367 8940 1963 2460 687 4206
2182,3242 5793 11075 1793 8978 705 5426 4568 3240 11260
2183,7139 5210 170 3602 11073 6054 1411 9703 14534 12045
2184,12046 2348 10231 9693 4322 11083 9675 8557 3299 6677
2185,12049 1728 9966 11700 7379 12047 1713 12048 7571 14835
2186,8858 1239 8790 2068 4183 8860 8859 10177 1855 4869
2187,8874 843 3131 3470 2755 12050 11761 12051 3959 11483
2188,12056 10453 2218 10529 1502 7622 12218 13435 5323 13977
2189,12058 3808 7546 7554 1887 12057 4606 1724 5857 5460
2190,12062 10362 6836 12064 10169 12060 12063 10563 4553 12059
2191,4882 3009 7558 7237 4899 3010 3238 4883 3380 8624
2192,6990 12070 11111 4791 14803 11822 6995 4514 9788 11108
2193,12076 12071 12075 4132 12079 4688 4687 12073 7074 12077
2194,169 2309 2262 1252 745 5958 5957 3811 149 466
2195,12082 1629 12081 7625 2982 7104 3861 11375 6541 15125
2196,7002 12083 7658 14143 14911 10765 6622 15121 9190 15123
2197,4635 2480 5828 2495 4993 4987 4815 3872 11443 5835
2198,3811 879 3544 1737 3546 9800 4398 10710 5980 4092
2199,1778 1319 6363 1321 6362 2375 2371 1322 1320 4060
2200,3465 8709 6417 2614 2820 2742 15257 11122 1532 11121
2201,12085 10169 12084 15192 10561 14729 13214 5273 14147 7246
2202,12086 1951 8521 3771 5712 4385 11149 6638 4758 5917
2203,7805 3152 3950 8855 7910 4261 375 4788 12087 2556
2204,12090 12089 7782 6844 6327 12088 2059 6331 15127 12200
2205,5281 56 10140 742 7549 7465 2523 2509 7550 7548
2206,7756 8215 8392 2662 8214 1635 1996 12092 8216 7903
2207,10542 8617 1184 8544 12093 11113 5974 239 14035 8545
2208,12095 11843 3209 10472 3036 6964 10586 6596 6022 5549
2209,11956 7173 3594 13464 7746 13221 3599 3598 1800 8471
2210,6304 11812 466 2035 10906 3377 11654 3641 5217 6470
2211,5898 11029 13032 2131 3982 4595 9976 5897 5112 4710
2212,2614 3465 2742 12098 2820 2741 13578 1532 15259 6417
2213,2657 8882 2206 10094 14082 4852 2651 2655 5264 10481
2214,12099 5514 12100 2807 3493 4305 5944 5943 11750 2110
2215,8993 5036 12101 1088 3876 2449 5346 501 5347 12716
2216,7198 4076 8603 12002 10759 3147 1476 1495 6833 14388
2217,12104 5328 8315 12103 681 11652 3019 5377 2444 191
2218,12107 5323 2332 2565 12108 4001 11301 9481 7192 9927
2219,12112 12126 12120 12119 12125 12122 12113 12121 12116 12117
2220,9680 8666 522 2250 6438 4497 173 7551 2245 3153
2221,10265 8419 5096 8493 3857 3823 2556 12129 627 9337
2222,46 104 12133 5304 11672 5141 3805 5151 866 12132
2223,12135 6835 1877 8859 4410 13759 8004 14623 7999 11601
2224,10151 8842 12136 11590 10148 12137 8119 8228 8118 7704
2225,2457 385 5237 38 7466 3971 476 3644 383 5236
2226,11642 3887 7328 8885 8115 9458 12156 3665 9650 1840
2227,163 3517 3553 3048 9527 4199 1571 4776 7616 7287
2228,12141 12139 12140 11719 6946 116 3533 3814 575 7559
2229,3037 687 7507 6367 3186 7412 14430 13977 3032 1648
2230,4941 3487 1268 10113 7382 7801 10387 10638 10637 7106
2231,12143 12147 1721 12144 11085 12146 12148 7743 7287 1749
2232,1011 5687 10899 9534 7427 10199 5447 4134 7057 2870
2233,10408 7292 9502 3998 10409 7938 3665 6778 13179 7990
2234,11752 3143 9936 3155 331 6040 12271 3168 11270 2603
2235,5535 7785 9548 12151 1779 9666 9547 4598 9192 11385
2236,12153 6815 2407 4318 2698 1369 1371 8349 5611 5275
2237,4194 10227 7696 580 6569 11760 12021 1393 10908 3768
2238,12154 12157 12158 6109 12156 4466 11021 12155 1119 4695
2239,12162 7978 12161 6629 7485 6540 3999 10269 12160 11475
2240,873 8189 771 2675 5544 9259 2500 686 9223 14849
2241,8971 12163 3244 9061 3240 3134 1732 3243 5956 4353
2242,171 774 9620 12164 11235 5725 149 10163 466 6293
2243,286 12165 9552 9253 1684 10373 10372 10417 9553 2879
2244,7816 831 4573 4223 3316 3831 3350 2494 4249 3348
2245,2875 2874 9751 7817 4693 3668 4599 7554 7818 4138
2246,12166 11168 819 1798 4994 3252 9196 1961 3175 795
2247,8190 7954 4474 4469 14579 8944 11654 1500 6836 14227
2248,3317 12167 7508 1345 4223 778 5079 1967 4217 4031
2249,6032 770 1382 6967 1447 10649 15014 2586 611 2448
2250,2457 1302 11113 4478 5466 12168 10239 476 11116 7184
2251,7716 9359 12170 11480 12169 3 14629 14630 14627 12785
2252,7088 3105 11811 504 9153 5047 292 10402 3946 4635
2253,6412 12171 8274 9289 10057 14377 4713 4718 1541 11211
2254,5553 12175 12174 6647 1586 9365 3709 12177 12176 5131
2255,3547 6388 5185 4369 12127 9475 4297 3296 11830 8404
2256,3829 1936 1592 4696 6692 5104 3771 5357 1680 12129
2257,2448 7696 2829 7697 182 1569 6013 7497 4757 176
2258,12182 3896 9032 12274 5349 8825 8102 9350 12181 12180
2259,12184 4564 4566 3380 13382 14370 4565 569 14587 4563
2260,9610 1130 7760 8086 7306 13388 10553 4153 2160 7322
2261,1871 1295 5400 12185 10275 4779 1419 12186 3583 3723
2262,1896 6620 639 6616 12187 2108 7892 1946 6949 13402
2263,9260 6526 8396 8397 8475 3602 7544 9365 9056 1630
2264,12193 12192 10617 9081 1332 503 5455 2680 5680 10129
2265,7953 12196 2859 4787 2422 9438 2421 567 3661 14894
2266,2637 6153 350 6152 6154 4830 2118 12189 9911 6150
2267,11668 8824 12199 5256 5976 3414 12200 5119 8162 7059
2268,12202 8718 4996 6261 8854 9002 8721 2075 5330 8199
2269,46 12205 1300 11392 10732 4925 6825 4924 14005 12545
2270,11359 9239 11358 6761 9392 1124 5244 5243 9393 6531
2271,7077 6847 12209 12210 398 5449 12211 10461 13785 12933
2272,879 775 889 7504 466 794 2762 43 871 1648
2273,6770 4309 12212 9823 7518 6501 7809 6837 10034 7808
2274,9702 11073 3278 10334 11329 10763 7828 3309 769 3311
2275,12213 753 11742 6621 1431 1124 8021 4796 7896 476
2276,12217 12214 10197 1792 10194 1941 12216 1794 6946 4873
2277,3512 8437 8746 12221 371 218 12218 11726 12220 12219
2278,12224 12225 8127 15188 14153 14181 8459 4450 6298 13207
2279,3700 3709 661 1230 3487 1243 3698 769 598 4236
2280,5096 2270 4302 7295 11915 11390 3043 9349 2802 5070
2281,12226 3888 8378 12227 8231 10431 638 9373 9374 11385
2282,323 4130 4129 4125 10510 1206 11419 4128 9140 12653
2283,207 870 3191 5612 8953 11250 5620 1297 5621 357
2284,10349 10350 11227 12228 10352 3672 6159 12229 11438 6169
2285,12230 6472 8675 12954 13121 13468 7871 1016 1076 4379
2286,8680 8861 2275 5922 13236 5685 7108 1712 12913 11757
2287,12233 12231 390 9183 9998 9581 12232 1472 8795 10174
2288,263 12005 7954 12236 8688 12235 262 264 14606 12859
2289,12241 12240 12237 11225 12238 12242 12239 11436 11891 7785
2290,2643 2646 2647 2642 2640 2639 2648 2644 2649 6126
2291,3834 1285 3280 1760 12018 8273 8053 1501 1161 10976
2292,2116 1480 11706 5360 197 9089 11323 7836 14997 10531
2293,11345 3180 9049 10832 10340 5359 5769 8258 7679 9058
2294,5181 7835 1212 6700 1234 3635 6039 10471 4212 10474
2295,5255 1895 11610 2393 1894 1893 1892 1896 1891 12552
2296,2159 10241 12245 9396 852 5321 3477 7716 8365 454
2297,12251 12252 10584 5640 10316 716 6728 12250 12249 12248
2298,3170 9174 3171 13139 8399 3162 10619 8670 13173 13174
2299,5688 8851 10134 5036 2252 9297 6574 9749 5447 4132
2300,12257 12260 11641 12255 12258 7217 12256 11436 11437 1775
2301,9447 188 4669 4 2103 9569 419 10439 1433 3556
2302,12262 7102 8981 6364 11798 4138 11802 8980 4461 10355
2303,12082 6520 8575 6244 10716 10810 4674 6476 6785 7651
2304,10456 12265 3775 6819 2739 4705 3012 754 2005 4696
2305,1888 1076 8294 12267 5863 863 508 1051 9975 387
2306,1997 2668 12268 1996 8214 11095 11096 12949 3274 13944
2307,11033 12269 7249 6415 11913 5365 4593 2830 10064 5745
2308,10459 3749 9523 11256 2215 5022 2357 8185 11718 1368
2309,2741 7395 11365 11112 2742 11188 6416 1532 8312 2614
2310,12273 12272 9781 9780 611 9587 7732 3598 2516 96
2311,12274 12182 12275 8757 13608 12093 13432 1128 5 14453
2312,1721 4403 4597 9751 8152 3075 8161 10098 8164 12655
2313,6259 630 9223 7115 3019 6239 6238 6249 6188 6250
2314,9441 9601 285 2059 6711 12278 3314 1507 12176 9596
2315,12279 9937 3502 10634 8225 12973 7250 2182 811 4399
2316,12280 2767 6575 4180 7417 1192 461 8994 242 6579
2317,4313 12281 4121 14390 2405 9704 8113 6725 4486 4937
2318,12283 12284 3914 4160 10826 15139 14561 13491 13594 13499
2319,1555 4174 3466 12285 3879 4865 3695 12097 8950 6679
2320,1097 3112 3739 3115 7814 2692 2295 3114 4490 777
2321,12290 12289 13381 12292 12293 12288 12291 12675 12674 15253
2322,12294 6175 12295 7813 7812 9249 7969 4007 8520 8856
2323,8523 2540 6300 3378 5829 5834 4986 5825 7329 7317
2324,12297 2259 7504 2260 1987 13036 7251 8476 3855 7210
2325,12300 12299 10971 5399 12887 1933 12892 12520 4379 9323
2326,45 4017 9119 108 3019 14298 1368 8999 11376 6546
2327,12301 12302 6353 13701 6989 13349 7686 13960 13352 2614
2328,9610 1130 13388 10553 8086 2160 4153 7306 7760 1287
2329,3242 12303 2650 8373 11701 10633 10632 705 9275 11702
2330,8982 4407 5667 10988 1721 1317 7554 9664 8152 10246
2331,4122 5096 2802 7733 8179 244 4195 9349 9024 11481
2332,12306 12308 2257 9138 10219 8962 3734 12307 5916 1096
2333,6833 476 7198 3945 1213 173 836 6678 6088 4695
2334,8315 186 4915 8311 5820 4916 3359 3368 8313 12104
2335,1343 8508 12313 7753 1742 12314 11284 12316 12312 12311
2336,9891 12317 8044 4554 12318 744 3111 6063 5688 3443
2337,601 9439 7357 83 10308 8658 5512 7821 3291 5488
2338,12047 11029 2446 10044 11732 12320 12319 7379 5902 1713
2339,12322 10753 10857 10747 1839 13194 11852 11807 6622 10193
2340,11115 6693 11116 8426 5205 10929 7184 2215 3866 5466
2341,3811 769 686 466 2703 2309 1101 873 10347 476
2342,3067 12323 1070 12900 13166 3065 3064 3068 3066 14217
2343,794 5420 879 6386 5067 3223 5186 5034 7928 9947
2344,4360 8203 1169 13766 7250 383 11273 8697 7886 1757
2345,7711 12326 7946 9398 11708 6058 9824 14542 13479 10183
2346,10492 10498 7088 2993 4320 6701 6560 1029 11643 11739
2347,10572 12327 1103 2101 10142 3723 5396 6980 8339 1484
2348,12329 12328 8712 6837 12832 14664 11246 11247 645 13318
2349,2864 11986 10899 7171 10088 4414 7094 4134 1826 1354
2350,4666 12330 4667 12414 4054 6323 14695 15020 14423 9756
2351,6719 12331 4899 13781 6725 11368 4892 11367 14018 4905
2352,9235 12333 1011 1721 7222 7057 12332 8541 9534 5687
2353,12335 9658 13598 13439 13601 11541 2386 12884 7593 13353
2354,3717 12336 4905 9660 10678 9499 2800 1316 4901 11687
2355,12337 1181 9282 7727 6908 178 1334 10371 6998 3471
2356,12339 2263 2273 6303 12338 6467 14569 12869 10447 8250
2357,12346 12344 11597 12342 2315 5391 5293 7585 7299 6755
2358,3242 4045 7267 4569 5730 5609 605 11484 2923 631
2359,4841 9531 12347 9181 10661 350 14092 7771 1436 3921
2360,12350 11910 10068 10069 4139 12349 2373 9625 11989 7554
2361,12352 5897 10122 9103 10337 11032 9806 12351 4964 5896
2362,4349 5595 2779 4238 2774 6044 3708 4004 4235 2100
2363,12357 11523 12356 12355 11342 13109 7647 13110 13108 8518
2364,12360 3634 7287 4083 10984 4888 696 6086 2290 1854
2365,11090 12361 4454 12019 11681 5063 3936 4503 4769 876
2366,10456 1953 10721 12265 14071 11200 9649 13529 6818 13367
2367,12362 9249 1544 3114 3753 13132 4757 9343 1808 2079
2368,1269 11189 12363 726 13956 8988 1337 9826 6982 12131
2369,12366 12365 1 14659 5565 14024 6819 10967 13072 14034
2370,12368 12367 12369 1136 1145 11099 1144 11847 9437 2996
2371,8935 11960 11140 1284 8782 7829 425 6700 9087 12765
2372,12372 7296 12373 12159 1945 12371 3637 11105 5118 11771
2373,1491 3971 1402 4178 322 10614 14206 6684 323 3627
2374,4688 5848 4132 9753 6323 9626 396 9628 4687 395
2375,12332 9969 1011 5686 9629 1776 12376 11434 4596 10751
2376,12379 5954 12380 559 11117 4860 5322 2256 10138 3294
2377,10381 11424 2148 14341 11235 5961 9 10380 14952 2319
2378,4805 12383 5425 9655 10419 2071 5424 124 9526 5218
2379,12386 12009 692 12387 4968 5514 14202 2828 8423 5674
2380,12392 11354 12391 1003 10565 12390 6852 10508 14615 12389
2381,1460 1206 1686 2133 878 4085 10100 2767 4031 3645
2382,12393 12398 12397 12396 12394 12399 3967 7914 11671 7570
2383,9686 7389 12128 11930 5735 3923 5734 15019 5737 5736
2384,7806 12402 12401 3889 12400 10788 5485 3113 11529 5395
2385,12403 12304 6141 10784 12404 1446 3891 12405 3948 8247
2386,476 7194 12128 3908 1445 7800 8219 870 9569 10236
2387,5197 4465 6097 692 5196 6498 2699 1110 6627 6631
2388,12406 8892 8670 8894 624 11953 2033 2556 3407 6329
2389,7940 4068 1374 1352 14146 1700 3906 13961 8114 6183
2390,1136 3666 10088 1145 1146 7215 1354 3074 5686 11778
2391,12412 12415 12414 12416 12408 12411 12418 12413 12409 12410
2392,12419 14519 6480 14424 9506 10593 13278 13654 12861 5102
2393,1997 1996 11095 12949 1994 1995 12092 1044 8629 8216
2394,12420 5096 11481 837 5509 9349 5097 5466 4327 4122
2395,666 1250 9496 5796 1216 3119 8819 2030 11705 10134
2396,8887 10184 7529 8886 11730 7657 14437 13765 8885 14093
2397,2457 3926 5050 10357 9710 3931 2781 4876 3924 4480
2398,4056 1181 2663 2591 4058 8214 3572 13944 5222 13461
2399,12325 10531 983 7267 6786 2238 2254 2363 12422 964
2400,9390 778 4946 1685 3472 4246 6920 4937 8763 9468
2401,3771 5357 3829 5356 14393 11711 1936 14693 692 2678
2402,3479 7483 666 8558 275 11705 3398 7286 9149 334
2403,7946 7781 7711 12326 9398 14542 11708 6058 2256 10183
2404,2614 2742 2820 3465 5998 1532 12425 2741 405 1165
2405,5852 6579 7290 11550 4780 3313 3945 6575 9033 196
2406,12428 1646 870 1488 2739 7958 5580 40 869 469
2407,2635 10560 7647 2634 5364 13109 7264 14752 13110 10561
2408,3079 3075 3077 6703 3076 6362 6704 3078 1319 2870
2409,3359 8349 9578 12430 4344 2484 4736 8523 650 8783
2410,3903 4766 7452 44 1058 4085 1993 585 7910 10962
2411,6162 6623 12432 5385 8335 5383 13070 5699 6781 2849
2412,476 466 794 1661 11599 6176 11235 11215 9849 6877
2413,611 12434 15269 12435 12436 4016 8846 2556 48 12433
2414,7980 12437 11729 12194 2286 4357 6548 13733 9838 6897
2415,7399 9609 390 12438 12327 1820 7633 6980 11707 9181
2416,10023 11712 4973 8135 4012 3098 5733 11469 762 3970
2417,7467 1132 10934 10095 10798 11961 1698 4398 7738 11383
2418,2133 11745 8995 3458 10217 9152 2774 7925 1206 2489
2419,3862 230 9954 9849 13988 7568 8619 7659 8516 7382
2420,12442 11909 12444 12445 12443 12441 238 2405 1156 7425
2421,6991 9689 11162 8728 4030 7503 1173 1645 6370 10679
2422,12451 12457 12452 12458 12454 12453 12455 12456 12450 7318
2423,12459 8844 11145 1176 12432 2268 12890 3848 4333 5023
2424,6280 11968 29 7349 7940 4701 10095 11969 8323 15166
2425,12461 1753 12460 1352 3982 2131 5898 7940 4595 4962
2426,738 8553 1079 4902 12462 3967 7456 5591 4777 2063
2427,6173 11218 9826 5511 11344 1971 6537 11219 230 8227
2428,12308 5736 12463 856 9801 9276 713 7515 6064 5968
2429,12468 12467 12465 35 3222 11077 11949 1267 9696 726
2430,796 11924 4785 5508 860 14391 7835 5057 10796 7512
2431,4753 9225 11432 5897 6750 6477 4964 6618 11005 11433
2432,12474 12471 12473 4838 12472 5570 8892 11410 575 4409
2433,9317 4263 7045 9046 410 3575 1835 6316 1611 3603
2434,12476 12477 12478 5802 7477 11047 9705 11046 5457 9579
2435,12480 12479 10447 10779 7489 6824 5180 5324 8487 7843
2436,9072 2916 12482 1191 9029 4974 6402 3222 5292 6767
2437,12484 5179 7526 12483 5199 5711 6658 2287 4535 7466
2438,2283 1305 2309 876 11161 3691 12203 12670 3579 3811
2439,2614 3465 2820 2742 1532 5998 4836 9295 1529 1323
2440,12487 5299 5438 3403 2498 8983 6897 661 9281 10662
2441,3500 12424 5603 4027 10894 5594 6191 2122 10156 6086
2442,3491 13778 13777 8115 3489 13776 3490 9138 15189 9752
2443,3321 3283 10471 12976 1978 2253 1033 9284 3307 7104
2444,8687 12492 8921 10194 13644 4696 10197 6597 8679 7652
2445,998 7926 1090 9282 2575 64 4205 6914 10718 1286
2446,2863 12493 6973 7138 4637 7137 3899 3973 3377 88
2447,6583 6046 12494 6044 5853 11159 14567 9693 4349 1646
2448,10262 12496 5297 5378 12495 5510 1293 14086 12740 606
2449,12017 12497 1444 687 8473 3725 3396 15075 1493 1488
2450,12498 12499 5878 10450 10244 7518 14091 12719 11075 14090
2451,4599 6847 7077 5449 6806 6361 12933 13785 8513 12934
2452,12508 12507 6571 12505 12509 12506 2836 12501 10041 2109
2453,5123 9667 9890 986 1986 8659 7248 7144 11856 2856
2454,1319 6362 1320 1779 1778 9192 6363 1321 4060 2375
2455,3525 5099 10761 2693 4782 1513 5100 2358 5098 5427
2456,10151 2439 8298 3878 8842 4668 6251 4561 7704 11566
2457,7115 5347 3982 1755 13195 618 10642 10336 11059 10256
2458,10963 11267 10731 529 10657 1527 1331 7241 8906 13931
2459,5941 5475 4192 9413 9416 9419 9417 9420 9414 9408
2460,323 9171 2922 9274 10710 9095 7589 10509 4476 375
2461,7289 8068 3140 8485 8190 9563 9564 7290 6343 8944
2462,3366 11667 12433 547 12514 3726 4370 10140 2521 11376
2463,11975 4255 226 11671 8660 3468 10623 3821 4291 4634
2464,9556 4629 12524 12263 12525 12521 2839 12518 12523 12520
2465,12529 1791 12530 1790 1794 1788 1792 1793 1789 1787
2466,12531 12532 12533 12046 12382 356 4571 2428 10209 8493
2467,5192 4329 12534 10041 12500 8811 8805 10101 8809 5193
2468,5073 5033 3313 5067 5072 5029 5065 4366 6051 6050
2469,6537 2650 12536 11218 11219 13828 12748 3665 7264 6245
2470,11636 12537 11263 12400 11633 10467 3980 11635 10030 7672
2471,646 12539 12543 12538 11545 12541 11380 7353 4299 12542
2472,242 478 4089 6575 12544 3135 2252 873 775 3586
2473,431 4018 12545 6598 6597 5287 9200 46 2723 1237
2474,1585 7233 5986 5887 1893 5237 5836 8471 8281 6263
2475,10598 4979 3911 3682 298 5095 10597 5087 749 9622
2476,4603 2877 12548 4139 3085 5875 7554 2875 5686 4596
2477,2903 2902 10148 2909 8119 2910 2908 5969 2906 2907
2478,9318 3039 6912 12549 4348 12160 6596 3791 6380 1452
2479,12550 1872 9438 8036 11076 8478 9198 1327 13407 13773
2480,4037 1003 11528 10073 4035 12551 1011 13573 13426 1317
2481,5428 1249 12555 12554 11469 12556 12553 1715 3751 8404
2482,12558 3616 9084 11653 10625 12561 11022 10724 5124 8020
2483,12563 10102 12341 5350 11584 3732 3156 10061 5022 4417
2484,9935 10715 5190 4832 2341 10266 12974 4324 5587 6204
2485,6785 7349 12564 11968 7351 12566 12565 2439 4670 4065
2486,8689 5250 4579 5591 8661 7515 2954 391 1172 10652
2487,12569 12571 8741 9426 2115 5166 7821 12570 5946 1129
2488,6520 12572 8575 6886 6476 10810 2798 14281 12082 12779
2489,2739 12233 8083 4406 12573 6868 5719 1978 12765 1880
2490,169 2309 685 3214 466 149 3811 686 2755 476
2491,8335 12575 7322 4878 7127 184 9121 11814 11970 9117
2492,2470 1501 3727 1161 3280 4348 164 3359 2474 5209
2493,49 9773 11919 3403 3599 12666 11916 5748 12667 2149
2494,769 6577 3033 5577 3222 15113 7516 2311 2448 13071
2495,12577 8864 9743 4449 8258 12030 9224 14311 12809 3713
2496,4964 11602 5896 4560 4073 4753 11601 15060 1169 5895
2497,1033 10672 2737 687 3662 13412 11045 8801 10889 13724
2498,1074 3317 2677 7968 2097 5720 11980 12579 4340 5832
2499,794 1284 504 4230 796 3678 3100 7421 797 10161
2500,12583 5754 8078 11562 6414 6789 5253 11561 11556 12581
2501,7103 7951 7742 12588 12586 12587 6165 11034 6781 5782
2502,4688 4132 4687 1317 9753 8406 3083 12589 2869 1011
2503,10128 5170 2448 9314 222 11048 1952 5054 2117 5060
2504,10249 9519 6768 7400 7226 7917 385 386 2535 5109
2505,12590 11796 11356 5352 1366 7976 12965 11912 11911 5983
2506,8314 7555 8311 11392 8313 8315 10732 46 8312 13623
2507,10102 1049 3215 5350 3945 9820 13783 6831 5852 7910
2508,8608 10354 8443 4324 10577 10740 2341 3076 2616 4413
2509,484 10594 12591 5549 3213 651 9372 9122 2100 3552
2510,9521 3750 4453 7301 12592 842 323 585 4923 3708
2511,10210 8427 4875 3257 7265 10042 13836 2918 9519 7007
2512,2632 504 8233 1684 10966 4262 4377 9322 1649 163
2513,9887 3157 1348 8748 8687 7327 10480 2153 2521 2511
2514,3025 2922 3477 12431 8179 128 6436 6651 1796 9607
2515,12432 2268 12459 3848 5023 8471 10619 4273 277 3849
2516,9391 10572 8742 3210 2776 2101 769 11905 11216 6595
2517,11097 12593 5368 8080 9351 2960 10361 10528 8079 6762
2518,12597 12599 12596 12595 12598 7715 12600 6589 6491 7713
2519,6761 7262 11358 11359 9239 6759 9392 9393 6622 6756
2520,11004 12602 3558 8168 12601 11003 14144 11042 11165 410
2521,8999 12605 12604 12603 11304 9119 1368 837 45 15148
2522,4220 1446 796 980 1646 794 12403 464 3678 7460
2523,12606 394 629 13077 14666 6118 558 11045 6488 3055
2524,739 14852 14555 3021 15230 15147 7113 2142 14136 3790
2525,2375 2372 11347 2869 12607 2380 2379 7057 4413 2371
2526,9528 12610 169 9618 7768 873 9092 5366 2262 8337
2527,11114 4470 2839 3506 12611 3498 15261 11785 7436 13263
2528,8376 11378 12612 10075 3900 3993 2858 10708 6981 5982
2529,6140 10872 12615 12619 3013 12617 12618 8902 12266 5578
2530,4626 6556 10461 6555 6360 8477 6364 6553 3081 3083
2531,12620 11216 6178 4003 12621 635 7633 3577 127 6033
2532,848 686 2807 685 742 1404 10960 9719 8890 10435
2533,9397 9653 9988 4821 9396 4725 2721 10823 10602 3709
2534,1177 6628 4982 12623 2894 1837 2846 12622 8205 2984
2535,12624 12625 8586 4652 9110 5732 13954 11858 13681 9407
2536,11315 11306 14638 12626 13559 10251 14572 14861 13558 8374
2537,12630 12627 12628 12629 7218 3442 5668 1317 8166 1726
2538,12633 12586 10820 611 618 9203 612 3678 3195 3682
2539,3620 9216 3703 667 10505 7774 8970 11317 7505 1378
2540,10225 1388 4030 6932 6938 6354 5403 122 10364 2274
2541,3977 1659 3811 2915 4557 10652 4467 7301 12634 3501
2542,46 3108 2117 4775 3971 4992 1281 2827 1032 11392
2543,12636 12635 14297 8432 8816 11907 6691 603 602 12966
2544,8477 5536 1003 8443 11723 4693 14571 14464 7077 2887
2545,368 5851 367 6218 5850 2221 13197 13198 13199 7999
2546,12639 12638 2302 10201 12641 2299 2258 9578 7378 6518
2547,6162 2847 6781 14594 5385 1665 5383 8335 6783 2849
2548,7366 12642 11851 9191 1001 9192 6364 1779 6804 3079
2549,12068 12310 12649 5627 12647 1883 12648 12646 10975 10086
2550,2371 2375 1778 4060 1321 1319 6362 1320 1322 9192
2551,12651 4631 8507 12409 10979 6766 12650 7532 14644 14643
2552,11396 3747 8140 12652 5497 1898 7656 6801 4775 8294
2553,12654 10881 11410 4281 139 14154 6776 9179 14444 6294
2554,670 12655 12657 12656 672 671 2875 10090 4063 4062
2555,6214 5417 5416 5418 6056 10663 5419 5420 711 1752
2556,12661 12664 12660 12663 12662 12659 10067 12658 1714 12079
2557,12665 6534 7200 6747 6746 735 666 7648 13710 297
2558,6005 383 6114 12666 12667 4350 7370 3796 4669 10078
2559,8352 6381 8935 12668 7914 11243 6564 3336 1615 1199
2560,4434 12537 12670 12669 3884 6951 876 11263 11636 14582
2561,12671 12672 5345 1475 12743 2816 8889 2814 13439 14179
2562,12291 12673 12290 12674 12675 12293 12292 12289 15253 13381
2563,688 9071 637 5498 11361 9072 1191 8701 11407 11409
2564,12678 12677 12676 13001 10845 10844 12645 13666 13877 14413
2565,5097 5305 39 5299 4327 5096 2351 3589 2493 38
2566,12683 12681 12679 8781 10219 12682 12680 14171 12055 12520
2567,12687 12686 3603 11606 806 11882 5044 1835 2806 3609
2568,12688 3978 12547 3521 10674 11864 1447 4340 9463 3382
2569,12691 12690 13807 13884 9163 9204 12015 5592 12190 15006
2570,5588 12395 6013 10555 223 9603 3761 11933 1610 582
2571,12694 11773 11147 6674 7172 6525 6504 11692 10892 12693
2572,6596 8046 3518 8763 176 625 7696 1993 6038 6026
2573,670 10090 2869 10087 672 671 10089 10091 12657 8477
2574,3568 12696 12695 5328 2665 8213 9958 12183 8487 7825
2575,12312 12697 12065 2238 1392 11384 12996 10980 2666 9812
2576,4785 6211 1581 10796 2174 3408 11924 9402 8224 1443
2577,11715 3380 9118 442 3332 3359 14587 8349 186 12184
2578,12704 12702 12701 12700 12703 12699 12705 12707 6816 12706
2579,3234 5413 4823 11465 3378 295 9184 7499 4813 4884
2580,1833 1835 2457 6176 6427 9849 7303 1834 1831 10328
2581,12709 12318 1683 4924 11576 6885 4925 8286 2228 8179
2582,2085 2084 611 11370 2083 4663 12710 12711 4653 11368
2583,7284 2917 6521 11176 14088 2925 2927 2926 4378 1747
2584,12182 12274 8757 13608 13996 14795 6099 14772 13432 14665
2585,6815 2407 12713 1762 6035 700 9219 3508 12712 12153
2586,12714 5577 2588 3467 2075 1423 11843 7001 170 1282
2587,794 10270 12715 12716 9619 323 2656 2052 8948 476
2588,12234 12717 575 8840 10034 10185 5354 574 566 564
2589,11830 1484 1750 5458 1068 1477 2360 7417 1050 1103
2590,1677 8318 7878 12925 12718 1678 12466 5483 2860 8032
2591,353 7046 6842 12720 6085 12719 5174 575 5265 10034
2592,383 4759 2067 611 12253 13766 4497 5070 851 4756
2593,12722 10726 12723 12721 7673 12464 684 1715 8088 6848
2594,12739 12732 7081 12733 11226 11224 12729 11381 12727 12730
2595,3559 7276 3162 323 11089 201 445 14666 14667 14005
2596,3213 651 611 7238 10477 1476 3936 10594 3682 759
2597,4780 6348 3254 3715 6064 10718 9480 10656 7290 9276
2598,9826 7141 5782 857 3859 14143 10255 14064 5781 12837
2599,8825 12740 3804 12495 6940 2015 3012 3806 3808 14782
2600,3943 3909 12741 7391 3148 3875 4893 2810 15222 14169
2601,10340 545 10234 5947 3127 2080 8186 7989 618 14820
2602,2820 3465 12745 12744 2742 2614 2815 12743 1166 405
2603,9974 2427 8842 10151 12361 2426 2432 7410 11681 5063
2604,11147 12623 11684 8496 11758 12694 5376 11782 11773 6674
2605,12209 9194 7065 2876 9751 5690 3843 1826 4416 3667
2606,12751 12750 12749 13308 15278 10367 14363 560 6464 10426
2607,1577 7017 4953 11392 14458 10732 6818 1576 46 11425
2608,10763 9702 10334 11329 5145 7415 12752 3549 7416 3222
2609,12753 9204 5078 14290 12190 15204 10305 10491 10910 761
2610,12755 12754 11183 4742 6254 3103 5815 10114 3492 928
2611,1354 1357 2886 2369 1355 9962 4141 10365 10366 1829
2612,2600 5196 9551 12759 7965 9397 3945 10254 5477 9780
2613,12761 12762 966 961 3664 12763 967 10930 336 9880
2614,3559 11130 12764 6084 797 6029 5096 8817 12150 2957
2615,6553 3038 2880 1357 3083 1354 4133 4036 14751 4605
2616,3620 5001 11291 10909 1963 6957 9143 667 7205 12600
2617,2133 8525 5725 2323 2469 13050 1206 2774 2489 8611
2618,1147 12765 9939 1142 1139 11534 11140 1150 1156 1151
2619,12085 5904 7246 12766 5917 5592 632 4175 10561 10169
2620,12769 12767 12768 9672 7988 2335 9675 9673 9671 5526
2621,1443 3036 1796 3698 9715 748 8768 3196 4235 3033
2622,12152 12781 6407 10677 7386 12778 12774 11720 11324 12772
2623,12784 1702 469 7245 3257 687 14619 7310 14742 788
2624,821 5280 5772 4104 5885 10232 825 2446 4627 6601
2625,466 205 7918 4032 8995 476 8719 1395 9223 6682
2626,9050 11231 11164 12580 4235 3024 11750 4092 6578 222
2627,769 834 4257 1978 830 6920 13193 1441 3811 824
2628,12788 8346 12787 9942 636 10204 8364 10201 9606 1868
2629,12791 12790 12789 323 5494 3937 696 8297 466 1818
2630,3280 2059 1501 6327 1161 3279 164 2470 3727 4348
2631,12792 7806 11792 4534 10788 4533 12402 12401 3889 12400
2632,4877 6874 1296 8288 8293 185 3275 8284 4880 14900
2633,8878 5090 1408 11170 838 6645 748 2930 2457 5083
2634,896 9286 11813 6470 9975 5275 2234 10505 2561 4920
2635,7955 2735 4365 3441 350 2164 3702 2601 772 4483
2636,1822 1823 1821 1827 1825 1826 1824 4456 4463 623
2637,12798 12795 12796 12794 12799 6066 3268 12801 12803 8253
2638,8607 4865 2798 12097 9811 4669 6898 1289 1621 11138
2639,4736 687 6242 3383 9499 2211 4638 6302 425 2218
2640,1166 3465 1535 12805 404 2820 9784 2814 405 4514
2641,3415 12806 673 9553 2879 1887 9552 3414 3413 7427
2642,5401 10781 4636 3826 2469 4951 1022 7155 6301 4344
2643,12442 12445 12444 12443 12441 11909 1721 12808 7425 12809
2644,10056 6141 981 11555 3034 4533 13038 13315 4531 4535
2645,10065 983 1646 8361 11139 9933 10308 3225 6689 10307
2646,11654 1840 9226 8424 3781 14227 2748 13208 7012 3144
2647,169 149 1436 171 14699 2838 5942 664 651 5664
2648,9684 9135 9587 6875 10341 3867 11391 12812 7729 12110
2649,1801 12814 2603 3680 8270 14629 14630 14627 10345 10344
2650,12309 5151 811 7231 7931 9089 4189 5201 14540 14086
2651,11283 12818 5785 10248 12816 12815 7866 12817 4843 2926
2652,323 4882 5001 2133 10916 12964 7560 7570 12570 12163
2653,3403 5096 12820 11035 12667 12821 10880 12822 13753 14395
2654,795 8463 2521 2195 4185 9922 6850 3513 1219 11240
2655,12824 12249 1665 12524 12248 11023 9809 1663 6619 10867
2656,406 12825 6326 14811 14812 3017 15032 14743 2465 11255
2657,3055 3723 10016 5734 1018 2480 1960 3505 4897 1965
2658,4455 620 621 12039 5907 9714 8882 12040 606 8230
2659,12828 10493 46 8829 12173 10564 9243 5218 10655 4437
2660,12232 7681 3205 5054 768 390 12233 8795 9998 9581
2661,2412 9656 1297 3510 10530 3513 11956 6404 6686 8584
2662,12829 363 365 364 10905 15092 5322 8307 10904 5791
2663,1970 5089 5315 6919 828 1427 3472 1439 244 796
2664,6926 5484 6925 3469 5470 5469 1677 5483 6928 5478
2665,12831 12832 12834 12835 12830 12833 5159 6837 12329 5260
2666,662 3200 11173 466 251 8623 6682 7816 8719 8451
2667,11713 10381 10380 4307 2148 10174 9297 6970 14341 2557
2668,12836 10305 2033 10579 2222 11644 4969 6907 9706 5959
2669,12838 12837 905 1631 9470 9473 431 14466 11737 9190
2670,2540 6203 3329 11244 3316 6206 5207 5386 6205 6207
2671,7058 10099 10075 8443 11723 12589 9755 11721 11722 1828
2672,994 6522 6523 499 12324 12840 15269 1799 12434 12436
2673,8761 12842 7908 3444 15038 12027 954 7393 7333 4790
2674,10974 12843 12845 12844 8837 11139 11066 7183 7913 11320
2675,3811 765 5525 1101 8483 2309 9604 676 14893 5502
2676,12846 10219 12683 13776 8781 10027 12681 11245 7107 11490
2677,12847 12084 12087 1282 5971 12320 5038 5961 467 6216
2678,3446 11732 4723 3447 3448 3451 3450 3961 10666 8320
2679,12850 12849 12851 13885 2832 4420 11366 3280 4433 4435
2680,1796 1879 2324 9715 12144 12852 7300 13625 843 4235
2681,4180 10972 12853 7455 1095 5121 6421 7504 476 12190
2682,844 11427 11426 4644 5071 11174 2897 6053 1648 4642
2683,12854 12856 5998 611 9694 383 12855 2135 7716 13939
2684,12857 32 8504 1383 8382 2130 13294 5852 12067 8389
2685,12236 1558 9323 9324 12858 12860 9830 11862 12859 1840
2686,10197 4735 10194 1365 10195 10196 4734 4733 4737 4738
2687,10506 7406 7674 11657 11143 8322 8821 10611 8385 2831
2688,4059 2666 2238 1392 10980 8214 12996 12312 12268 13944
2689,9527 9322 9296 8067 543 476 12862 9273 10656 1564
2690,12863 4381 12864 13709 11774 261 1524 1560 10593 4382
2691,5767 12030 7527 6226 11592 5762 4665 6479 3719 4651
2692,8619 7382 9849 9954 12865 5902 10113 4941 14112 7801
2693,10913 12866 5535 4035 1141 1011 9547 1317 11325 2996
2694,12869 12868 5205 11592 1451 3591 252 12867 5337 12651
2695,12870 12871 14381 15109 8617 4588 6675 10678 5195 10905
2696,8611 4278 2133 10240 7959 11469 6413 8518 7956 8615
2697,12591 12873 8519 8398 4022 891 4798 10032 10755 4026
2698,12876 12874 12877 12875 101 7121 3051 3052 3083 3684
2699,7524 12879 5179 8884 6089 12878 15279 15278 10195 4361
2700,611 74 143 2761 7724 12042 8561 10919 3546 2765
2701,1011 4138 4134 4137 12882 12883 1354 1719 8805 7057
2702,6294 6837 4281 12546 2458 6597 1901 6293 246 891
2703,775 12885 12886 6123 7100 982 167 10589 12777 146
2704,12887 12299 13250 13249 11775 12300 10971 9451 3490 1524
2705,12888 7168 1590 6946 8233 792 11986 11840 11842 12026
2706,12890 12459 5886 13377 13698 12891 13600 3814 1176 8844
2707,6846 6843 6845 6840 4379 3609 668 3492 6844 6841
2708,11303 8842 7523 10151 11591 2431 11657 9611 11144 8843
2709,12894 12897 674 12896 12893 1354 1011 1357 6741 1829
2710,10716 6244 12898 2654 12082 2995 6785 5353 6476 13640
2711,8472 2661 3982 5955 4375 9199 10729 13384 13538 9180
2712,12900 3067 12899 2404 14641 13166 4421 3065 3064 3068
2713,1354 8542 4141 1355 9854 1357 2369 11778 2371 1356
2714,6622 10766 12901 2706 1744 3304 13892 2979 14517 11852
2715,7086 12902 9431 9434 9432 9433 4441 11907 11501 1363
2716,12906 12905 9517 12903 11286 5430 12904 7986 14196 14007
2717,12907 4783 13592 13591 10031 4800 4802 312 4795 4801
2718,1011 5876 4134 9194 6705 1826 1318 4063 1777 3843
2719,5299 12501 6571 6474 5989 10041 3857 8808 11822 12505
2720,9832 6803 8958 7705 7707 7706 12708 5340 1862 12212
2721,1002 11778 7056 1001 1354 2380 3666 3074 3687 1011
2722,3398 4344 1329 3826 8558 275 7483 1161 586 334
2723,7131 2258 11584 2710 11750 5022 10102 13369 5814 9227
2724,4593 12910 5819 14437 13550 11984 8887 10244 11033 12269
2725,4948 221 5380 6782 7401 11648 6185 10035 7934 11650
2726,11231 11232 11284 4840 1511 560 10056 2133 8562 11555
2727,8808 5193 10041 2816 12501 12500 10733 5192 11822 13351
2728,2614 11261 12480 3465 2820 2742 1532 12911 5998 1529
2729,3975 6727 11379 3174 7005 12016 11441 3160 11067 11065
2730,12912 12609 11639 12608 10751 1145 10246 9664 10753 2885
2731,4037 9810 6162 1522 6783 1939 1663 1665 9809 1662
2732,10049 5044 106 424 12016 3364 7906 9019 10174 10178
2733,6323 7091 1011 4132 9756 1317 4688 4687 3442 6809
2734,9125 363 11916 10458 8069 2141 5748 7153 11915 9340
2735,2295 6839 10272 7809 7814 7810 4610 13774 13773 3112
2736,1665 9810 1662 9809 6781 6780 7651 6165 1939 1663
2737,12919 12920 1825 9236 10365 10366 6733 6553 2378 11625
2738,12922 10497 5215 6300 9606 3319 5825 3378 3377 1548
2739,1826 2876 3843 4416 9850 6364 5690 12209 4414 2374
2740,8318 12925 12718 7878 12923 12466 2860 8032 6883 12924
2741,4138 1719 12929 2373 10461 9852 7067 7057 1354 4687
2742,7165 11594 5714 10000 12930 7166 12931 2984 12693 1177
2743,10995 7098 1826 4414 7099 4416 5537 6364 3843 10627
2744,12933 12934 12932 12935 6847 7077 10461 13785 5449 15027
2745,9203 3921 6863 2923 7771 9946 12633 9802 3494 6532
2746,1001 4316 2996 9636 9642 10508 1002 10818 7062 11768
2747,1011 12936 3443 7217 7215 4132 5854 1136 5687 10807
2748,2375 12929 2371 4132 4687 1778 4060 1779 4688 9191
2749,13 12 15 9759 14 8096 11 13307 22 24
2750,12873 7169 10049 7049 7691 10725 2397 363 3796 3613
2751,6172 10714 12937 10363 1851 8650 12352 11649 6171 8649
2752,6725 6717 6719 8517 693 6718 10863 3893 14652 12281
2753,12939 11733 4948 231 3425 1116 1041 4455 7478 6164
2754,6809 10953 7425 2869 3442 1826 6364 2875 7404 7554
2755,10318 12940 10319 695 2215 10315 10313 10320 697 2556
2756,12941 4807 4806 705 240 11469 11854 2266 3242 13197
2757,3079 3076 12942 4402 10858 6703 3078 3077 10626 2870
2758,967 3663 12761 966 7655 12943 12944 9880 977 2441
2759,2375 2371 1778 1321 1322 4606 1011 1319 6362 6363
2760,12946 4581 11833 966 15052 15053 7655 12943 9880 8263
2761,8882 4352 4852 10481 4455 10135 6268 13018 4345 12417
2762,1648 500 11014 466 476 1649 879 788 1999 3100
2763,7880 12947 6165 2439 6887 7858 11687 11688 7651 9660
2764,12949 8288 1544 2795 1997 3572 14600 1996 8293 6874
2765,10569 12735 7077 10461 10627 13785 1320 11000 12209 4599
2766,12954 12952 12953 12960 12957 12951 12956 12955 10448 12958
2767,2145 746 8996 5831 3214 851 3181 3735 2533 1087
2768,12962 11790 10180 12961 5177 9667 9179 6184 9668 14410
2769,5324 8592 12963 14041 6824 6002 8487 12480 10036 11365
2770,12965 1938 11356 4358 2908 1746 9652 10188 12590 1222
2771,2742 2741 1165 4516 2820 2614 6000 3465 1166 5998
2772,5041 1296 5043 795 794 4877 3222 5058 6874 8288
2773,12970 12968 12969 12971 11038 12967 12129 1129 2663 14454
2774,12973 12972 8766 9937 6516 11399 12279 14013 14095 8914
2775,383 1170 4286 8715 3153 4404 4395 4759 13705 9371
2776,3242 4204 3241 4627 6228 6070 4569 5638 10232 7859
2777,12976 12977 10860 12975 5833 3716 12974 13304 13944 3717
2778,12979 8362 5999 13009 13082 3928 10525 3942 6573 13439
2779,9972 12980 6670 14314 1196 10467 6629 1164 9290 12250
2780,6317 4820 1100 9048 9249 12916 1901 1047 3110 6044
2781,12982 12983 5889 6397 11862 8980 6931 12579 7519 11845
2782,7400 11935 11905 5397 12191 3577 11707 11669 10386 725
2783,9996 7539 7532 7725 4631 1265 9998 2725 7536 13842
2784,12985 2284 4932 6784 10593 5881 13942 4795 10335 1557
2785,7366 4599 11528 7427 1011 12642 11851 6804 1317 4135
2786,7168 10011 12986 11840 11842 12888 1590 14833 14834 2391
2787,9690 10264 11835 38 5764 1737 7453 6336 9546 5677
2788,6558 12988 1593 9825 2440 11142 5426 2413 10021 2022
2789,12989 12991 12992 8086 12165 5998 3795 1742 8635 46
2790,2820 5998 12426 11881 9794 12994 2742 2614 405 1166
2791,5604 7456 4285 738 5605 4747 4750 11047 11025 286
2792,8241 9531 6971 2950 4484 15077 9185 350 1817 6980
2793,10995 7098 1709 5537 7099 10994 7095 4414 10628 10991
2794,4345 12996 10135 10155 8270 8882 2238 1392 12312 10980
2795,4284 5237 9694 85 3644 5236 13039 10496 10000 13224
2796,2375 11347 2379 2371 2372 1916 1778 9853 4060 7056
2797,13001 10845 12645 10844 12677 8085 13000 9652 12999 12998
2798,12479 5879 12463 11153 13004 1625 10868 6613 9205 14090
2799,2815 405 13007 13006 1323 2742 2820 3465 1166 13453
2800,3994 183 280 7369 5183 225 1041 3855 4335 1095
2801,9015 13010 13009 13011 13008 13316 13900 13410 10917 12903
2802,13016 13017 13012 11316 12325 13015 3488 5415 2739 2986
2803,13018 6268 4352 12417 6269 8408 14970 9430 14329 8882
2804,13022 2804 4655 4648 4645 4646 4650 4656 4652 4647
2805,5358 13024 576 12383 12597 13023 11341 5356 5357 15132
2806,3097 13025 13026 9588 2900 12421 8565 14977 5890 9789
2807,13027 13028 8471 4388 13029 1123 9403 10839 12432 11956
2808,10627 1003 8982 3667 3416 3668 11778 10461 8542 2870
2809,2086 5564 3012 14744 2093 5566 11039 5565 5563 8585
2810,3937 7283 1058 2297 4049 4981 11748 3903 12791 3359
2811,11779 11856 10289 8839 13571 2921 10669 9829 277 7718
2812,13032 11029 10592 10343 11943 2446 5898 12320 12047 11732
2813,13033 12043 2294 2290 736 8418 1192 11155 2608 7402
2814,8357 4371 6525 1910 4935 5296 5695 8613 8360 13035
2815,3222 5145 7415 1054 4976 6433 1052 2733 3549 11058
2816,13038 10056 13037 8964 11555 1529 7442 6371 3034 1535
2817,7771 4841 3921 12634 2118 7304 8556 14092 9203 14550
2818,9015 13040 13039 13900 10917 13008 13224 5331 3824 7545
2819,12481 528 7886 3128 4933 8203 3500 9285 4504 231
2820,9609 6376 3538 7761 7458 11476 2736 217 5502 1098
2821,806 1835 3603 12687 1833 8578 12686 811 504 780
2822,879 871 2764 466 889 8403 323 2448 6821 794
2823,1285 1617 1446 1622 234 1620 6876 1295 1619 4863
2824,570 7285 894 9921 13042 9215 255 9241 181 2574
2825,11983 7712 11846 1176 13045 3814 5886 6058 6763 7251
2826,9122 3552 9372 11200 9680 3868 484 11302 324 3946
2827,9048 13047 3210 337 10823 9653 13048 8672 4353 1972
2828,3496 1540 10931 10583 15043 15042 10930 8263 5987 198
2829,1354 2371 1001 2375 1357 1355 2886 1778 2369 4138
2830,4608 10367 7076 4136 12058 5872 13565 10576 10574 4139
2831,2821 7694 7691 5408 8058 10387 12483 2819 405 2820
2832,3222 9249 2079 10489 5742 13552 9648 14663 12494 2448
2833,4705 5788 1406 15090 10941 13049 6092 6507 4706 3775
2834,13050 8525 14901 14213 15169 14214 10866 14209 2155 1133
2835,11140 4486 10295 7387 12765 4313 149 12573 8113 11960
2836,2667 7562 12616 8758 14516 418 10872 8901 10976 10873
2837,2742 3262 11627 2614 13052 2820 8892 1165 405 5998
2838,10820 11271 12822 8711 10364 7345 9592 6436 204 10585
2839,2869 4035 10071 11420 10073 8645 13380 10072 4037 10074
2840,6432 2014 4598 9853 4574 2375 1357 6431 4599 2371
2841,6938 4406 1693 11070 5403 2274 207 4405 6937 6936
2842,488 1584 4236 10884 495 476 794 611 10871 13603
2843,6106 2653 2608 15248 1170 2609 3190 8999 1406 6638
2844,1354 1357 6553 4138 2369 1355 2371 6550 6551 2014
2845,8808 5193 13351 14328 1532 2816 13343 11111 14359 10733
2846,8488 2637 7188 11919 5522 14925 13612 14741 9773 49
2847,12551 1859 11120 5673 14226 14458 14225 8477 10067 13992
2848,7825 9032 3568 12173 13738 5328 3564 12646 12696 8058
2849,13056 3841 10591 14913 14519 14566 13526 11884 11366 745
2850,11627 12422 12509 11583 7675 14981 3262 13125 5195 1528
2851,13058 9563 518 2113 5460 7616 11465 5569 14206 4438
2852,13059 12745 12744 3465 10525 404 2820 13248 1166 12743
2853,1011 2996 2980 4604 7423 8542 4316 13060 7448 1317
2854,3771 5364 443 970 3132 4396 2635 14443 11711 14693
2855,260 10850 13061 10832 2003 4537 5391 6189 10849 10852
2856,6364 12536 4134 7094 1826 868 2864 11986 1777 10088
2857,7837 12360 7291 3605 1460 5083 5548 5040 1198 5956
2858,2961 2463 4857 10275 3377 5825 9719 122 9861 4635
2859,1011 11347 12332 5671 6320 10365 4141 1354 9236 1357
2860,6136 13064 2787 2793 8899 11544 4883 11202 7558 6279
2861,10427 12685 12684 1554 11689 13068 9137 11611 7650 14119
2862,6226 11592 13070 6623 2627 11177 2166 13069 14266 12030
2863,13073 13072 11472 9348 13071 2789 13946 14232 15113 12648
2864,8711 2207 10 8709 9145 5176 509 8710 440 3984
2865,13076 12914 13075 4037 2880 5449 1727 13426 4317 13237
2866,11115 5205 8426 6693 5466 5204 1451 11116 4033 12869
2867,476 794 7340 8190 13077 149 611 4 1389 618
2868,6364 1001 4413 8443 12644 1826 7426 1002 12642 2371
2869,6579 7800 5299 10359 6575 5852 6577 10069 6030 3313
2870,13079 13080 12459 13078 10983 6095 11366 13074 13823 8844
2871,13082 11899 12500 8809 13081 12505 2614 10041 10734 13413
2872,1052 5505 507 7645 13083 3222 10009 2391 10008 1713
2873,2101 6151 6150 6153 5777 7266 6154 6156 6155 10572
2874,2751 8721 1750 3115 8939 1247 2692 2754 2753 1068
2875,10902 3526 11474 3541 8614 5236 204 8879 11073 3412
2876,8706 4723 13097 13098 13093 13062 13094 13089 13090 13091
2877,13100 13099 987 1256 2669 11584 5022 13101 879 1255
2878,13102 13104 12521 13103 11783 267 14182 265 7827 12611
2879,3237 3234 1371 7559 4899 3238 7561 4887 4906 618
2880,8300 2250 678 11088 5063 5726 10864 7231 8082 3102
2881,7704 11656 12138 4561 10151 2432 11566 4668 7401 11085
2882,9180 2032 10729 13105 10727 8801 2505 2490 8472 887
2883,13106 11337 5297 13107 4528 14086 1561 10262 12496 14040
2884,11347 2379 11225 11625 11224 10747 2372 2375 4145 7056
2885,9855 7206 9856 5049 7203 7204 780 4220 6319 4126
2886,13109 13110 11342 8518 13108 7647 12351 11925 9505 12357
2887,12816 314 9934 6128 3749 1342 659 9933 5940 5116
2888,8059 9655 7628 9650 7625 5617 6252 6883 6687 7294
2889,7215 10627 1771 3083 7427 14349 14350 14351 13111 1770
2890,11347 13112 13111 2375 2379 2372 7215 9853 14283 4599
2891,10085 13114 4718 8275 10976 10694 10695 5554 13900 11208
2892,2117 1017 10885 6312 9245 6377 1035 10487 2217 4725
2893,11135 2112 14888 9410 9409 460 10587 11401 1313 3859
2894,12936 7217 10807 5688 9664 1773 5854 5531 1353 1774
2895,3559 8823 9651 3162 7276 11130 11089 14005 6135 5978
2896,1711 9967 1709 12332 1151 9968 8541 5667 5129 9969
2897,12520 13116 11620 12683 14725 5399 2839 13845 12892 2912
2898,8376 9911 9901 12811 7157 12517 9927 5574 6900 9923
2899,10715 7129 7130 79 2142 15230 14702 14690 14875 1351
2900,2742 2614 2815 11110 2820 13453 3465 360 11878 5998
2901,1958 3536 13118 1885 14041 13907 10036 8592 5578 2610
2902,169 1095 4180 1252 6648 745 1519 149 3993 3994
2903,878 4249 11758 11147 2133 1460 5051 6041 1206 4031
2904,11129 13024 13123 6389 1793 12383 9150 808 13121 13120
2905,4515 9784 1532 2820 8826 2742 13354 2614 13324 405
2906,8058 5405 9199 5023 7408 5431 7229 10208 13959 7825
2907,3494 9182 7178 9409 5827 3822 2131 7138 9410 2483
2908,2695 13125 2989 4310 14981 372 12422 2988 3642 2458
2909,2820 13127 1166 2742 2614 3465 405 12426 1323 1535
2910,17 6433 5424 2071 7133 2899 9698 175 20 9202
2911,11399 8766 14199 726 12973 4703 12972 75 11402 8411
2912,794 618 3500 10486 10017 10678 1798 7320 2311 10126
2913,9441 9601 2909 1507 3314 13130 2910 2908 285 11139
2914,7855 6236 6784 9895 9830 1126 14279 10986 4753 6502
2915,12362 3114 3753 13132 578 4757 9343 1808 14616 11144
2916,170 8819 5398 4243 5577 7001 7139 1834 5210 14121
2917,11586 114 10503 11070 14547 3018 9400 1696 8999 4727
2918,3443 7217 4692 4689 4690 4132 1136 12936 7215 9194
2919,9035 10806 11058 13134 9655 97 10505 13135 3969 178
2920,12810 8999 7134 7132 12384 6207 7125 11719 11658 7116
2921,12363 13137 12354 12588 12131 7950 12587 13138 527 7629
2922,13141 13142 11763 7530 13771 1940 2946 2162 12026 11764
2923,10572 5397 10571 11669 12327 13143 2101 11905 11935 4005
2924,2520 6871 2150 13752 1302 4866 9321 6114 2547 2962
2925,6429 9613 12812 2212 11485 6418 6424 138 5412 6419
2926,7783 2017 13144 11256 8977 6415 7249 6330 10279 10280
2927,13145 639 915 4009 643 642 644 645 638 963
2928,13157 13158 13156 8751 13154 13146 13148 13150 13147 13149
2929,8646 2833 13160 12172 3480 8244 5349 6094 1703 14399
2930,7774 13014 7485 4632 1810 4377 1064 7402 2369 13080
2931,13161 12853 4080 4131 476 9947 4079 6918 1431 3020
2932,98 2293 2294 2290 8418 12359 2067 2860 12801 4106
2933,13163 13165 11439 13164 11435 11438 10936 9664 11436 5440
2934,13166 9360 3067 14217 10562 8735 9802 9910 7923 14407
2935,13168 10460 11957 2687 945 8670 6314 1588 466 2007
2936,795 1219 794 7516 2933 4223 4769 13884 9390 466
2937,1581 7829 4739 13169 6406 6407 1583 1582 598 4734
2938,6685 12082 12567 8968 5157 12928 12927 10870 13170 13846
2939,42 10173 5493 10634 7613 11212 12279 5494 6699 5492
2940,10715 13172 13173 13174 9214 11963 8138 3170 13538 14702
2941,5917 5904 6086 6228 1677 10125 632 12653 5783 1466
2942,2705 5196 7001 2008 13894 5577 8409 4940 170 5197
2943,6622 10767 2985 2979 9809 10771 6476 1665 10768 10770
2944,7409 4629 13177 7541 9843 13771 7264 12577 12809 13770
2945,2869 4132 4687 1001 4688 9194 1317 8166 3083 1011
2946,13178 9661 13179 9807 6543 13180 7934 10106 7977 3641
2947,4687 4132 1317 4688 3083 7427 1777 1011 7784 7057
2948,2371 2375 2372 6361 5845 1778 2369 4606 9853 1779
2949,2820 12426 1529 13189 13188 13187 4514 1166 2614 3465
2950,529 8841 6287 538 7236 536 526 6291 6272 6283
2951,11769 12081 6772 1179 7209 12479 7802 14384 7803 561
2952,6206 13190 6207 3195 771 11479 4877 6205 6203 6204
2953,8041 8256 13192 2156 11978 11622 1947 1674 49 4023
2954,13194 13193 10930 1839 12231 12060 12322 8263 1540 4257
2955,8725 13195 10187 5347 8467 10186 7200 11139 13293 13316
2956,4132 4037 4687 4688 1771 1317 8166 1011 7427 4138
2957,368 13198 13197 13199 4806 7999 1672 12766 1648 1347
2958,3854 8784 13110 1878 2440 8529 563 8840 9874 9869
2959,2614 13201 2742 2820 5998 1167 1168 13200 13202 2822
2960,4139 1321 4600 9756 11225 1778 6363 1320 2371 2375
2961,9682 908 6170 11395 62 10118 13204 12468 6782 13880
2962,13206 1123 1665 6187 6171 6173 6183 13205 4069 9477
2963,2914 13208 1115 1840 9226 9837 3980 9835 7949 13207
2964,2869 10627 4135 8982 9751 10953 6804 13209 5672 7215
2965,3412 13211 13210 9713 12990 3526 2700 11762 3612 6309
2966,13213 13217 13215 13216 13214 5601 5023 77 691 10561
2967,5694 13218 12088 5697 5693 5691 5692 5696 5695 12090
2968,8111 10064 8381 3400 707 11101 10130 1676 13989 7960
2969,5199 10157 13220 12840 13221 1983 11956 10229 13942 5514
2970,6012 5718 4872 774 5723 3097 466 2322 787 6025
2971,1352 4962 7940 1753 12461 4068 4753 12460 13196 6544
2972,13223 12334 6364 8153 1011 1826 2869 13605 9192 2371
2973,4284 13039 13224 12793 14126 13835 8382 13040 85 10496
2974,13106 4528 11337 4527 4529 4530 4525 4526 4520 4524
2975,13226 569 8319 2921 8785 6464 4523 11321 7960 5652
2976,11076 6730 1327 8478 9838 9198 12550 7803 4357 663
2977,1317 2869 4037 7366 11528 4687 1011 4688 4132 4035
2978,13227 13228 4977 3811 7913 12848 20 17 7770 175
2979,4309 5601 10105 7254 2418 12554 11845 6774 6501 2898
2980,8360 13229 8359 8358 8357 7009 6323 10415 9756 9204
2981,11964 1679 6226 1681 1680 11743 2722 9475 13639 12131
2982,787 1331 1213 797 8959 476 466 6445 7149 433
2983,2869 1719 8443 11889 1379 12929 5248 7426 10992 7057
2984,5688 9749 5447 1011 4132 4688 1861 5687 4134 7554
2985,13230 10002 13706 12861 9327 9510 10003 1861 6772 4304
2986,13233 6351 1532 13235 13234 1741 13232 12006 8906 2614
2987,7651 10719 1665 6165 11533 10810 6780 14146 1700 7650
2988,11266 9180 13236 2032 10729 2062 9045 5685 8680 7108
2989,4753 11896 1939 4964 6544 4962 7855 11005 9225 1948
2990,11020 13117 6936 14420 14890 4290 2498 1557 7356 6392
2991,10199 5447 5687 15017 1011 9534 7427 10899 1826 7554
2992,10995 7099 7098 12259 7095 7215 2881 10994 10989 10627
2993,13241 13240 13238 13239 13237 13767 7889 6943 14363 4523
2994,13243 13242 2128 8802 3947 14824 10536 13952 15045 15081
2995,12426 404 2820 1166 405 13245 1535 13244 1532 1323
2996,9755 6733 7102 1704 11723 10099 7058 8443 12262 10075
2997,1884 12997 13246 13247 1885 5407 11187 13929 13532 7565
2998,10731 529 4836 1331 538 11410 11267 4840 10730 10963
2999,7050 7929 10264 3810 5592 5580 836 14356 15000 5167
3000,13032 10343 11943 11029 6626 10592 10001 8003 13714 10345
3001,13248 10525 12745 10523 6000 2820 13059 1535 13701 1532
3002,5368 3553 954 11097 8058 2962 10657 5109 9351 7825
3003,13250 12887 13249 11775 3490 9451 1524 12299 9453 9450
3004,13255 13252 7262 13253 13254 10000 9395 13251 15131 1788
3005,12068 10086 5324 7825 12647 9032 3568 8592 2093 12963
3006,1429 7217 6363 1704 1320 9194 1321 1778 6362 4060
3007,12480 9566 7859 6824 5324 8487 7843 14164 4713 10447
3008,10413 1225 13258 14112 12865 1755 9800 10412 7698 9048
3009,4284 10496 85 15025 13224 13039 9433 2543 5191 2552
3010,1166 3464 13260 13259 3463 2820 11052 13731 1535 404
3011,9082 13261 3766 10973 512 4025 7905 8313 4350 1081
3012,1918 7732 7762 10140 7726 2529 2565 1504 2511 2522
3013,625 13262 8604 7304 2139 3642 11072 4292 10660 6972
3014,2838 3942 10240 5706 11844 6018 8219 13264 6382 5076
3015,9996 13266 1265 9998 13265 4465 7171 12281 5246 6477
3016,4441 10922 169 4385 2305 686 618 764 773 1404
3017,241 11652 9082 5411 13595 12104 14017 803 6701 5790
3018,11474 4008 3410 5549 8292 4005 4007 10902 4006 5164
3019,7631 9849 4127 3792 9954 9093 8619 5595 4230 7382
3020,13270 4132 2869 4688 4687 8166 11349 9753 1354 6323
3021,2741 2742 13271 6416 13324 5998 2614 2820 12426 4515
3022,13273 11115 13272 13221 10146 4913 2484 5812 4901 8349
3023,7409 10347 10898 683 619 1414 3630 2427 4629 7541
3024,13277 13276 10798 11799 2681 1132 10934 7467 8541 11961
3025,9823 13280 12519 13279 11248 10253 13278 12527 14065 13616
3026,7014 7015 13282 3486 9412 14571 7013 9406 9307 4062
3027,5863 3845 9644 3844 7818 1603 1357 4139 1011 2871
3028,529 7236 12329 11410 538 6837 12832 536 13296 13289
3029,13283 4755 13823 11695 9892 10842 10468 11849 7247 4332
3030,5880 10773 13284 10771 10778 9823 10776 10768 10770 10767
3031,12437 92 12194 15134 15064 9996 8999 7980 12297 7251
3032,2869 2371 1357 2369 1354 2375 7404 1778 5846 6550
3033,11405 13286 4135 14136 726 692 14512 11403 11402 14711
3034,7625 3421 3671 7745 9650 8059 2060 3425 7628 6159
3035,7233 864 149 2411 486 9046 10132 911 781 11652
3036,642 11022 2010 6066 2011 9814 11850 3635 13684 14681
3037,1317 5667 4037 3442 4280 7427 1438 1828 4943 1775
3038,13300 13298 13289 13303 13293 13297 13299 13296 11266 13291
3039,11405 12480 3011 8212 10900 13306 3565 13586 6824 13361
3040,13 13307 11631 9759 12 8096 8095 15 9660 12065
3041,8621 9340 11917 152 4396 4869 11071 10370 514 10372
3042,4605 2891 8504 1009 11722 2957 13308 8164 9639 4133
3043,5191 5193 5192 2516 1620 1461 5189 5190 4284 7130
3044,10373 10372 155 10371 5679 4396 9955 12165 156 152
3045,5203 12573 8056 12765 149 11140 4500 8307 8305 8943
3046,13311 13309 10879 25 13310 715 10876 3405 10878 10123
3047,10411 152 8728 8528 8870 5754 11561 11556 7685 151
3048,6725 8517 6717 3400 5365 693 6719 6130 10863 3893
3049,12820 13315 10880 13314 11555 12821 14805 528 5998 10056
3050,287 2067 5229 7700 618 10347 7699 2294 794 2700
3051,13317 11821 3405 618 8577 9337 2067 6114 13318 3404
3052,5786 2959 12667 1381 3403 7000 2652 5787 7246 5186
3053,12654 4839 538 4844 10881 4281 11410 4835 4841 4840
3054,13321 8869 11111 13320 4791 13319 15097 4711 5935 13855
3055,2814 12671 1535 4514 12743 2815 13453 12672 405 3465
3056,2820 2742 1166 2614 3465 405 12426 13325 1165 1323
3057,1532 12426 7396 2745 2364 13326 2820 4330 2614 13005
3058,2742 2614 1166 3465 4515 2820 2744 13327 1532 1165
3059,1532 6993 11897 13234 13328 2614 11112 14138 11121 8904
3060,2042 10732 2959 5732 555 11392 10345 10344 10346 2603
3061,1532 13331 8904 13335 13006 2741 11754 13332 1325 2744
3062,2741 2742 10207 13233 12786 6416 2820 1165 2614 2743
3063,13338 13340 13339 4515 7686 5998 2304 937 6708 2614
3064,5998 2744 2508 873 2742 11913 2614 7686 2741 1165
3065,7229 7249 15199 13854 10865 2959 11932 5431 10208 13959
3066,8300 7824 10528 14395 1633 6789 11035 14043 14254 10570
3067,12426 12744 2820 12070 405 1323 1166 2742 3465 13187
3068,4515 408 2742 1532 2614 15096 13324 2820 9784 13271
3069,2614 12816 1323 2820 3465 2742 405 12114 1532 5998
3070,8761 13343 14328 8808 7333 12271 9123 5194 14138 9075
3071,404 1166 1532 2820 9791 13344 405 11122 9784 12426
3072,2820 13345 13347 13346 1165 8904 11051 1167 13200 13005
3073,1535 405 2820 1166 13346 13005 12008 12426 2742 11524
3074,13350 10280 478 2722 583 2133 2489 11289 1054 1752
3075,2614 2742 7807 9767 2820 13352 3465 5998 1532 1165
3076,1532 1323 8904 9784 405 2614 2820 3465 11122 14324
3077,9784 13354 9793 404 9791 1532 2820 14359 2365 1166
3078,13200 11392 1168 1167 10732 12007 46 2820 405 2614
3079,13355 8726 14785 8629 14114 5516 8729 8728 405 8727
3080,1165 2742 12027 7393 2820 15038 1166 12426 12842 2744
3081,13357 13356 12380 11788 1671 8528 13629 2820 12786 937
3082,2820 405 2614 2742 3465 1323 1166 12426 1535 1532
3083,5929 8534 15129 5935 8736 8735 14880 13321 14217 7009
3084,9682 6187 3952 9655 13358 5713 7939 6687 9650 12033
3085,11965 13318 1475 9465 4591 2314 1500 14716 11330 5345
3086,1996 9079 11714 1997 8215 13721 1635 1536 9078 9077
3087,7215 10995 7099 2881 7095 7098 10627 2869 5845 2375
3088,13363 993 13362 991 9946 9158 1965 12384 1289 2136
3089,11347 2379 9853 2375 2372 2380 4599 3083 13111 2371
3090,1665 6780 6781 13366 13365 1852 9809 7651 9803 9810
3091,5427 12180 6376 6568 11039 12187 12716 875 138 1020
3092,10444 10443 5199 6094 10442 2850 13368 7888 13942 10229
3093,13369 9552 7702 9227 786 3576 15076 7131 15072 12013
3094,3415 9664 4402 9750 10936 1154 1721 11435 1011 1887
3095,13371 258 4385 169 3811 149 873 5371 10616 618
3096,13375 13374 13376 8989 13131 3484 4569 1718 13716 13879
3097,11642 7328 3847 11967 709 12965 4796 4275 11603 13378
3098,9751 4136 10953 5367 7055 7057 8164 4608 4135 7065
3099,10357 2152 6898 4471 5959 4256 6086 4876 96 3834
3100,11212 10892 2137 42 8590 8589 11692 12694 6434 2725
3101,3388 11145 6305 11143 2174 12459 3387 9141 10909 11144
3102,1826 6364 3843 3415 4416 4414 2876 2869 8468 1777
3103,1011 13380 4039 4035 10071 5687 11537 673 4138 4134
3104,12290 12292 12289 13381 12293 12675 12291 15253 12674 12673
3105,9996 12437 12194 7725 6057 1265 7980 9998 12881 3004
3106,7527 6228 7568 11274 12561 9539 10717 9699 1659 10256
3107,13386 7350 13387 10610 13360 1666 1840 7949 7895 9226
3108,1826 5450 6364 3843 2876 4416 4414 2869 4609 1777
3109,13388 11914 11126 9610 4153 14839 14686 14841 3063 653
3110,12617 1128 5634 1883 12171 12093 11363 11211 10037 14453
3111,12769 7988 12767 12768 9672 2335 12403 1446 2344 10784
3112,13389 8785 12490 13225 11336 13094 13226 7964 569 2921
3113,2490 11140 5972 2559 4383 4766 7346 2186 7863 4226
3114,3941 2342 6371 13037 8964 7442 10727 350 4259 2588
3115,12170 2208 9822 13126 13127 14630 14627 14629 12814 3787
3116,13393 13394 10518 6354 13204 13391 8141 13359 7576 13378
3117,9145 551 10 9146 2207 8711 676 8769 1667 7840
3118,11766 13397 11984 13045 13396 11967 14437 10244 13550 8887
3119,6657 6663 10647 13398 10403 6661 6667 3656 6658 6662
3120,1011 12802 4387 5687 9534 11537 2893 13983 4134 7784
3121,4973 10050 4787 11113 11748 11215 13571 169 296 10910
3122,1721 12932 8982 8152 7554 2874 1354 6805 4599 4138
3123,13030 13483 1778 13713 9640 13983 6320 1318 12370 1149
3124,13399 12998 3897 13527 10918 4909 14789 10456 3896 13484
3125,2102 2097 5594 1083 1807 10555 725 12267 13401 5398
3126,6377 10487 4725 2217 7212 29 7187 3048 8240 2117
3127,2913 12168 11081 9888 6441 12862 1503 1582 4230 7291
3128,12155 3427 13405 13396 9623 5743 7826 13404 13068 3428
3129,13407 13408 1872 10316 3639 13773 13774 12550 12252 11295
3130,4447 13409 10680 11219 8316 14353 14330 4448 14196 14195
3131,13010 13009 13011 13316 13410 12903 13008 3974 1747 7249
3132,2013 4803 3113 10110 10111 5126 9940 861 6752 10103
3133,13411 5099 10915 3608 9617 8669 9464 13412 4377 2571
3134,10321 3560 2704 8184 13041 7144 4191 209 12542 4828
3135,2371 6360 2375 4403 6825 1778 348 2980 9192 1320
3136,7455 10972 3921 6421 4495 5486 5181 6619 6617 6621
3137,9405 11958 2261 3524 5147 10295 2515 2506 2514 10155
3138,9801 12583 856 328 12308 8078 6489 3587 5754 12582
3139,8176 5271 11837 4341 10855 10654 349 4830 14344 7551
3140,8190 8944 7299 4192 9993 3153 3382 8068 2700 4773
3141,7253 7401 8644 6836 13360 11602 12029 7513 2295 10634
3142,13420 11911 13418 12567 617 4550 6622 8968 7866 6969
3143,4132 4687 3083 9853 4598 7427 3415 4688 5874 9666
3144,6941 405 2820 11123 13200 2817 9784 12070 11111 6866
3145,1532 8312 11112 7393 13323 2614 8311 7395 8904 2742
3146,2631 7865 3726 12189 11976 1024 4804 9932 5187 11834
3147,5687 7336 982 1011 10199 7427 5447 7100 8302 12585
3148,798 1087 10372 10053 8190 10371 10564 8195 10375 12055
3149,1719 7426 2892 4138 2869 12929 7057 2373 1721 7425
3150,11405 3019 13424 14136 726 692 11403 14512 11402 11221
3151,8253 12561 6739 9749 12798 12795 6066 8254 12796 12799
3152,10731 13425 952 1331 10730 5570 14154 11156 981 11410
3153,1166 404 9784 2820 3464 1532 1535 405 3465 9791
3154,3237 3234 3239 13313 1371 7564 2566 7326 7330 7561
3155,4037 4035 13426 13380 10073 10071 1317 4034 8983 14745
3156,5565 4642 4644 4643 5566 12992 5564 13427 5563 9559
3157,8904 177 1532 7333 1323 3465 14324 7923 2820 11122
3158,13114 11208 10431 10243 10085 11190 13900 13066 11209 9111
3159,311 7730 7371 9457 9926 9028 6907 14853 9101 188
3160,5570 9238 7236 13428 3778 6724 529 13314 8713 8316
3161,6654 13429 4997 14301 12556 6869 11299 6316 11847 10153
3162,13431 5514 9372 5793 13430 9836 5175 5374 11368 482
3163,1011 7925 1935 4317 1837 3587 1113 7833 8795 3962
3164,13432 8075 2805 13608 13424 12182 12274 13433 11201 9352
3165,13379 11607 2798 3298 125 11944 5836 3765 4987 7564
3166,13435 10837 2929 10838 3648 3974 12359 11942 11758 8505
3167,4742 11183 6254 336 3103 5815 4091 928 12755 12754
3168,4862 578 10432 8444 4769 7622 8467 8795 13195 8953
3169,8796 12188 552 10025 4914 11924 3750 62 6190 10026
3170,618 5580 13438 612 15065 287 6002 466 4925 1099
3171,13439 13440 13850 14884 1671 10222 13308 9375 9361 8081
3172,2779 7926 7679 3507 9049 9690 3902 8940 2774 998
3173,3945 10359 13735 7552 476 227 10356 2674 11384 6579
3174,13443 13442 7427 4139 12370 2996 6807 7554 13444 1011
3175,6125 13445 13446 13447 13449 13448 13049 5262 9446 5263
3176,1315 13450 4624 1358 4599 3083 5845 1355 1318 12642
3177,4170 621 4706 3070 6515 1125 4699 7895 6146 6497
3178,3441 3493 1970 3151 4819 6959 8549 8648 7955 3027
3179,8629 13451 1634 14785 13355 1996 1636 2610 11191 14600
3180,13453 2614 2742 2814 2815 2820 3465 13452 405 5998
3181,1001 1008 1006 1002 6364 10818 7062 1777 2996 1011
3182,7152 13454 7776 506 1086 1573 4052 11861 13434 11860
3183,7249 13410 12584 1747 3974 3400 13455 7783 8817 5365
3184,6622 13458 4338 13459 2979 13457 13170 2731 11547 13456
3185,13463 13461 13462 13064 9572 4909 8899 8084 10872 11206
3186,13466 13471 13468 13465 13469 13470 13467 10635 13287 12758
3187,611 488 163 1646 3097 6853 3225 9781 96 5580
3188,13477 13472 13476 13478 13474 13475 13473 13316 7578 11166
3189,626 13479 7946 13418 21 4966 7711 12326 9398 13420
3190,2741 5430 8729 2742 3465 8108 13423 4516 14196 6416
3191,611 4759 868 4228 383 10421 11936 11939 12536 11937
3192,3464 4515 4516 1166 6075 2820 2304 2742 2614 3465
3193,13481 13480 6086 5471 13903 11419 5335 9140 12653 12399
3194,11916 13482 8480 10458 49 12169 2141 5753 363 10293
3195,2026 5281 11739 2509 2146 742 2544 2562 6898 10379
3196,8302 12585 982 4061 7100 13484 11120 12108 5673 13483
3197,13084 13486 11380 11545 12066 11543 8759 2792 783 4299
3198,13487 512 658 510 778 838 1449 5186 3930 8952
3199,5104 11031 11032 6692 1936 4696 1592 1680 12129 14588
3200,8882 5385 7341 8298 10894 4795 12470 12565 1123 6617
3201,13507 13505 13509 13501 5387 13494 13497 13491 13506 13495
3202,7020 13515 200 11285 9429 13511 4846 8190 3769 10123
3203,707 10064 1169 11101 10529 8470 14322 8931 7482 5769
3204,6114 5742 11072 9648 11844 7020 9249 6345 9337 13752
3205,11560 13518 11974 7798 10790 3965 5132 152 1624 2957
3206,7938 3665 13179 4939 7292 2652 7990 5717 10701 3887
3207,7215 3083 1771 9080 2317 7096 4138 10554 8580 3842
3208,13521 13520 7226 14944 8421 7228 8428 5784 3801 7699
3209,13526 12870 13522 13169 5195 10678 6128 10905 1475 4588
3210,7427 7554 10199 10899 4599 5687 2875 7818 5447 9540
3211,8215 9079 6824 13257 8825 13527 945 9078 1536 9077
3212,8158 9554 12727 6737 2379 12894 12897 12893 1354 8151
3213,2876 3843 7554 1826 4416 14105 3844 5876 7427 10199
3214,1953 9649 6818 13529 13367 12265 6285 10456 10721 11425
3215,11116 13530 7660 11689 10929 7184 11115 2215 3866 5466
3216,1885 5329 13532 13432 13427 1958 13001 13531 11854 12997
3217,12049 13533 12448 7379 13263 11700 9966 5973 1728 12297
3218,4599 1315 11347 5845 9853 13111 2375 13450 7427 7215
3219,476 3945 466 2457 794 478 14897 7552 6833 1213
3220,3489 7469 13107 11611 13106 9623 1862 3491 2912 11610
3221,13536 4171 10779 8235 5900 6488 5788 627 7567 12040
3222,13537 5614 13176 13725 7660 13848 14065 14001 14182 14531
3223,13074 10051 1228 13080 11603 10741 3387 2280 13987 10047
3224,644 11610 6346 13538 11921 14106 5255 4808 10121 14223
3225,2197 5012 217 3333 14362 13807 13805 14284 2951 13806
3226,529 9667 38 9668 538 7236 536 526 533 530
3227,2996 7065 2888 4316 1001 1321 9194 3667 1317 1011
3228,10977 4882 7560 7559 7558 10916 12101 13065 3573 12964
3229,405 1535 11749 13539 2820 8905 1166 1323 2742 13332
3230,11477 3736 9817 12320 3737 6698 3267 9877 11476 10190
3231,13044 13541 13545 13544 10557 7855 7085 13542 13543 583
3232,3057 3058 3059 3056 3054 3053 3052 3051 3055 15001
3233,9889 8982 4139 4603 6805 3442 12916 8272 5849 7554
3234,10045 4907 12405 3614 12562 10238 10718 8753 8559 3508
3235,1008 1777 3684 1826 9645 6705 6364 1317 5843 1006
3236,13549 11764 11763 13548 6393 11021 5492 11888 13550 13547
3237,12494 13552 1658 2079 4772 3871 9678 14000 14706 14388
3238,13555 9488 13553 9253 1254 10573 8691 13554 3488 12773
3239,1317 4037 13556 4035 4687 3442 13426 4688 13711 1011
3240,2804 13022 4653 4650 4660 11370 11368 4663 4657 4648
3241,13559 11306 13558 11315 14861 14860 14859 14638 7876 12626
3242,366 6621 12321 6622 553 9264 13262 13737 6619 13365
3243,12034 13181 13083 5336 787 7847 13560 4374 10204 12447
3244,2371 2375 2891 1778 1354 1322 4060 1321 9192 4606
3245,5998 2741 13561 12425 8904 2742 13201 2614 13562 1532
3246,13047 12507 12508 9783 12506 12510 6571 12509 2836 11918
3247,9654 14171 5426 5543 6134 9891 5699 2089 11050 10546
3248,9442 13564 11303 409 2431 12424 13119 131 10156 11591
3249,13565 4608 4136 10367 10574 10576 1003 6737 10368 8165
3250,13566 6241 2169 5710 13968 10251 6240 5377 626 5375
3251,3504 11323 6343 3441 206 10202 2711 1982 7089 11257
3252,7380 9469 6147 13606 13607 1349 2291 6156 9591 5299
3253,13568 10326 13567 8233 4673 8237 7642 10325 10324 13590
3254,3735 9459 1409 1639 2556 2960 13569 3181 43 3055
3255,405 12426 2820 1323 1535 2742 1166 13346 2614 2822
3256,13570 466 243 871 8403 169 323 879 10972 5452
3257,13058 5569 4438 13729 5571 5572 5573 13728 5570 4536
3258,4284 5191 85 10496 13224 15025 13039 9433 9694 5237
3259,13571 2013 2921 7718 11779 8839 643 2428 12546 2916
3260,2869 3094 13572 1826 14736 7425 7215 7426 11598 8166
3261,13573 1151 8152 4138 6738 9968 9967 11528 1155 5667
3262,544 12236 545 51 548 547 543 549 546 1558
3263,8111 3400 10130 13989 13308 8381 10064 13410 555 3393
3264,12169 11916 49 10293 23 1481 10458 11975 11069 2270
3265,9241 7226 7551 7266 7520 10230 570 7228 7205 11291
3266,2820 1323 405 12426 1535 1166 2742 13260 13271 2614
3267,1987 3413 7080 3414 14345 2260 673 11340 10750 2259
3268,7057 10953 7016 1719 13723 8164 1011 4135 4687 2869
3269,2891 5673 10752 1007 10754 1003 3667 14459 4609 7065
3270,5255 11610 2393 12552 8497 3489 13268 2839 11845 10253
3271,1071 1737 1079 9051 2291 12797 1804 7341 578 3984
3272,11119 2869 3079 8982 6542 9664 11118 10626 3693 7222
3273,2614 2741 5998 2742 2820 1532 3465 15152 1529 6416
3274,1105 13580 13579 13583 13581 13582 10631 9255 10017 11297
3275,3481 1882 13002 5328 3482 5326 9074 5330 1885 1884
3276,12748 11219 7986 5639 2616 13584 12817 9945 15120 4447
3277,13586 11247 11246 3565 11210 12328 3567 14664 645 7722
3278,775 7956 10570 5482 8300 4252 3681 877 10568 794
3279,13587 14826 9055 13414 8370 15061 8369 15062 7124 14578
3280,2063 3529 1035 4978 2064 12280 2021 1079 3751 7646
3281,3979 466 10170 29 10209 1983 4178 9336 7473 6089
3282,2026 2234 2497 5191 742 757 4845 1087 11443 2145
3283,12873 891 8856 4026 12591 4022 8398 8519 4798 6175
3284,3083 1354 10461 4403 1357 4402 7784 4687 12934 4138
3285,12907 13592 10031 13591 4783 7809 5158 10030 6839 10033
3286,1011 7215 2869 1863 12332 4134 1771 7427 11347 10627
3287,10092 11270 13593 7334 9936 13591 3910 7333 3892 12885
3288,2780 8223 10451 9261 8224 1574 8225 9068 10452 6025
3289,6364 2371 4413 2875 2375 7218 1778 1322 9192 4060
3290,91 8999 14555 14865 14612 15079 14559 1368 14163 14166
3291,13595 12102 10668 11652 6701 5790 12462 4777 10385 9457
3292,3990 5397 13143 3991 3989 10572 11669 11935 10571 10330
3293,13596 13599 13598 13600 13061 7876 13597 7631 7610 260
3294,873 4355 686 1785 149 1204 466 775 1377 8189
3295,873 1785 686 12429 8577 4025 466 14142 8189 1782
3296,3718 13602 1588 14565 9842 476 466 1611 15172 5466
3297,12936 7217 5854 10807 5688 3443 9194 1773 1704 1353
3298,3288 3328 3826 138 4636 3398 650 8558 275 3348
3299,4 1503 5360 13603 7390 9062 794 3441 476 5541
3300,1166 1535 2820 2742 2815 3464 405 404 3465 12426
3301,9990 3142 6132 10797 3190 9490 243 5624 8937 1610
3302,7846 11590 12136 10151 169 5984 7849 7848 712 7847
3303,5490 4780 13604 1614 8431 6054 8070 6689 5488 4567
3304,11335 11331 13605 10010 2832 11327 7459 3604 7672 11338
3305,5173 7420 2057 176 3258 1219 2448 323 794 4821
3306,13606 13607 2291 1349 7380 9591 1350 2412 9051 13797
3307,3222 794 11727 10452 176 1450 14287 2448 5542 467
3308,2628 4315 2630 4596 1146 1145 1011 15240 9553 72
3309,4339 11967 5914 7183 14481 14499 14969 7328 13397 14486
3310,11262 278 4334 4075 2942 891 10548 5235 4521 7645
3311,2375 2371 1357 2014 11347 1354 1778 6360 2369 3083
3312,13608 13609 3716 8698 8085 9074 13432 3717 5328 14900
3313,1011 4139 4599 10575 5848 2871 9645 4596 9626 1862
3314,9682 908 6181 11912 6171 399 4371 13391 11773 4935
3315,7247 203 10984 4790 15038 7681 4020 6437 205 12027
3316,12172 13613 13611 13614 13612 8278 14262 11470 5628 14892
3317,3500 1779 9192 13052 6362 1320 1319 1778 4060 4606
3318,150 11813 2037 9545 4342 2038 12921 1869 10275 1750
3319,9050 8872 3879 5789 3948 10432 2068 6474 587 8836
3320,2130 9042 10362 8591 10174 12015 9043 2129 9040 6155
3321,13616 13279 2830 13615 9212 12850 455 14065 14172 7826
3322,13618 2305 2152 1805 11809 4756 1444 11050 4352 687
3323,13619 10724 13589 11943 14818 6224 6274 6626 7735 4649
3324,9079 2797 8489 8215 9078 1536 9077 9076 3721 2795
3325,11471 9848 3782 11218 8246 5835 3665 4910 5980 6537
3326,10918 13620 6286 13256 6754 13527 14031 10429 9798 1883
3327,12296 1855 2534 7516 13884 8444 10414 4925 5325 6544
3328,3085 6847 5686 4134 5688 3084 2881 1011 7077 2016
3329,2820 13624 1166 405 2742 3465 13622 2614 12426 1535
3330,2779 770 3709 5981 6645 6526 4216 6053 3702 9653
3331,2820 2742 1532 5999 2614 6353 13235 3465 405 1166
3332,5155 437 1656 3222 3277 3223 2139 769 1803 2711
3333,1684 7385 970 286 14443 1758 10417 7145 5414 816
3334,7428 8816 15206 15207 5527 11764 11763 634 3916 769
3335,1177 8291 8788 2984 4457 6613 6531 2846 10868 5285
3336,13627 8860 11948 14168 5369 14465 7993 5365 8859 15070
3337,13629 2820 1532 13357 13323 13628 2742 2614 937 1166
3338,1892 13630 1804 1894 1893 1895 1896 1891 6749 1113
3339,1011 11347 2888 2995 11816 14283 12734 13112 2372 2379
3340,8164 10992 4605 5367 4133 4597 10098 4137 7057 1379
3341,9829 13631 6068 13634 9830 8613 11472 11779 4124 1040
3342,6511 5711 4633 4171 9652 13632 8124 7879 1938 1746
3343,1354 2375 2371 2374 1357 1355 1778 2372 2369 2370
3344,11875 2729 11006 5255 6763 2723 2900 6071 9086 4369
3345,7948 8116 6168 7571 9809 1844 12223 1665 6240 7947
3346,3083 7784 12642 2886 11851 6321 4687 1011 4688 1317
3347,9829 11472 11779 9495 13634 4388 1040 12158 13073 13631
3348,7401 8210 8649 7754 11372 8650 6172 1846 14666 11385
3349,13209 10630 5845 5846 4743 7077 1011 6739 12915 11000
3350,5344 8808 13635 6571 14877 14328 12501 5193 2614 10741
3351,13637 788 13636 2166 268 5884 1447 10839 6236 4788
3352,6483 11408 7539 11407 8605 11409 2397 637 2725 7019
3353,6623 4068 7629 10729 9225 6185 4531 7628 7940 7627
3354,13639 12131 11964 10269 1767 4388 10970 6225 3070 6226
3355,13640 9856 6499 6161 2983 13798 9306 6244 6785 6167
3356,7630 703 11131 13370 990 956 1729 13585 10059 10907
3357,13642 13641 5288 12439 14356 13643 14752 14040 14355 6744
3358,1795 10000 12930 2984 13251 13644 9395 1177 13645 13255
3359,8078 7407 10558 3661 12583 6489 5754 12582 2421 5253
3360,1354 1357 9235 6553 1355 10365 10366 2014 2378 2369
3361,7899 1260 2848 9229 13170 7893 1896 3997 1261 7262
3362,11347 2379 2372 12739 2375 11816 14283 3083 7215 2371
3363,2742 2820 2614 1165 5998 3465 2815 2741 405 10206
3364,13646 10981 14067 5431 14156 2630 12101 3050 10982 10983
3365,6849 10764 11407 8605 2437 11408 11710 3877 6483 13542
3366,2869 12334 13605 13223 3774 8153 13238 6364 1826 14736
3367,2741 2817 13203 8907 2742 12198 6120 8827 2820 13648
3368,10734 1392 9053 1313 11926 3676 2215 6876 11298 14070
3369,3083 11347 4687 2375 7784 3084 1357 12733 4132 1721
3370,12131 10867 3859 1366 13639 1269 6618 11310 9826 230
3371,13649 11876 11915 11646 11972 6012 8817 11644 3501 193
3372,5096 9024 9337 3613 5137 13317 4122 3405 9349 14709
3373,13082 8809 12500 10041 12505 10734 12884 6571 9795 10733
3374,2820 1166 3464 1535 2742 405 3465 12426 1165 2614
3375,13653 13652 15197 11105 11781 14365 1114 5923 11177 11009
3376,13655 9623 1555 13654 7648 13068 7469 12155 13405 13396
3377,1001 2870 13076 10818 1002 2996 7062 3079 2869 11768
3378,344 13656 13657 7747 638 15265 5558 5556 5557 11289
3379,13597 13658 716 3877 13542 6849 1713 6944 10584 13596
3380,1826 3843 2876 4416 3844 6364 1777 4414 5876 4134
3381,2820 13648 405 1166 13203 1535 13661 2742 2814 2819
3382,13662 8822 1776 1888 1887 6734 9664 1723 1010 10199
3383,13663 5224 9836 10863 12654 14384 14282 1169 492 2267
3384,13664 6814 7090 4712 7386 9878 13437 2245 8802 10651
3385,2869 3083 3074 10461 13665 3688 10857 10193 15238 9535
3386,9393 8055 7085 13666 8021 8054 4446 4971 1119 9392
3387,13667 5890 13025 10104 5975 13026 3097 2900 12421 9588
3388,5997 13668 279 3672 6600 14959 6602 2857 1707 4169
3389,13669 1336 13654 4361 7860 14178 12879 10195 7530 13655
3390,4608 4136 11777 6737 8158 8165 4139 10367 10574 10576
3391,1323 12426 3464 2820 1166 405 2614 2742 3465 1168
3392,13673 4048 9125 926 13924 13647 11554 12659 4446 708
3393,9204 9315 7671 10711 1834 5595 11045 10332 7124 7631
3394,2157 12096 10015 2314 2426 10016 11965 13318 2026 9904
3395,13675 13674 12872 9594 6083 611 10893 13595 5790 6701
3396,6622 6623 9805 11227 11912 12566 6476 13892 2979 2108
3397,7552 13677 13676 3945 227 8553 3543 9171 6858 12730
3398,11765 13547 13678 11021 13679 3265 11152 11763 13549 11764
3399,10067 12660 12073 10070 12661 12664 12663 12662 12658 1714
3400,13682 9407 13684 11022 9084 3483 13681 13680 13683 2010
3401,2375 1320 1319 1778 6362 6361 2371 1779 6363 4060
3402,13034 13688 13689 13687 13686 6841 13692 12235 13691 13690
3403,13695 5818 3961 13694 3763 6886 5613 6235 10256 14138
3404,8021 11358 6058 13696 6761 9239 9393 8054 8055 5244
3405,5130 2924 3655 2925 2927 2926 1747 2916 2928 11447
3406,12890 13377 13698 13600 12891 12719 13596 13599 13598 13253
3407,13699 2834 11194 11473 113 10820 9359 10662 5096 13342
3408,8809 12884 10734 10733 13082 12500 8808 8806 12505 10041
3409,1880 13082 10734 13413 6868 8809 13129 15147 2739 2206
3410,1354 6361 2371 1357 2891 1355 2369 1320 2375 1003
3411,13038 1529 1535 405 2742 5998 2820 13271 1323 6000
3412,10525 13248 13701 10523 2614 4516 6000 3465 10524 1535
3413,5431 10981 13646 10208 13959 5405 7229 5435 3384 14156
3414,1001 10627 5846 4743 8542 13209 10630 5845 7077 7215
3415,13703 13620 9358 9708 2805 7309 8899 6286 1884 10918
3416,3415 6733 8822 1887 673 9553 2879 9755 7102 9552
3417,2888 12734 10556 11816 2995 11347 1354 1011 13785 14347
3418,13571 12044 1609 4998 2921 643 12546 2428 7718 4973
3419,13704 10226 12250 6349 3424 12890 6622 1662 2438 11648
3420,2741 2742 6416 5998 2614 10207 2743 7395 12425 3046
3421,13230 12861 13706 9327 9510 9325 9326 633 4083 12496
3422,10499 2916 1481 1489 7695 8853 10132 13199 5346 11473
3423,1001 12349 4600 3694 5531 6552 3667 1002 4413 1321
3424,6060 2437 13141 6059 7539 7815 7255 808 7540 10624
3425,2741 12426 12425 2820 2742 2614 405 13248 5998 1165
3426,13709 4381 261 11774 1524 13641 11610 1560 2839 13035
3427,169 10744 2950 3097 4559 4322 7046 8667 3977 593
3428,4037 12332 13711 4035 13426 1317 13981 11598 1011 13556
3429,2869 3667 3074 7065 3416 10754 1826 11778 3666 2891
3430,8647 7481 8318 7878 12925 4459 11780 9395 7796 8612
3431,13712 13713 12348 8850 8849 12377 8167 11624 4607 9624
3432,11943 6626 10001 10343 13714 8003 10724 6289 6274 11793
3433,2820 2614 1532 2742 1165 3465 12746 1166 405 12426
3434,1011 6364 3082 1013 12736 3080 2889 4626 8477 12756
3435,6883 13715 8032 7172 12718 7878 14533 6885 12694 12466
3436,13231 274 13716 273 13131 271 13879 272 5123 270
3437,10572 12327 12621 589 286 10571 1103 2101 3723 5397
3438,12805 3676 10078 9320 9321 9245 140 6310 3973 7249
3439,2820 2741 12426 2742 404 1166 2815 405 2814 2614
3440,13116 12482 13719 13718 11312 12038 12557 13934 1897 5492
3441,12905 12906 12903 11286 9517 7986 12904 5430 14007 2614
3442,7346 7006 10641 10390 2490 2559 837 5623 10509 3635
3443,13721 4892 13720 2087 11543 11368 11714 1635 8663 11367
3444,4238 13722 11953 4245 4203 4194 12406 4227 2779 4235
3445,10097 9853 7656 1726 6809 5450 4420 1719 9193 12264
3446,2262 6296 3142 5958 9954 9468 5541 4579 495 169
3447,2489 13724 2124 4969 7519 7925 13412 8801 9901 478
3448,11344 9127 1560 13725 12931 12693 12486 9659 12207 3428
3449,404 1166 2820 12742 1532 405 3465 1535 12426 9784
3450,5569 13729 13728 10277 8058 5405 731 13058 4438 9199
3451,1533 1532 11897 13730 2744 1165 4514 14324 8904 13660
3452,5886 3814 13732 10195 4731 7712 9840 11983 1176 5885
3453,11109 1168 1167 13200 11881 12006 1532 8827 3465 12007
3454,2820 1166 3464 8526 2742 405 3465 13734 12426 1535
3455,13685 9409 3483 9410 13737 2009 11186 13736 14888 2112
3456,1136 1145 1146 7099 1721 7215 1722 5686 10751 11099
3457,13738 9032 12646 12647 13269 12844 4639 3604 7825 12068
3458,2371 6361 2375 9237 1778 2370 1320 1354 4060 1779
3459,12959 10756 12954 12952 12953 3540 12960 13979 12957 14414
3460,13037 8964 7442 6371 8780 13612 13740 6940 7347 6722
3461,476 8585 2218 10841 793 466 794 478 11039 464
3462,8882 10481 4852 4352 15140 2626 4455 15139 10135 3069
3463,2375 5845 2379 2371 2372 11347 4060 1778 9853 1320
3464,10445 604 12937 8138 8004 12129 4338 2717 707 6145
3465,2437 7627 8778 4383 8259 13906 6849 7628 7629 10764
3466,1166 2820 3464 12007 13453 2742 1535 3465 405 2614
3467,7680 10307 10302 8046 10306 10308 6689 6596 10304 9169
3468,40 3644 13261 13129 4411 4519 5237 10000 2569 870
3469,4139 5848 9755 9626 5849 5847 395 4608 4603 9645
3470,13742 10103 13934 12038 12557 13719 12482 10110 10111 1897
3471,10992 3082 6321 1379 5248 11889 8443 11536 2869 2889
3472,13745 13748 13749 13747 13743 13750 13746 13751 13744 12111
3473,13313 13081 2821 3733 5834 7566 525 12516 13752 4981
3474,12724 10331 13754 3580 13755 2953 10613 8398 2017 2303
3475,8215 5116 9079 9078 9574 8216 9077 1536 9076 2662
3476,13757 13759 13756 4359 10810 10107 6623 6528 2417 9971
3477,1937 13763 9650 13762 8059 13761 7745 12148 6620 2108
3478,7057 7785 11890 4687 1011 1719 3083 7427 10953 2869
3479,4169 9230 6514 2861 3672 1707 7689 9656 586 5664
3480,12719 13600 13766 13253 10982 13377 13698 13596 13599 13598
3481,12850 13885 326 1381 11366 14538 10265 313 321 303
3482,5713 7744 10122 13358 7746 990 4836 4964 9682 6187
3483,12857 32 2130 1383 8504 8382 13294 10140 12793 13224
3484,8152 13573 11578 3693 1776 3072 1721 11528 4138 5690
3485,2436 2435 13769 13120 2432 13768 2434 10145 8229 2433
3486,13406 13770 231 4667 10867 7722 11147 4666 14533 230
3487,1354 2371 11777 12874 2375 2374 7427 4687 1357 7076
3488,13773 13774 13772 1872 13775 2295 13407 12550 7814 10316
3489,323 3736 6577 11759 4085 3534 6220 11477 6046 9265
3490,3491 13777 13776 13778 8115 13779 2050 14109 12846 13610
3491,8899 11096 13064 13063 13780 10959 14041 14796 2793 9358
3492,13782 8462 8516 6129 14128 8176 2230 10653 14344 9341
3493,12986 1893 6498 13709 6546 10869 2906 4017 6499 6697
3494,2624 6810 9194 7216 4134 1777 11808 11569 1136 11102
3495,11719 7125 7116 12140 12139 116 7132 3022 7559 12384
3496,13783 9820 10102 7910 2240 6831 10458 5122 4353 1304
3497,8396 10256 2061 7978 1071 2058 12051 3213 10463 10421
3498,11819 8655 13784 10639 6066 2694 550 12771 6311 11022
3499,1320 10627 13785 7077 12209 10461 10569 12735 11000 6363
3500,13787 13792 13786 13790 13791 13788 10997 11806 13789 1775
3501,13794 13795 3187 9583 13793 1175 13550 2760 9205 13046
3502,7659 10982 3862 10445 3864 7744 230 9228 9957 7489
3503,13797 10553 6777 13258 13607 2658 8170 12622 10634 275
3504,3943 4286 239 13889 3662 4962 250 3148 6826 3909
3505,13803 13802 13801 13800 10079 11680 10605 1634 7757 8629
3506,5409 11042 11039 11040 5556 13402 8585 12187 11038 134
3507,13806 13807 13804 13805 2951 3333 9306 14120 14386 9208
3508,13815 13812 13811 13810 12992 4056 13814 10079 8393 1996
3509,3896 13819 14775 8087 14770 8093 9558 4594 10976 14200
3510,13820 13821 5579 9576 448 13066 4252 8105 2953 8090
3511,9752 13185 4139 6806 7427 8847 9645 6810 14269 1011
3512,7365 12430 2105 11064 11551 10167 3468 11584 2210 6441
3513,1523 7233 3857 3428 1119 11690 9393 8021 4971 412
3514,11340 7101 11325 14345 3413 3414 10750 1720 11056 10752
3515,3877 13542 6849 13597 716 4434 13823 6095 13658 10584
3516,13824 5079 3267 3266 3268 9390 3016 1967 2468 3361
3517,12669 2707 13825 13890 14878 4797 475 9216 4497 4865
3518,1357 7554 6432 4598 6446 1354 7427 6553 2014 2371
3519,611 10421 3213 2061 15020 11939 11936 12051 11937 12568
3520,5555 2588 3701 2349 8668 4015 1733 2342 1282 3773
3521,7760 667 2350 5838 11291 6560 7322 975 9143 15046
3522,13827 10715 1509 179 7775 13826 7117 12165 1588 7122
3523,405 2742 2820 404 1535 1323 1166 2614 1532 3465
3524,10636 6472 1486 9613 1652 7654 7828 7463 83 1547
3525,5215 2037 4636 187 4991 7561 5633 3319 5821 4884
3526,13830 13829 11872 13828 2650 1673 876 11871 7941 10943
3527,1181 5502 12201 1101 12337 11920 3811 8411 3405 14527
3528,13831 9245 2246 1035 5632 1017 348 2137 1045 7193
3529,742 7727 13177 12100 2543 9771 9164 10132 13080 737
3530,5515 13832 10126 13487 15026 5514 476 2301 14281 8409
3531,13833 13835 9950 6168 12354 3669 13834 1615 6296 12793
3532,13836 9519 4875 13312 3257 2598 4350 8427 14224 22
3533,7827 2842 12680 13837 1557 13279 13778 12926 13278 1933
3534,5264 13563 2657 5265 5174 2013 8005 10581 4021 6771
3535,13840 1784 6097 11650 7674 6499 13839 9941 6498 11553
3536,13564 7230 9768 13842 11908 7656 7704 13841 8030 14533
3537,1126 12947 3428 13843 13844 8016 5249 14692 14533 11908
3538,13845 13116 3858 8688 12859 13846 12715 9371 14177 9695
3539,2820 4515 2742 2614 1166 405 3465 12426 1532 1535
3540,13847 3174 8778 3160 11379 8239 5023 3975 7350 7005
3541,11718 1368 3749 10459 5047 8999 14560 14851 13015 14612
3542,13337 13390 3587 12797 15268 7703 3588 3585 15216 14810
3543,13848 13617 13278 13537 13725 9555 13654 5695 14593 12928
3544,11366 6657 13885 14915 692 6658 5267 14486 12850 2282
3545,13850 10730 2959 13439 5998 1331 10731 12667 3403 555
3546,2130 4024 10889 85 11972 1289 2466 2543 11113 5187
3547,4132 8166 10988 5667 1772 4687 4688 12726 13270 9967
3548,11090 876 12019 6087 12361 2278 12670 3579 2082 14114
3549,2614 1323 4516 3465 2820 2742 1532 405 5998 12426
3550,5998 2614 2742 2741 1529 15152 2820 405 3465 12426
3551,1354 1357 1355 2369 2886 4141 8163 6550 6551 2371
3552,13705 4404 3789 8256 678 12219 9371 8259 3858 8251
3553,466 7551 10531 6870 8457 8401 705 10670 5271 250
3554,9077 3275 12171 9076 12615 8902 9078 3274 3721 6412
3555,10918 13527 5517 6063 13399 12998 8663 5634 1886 14789
3556,5673 13852 11120 10217 14459 13878 14996 2887 12551 886
3557,795 2933 736 1219 9390 7516 466 3033 794 2781
3558,3811 323 2232 7970 780 4000 10884 3290 774 783
3559,2869 2372 2380 2379 2375 11347 14736 9853 4609 11778
3560,4424 2760 53 12031 100 14163 0 771 3222 13794
3561,7249 13854 12070 1324 14800 8731 7229 6415 2742 405
3562,602 603 13856 7250 7585 7104 10183 7643 8432 83
3563,620 1429 8230 621 9714 4455 6379 13706 5907 12496
3564,13865 10778 13871 13864 13869 13859 13870 13867 13876 13868
3565,4594 4641 4884 6795 7561 7559 9558 9559 6797 4644
3566,8239 9661 13204 7350 13847 9807 72 7934 9880 7260
3567,12850 12404 11890 1317 4687 3044 8166 4688 2869 10992
3568,1721 12334 10716 5367 13223 8152 4407 1145 1155 11638
3569,7911 2080 10650 3055 6560 8693 7186 10247 3807 5163
3570,5360 7087 618 5541 1104 6834 4726 846 9314 11699
3571,12171 12617 10789 11211 8759 5370 13877 6412 9566 12619
3572,1836 5594 4191 5592 15181 127 11748 14162 209 1204
3573,6597 4696 10809 6598 1592 2267 1936 4848 3651 1191
3574,6181 10716 2432 1513 6246 10842 2433 9443 4668 11622
3575,13878 11120 5673 2887 12756 14459 14226 14464 14678 8477
3576,13879 716 9892 13597 13716 9895 13131 7264 10584 9894
3577,611 10421 11939 11936 11937 11938 383 488 6825 9781
3578,13882 6685 13881 5353 12263 10914 6257 2654 6170 13880
3579,3135 3201 4406 3183 242 6575 15082 6699 5341 8992
3580,1918 9282 9904 9284 5309 7726 9920 7732 10140 2559
3581,7401 231 8144 11568 4480 6506 5638 13950 4073 229
3582,7409 9843 7541 4629 13177 14174 14507 13986 14173 8218
3583,626 4966 5709 9365 8397 5113 15100 10337 5377 3982
3584,1011 4132 1721 4687 4407 4688 13573 4138 8152 3693
3585,1896 6909 7466 6616 14729 7455 6949 1946 7892 11686
3586,7516 13884 4925 9390 795 3033 5082 4769 2534 12296
3587,13885 5267 11366 12850 14491 14479 14488 14506 5266 14496
3588,13886 9060 3444 11836 4003 2072 1250 4408 253 9059
3589,649 8146 1205 3621 319 650 12776 3628 342 11864
3590,5788 6778 1115 12720 7292 11913 1855 13196 12296 6776
3591,12945 9893 9880 961 9966 661 11140 966 9879 3007
3592,3823 9804 11622 10446 9659 8209 6945 7259 8035 231
3593,405 13200 1168 1167 12007 2820 1323 2742 2614 3465
3594,1721 1136 4037 4036 1145 11325 1146 4035 2877 12548
3595,1166 3464 2820 13576 1535 13650 13326 405 11880 404
3596,3085 2881 5529 12736 12377 4607 2889 1318 2869 4603
3597,10038 10039 6217 10037 10036 11314 7915 11313 3097 11759
3598,4350 578 8397 13312 4025 6077 14419 6178 6072 2453
3599,12459 1176 3943 4333 7705 11603 755 8844 5886 11983
3600,1513 9443 9227 13369 6181 7430 13884 2432 786 8700
3601,1746 13888 1938 1748 9652 4358 2908 6118 1747 14275
3602,2742 405 5998 2741 2820 2614 15152 1535 1323 3465
3603,13890 2707 13891 15276 2154 15255 7128 12669 8413 1367
3604,6622 13892 2979 13893 11384 2108 6476 1864 8575 6619
3605,13838 13895 5516 692 13894 12340 14114 14208 5513 5521
3606,142 11751 5544 9882 1686 476 3740 6046 8129 10176
3607,6670 12864 13530 12863 10467 9290 4381 1560 13725 14085
3608,11019 13899 10121 7688 14223 14106 14160 6346 12134 2058
3609,1354 1355 1357 5686 2369 2371 4141 1136 4138 1356
3610,9015 13900 13040 13114 13039 10917 5331 7545 3824 14077
3611,1119 1127 7643 8021 12948 13715 284 13536 8410 13901
3612,7215 12332 10088 11347 2869 1136 4134 1771 7427 5686
3613,4357 6548 1327 6549 6897 7980 8786 9838 7967 3261
3614,13902 9587 10847 4239 4853 11441 15249 15174 7118 14089
3615,13903 5335 5625 5471 13429 4787 657 1263 5584 4345
3616,1222 13905 7936 4358 13998 11711 4670 1837 11241 12928
3617,13906 13630 7627 1985 2928 7746 4836 5522 1892 2446
3618,2928 3470 13906 1985 1747 2925 2927 2926 2916 2924
3619,5365 13723 4698 3403 560 15264 5367 4137 7057 7249
3620,7533 4442 5114 5500 3260 3984 4585 426 1188 14289
3621,7469 1862 12547 1011 9623 9754 6542 6245 8151 7498
3622,1317 8164 4605 3001 4687 7057 6364 9751 4133 14283
3623,4126 5639 7771 4841 5170 5163 3921 2118 12634 15100
3624,13104 13103 12521 13102 267 11783 14182 265 7827 12611
3625,11303 10764 8843 11144 11129 3753 11690 409 9442 13564
3626,9880 966 961 9879 4086 967 938 4589 2442 12760
3627,2067 13000 1394 6822 12311 13995 2294 2290 6821 794
3628,46 873 557 1785 2314 4474 4282 6214 1963 11741
3629,10359 10356 13735 5195 3945 11627 5176 3262 509 5361
3630,8226 6942 11871 5622 13908 3393 10880 3391 12817 12821
3631,2741 3046 2742 6416 3045 1529 5998 2614 10207 7395
3632,7330 4813 12336 12185 4884 4823 9493 3234 7326 1285
3633,5879 10154 9971 7410 2426 7704 10147 10152 10153 8842
3634,6360 2369 1355 1354 1357 6550 2014 6551 9851 2371
3635,13909 8376 3485 9532 1499 146 5455 1865 8667 6453
3636,13384 8472 575 2288 2661 5955 4375 3982 9199 10729
3637,3043 3468 10267 3044 1752 2560 11975 2270 4865 5132
3638,7725 11642 1419 3727 11193 12706 6306 5836 11198 198
3639,8477 10368 11850 4608 9647 4136 10574 13565 10576 5839
3640,10627 7098 7099 10628 10994 10995 11382 10991 11000 10989
3641,13753 7798 11035 3403 2135 10124 14395 1633 9321 5809
3642,1011 9236 11321 10365 12282 3083 7784 2373 2371 4138
3643,13912 7124 11444 1589 5219 6877 8500 7006 8073 101
3644,7427 10199 5687 5447 10899 2870 1011 7554 4134 9534
3645,4235 9715 3358 1796 3528 2697 4238 8704 3713 3712
3646,114 10430 7122 13913 12710 3111 1055 10100 10631 13135
3647,8553 12714 7394 3307 3201 7552 3543 3135 9171 7104
3648,9077 9076 8105 8090 13914 13821 9078 5228 9079 1536
3649,12479 4273 12557 5282 11769 12038 13719 2268 10447 12482
3650,6284 12904 8909 14744 2086 8911 8910 8908 8912 6415
3651,3012 13528 7903 13916 3011 13222 2015 8825 3775 14622
3652,1003 2891 3667 7065 1354 7078 3688 2875 8477 10193
3653,6577 1442 10859 4500 2774 3509 15113 13071 14898 101
3654,2741 8526 6352 2742 11755 6416 13932 2614 13561 5998
3655,6173 5145 7174 11134 7415 14511 3549 11218 5341 6476
3656,5341 13918 5250 4333 4406 7174 505 2423 4244 13543
3657,7927 8245 1952 12201 2140 6075 13919 5632 6074 11242
3658,9784 11122 1532 2820 3465 404 11121 13354 1166 14324
3659,4085 1660 216 1993 14861 3222 585 4766 651 11759
3660,6836 9260 13805 13913 12428 9209 13920 7509 9227 7112
3661,13922 11024 5881 13921 4794 10033 2284 1263 10005 1632
3662,6725 10863 12885 6717 693 8517 13593 6719 12281 9704
3663,7101 11056 10752 1709 1720 10097 1828 4603 13911 10987
3664,6411 6296 370 8490 794 6293 11759 6294 3964 926
3665,10694 10677 13924 13923 12814 1129 10085 10695 5805 11554
3666,8526 2824 13926 11755 13932 15096 14331 1166 13353 12426
3667,1166 2614 404 2820 5193 3464 9791 2742 3465 1532
3668,679 10591 13927 3177 8350 3943 2538 4297 46 9474
3669,5379 2986 10361 13930 13928 6118 4754 1746 13929 5365
3670,7016 8164 4605 4133 7015 15238 7014 13665 4287 859
3671,2742 1166 3464 2820 2815 2614 3465 405 1535 1165
3672,8338 8329 8328 225 8341 8332 8330 8327 8331 8333
3673,2442 4589 8814 8813 4590 966 9879 967 9880 12761
3674,8606 5467 5586 10400 3372 4879 8952 544 2240 2408
3675,2741 11755 13932 12746 8526 13931 2742 6416 2820 2614
3676,13933 4963 5561 10529 4964 4350 9505 7239 6495 4474
3677,1557 10254 7662 13934 10103 2992 10104 13742 14039 14890
3678,1866 7144 3846 12577 12809 10843 4329 3688 1354 13177
3679,6148 6156 6153 6147 6700 6151 6154 6155 6149 6152
3680,2139 11258 9286 1207 896 3575 1072 14052 8500 612
3681,8999 3019 13891 15276 2154 15255 7121 15148 13890 7128
3682,476 13935 1686 7768 1831 5544 1984 466 794 478
3683,3176 10968 10566 951 8567 7373 9024 4813 11364 15228
3684,11700 8740 13937 5273 6802 1728 10981 10100 6108 5395
3685,715 153 2497 10290 2575 8792 7052 12404 4293 11241
3686,13939 13133 12854 8985 13938 12856 12855 11555 9694 383
3687,2342 11551 4259 2282 8618 6119 1282 2588 3941 5169
3688,2742 1323 2820 2614 405 3465 1165 13327 1166 5998
3689,10373 10372 12165 155 10371 9955 3595 4396 611 10370
3690,8971 4353 1803 5956 9061 3134 1732 618 8742 10340
3691,644 4808 10338 643 642 639 6346 645 638 4941
3692,11642 8885 8115 9650 11877 9836 5452 10473 8030 7747
3693,4924 4423 10061 6576 7775 2735 7299 2225 4353 2333
3694,1345 11821 1346 7334 7333 3892 12167 7508 3317 4357
3695,13587 13940 14826 9055 13414 8370 15061 8369 15062 7124
3696,12577 7144 12809 13177 13078 1866 14311 7264 13770 4629
3697,11112 1533 1532 12271 13188 11752 11524 2820 2614 12426
3698,13943 2730 11888 13942 10109 6397 13122 6393 13046 13941
3699,13945 4654 7556 8088 9959 11716 13257 8238 13944 6101
3700,2057 3699 4924 1503 7758 7372 9921 10055 392 6899
3701,11410 10131 14154 5570 14444 10130 7236 529 10731 8713
3702,1379 8443 5248 10992 11889 10818 2869 4413 1719 1119
3703,11366 10468 11853 11604 11605 11588 12010 13634 13948 13947
3704,11099 8536 10819 1136 10627 7095 1354 1145 8538 8537
3705,3055 13952 13953 1367 108 44 7123 3019 1813 7132
3706,13894 5666 11574 2705 9492 12592 1098 4928 380 10237
3707,10279 2739 3043 7249 12666 381 71 6868 3044 1752
3708,13955 11857 8514 3874 12904 4048 5896 4073 7630 13956
3709,5112 13957 2354 13113 15179 6104 4292 2859 5102 5103
3710,12850 9790 8356 4430 13885 13958 12716 715 10112 12158
3711,7229 10208 5405 5431 13959 15199 8058 10865 6352 14387
3712,2742 3465 2741 2820 1165 2614 404 1532 1166 11112
3713,9682 7107 8968 12082 9805 12566 6476 12567 12846 10027
3714,10009 7646 10008 5775 3611 7527 10548 4792 11204 8932
3715,13191 8114 13961 6226 9841 1700 4962 14885 13208 14146
3716,4962 10490 13841 5355 10489 9288 9782 6729 4753 8354
3717,12460 13962 11007 6262 10714 10363 9104 9103 4948 13392
3718,13845 9695 13846 3541 2865 1942 3088 5605 3231 8966
3719,2741 4516 2742 1534 13561 2614 5998 6416 1532 1165
3720,1684 1758 5414 5773 3181 834 7930 5092 12167 286
3721,1357 4135 1354 9646 6553 2369 4139 1355 2014 8164
3722,10729 5639 3852 9180 2032 3849 3851 11219 7986 13584
3723,3465 2614 2820 2742 13482 1532 1166 6417 1323 405
3724,2820 10206 4515 2817 2742 360 405 2614 1166 3465
3725,13239 13767 7107 6943 12860 11988 7889 7935 9827 12162
3726,2371 6553 2375 7554 7015 7014 9853 1778 1726 9625
3727,8318 7878 12925 12038 8532 14134 12718 14135 13765 617
3728,8226 12286 5363 4775 9510 11871 5622 10625 380 3109
3729,13964 13965 13966 13967 13963 13707 6751 632 11341 5917
3730,4450 13968 8122 13566 4448 5788 14153 9808 4449 14181
3731,12417 8295 13969 6269 13975 6268 13018 4352 7868 2664
3732,13548 5964 13972 13970 13971 6589 13726 5707 7532 12215
3733,12135 6835 8004 8859 1877 4410 7999 13759 14623 6838
3734,13681 576 13695 553 13262 13737 9407 13365 366 5732
3735,10780 13973 379 1160 2546 9476 9496 2496 9000 14617
3736,13974 13969 13975 2636 12601 4909 12612 4714 2567 13809
3737,10780 2546 3676 2496 9476 9496 9000 13973 379 2527
3738,11192 13977 10904 1951 4888 12770 14299 14430 5712 11149
3739,8142 11038 67 10654 12405 767 11647 13402 12971 12970
3740,4132 11777 8166 6809 5447 10199 2875 7554 4687 8167
3741,4403 9625 10069 12917 13519 4139 10068 11910 7554 3083
3742,13980 6392 13123 13979 13978 13942 3265 6389 14420 12879
3743,7215 5449 7218 10627 1771 2869 12332 2881 3443 2375
3744,7784 12642 4624 3083 1011 13450 11851 4687 11768 4688
3745,1354 1355 2888 1357 2369 4141 1356 2886 2378 2371
3746,13573 11528 4138 8152 3082 13982 13621 11571 12243 4036
3747,2875 2871 12078 7818 4139 2873 2874 7554 4132 1354
3748,8152 1721 13573 8160 3693 7554 11528 8151 1776 4407
3749,1826 3843 4416 10199 5447 2876 15017 3416 4414 5876
3750,12661 12663 12662 12664 10067 1317 12660 12079 12078 12658
3751,1011 3415 5863 5687 673 7427 12806 1357 4139 7057
3752,4138 1719 12929 7057 12349 2373 8541 4687 670 1011
3753,10098 8164 4597 3094 4132 4687 4688 4605 4133 15238
3754,1003 13983 10814 3083 5844 13984 13911 1146 6556 1354
3755,7427 4060 3415 6361 10899 9237 1778 2375 1320 2371
3756,7065 3666 3074 13911 3688 2999 13985 3667 11778 2380
3757,13426 1727 13076 4317 13237 2880 4037 5839 12332 12914
3758,12332 9967 10088 1709 7215 1711 1011 8541 4037 11347
3759,12965 9965 4697 11356 1938 4358 6622 11384 1125 9963
3760,9134 5859 2479 7297 2206 5234 9133 15067 9215 36
3761,9659 1948 11896 10557 13986 8207 14011 9127 14185 14133
3762,13988 12343 13987 7568 3862 230 231 11786 14528 10051
3763,8999 15148 7121 11185 14163 1368 9054 14951 15248 15069
3764,13990 13308 13989 8111 14336 14884 14335 1671 10222 9375
3765,7543 10892 7355 13757 13758 13991 3593 7254 6398 11692
3766,13992 12866 1859 11776 1317 14038 12147 1141 14458 13590
3767,13994 15224 15129 15102 15271 13082 6337 11065 2596 13316
3768,2371 1721 11347 8982 2375 1778 4407 1354 1357 7554
3769,8882 4455 4852 10481 4352 620 10135 4345 621 12939
3770,4596 5686 4688 4132 4687 1145 1136 1011 5447 10751
3771,1522 4697 6515 4170 6513 628 13979 621 1125 6497
3772,6102 13247 13997 9025 6100 9948 1883 6101 13996 13515
3773,13905 13998 4670 14137 9495 1302 14623 13759 7999 12564
3774,1896 9682 4561 9805 12566 6616 6476 6949 1946 7892
3775,11734 133 9197 4182 14001 8390 10982 8012 5053 697
3776,11956 13221 13464 7173 12840 8965 7746 3594 10157 1947
3777,14003 10593 9506 13278 13654 12861 13175 13279 4381 13530
3778,12850 13885 13606 14004 11366 14441 4430 13607 14538 5267
3779,2820 2742 405 7249 4515 1166 2614 13854 3465 1535
3780,8526 13932 11755 2741 2824 14122 12746 1166 1533 13931
3781,3464 13622 5998 13701 13235 8906 1330 1166 2815 2742
3782,14005 6126 5978 1300 9241 3559 5213 98 4023 12205
3783,9340 8811 12764 11917 8621 152 8805 4396 4869 12130
3784,4947 33 11686 1946 1896 13416 7261 7892 1046 10769
3785,11845 7254 10105 5255 6397 2898 2274 12982 11610 12983
3786,4139 11625 5848 1859 11624 11225 5849 4608 2377 4603
3787,6837 12832 12329 3578 12830 12835 12834 12831 12833 3579
3788,9179 12962 6184 11406 9175 9178 5126 10881 9650 10180
3789,4664 6167 4656 13634 1999 947 6161 293 4765 6165
3790,14007 12905 5189 12906 5998 10127 12903 11286 9517 2614
3791,11120 5673 9220 5110 13878 14459 9894 9895 2887 12551
3792,13191 6226 6476 9841 9804 11592 4962 13961 13604 12082
3793,12162 14008 15262 11988 572 14206 1491 2108 9563 1215
3794,14009 7083 1702 8220 341 14575 10114 6581 10113 5960
3795,4073 5896 4964 10224 8787 369 12036 11568 9807 5895
3796,4138 673 4039 1719 1354 13573 7065 14745 2373 2371
3797,1011 4134 5876 9192 6705 2883 9194 1826 1777 1778
3798,3896 8093 14775 8087 14770 8102 9558 13819 9077 4594
3799,4273 4596 5447 11712 7978 10199 5686 12479 5282 15017
3800,13544 13459 2979 13044 13541 13545 7085 583 13457 10557
3801,14011 2175 1948 5918 9659 11896 10583 10557 5906 5917
3802,14012 4567 13690 9713 13069 1783 6538 6498 11621 3996
3803,12869 10447 2263 1677 10446 12867 12868 2273 12339 1678
3804,13070 6623 6170 11177 2627 908 11592 6226 14237 6163
3805,9823 5880 2918 1677 7999 14013 13950 12960 10773 10286
3806,12622 3793 6319 5975 10620 7255 3647 7251 10670 563
3807,1011 6323 2875 9645 9628 7818 4693 7554 7427 2871
3808,2742 1529 2614 2820 6352 3465 5998 2741 2815 1165
3809,405 404 13576 2820 1166 8730 1535 13651 13650 1323
3810,6000 6001 2820 13323 13628 1166 2742 3464 12426 13271
3811,3067 13166 10260 14217 10562 8735 12900 14407 3065 2820
3812,2741 7249 2742 14015 13854 2820 5998 405 6416 2614
3813,2614 1165 2742 2820 8892 1532 3465 405 5998 1166
3814,8376 3403 10595 3816 15264 10124 13753 7208 3815 12667
3815,1527 13324 5818 13513 10657 11832 8402 11267 13271 14138
3816,13339 13660 14016 3465 5998 13186 4516 1533 7686 13187
3817,1532 2741 2614 2742 11112 2820 8904 14138 405 3465
3818,4358 7106 13396 1847 2654 1268 1938 13880 6174 7947
3819,2741 6353 2742 12301 2614 4516 2743 6416 13352 13701
3820,1532 1475 2614 11880 12535 2820 11112 405 2742 5190
3821,1475 12535 8808 11880 12501 5345 14844 10733 1535 11822
3822,14017 8610 10672 7442 10671 11652 9532 13037 8964 6371
3823,12026 13142 13733 1590 6389 8978 13643 2946 9997 4748
3824,1443 748 6813 2138 2928 6636 10469 1408 838 4513
3825,1050 9956 222 4975 3758 8294 3757 2826 3759 1103
3826,9102 11945 11362 14019 11428 13925 14025 1950 13364 1954
3827,14028 11757 8861 14027 5659 8680 5647 5650 5646 5649
3828,2820 1166 1535 405 13731 3464 2742 11878 12426 2614
3829,8575 6520 2798 2321 12779 12572 10810 14424 6476 6886
3830,4272 6396 9824 7536 10109 9823 10895 12194 2137 609
3831,23 11192 5621 1880 14953 7398 5612 10183 1297 357
3832,9179 11406 9650 5126 12962 9601 9441 716 6184 9175
3833,8389 6286 14031 10918 13620 6276 11385 7785 12227 14791
3834,13184 11590 4410 13535 5896 4966 12136 4964 560 7846
3835,3465 2820 2614 9074 2742 13007 1166 405 1323 1532
3836,2457 4045 5414 4871 11133 476 5090 5225 14893 7054
3837,5299 1738 2448 8671 5528 133 3552 8404 8580 2878
3838,12499 10450 11075 6883 9229 9543 13979 10244 7518 6885
3839,3749 5180 14032 9789 6329 7489 12363 14916 14917 6335
3840,10407 14034 6818 11688 9958 13400 6819 12366 11425 10967
3841,12029 3852 956 5485 10907 8210 11354 3849 990 3851
3842,4829 11634 8387 13559 14861 11633 11636 11306 11635 4831
3843,10576 9612 4608 10574 13565 4136 10367 5949 540 1422
3844,6162 5699 2849 9810 12718 8016 5385 5701 5702 5705
3845,1532 2869 2614 14029 11112 11121 8904 2742 14138 3465
3846,10715 1351 14702 14163 52 8999 2142 7130 14875 7129
3847,2739 49 3404 2490 1839 34 10278 6868 11876 13434
3848,1317 14038 11776 12866 13557 13992 4687 4037 4688 10913
3849,10845 10844 13001 12645 12677 9652 8085 13666 13000 12999
3850,3667 7065 1003 2891 7078 9536 1007 10193 1009 4600
3851,9784 2365 360 1532 15093 2820 13354 4515 2614 404
3852,13617 13278 13654 5695 9555 14593 12928 11620 13848 3582
3853,7285 2100 3713 4235 3210 9048 6025 1754 2806 1732
3854,12149 1469 8734 13415 5779 15172 7005 373 3956 1632
3855,384 1409 4393 388 389 375 387 377 385 3973
3856,14033 8464 10300 11501 12355 12952 8434 603 12953 13547
3857,3996 9824 10108 11293 9398 13768 7432 7869 1896 6498
3858,10205 6510 11849 11840 11841 11842 11839 6513 6785 9808
3859,13641 3428 14040 13642 14086 9256 14087 5288 1561 13725
3860,4445 9435 4444 4443 8816 9706 14297 10306 603 8434
3861,8761 7333 7334 6940 3892 5571 8489 2614 9123 529
3862,9932 8203 3095 8868 13042 4147 3534 4411 9240 3252
3863,7556 10036 8592 14041 1885 2610 1958 11362 9158 2611
3864,10080 8582 3572 11040 2087 6136 8089 6139 13915 13003
3865,1916 2372 11777 7358 2375 2379 11347 1915 12896 4036
3866,1535 14044 404 12743 13672 1166 2820 405 2742 1323
3867,12290 8629 12289 13914 13381 8638 8628 12292 12293 12291
3868,14046 14045 11635 640 13957 5651 6281 15179 10168 11633
3869,14047 14048 10220 10224 6059 11869 4748 12880 6060 11796
3870,3793 7532 7536 6398 3591 13796 4272 7539 7537 7534
3871,1532 2741 6993 8402 13234 13200 12006 2614 8810 2742
3872,13839 9841 10150 7524 3591 6061 8240 6494 1467 10229
3873,10112 4962 4753 13196 10785 3669 5639 7643 7649 2927
3874,4497 900 8677 102 5338 11142 383 10021 6638 779
3875,7825 1894 2899 13738 9032 3568 1895 12173 9698 9202
3876,908 6782 6170 7935 13880 11912 4948 3671 14378 6240
3877,9308 7147 6356 12079 12078 9302 7215 4311 14445 12632
3878,13615 7214 10924 13534 7669 13616 5882 1873 7213 13279
3879,8251 10412 4570 2065 3751 1112 8259 13428 8580 15019
3880,12427 14049 7118 11444 7114 7111 14163 14555 4426 58
3881,13715 13696 12622 1874 13887 9973 12864 13139 11911 3457
3882,9226 7629 9842 9841 9225 10122 6253 5897 1840 6952
3883,14052 14053 13851 11258 5299 8747 14054 11706 9792 9607
3884,5163 14055 10050 8870 10784 4045 7854 102 8513 9427
3885,7920 13438 3041 8857 7856 3278 7622 7514 6968 7348
3886,8320 13697 14058 6403 14057 12984 3446 11658 10432 1472
3887,4814 11716 8544 3835 5824 8086 5331 13944 5834 3317
3888,14061 14059 14060 273 14062 6852 316 5945 337 274
3889,1201 1578 3254 6516 7197 5090 2457 4219 1766 4868
3890,2614 11899 1532 2820 3465 5998 2742 11441 12186 1323
3891,873 9249 4821 7310 14063 2324 3222 686 2448 14261
3892,9784 2820 13354 2614 1532 1166 3465 2365 14359 1323
3893,12009 10255 13387 14064 8423 5783 3070 6854 2683 607
3894,9074 5328 11942 8698 1882 13002 5327 8386 5326 14771
3895,12519 12263 14065 13280 13279 12926 14531 13068 9556 7660
3896,14066 12967 10979 9772 14797 13462 14781 12617 8899 13063
3897,14067 2630 13646 14943 14536 10981 2629 2628 7699 3548
3898,1011 7964 14069 13225 5687 14202 4134 11537 7784 7057
3899,14071 12091 8543 8363 14783 11200 10456 12253 12999 14076
3900,4809 9448 4275 4274 6944 8518 9823 11733 5793 2287
3901,3296 724 2080 2676 5185 4369 12127 4297 11830 6388
3902,14072 3072 7073 5690 12209 9850 3071 11578 11924 2379
3903,14073 12153 2698 6815 4318 2407 5611 1369 5275 1371
3904,14074 14077 14075 9015 14076 13813 12841 13900 14783 10917
3905,11447 2924 9849 2955 5134 4045 5175 296 8266 1195
3906,323 12331 9251 11836 13781 9148 12034 12629 11012 1994
3907,1317 7218 1777 1826 6364 12630 11638 11640 2881 4687
3908,13361 8739 15167 13306 1636 14798 14451 11944 11544 1637
3909,4355 292 1199 5773 5622 4406 12204 1735 13554 494
3910,9472 13715 14951 162 4162 9054 8999 14166 12622 8032
3911,404 1475 4516 13188 1166 2820 11524 12426 1532 405
3912,5215 10666 1074 12766 9051 7914 8446 9933 187 3420
3913,476 488 10054 794 466 478 5414 464 14897 1387
3914,2820 6000 1166 2742 405 2614 6001 3465 12426 1535
3915,14080 9818 9819 9821 8587 15287 14081 3457 9820 9119
3916,14082 2501 2657 10094 13172 2547 1918 188 2514 1880
3917,5929 8736 15129 7009 9808 8735 8733 8739 8738 14010
3918,8513 14083 6806 8514 5163 8214 13825 8380 8487 8384
3919,2820 2742 1166 12426 13187 8727 3465 2614 1165 405
3920,405 10679 1323 14084 10680 2820 10963 1535 2742 13330
3921,14086 14085 14040 14087 13725 5297 1561 12486 5151 13901
3922,11762 3612 6309 13211 3412 13210 9713 3611 12990 13783
3923,12290 13381 12292 12289 12293 12291 12675 12674 15253 12673
3924,405 1528 4516 12509 1535 2820 1323 4330 13128 13244
3925,10456 14071 11200 8363 10721 1953 3775 12265 754 6819
3926,1616 10423 1615 1605 1617 1607 235 1609 1597 1598
3927,9055 14088 13587 12651 2391 14558 12513 4426 3019 1392
3928,3677 7750 7751 13336 7752 1475 8832 8334 7749 3687
3929,1351 10909 12286 10715 7920 13912 740 14307 7124 8999
3930,10450 12499 10244 7518 14091 12498 14090 5878 7998 11075
3931,4964 560 4753 13184 4962 13535 1855 11568 4073 5896
3932,318 344 12640 6358 6357 638 15265 5558 13656 5556
3933,2391 10011 12651 11602 9055 10009 10008 1713 10010 5505
3934,12879 10195 7530 4361 1669 6392 13142 13141 4362 14093
3935,13354 2614 2820 8727 13959 1323 13187 3465 9784 404
3936,14094 14522 577 13316 14180 7552 6437 14722 421 2197
3937,6668 6659 14098 14097 14096 10394 109 6667 14301 14302
3938,2820 12426 405 1166 2742 2614 3465 1323 1535 13187
3939,10715 4964 4753 4073 4962 1855 4551 14100 7649 5896
3940,2742 2820 14015 1535 12994 405 1166 2614 1165 3465
3941,6172 10714 12937 9697 9810 5782 3423 10363 8650 6238
3942,10051 3387 13987 2280 14102 8884 7706 5402 3829 1876
3943,10868 3541 3540 3537 6613 12373 11153 3526 13971 4346
3944,13141 1940 7530 2162 13142 5276 6062 11885 7666 12879
3945,1115 2907 5967 12155 11885 9708 2726 11886 1107 1113
3946,12459 3654 3656 14450 2991 5599 8844 3646 1176 10405
3947,2820 2742 3465 1166 4516 13187 13452 3464 6000 14084
3948,1826 14105 3846 7427 2876 3844 3843 4414 10815 4416
3949,13124 11702 11595 183 13584 14106 836 3273 6346 9275
3950,14108 12668 14210 13977 651 4081 10529 4584 10477 2105
3951,14109 8358 11773 13779 12694 8359 8360 2050 13777 13778
3952,12290 12293 12675 12673 11186 11630 14111 12292 14110 12289
3953,10369 3016 10227 8671 11174 4943 844 11427 11426 10462
3954,13885 12850 11366 14488 5268 5267 14131 14506 5266 12298
3955,6165 14112 4601 7651 6780 12865 10413 1665 9800 6167
3956,714 4997 2450 3554 4888 10494 1349 7390 8054 13606
3957,10161 14113 7490 3100 3678 4230 8577 504 10164 7421
3958,9223 205 349 8795 11815 351 4830 8176 771 203
3959,14114 3676 10270 5823 8790 5516 13355 12805 3973 2082
3960,1778 6362 1320 1319 4060 6363 1779 6361 9192 2375
3961,1880 7157 7734 6868 2206 7156 15147 2739 7726 7159
3962,11141 2182 7250 4399 7773 12358 1693 811 8225 5918
3963,7006 8499 2498 837 11223 8463 10018 2026 5415 5191
3964,13641 12685 12520 12684 10427 1554 14040 13642 9137 5288
3965,14116 13358 14115 5713 7950 4358 2909 5676 1222 7104
3966,12892 266 14118 902 14117 11782 7180 11684 8737 5695
3967,11670 13401 11935 7400 13143 14120 12438 5593 3990 9186
3968,12511 14123 2820 14124 13931 2742 13421 13700 13259 13330
3969,7215 2373 11346 4606 10088 2375 2371 4138 1778 1719
3970,4052 7152 13454 1086 7776 506 1573 12543 7697 3538
3971,14125 2563 3459 1090 2156 3460 1099 1018 7461 343
3972,4223 733 753 6088 1503 11158 8516 12213 584 6112
3973,2597 160 2221 6433 11529 689 2598 2594 2596 8172
3974,14126 1995 8 12793 13224 13835 8382 3403 1997 1996
3975,10124 5229 14127 5452 7684 5615 71 2296 1740 13753
3976,3083 10627 6579 10069 1318 4403 7215 3074 11890 1771
3977,383 5222 13461 13451 4056 13818 11631 4057 4059 2612
3978,1354 5671 5672 1357 1355 5669 2369 4141 2371 4138
3979,10148 8119 2903 13726 13564 2924 5251 8787 10151 8842
3980,2210 10464 8098 11157 5746 8285 5408 1282 12430 11064
3981,11405 726 11403 14512 692 11402 14136 693 14383 11401
3982,14129 11932 2770 14382 11084 4950 10060 7229 12483 9486
3983,12850 13885 5266 11366 14538 14498 5267 10611 14486 5268
3984,11366 13885 12850 14488 5267 692 10328 5266 5268 14486
3985,1475 14132 8892 11737 11230 8454 10413 5345 14466 14844
3986,5601 5967 6392 12081 6389 9998 13951 4699 9657 6508
3987,8310 14080 6409 630 5210 3899 9041 3374 7140 11150
3988,11873 64 8258 1337 6982 10558 1269 5121 4933 8322
3989,4024 10480 9920 1918 3402 2547 2511 9914 2559 2543
3990,1172 755 1174 7293 8439 813 4869 6790 8821 1426
3991,14134 8532 12925 7878 8318 14135 13765 12947 617 7624
3992,1357 4139 4608 11624 8164 5863 4137 1828 2377 1354
3993,1668 8958 7705 12212 12909 7707 9832 6803 7706 1667
3994,13324 1529 8526 12426 13323 1475 4514 1533 13271 2820
3995,1447 9319 7186 14493 3105 1553 12875 8479 9306 8483
3996,14136 14137 11405 692 13998 693 14208 11402 12497 14497
3997,2820 3464 2741 1166 12426 404 13343 2742 14138 13730
3998,6532 8306 3662 10608 9203 2079 5739 208 2081 3904
3999,13919 14141 10564 14140 685 12545 1701 15281 2074 14716
4000,1501 1161 3834 3280 137 2474 5209 2470 5207 119
4001,4962 14144 11189 13753 6489 8785 10124 3959 3403 4753
4002,6622 2979 1864 6004 6476 5145 12522 4976 8305 2268
4003,11120 14148 5673 14829 14147 13483 14209 14861 2887 12551
4004,2614 8694 1303 12067 3465 2820 2742 1532 5998 13578
4005,404 8907 14151 14138 14150 1532 11753 13348 2820 1166
4006,10373 10372 155 10371 4396 12165 156 152 10370 4869
4007,6186 7574 11912 11227 6782 5157 5947 7436 887 7435
4008,13046 12456 13023 11895 7532 12957 11978 8126 11153 12453
4009,12748 11218 11219 14153 6537 10701 15120 13834 14181 10062
4010,1894 2899 13738 7825 1895 9202 9698 8474 12646 1893
4011,3481 3482 14155 5332 5327 5328 1882 5326 5331 5330
4012,12162 11988 572 7889 13767 14206 13239 4707 6943 7107
4013,14156 11002 8476 12101 11703 2378 9173 10981 12297 2869
4014,2742 2820 405 5998 2614 4515 7249 13854 3465 1166
4015,405 1529 7249 2820 2742 2614 1535 1323 12426 3465
4016,2614 2742 2820 1166 3465 1532 5998 405 3464 1323
4017,8887 7657 14093 13783 6950 1669 8886 7530 14090 10184
4018,13537 13725 13848 14085 1560 9557 13176 2866 14001 14086
4019,11384 14157 14159 7581 14158 1131 14160 11746 14304 5513
4020,9650 9682 11232 13763 12148 1937 7745 8059 13762 13761
4021,9056 8588 3906 9260 14080 8587 14430 8586 8579 8581
4022,110 14930 14166 14427 14931 14937 15244 2203 11959 14867
4023,14114 2082 1885 12019 7252 6063 518 971 4164 5538
4024,4713 14164 12480 6788 11187 2567 9571 14377 4718 1541
4025,11221 6173 1522 6775 13424 1939 9810 14462 13183 14461
4026,5415 8816 7428 13012 11764 11763 2739 14419 1806 1483
4027,8999 14166 91 7121 14929 9054 1368 14163 7124 14951
4028,13537 13725 13848 9557 14085 1560 12486 14086 13176 5614
4029,1561 12486 6669 14085 14446 5297 266 14086 13725 14040
4030,4962 12682 14002 4753 6544 13196 13841 7940 1352 10490
4031,1357 6360 4605 2014 9851 4133 8164 1354 6553 2369
4032,5580 466 618 4925 1690 7929 249 836 13438 3097
4033,12748 6497 12496 606 621 13490 620 10262 5788 4170
4034,13642 13643 12439 14752 13726 13741 12522 7940 5288 13641
4035,14167 4171 13389 8786 12236 13536 4170 6488 8235 6497
4036,2742 1323 2820 13187 2614 405 3465 1166 12426 1165
4037,2742 1166 1535 2820 1165 3465 3464 405 2815 8730
4038,1893 2230 14168 3088 1895 1894 1892 1891 1896 11709
4039,4962 3943 13889 13191 14169 10425 5021 10426 3993 12588
4040,13616 14172 14171 14065 10252 455 9668 7826 11610 10253
4041,14173 6435 2419 11978 14174 14507 13986 8218 13760 9843
4042,14104 6586 14175 2905 13281 9542 2728 3091 8430 10153
4043,13116 13107 14176 13610 2912 7869 13535 13184 1697 6828
4044,11723 12725 12839 8443 10099 10075 7058 9755 11531 11721
4045,1166 1323 2820 8730 405 3464 1535 2742 404 13650
4046,2741 1526 8907 2742 6416 2743 5998 2820 1532 2614
4047,8033 13069 13901 11978 13466 13471 13468 13469 13465 13470
4048,14180 8362 13055 5998 2614 12843 11555 5430 12820 14330
4049,6869 13408 14175 8620 11295 10153 2429 1265 12555 12456
4050,12684 12685 9137 11611 7650 2840 14181 10427 10757 6298
4051,10158 2538 7730 9910 12110 7758 9121 1316 9901 12336
4052,11770 12319 2446 2843 12320 11732 11772 640 1121 12047
4053,2614 2742 5998 2820 3465 1532 405 2741 1529 1165
4054,1166 2820 13271 6001 404 3464 6000 13323 9791 13628
4055,14178 12518 8264 13254 12926 6479 11219 3665 5923 10609
4056,9807 11114 7934 9661 12036 6251 10224 13178 2422 6543
4057,12242 11226 5367 11225 12239 4137 11816 3084 12241 12240
4058,14185 14187 14188 14186 14189 14133 9231 14192 14190 14191
4059,3609 4379 6846 668 1460 3492 15194 2839 3407 11311
4060,1532 11879 12882 9794 11112 11755 12994 14044 2614 8835
4061,12683 13845 13846 14177 8781 10219 12681 8688 12859 13116
4062,12323 14194 2819 13659 14195 13039 7237 14196 13409 2947
4063,14198 9201 14197 14525 14395 2904 9220 2931 9218 4569
4064,1885 13532 12997 1884 8323 13432 5407 14031 585 11187
4065,14129 5405 11084 14382 8058 5431 10208 9199 13959 7229
4066,3896 14200 352 14775 12276 8087 14398 8093 14770 15089
4067,11405 2600 12868 14136 726 692 8977 11403 14512 11402
4068,4766 10962 2807 4085 1993 585 11429 14617 6576 894
4069,12251 5725 14209 12252 2133 10584 10316 7776 6728 5640
4070,14205 14204 14202 14203 7581 8423 13183 14069 6609 14425
4071,3160 5233 12110 13216 8460 7371 188 3174 2538 13213
4072,12524 12263 12824 9556 12249 10322 13858 12525 4629 12248
4073,14207 1560 6669 13725 4368 12486 14085 11344 12693 12931
4074,14208 10168 14046 9131 692 14417 6608 14889 13182 13838
4075,4135 9751 8164 3679 4605 7065 2869 7057 10953 2875
4076,4413 12349 5689 8443 6364 1001 4605 5845 1721 2371
4077,14209 14208 14596 13736 692 14595 13680 12440 14286 15169
4078,1317 4688 2375 4687 4132 4135 2379 8152 2371 4137
4079,9920 11644 12692 4024 10480 1918 5187 15084 2518 14272
4080,4962 13191 10426 10425 6226 13889 4753 6544 3943 13196
4081,13463 8084 11206 13462 13064 13461 9572 2746 4909 11208
4082,14120 3955 8775 2464 13883 15245 15116 12011 1456 8708
4083,14212 14211 415 13167 11949 2490 8067 3943 15227 10293
4084,14213 8020 14214 2651 14209 15169 13050 692 8525 15086
4085,13771 14215 13767 12142 13141 4629 12248 13142 13239 7889
4086,2820 1323 405 2614 2742 3465 12426 1166 1535 13187
4087,12265 9959 14024 6819 9960 12366 5329 3775 1953 6818
4088,14217 14216 10562 8734 5494 6827 1520 12777 471 9270
4089,11907 9973 9387 11908 9380 12860 9323 9384 9385 9386
4090,2375 2372 2379 2371 11347 1778 2380 9853 4060 1320
4091,12082 12987 6172 1111 6244 6476 8650 6185 8968 9682
4092,5260 2156 2290 4933 5159 4267 10405 2294 12830 12834
4093,9052 14221 4437 10921 14220 3890 6622 14995 8195 12566
4094,11384 5788 12065 692 6622 553 14380 14379 14205 13262
4095,13388 3063 75 11126 8587 11914 9610 8999 4153 10715
4096,6183 1700 2981 1846 14146 8114 1864 13961 7940 2008
4097,14224 14222 14223 14415 10121 14952 14106 14538 13836 4861
4098,14226 2869 11120 5673 14225 12551 14459 13878 2887 14464
4099,14065 2839 14171 12519 11610 10253 455 5614 14172 7826
4100,6477 2731 9213 13460 14227 12881 10337 7649 11152 3522
4101,14209 10121 14596 6331 12188 14595 13680 12440 14286 14458
4102,405 1166 3464 2820 1535 1323 2742 8603 3465 12426
4103,2742 4516 13187 13452 2741 2820 8727 14127 13235 2815
4104,9195 7080 4138 11691 10818 1013 13984 11624 1001 1354
4105,13641 14230 12527 12715 12526 14229 13171 11147 13175 12525
4106,7065 3667 7078 4600 9536 10953 1003 1007 11896 11893
4107,9960 14232 13073 12649 14233 12266 12594 8099 9813 12003
4108,1721 7426 4413 4605 7057 8164 9851 10246 6364 3083
4109,14152 1625 14235 12553 8126 6062 12957 4327 12954 12952
4110,14236 7014 4062 7015 14571 4063 7013 12657 8708 14753
4111,1166 2742 3464 2820 9794 6000 6001 1165 8727 405
4112,10251 14237 6240 6174 8967 6241 11796 9104 10250 1268
4113,2820 2742 1535 1166 13187 405 2614 12426 3465 1165
4114,13644 8687 8921 12492 1845 1510 6247 10194 8681 8679
4115,5788 7253 13616 4450 6497 9657 7252 13238 7678 9331
4116,1438 8485 3728 2696 206 11088 4280 9564 5667 4943
4117,14238 14260 489 14638 11315 14575 6581 11306 14572 14574
4118,2130 8591 10382 10383 8 10362 9042 8999 3375 14518
4119,14239 14244 14248 14250 14251 14249 14246 14247 14245 4
4120,4301 5829 5607 378 4886 890 13645 65 3339 3831
4121,5786 5787 3177 7000 10564 3178 1619 131 12666 13784
4122,692 11405 14136 11366 693 11402 12386 11403 14208 14512
4123,8823 443 705 3242 9884 4568 9072 10232 12698 1589
4124,12985 1557 13942 6498 6097 6546 8515 6784 5199 10229
4125,14248 14250 14244 14251 14249 14246 14245 14247 14243 14239
4126,6613 7643 10868 8788 7649 621 628 4388 7804 1127
4127,4507 11252 11082 3483 2011 11251 2010 13684 13736 14681
4128,538 4844 536 4839 14808 6820 5751 531 529 525
4129,13782 12138 10119 9650 7401 12148 11085 11656 7745 8143
4130,171 2326 4364 2767 9604 4468 12163 4774 7327 11803
4131,2665 3564 3568 8593 7321 14023 3569 3565 2086 3566
4132,2156 88 184 3860 12018 9669 7283 2473 1296 5135
4133,14254 14253 7239 195 873 13524 11579 2465 5755 14358
4134,6905 10125 3387 8884 3396 7809 10051 2280 13987 5402
4135,14126 7630 10728 10370 7795 3981 12793 13224 13835 8382
4136,11993 5142 5794 5801 5796 3137 13560 5800 2938 1520
4137,5502 10236 1101 7021 12201 1181 3811 3300 7369 2607
4138,8458 14217 4569 10914 2323 5660 10915 466 9284 9343
4139,46 6825 6787 241 11392 10732 12205 611 4925 6002
4140,870 139 5041 5437 1646 476 466 7958 5043 11938
4141,6824 9101 14255 311 8487 14076 5324 12480 8095 3561
4142,3359 3119 9669 9118 10295 4320 3282 3317 186 88
4143,11119 6542 3079 2869 9664 8982 9754 8151 1862 11118
4144,8848 8850 13713 9645 4607 8849 7427 12348 13712 12377
4145,8077 14257 7739 11963 7658 11163 4651 4665 9190 12030
4146,3903 7910 7452 5952 13783 9820 1058 5287 10102 7805
4147,13193 4257 11139 3038 14258 4489 11706 13194 10930 12060
4148,10001 10003 282 1971 10181 6772 1861 10002 11943 6626
4149,3055 1351 13454 11073 9974 2556 549 2656 5550 10544
4150,7441 7329 7331 8957 5996 295 4984 14259 4653 5304
4151,4865 3150 7391 3043 2519 383 11821 5070 5308 2493
4152,14238 489 14260 794 7051 466 826 14638 658 5075
4153,1011 1721 1727 7572 12146 4407 8152 1145 1723 14345
4154,12005 4762 14063 14261 5818 170 769 176 514 6031
4155,11157 5746 2210 5408 8098 8285 5747 8700 2 10464
4156,2026 1798 2548 1961 2146 2544 2131 3213 2574 2518
4157,1532 14262 2614 11112 6940 11121 8904 2742 11470 14138
4158,8999 5527 5488 15148 15206 15207 11185 7121 9706 7580
4159,2666 10980 12312 1392 12996 2238 8392 4059 9812 1543
4160,6703 3077 3076 6704 3079 2616 3075 11057 3078 2870
4161,4828 648 1621 10212 10886 7758 10550 8972 7727 5568
4162,11101 1676 10064 7651 1934 1678 1675 1677 9333 1665
4163,385 134 2241 10432 13402 13130 386 2333 12187 383
4164,12813 9545 1074 4920 3497 12193 7494 5306 9802 8499
4165,5155 3222 4181 3223 690 1568 769 2448 437 12023
4166,14266 4530 4524 4529 11592 8016 4528 4520 4525 4526
4167,466 7037 7845 4861 4396 10373 10372 1413 3960 155
4168,4036 14267 9951 9192 4609 3442 10752 4037 4138 10843
4169,4498 2672 4312 7977 9991 2671 2945 4222 2239 4314
4170,2256 4351 239 9613 7941 7946 8028 10183 6118 2415
4171,324 6792 4920 11166 3169 6384 8616 10669 6385 3637
4172,257 6094 5920 5349 14399 2833 14417 14887 10529 7916
4173,14268 5226 11253 8454 14396 3116 11366 4576 11630 7179
4174,1177 2984 6613 10868 2846 7804 8788 5285 12930 7894
4175,8474 9427 52 2899 9202 8475 9698 8466 10715 1351
4176,14269 2871 1011 8847 8000 9752 8850 9645 7427 4139
4177,10820 11914 1297 3720 1620 8521 11129 12200 5793 4856
4178,5563 11371 4656 5566 5565 5564 4664 9560 4644 4642
4179,3602 3348 3834 10976 2488 4992 185 7048 4993 14516
4180,6046 3740 11751 11713 8129 6041 3736 12022 10018 547
4181,14273 14271 6041 8453 14272 10586 9069 2952 1660 10822
4182,12069 5723 8714 13063 3712 14796 25 9571 8899 13809
4183,14136 14208 11405 692 11402 693 13182 13838 10168 11403
4184,6725 12281 693 9704 4937 14390 6717 11405 692 10863
4185,4096 9167 9090 5412 775 9886 8744 4220 1229 4217
4186,11378 11379 8376 10075 10708 3160 6981 3174 3975 7005
4187,14274 12714 4346 3541 12620 7394 7395 7396 8553 3307
4188,13560 6615 711 11993 11567 2938 11568 10115 4073 6622
4189,11368 4660 4663 11370 2804 4653 4650 11369 4657 4655
4190,2525 1831 10137 6043 6318 1686 3468 8704 476 10288
4191,685 195 6822 6445 787 7149 4233 790 433 466
4192,14206 12162 2108 323 1491 9563 1215 5247 764 11360
4193,1532 14138 8402 15257 2614 11112 11121 8904 2742 11122
4194,244 7831 12549 10043 10487 3172 4725 2655 6377 426
4195,13725 4458 13537 1560 14085 6145 13848 12486 6144 6670
4196,1684 4862 171 764 964 6198 4468 1443 1688 5528
4197,13588 4953 14279 8820 14278 14277 11053 13033 14276 611
4198,1452 2024 8742 1427 8653 2756 1568 12042 11950 769
4199,11151 1160 7286 1161 10078 8631 8439 4064 268 1300
4200,9826 10867 14281 8227 1269 230 3859 15026 10870 13406
4201,8390 839 6411 794 5581 11320 8391 170 9511 163
4202,5003 2498 159 7113 10406 14890 4290 3438 15230 1557
4203,11347 6805 14283 8982 9173 7554 2375 4599 3083 1355
4204,11848 1475 14284 731 2166 11409 3138 9911 9912 14362
4205,11243 476 466 2448 3811 775 879 3139 453 323
4206,14286 12440 14285 14209 15173 14596 14595 13680 14458 14213
4207,2930 1408 748 838 1252 6645 11170 1443 510 8878
4208,2764 9439 2826 9518 6380 1050 3748 601 3372 2825
4209,467 14287 1423 6216 3222 794 10454 12847 12087 4468
4210,6667 14290 6662 14291 14294 6666 14293 14292 14289 10397
4211,232 14175 10485 11292 10153 7195 6667 6869 10406 233
4212,8999 13725 14085 1560 6670 13537 12486 14086 11344 14207
4213,9051 2291 7848 4090 10078 2287 10270 14940 2290 13606
4214,14295 12513 3498 11229 14427 14930 14088 14931 14937 15244
4215,794 618 5417 6063 6005 971 7633 612 476 287
4216,4426 13587 7115 2326 15045 14826 6148 13016 11059 7124
4217,14154 10731 11410 6129 13856 12587 1331 9945 9533 14444
4218,12670 2130 881 14298 13722 323 14055 3193 5508 5938
4219,870 8106 14299 3276 3956 7958 476 10126 5366 3980
4220,10400 6652 10401 10394 10405 7368 10392 10404 10402 10403
4221,14301 14302 14097 12556 14096 10392 6654 10394 4327 6657
4222,7632 3160 7109 11230 7310 8690 8391 3471 611 12803
4223,8999 14163 9054 5415 14951 15148 14555 7121 10715 14166
4224,11384 14303 13652 5516 14304 2623 6574 9827 9945 692
4225,7719 9143 6766 15260 14674 14886 14470 14894 3729 7953
4226,10278 14305 9762 12352 3449 8488 10432 1839 9763 12176
4227,3500 4669 4031 2155 2493 4965 2106 4760 8500 63
4228,13587 9054 14826 7124 14555 9055 14551 13414 8370 8999
4229,9054 739 14306 14555 14852 14551 7124 1858 8999 12206
4230,8999 9054 7124 14166 2156 13912 14951 78 14555 14929
4231,740 14979 14907 1351 14348 14163 12084 11818 4847 15190
4232,9570 2235 7235 10462 11363 735 3576 3016 2709 1128
4233,14308 11955 10076 14562 405 14331 5998 14802 13730 13926
4234,1806 14311 32 14310 13741 323 4601 9902 2602 9906
4235,14312 13767 8799 1418 504 4247 1393 6178 14185 11413
4236,2739 5415 13015 6868 11482 14560 13012 13017 14851 13016
4237,4359 10746 240 14313 5010 11447 8527 9085 5619 2856
4238,13669 7773 14100 5233 9904 5567 11646 9266 4494 13971
4239,13481 13480 5471 6086 11047 6367 12966 5133 8464 5893
4240,11152 13666 13267 6617 2731 6069 13951 7891 6513 11475
4241,12980 14314 1196 12250 13029 15047 13040 6670 14146 9972
4242,13245 13628 13576 13650 404 13271 13323 2820 13244 1166
4243,405 3465 1323 12426 2820 4514 2614 1533 2742 1166
4244,10397 14290 13849 11389 6655 6667 6661 6662 6666 6664
4245,1532 5998 13329 2614 2742 15152 11112 13344 8904 2820
4246,14315 14316 13310 5516 3067 5563 13431 1632 6792 13904
4247,12420 7731 11069 5543 2123 5097 7727 11481 7726 5096
4248,9340 11429 14317 11917 8621 152 4396 4869 14617 9034
4249,14318 8509 14058 11585 11579 11581 11580 11582 8320 6403
4250,1761 6327 13571 1304 12342 1515 6331 2059 15127 1764
4251,692 14320 14208 693 11403 14383 11366 11405 14136 12386
4252,14321 12195 8976 9508 413 3155 7952 9600 5106 9246
4253,14322 3403 10064 8523 8484 11790 10191 7671 11066 11035
4254,11917 12855 6023 9340 8621 12854 12856 7716 383 2240
4255,9024 2957 12666 374 11480 733 12918 13373 5809 12667
4256,14319 8760 7781 8747 11952 7782 7946 11026 8807 1904
4257,14311 6232 13898 12577 13741 1302 213 6233 6229 6230
4258,11555 14323 11554 2614 13924 13315 10127 10056 8362 5998
4259,2741 12425 14138 1532 14324 13189 14308 7686 8827 2742
4260,1531 14326 1330 11394 1525 1530 13672 2820 1323 3464
4261,1532 4515 3465 2614 2742 2820 8830 8904 405 9784
4262,3465 13349 13734 12302 4514 2814 13189 2820 2614 1533
4263,8808 13343 14328 12271 5194 14138 6353 1532 13351 5193
4264,13344 2820 1532 2741 11122 10208 9784 11112 13329 6352
4265,2614 12905 11286 3465 2820 2742 14329 1532 12906 13409
4266,2741 14014 13323 2742 6416 12426 2614 2820 5998 11112
4267,11560 3507 14199 11974 13518 7798 10790 11399 3965 726
4268,2614 13578 3465 1529 2820 2742 1532 5998 1323 405
4269,2614 13578 3465 5998 1529 6352 2742 2820 1532 15152
4270,405 11955 13332 2820 14562 1323 1535 2742 1166 1532
4271,8892 12070 6990 11111 8893 4514 14803 13854 4791 405
4272,13248 13672 3463 3464 2614 1535 1166 2820 12426 3465
4273,2820 1165 2742 1166 10410 14331 13926 405 12426 3465
4274,2822 13201 8907 13202 2820 13347 2614 12426 405 2742
4275,13244 13245 13128 1535 6000 13248 1528 12509 8892 13576
4276,2742 1166 2820 3464 2614 1535 1165 2743 405 3465
4277,9784 4515 1532 2820 13354 2742 14359 2365 2614 9793
4278,405 14332 1535 2820 13203 13661 1323 10411 1166 14084
4279,2614 14323 5998 11555 15152 2742 13924 3465 2820 13578
4280,5998 11112 2614 1532 2742 2741 13319 1529 10508 2820
4281,2742 2741 6996 1535 11112 2743 2820 405 2614 1166
4282,5998 14007 2614 2742 10127 14323 15152 1529 2741 2820
4283,14336 14335 9784 13990 407 14326 11112 2816 2820 13672
4284,405 1535 2742 2820 1166 1323 12426 1165 2614 3465
4285,10963 1323 13330 2614 13931 8906 3464 10679 9791 2820
4286,2742 1165 13629 2741 2820 3465 2743 2614 13352 1532
4287,1535 10410 13926 14331 13260 405 14122 2820 8730 1166
4288,2820 405 2741 5998 2742 2614 1166 12426 3465 1535
4289,2742 1323 2820 405 14122 2614 2743 3465 14326 13700
4290,2614 11112 1532 2742 2820 3465 5998 1529 405 2741
4291,1166 3464 2820 13731 13187 2742 1535 3465 2614 404
4292,1529 4514 2741 13423 2814 2614 3465 3046 2742 12426
4293,3464 2820 1530 1166 11394 8907 4516 3465 2614 2742
4294,2614 2742 2741 2820 1165 12380 3465 12786 1532 5998
4295,1367 2029 5547 15276 7128 2208 13891 2085 2084 101
4296,14339 14338 12628 12627 12632 3486 9421 12630 5668 12629
4297,6784 12985 12025 14340 9807 10986 11661 7855 1174 1126
4298,7401 4755 11872 13830 13829 14451 7253 14582 11568 4948
4299,4138 1719 2373 12929 1354 7057 2371 4687 7067 13573
4300,12025 6685 8372 6097 13644 6616 1786 12567 6622 5353
4301,3083 4687 13785 7784 4688 12209 4132 1721 12734 3084
4302,8029 8026 1122 8024 9128 8885 8039 8041 1119 8038
4303,1354 10199 11777 1357 1355 5447 2371 1826 2875 7427
4304,7427 12370 7554 10749 10088 7095 7785 10198 10987 10199
4305,14181 10351 14342 12536 14153 8454 6298 10349 10353 13207
4306,3083 1315 12211 7784 4687 11347 1317 13450 4599 12655
4307,4403 13519 12917 1317 12077 11387 9195 4599 4687 7818
4308,11265 576 14064 10255 5782 8423 7625 12048 5783 11264
4309,7436 12891 13258 5985 15261 11114 6186 13263 4045 11785
4310,2930 14344 9688 8176 5862 4568 11260 14227 705 3242
4311,7427 4599 10899 7077 7554 13111 10461 9540 1315 4693
4312,7702 13557 10911 13556 11612 11613 11614 3486 9307 7701
4313,1011 11537 12607 5687 4611 11536 9534 2893 13983 14751
4314,2869 7215 11120 10992 4403 1318 7064 4599 7096 3083
4315,7427 4402 4599 7498 7554 1011 10199 10899 5687 4037
4316,4437 3980 11949 5421 10706 2739 8106 8748 380 6118
4317,6849 13742 10195 3877 13542 12879 10764 10197 4361 7530
4318,1778 1011 2372 2375 7215 1317 11347 4687 2371 9194
4319,4350 3428 3429 3427 9256 13312 14419 6178 11978 1119
4320,756 2953 14111 6332 5579 1204 14896 478 655 10476
4321,12332 11347 7215 2869 10088 4134 2864 11986 1011 10072
4322,13215 13214 691 10561 14721 14147 13213 12085 13217 705
4323,1709 8542 4461 4145 10994 10990 10998 2880 7098 13785
4324,11347 4687 4132 3083 9850 4688 5690 2375 7093 1317
4325,12036 2422 9807 10224 12035 7934 9661 2421 6251 13178
4326,14348 740 11818 8479 4847 14979 11863 15154 14089 14907
4327,14349 14350 14351 7215 11347 1771 5875 14843 10627 3083
4328,13776 14117 1524 10969 13034 12846 13778 11774 13777 10027
4329,11249 11620 7714 4373 11248 12527 12159 14161 7801 4731
4330,10627 11099 7095 7215 3083 1771 7099 1136 12369 12368
4331,14206 6537 11218 2108 6623 5788 6163 7625 1592 4550
4332,618 612 11963 5782 10388 7377 6605 9942 13138 14717
4333,2840 14352 1360 13176 1947 6231 9659 12486 9127 14394
4334,14353 7242 7244 7401 4447 7571 11219 2661 7382 7243
4335,11840 11842 7168 11841 11839 10658 6510 12888 6513 12986
4336,14354 10216 10219 10218 10217 3004 14738 5195 14056 14845
4337,1136 1145 5686 3003 10751 5857 6847 1146 4596 1722
4338,5288 14356 14355 2729 2274 4589 13642 4582 13641 6744
4339,3075 8167 6704 8166 7221 3079 3083 8848 12209 3077
4340,2820 2742 3465 2614 1166 1165 8727 8906 405 12426
4341,7217 2891 12936 1003 9194 1353 3667 5854 7065 2371
4342,13604 7506 4567 6226 10271 5575 1448 9577 4270 11592
4343,9309 4196 3555 3222 5419 8704 2448 2761 3711 6579
4344,11626 3667 3666 3074 7065 11892 7078 11778 1003 3688
4345,13823 12831 5625 6095 12830 12835 12834 12833 3877 13542
4346,7057 1719 4607 12929 4138 2869 1011 4687 7427 4132
4347,14358 14254 14357 13524 13525 2465 11579 14253 10058 14318
4348,1317 4413 10627 13723 6804 13209 10097 3083 5845 10990
4349,3465 8906 2820 2614 2742 1532 14359 1323 6417 3464
4350,12142 7682 13122 6939 13771 11888 14215 8576 14056 13767
4351,13785 1317 2881 6847 5449 7077 2880 8542 4461 1314
4352,4132 3667 4687 4138 1719 2373 10199 4688 4600 12929
4353,14362 5012 14284 10491 5042 4736 11848 2197 8058 731
4354,1354 9554 14363 1136 6364 11099 1357 1355 2369 2372
4355,11019 2058 5795 13305 7688 13899 10121 2061 13300 13298
4356,9650 12623 13763 14027 7745 6685 10870 14002 9999 4350
4357,6729 5355 13841 10432 7544 10490 13715 4463 12285 11453
4358,12987 11665 5352 6185 6541 1837 14219 5353 8968 6240
4359,7186 7270 4484 2950 9319 7820 8837 6348 11623 8241
4360,8210 11019 9199 7688 5405 13899 8058 10121 14666 14667
4361,1011 1354 11777 1357 2371 1355 4138 2369 4134 1916
4362,1374 56 2958 13413 9359 9206 3906 11473 14166 2959
4363,6173 10463 1392 10256 2023 13767 285 1895 8505 4872
4364,73 11632 7220 14364 2585 15189 10265 5278 1381 9284
4365,4139 2378 11808 5849 10069 11805 9626 5848 1354 6432
4366,14109 13710 4527 5354 8231 9857 1125 4172 5907 14365
4367,2928 6143 8762 13906 1747 2925 2927 2926 2916 2924
4368,5151 2582 811 12309 2583 7931 2581 14086 14040 14087
4369,1447 344 12916 9319 3105 15265 638 13656 7186 5558
4370,8144 11115 7529 13696 10052 6693 10184 12588 1762 13718
4371,2375 2372 11347 2379 9853 3072 2371 13111 5690 2380
4372,1174 12985 11983 10644 3854 6784 13942 1557 7712 1176
4373,9100 14010 7009 10429 9798 8736 10428 7007 7008 7556
4374,13307 9759 8095 13 9796 12 8096 13382 15 4565
4375,692 11366 12386 659 14136 15082 8250 15083 11405 13838
4376,14367 8617 3183 8214 456 1980 14282 317 14781 6325
4377,2428 10985 1506 643 13571 486 12546 8 9030 3134
4378,14373 10900 8712 10081 10223 8901 2663 3563 4057 3566
4379,14374 14375 14376 15093 2365 9784 15271 13440 14408 13082
4380,5998 7752 3368 2041 4984 10674 7565 2614 2742 7751
4381,14378 10125 7935 14219 9650 5904 5917 13767 9809 13880
4382,14313 8383 11794 5731 9611 6876 4085 7369 4950 775
4383,5294 10958 5555 10862 5642 1301 2868 2202 10861 13912
4384,2742 405 12008 1323 2820 1165 3465 1168 2614 1535
4385,2820 13421 13453 2614 3465 12426 1166 2742 405 13717
4386,4196 3276 2185 9309 3555 5777 10140 1383 3705 1984
4387,11412 11411 11413 11414 7640 6069 10024 4709 11415 11417
4388,4515 1535 4591 2742 2820 14716 405 11899 1532 8732
4389,692 14380 14379 11366 5519 693 11384 12386 14136 11405
4390,14129 14382 10060 11084 4772 5405 4711 4911 10391 11932
4391,692 14384 14383 11366 6228 12081 693 12386 11403 14136
4392,14385 13710 12621 11490 6320 1778 13793 9640 11181 14047
4393,7427 4599 10899 11850 2375 1721 1344 5687 9814 13111
4394,2742 4516 1165 1535 2820 2614 3465 1166 405 2741
4395,2687 2951 14386 13168 13807 13806 13804 10670 13805 10177
4396,8995 5016 589 625 8704 5507 176 2508 10572 6596
4397,2814 13672 14326 13453 1535 2815 4514 2742 2614 2820
4398,11405 14387 999 14389 14388 14136 14512 14950 692 726
4399,2820 2614 2742 3465 1166 405 404 1532 12426 1323
4400,7631 3792 4230 9093 463 1187 5544 12019 794 5595
4401,3943 8140 11809 3263 3260 1270 7993 14436 13618 13889
4402,13064 13067 2793 13066 11208 10431 12618 8899 6755 10082
4403,14393 3895 3134 13930 14693 4298 2678 14955 3771 14517
4404,1947 8965 13221 5743 9127 2944 8035 4524 14394 8041
4405,10369 611 10920 11317 1491 4238 9007 3014 5155 5552
4406,14395 1633 11035 14254 8300 14525 14253 3403 3510 14358
4407,2582 14185 11599 2583 14187 14186 14188 14189 14133 9231
4408,3811 1101 14893 2309 9604 5502 2755 10347 1875 10881
4409,1572 14396 170 2448 1732 651 8705 5547 141 5538
4410,1532 2742 3465 2614 2820 13327 1166 405 360 1165
4411,12290 12291 12289 12292 12674 12293 13381 12673 12675 15253
4412,5264 1679 11964 10272 13563 6850 2657 5265 6226 5174
4413,2457 548 10784 6264 2855 545 543 544 547 51
4414,1532 405 1323 8904 2820 14122 2614 2742 3465 1535
4415,7860 3805 13669 7970 14178 11938 476 14707 7864 10558
4416,9077 9076 12647 8093 8102 14399 352 9078 13945 14398
4417,46 14400 2308 11392 4925 10732 6825 4924 12205 12545
4418,6799 4659 2604 14402 4658 2837 383 12740 10836 2615
4419,12440 612 14286 7915 618 14209 14285 2448 14717 8693
4420,645 11406 7049 9179 14853 14986 5126 9650 14997 7169
4421,1611 4975 3819 3544 3546 1888 1887 7369 5491 13759
4422,2614 1532 5998 2742 3465 2820 404 15152 14405 14079
4423,9276 12308 10061 6064 702 7275 856 5736 7299 9801
4424,46 10370 2677 11392 4925 10732 10371 6825 4396 4924
4425,8999 14406 7121 3903 2951 1216 11185 7325 3899 9041
4426,14217 3067 13166 8735 10562 14407 5929 8734 15129 3068
4427,14410 14409 12961 13101 4034 12760 137 15237 12632 14445
4428,13718 5273 2269 12879 13217 10052 8144 12351 14729 10195
4429,10148 8119 8787 2903 10151 8842 13564 13726 2924 10782
4430,7719 6766 9158 3729 9143 3470 14674 14886 15260 13524
4431,7504 757 1198 889 10517 10762 3748 879 4180 1661
4432,12678 13877 14399 10243 12996 14413 13484 1742 2094 4594
4433,7065 1136 1146 1145 10843 3667 1003 1354 2875 4609
4434,1665 9810 9809 6781 1662 12987 1939 6506 7651 14219
4435,13719 12038 12482 13934 12557 1897 13742 5492 10868 13941
4436,5283 7235 11745 7841 10482 12005 1403 12014 2130 3755
4437,13979 14414 7804 6613 3540 12959 6547 13732 1893 13971
4438,1028 14415 3180 11230 1397 9244 14720 14721 14719 15085
4439,14416 10259 4840 11261 12410 12504 13342 4359 13813 14440
4440,405 1323 403 404 12426 2820 1166 14308 5998 1535
4441,14417 9131 2291 714 257 10168 14208 8054 9051 2412
4442,10056 3034 11747 1576 11555 11392 14805 13315 13038 10732
4443,4350 6178 14419 3308 8139 13312 13012 4128 14675 9519
4444,7166 10000 3086 7165 2050 3644 13255 1795 9395 5237
4445,10517 1686 1732 6328 1661 1198 13048 476 2781 5075
4446,6392 13117 14420 5255 13123 12437 7356 11020 13980 2425
4447,2741 11283 2742 6416 12818 5998 2614 5785 10248 12815
4448,14423 14422 2699 11238 7527 5197 3602 249 1385 11409
4449,14424 12779 10163 5519 13570 14873 6520 8575 2798 2321
4450,692 11366 12386 3771 14426 14136 15082 11405 15083 8250
4451,5929 13430 15129 8736 8735 14217 7009 9808 5107 7109
4452,8983 12487 4035 1826 1777 4605 2886 12349 13380 5876
4453,8999 14166 3031 1368 14427 8786 14929 8226 13134 5368
4454,2086 6102 13307 14428 2486 1301 9076 12316 8097 9077
4455,11405 1475 12669 14136 726 692 14512 11403 11402 14711
4456,13807 13805 14120 9306 8581 13806 13804 3333 9208 12689
4457,13000 1886 12612 14164 12963 12092 13001 12311 13995 12645
4458,10871 14431 12462 5069 2106 2066 5982 3700 5474 4255
4459,4603 5686 4596 6364 2888 7554 1724 2877 14736 3668
4460,2108 10821 6622 14206 12159 14959 6620 12162 1491 9563
4461,10150 13221 14221 1467 13839 9841 4437 9052 13464 1263
4462,5788 6884 12155 6885 11978 3428 4450 4530 6497 9657
4463,2278 10276 6978 11090 6087 2283 2292 2289 12019 2291
4464,14434 6493 8890 6451 4927 9995 8517 4451 14228 14717
4465,1277 12152 1081 1274 1279 1278 1281 1280 1276 1275
4466,11038 7236 12971 12970 12968 12969 529 13402 9202 12187
4467,13898 10986 9291 10427 10252 12864 7999 8781 13368 5909
4468,230 7978 10256 11869 10488 3862 9826 4672 3859 7568
4469,4350 8940 14185 5881 2100 13312 14419 6178 14187 14186
4470,14172 13103 14182 266 265 12681 455 10253 14171 4373
4471,5206 8004 2259 3369 8604 8001 8000 11238 11731 8003
4472,8887 14437 11984 13550 4593 14050 11885 8886 12910 13397
4473,12644 11805 13702 7451 11348 12238 13060 10198 6557 12637
4474,6814 1604 13437 13664 7090 7185 6348 5294 3548 5586
4475,5782 13998 7742 14137 13905 10255 5781 7625 4670 11265
4476,14443 14442 7527 15015 5683 970 782 764 773 2699
4477,1436 2729 3090 5276 3372 14699 664 14356 14092 2724
4478,4665 12030 11592 13706 7739 4651 12496 1877 6479 13196
4479,4034 12760 14409 137 14410 12761 9879 4590 14445 4589
4480,740 9106 14979 14348 14907 14089 1351 12084 11818 14163
4481,1817 11905 6980 8957 2950 4484 11935 11670 7400 2101
4482,14444 11410 5374 6115 5368 5371 1473 14154 5377 5375
4483,14445 7013 12632 7014 7015 9308 14571 12803 14038 4034
4484,11620 14119 11249 1554 4731 12685 5297 14177 14446 1561
4485,1678 10189 9103 10185 8001 4518 7949 906 10034 1675
4486,11076 8478 12550 1327 9198 6730 9838 7803 663 5899
4487,4964 8144 11525 12522 12523 5896 10122 1872 11887 4073
4488,3090 12910 4041 5276 2729 1436 4593 3372 4046 4044
4489,7749 2170 7750 7751 7752 10973 3766 10333 872 512
4490,13015 14851 14560 11718 3960 11045 8999 3471 5415 2739
4491,6667 7526 14289 7533 6662 6666 3652 6665 6664 6655
4492,312 1578 14447 1201 12668 11671 2320 502 5721 14295
4493,693 9522 11124 14448 12103 14205 630 692 9116 14383
4494,13943 7699 14563 13892 7700 13350 8421 3801 287 11888
4495,9784 2815 2820 13354 2742 1532 3465 14359 1323 2365
4496,5222 12649 8103 8903 3318 12310 12068 1911 5627 13461
4497,7843 12480 7842 14447 7844 2015 911 11367 5336 3838
4498,12722 10726 1715 12723 7673 12721 12464 684 8088 1717
4499,3579 9254 876 3578 11977 6332 994 383 8499 385
4500,7704 2431 6978 2432 4561 10151 11566 4668 2426 13564
4501,4389 8000 10700 8004 9752 8001 9645 4390 4394 4393
4502,6668 6659 14098 109 6667 14097 10394 14096 6662 6666
4503,8758 14018 5472 11203 10975 12676 13031 14066 6852 5
4504,726 11880 11405 12535 7676 8562 1475 13852 12650 13804
4505,13182 8144 13183 7521 13178 10707 14462 14461 14460 12588
4506,692 14208 14452 11366 626 4966 14136 13838 12386 11405
4507,12992 9071 8393 13222 8086 688 9072 12991 12165 8635
4508,8215 14454 12969 12970 14453 12968 1743 12971 9001 9079
4509,14388 14456 14455 8428 14706 14950 8061 12494 1008 10537
4510,2820 405 2742 1323 12426 1535 1166 13271 8727 1532
4511,14209 14458 14596 14595 13680 12440 14286 14213 990 1859
4512,10373 10372 4396 155 10371 4869 11071 152 9340 10370
4513,5673 14459 11120 13878 2887 12551 2869 14226 12756 10067
4514,14462 14461 13183 14205 11221 14460 13424 14889 11384 692
4515,5998 9775 14463 13974 4356 2614 12619 5403 1335 9681
4516,495 6155 1440 6427 488 4579 2262 794 6156 12015
4517,10715 14702 1351 14875 14690 7130 52 14163 7129 8999
4518,1354 1357 6550 2369 6551 14464 1826 1355 6555 6553
4519,10826 10830 10827 10828 10825 10829 7476 6243 13491 13506
4520,6432 670 11808 6431 6364 4598 11028 12332 672 671
4521,6806 5688 11850 1353 13185 5857 1706 12378 8513 7217
4522,12280 4772 11193 2220 4776 4774 7266 10060 11190 12494
4523,794 476 5980 8936 3222 6411 7580 149 4230 464
4524,14465 11737 12837 14466 14168 3884 3883 15187 14652 13627
4525,9034 14468 14369 14370 4566 12181 14317 5572 13382 13222
4526,2435 14469 13219 11232 2434 2432 2433 2429 2431 2430
4527,9129 8885 6401 4337 6514 9542 2900 2901 12464 3091
4528,7015 7016 7014 14571 7013 10832 8164 2003 4287 4133
4529,2215 8467 4067 13195 5347 8832 10934 11116 3670 2721
4530,14136 14208 692 11405 13838 693 10168 11402 6608 13182
4531,149 14472 6605 169 5521 794 476 6606 873 466
4532,6663 6763 13849 14473 6661 7210 2281 10579 6657 6667
4533,11405 11403 14512 692 859 14136 11402 726 693 6877
4534,11366 13885 12850 14488 5267 692 5266 5268 14486 14131
4535,13885 12850 11366 14488 5268 5267 14506 14131 14500 5266
4536,14476 12390 14475 14923 8272 9263 1993 6596 14162 15007
4537,13885 12850 11366 3665 10701 2652 15120 14488 13179 7938
4538,12850 13885 11366 9357 5268 14488 5267 14506 14538 14500
4539,11366 13885 12850 14488 5267 692 5266 14486 14131 12298
4540,11366 14456 13885 12850 8428 14455 14068 14972 15193 14944
4541,11366 13885 692 5267 14486 12850 5266 14404 14477 14481
4542,13885 12850 11366 14488 5268 5267 14506 14131 14500 5266
4543,11366 13885 10200 13511 14478 14487 3898 14565 12850 14564
4544,13885 12850 11366 14488 5267 5266 12298 5268 14131 14480
4545,12850 13885 11366 5268 14488 5267 14538 14506 14131 14500
4546,11366 13885 12850 5267 14488 692 5266 5268 14486 14131
4547,11366 13885 12850 5267 14488 692 5266 14486 5268 14131
4548,12850 13885 11366 14488 5268 5267 14506 14131 14500 14538
4549,13885 12850 11366 14488 5267 5266 12298 5268 14131 14491
4550,12850 13885 11366 14488 5268 5267 14506 14131 14500 5266
4551,13885 12850 14479 11366 5267 14488 5268 14491 5266 14506
4552,12850 13885 11366 14488 5268 5267 14131 5266 14506 14500
4553,13885 12850 5267 11366 14491 14479 14506 14488 5268 14496
4554,12850 13885 11366 14488 5268 5267 14506 14131 14500 5266
4555,13885 12850 11366 14488 5268 5267 14506 14131 14500 5266
4556,13885 12850 11366 14488 5267 5266 12298 5268 14131 14480
4557,11366 13885 12850 14488 5267 692 14486 5266 14131 12298
4558,13885 12850 11366 14488 5268 5267 14506 14131 14500 5266
4559,13885 12850 11366 14488 5268 5267 14131 14506 5266 14500
4560,13885 12850 11366 14488 5267 5266 12298 14131 5268 14491
4561,6196 14482 13025 14496 11366 5890 4028 8340 13026 13667
4562,11366 692 13885 12850 14488 5267 12386 14486 5266 14479
4563,11366 13885 12850 14488 5267 692 5266 5268 14486 14131
4564,13845 8688 12859 12715 12236 1558 3858 9324 9323 14230
4565,692 12850 11366 13885 12386 14136 15082 8250 14538 15083
4566,13885 12850 5268 11366 14488 5267 14506 14500 14131 12298
4567,13885 12850 11366 14488 5267 5266 12298 5268 14131 14480
4568,11366 5267 14131 13885 14491 14479 692 14486 12850 14496
4569,11366 12850 13885 5267 692 14486 5266 14131 14477 14404
4570,11366 13885 692 5267 14486 12850 14477 5266 14404 14913
4571,13885 12850 11366 14488 5267 5266 12298 14131 5268 14491
4572,14429 14483 12850 12787 8575 366 4399 13885 553 12788
4573,11366 12632 11273 14445 7013 13885 692 5267 12850 14486
4574,14486 11366 5266 14485 14481 14491 13885 12528 14913 14499
4575,11366 13885 5267 12850 14491 14479 14488 692 14506 5266
4576,10200 14487 13511 14565 5019 14564 3898 14227 4756 11366
4577,13885 14488 12850 11366 5267 5266 12298 5268 14131 14480
4578,13885 12850 11366 14488 5267 5266 12298 5268 14131 14480
4579,11366 14489 13885 692 5267 14486 5383 12850 5266 14404
4580,11366 13885 12850 14488 5267 692 5266 14486 14131 12298
4581,12850 13885 5267 11366 14491 14479 14506 5268 14488 14496
4582,692 12850 11366 13885 12386 14136 15082 8250 15083 11405
4583,12850 13885 11366 14538 5267 5268 14887 14506 14537 14131
4584,13885 12850 11366 14488 5268 5267 14506 14131 14500 5266
4585,11366 13885 12850 5267 14488 692 5266 14486 5268 14131
4586,7719 4532 14492 3445 14674 9143 14886 14575 6766 15260
4587,11366 14130 5267 12850 13885 11266 14491 14479 2062 9045
4588,11366 13885 14130 12850 5267 14488 692 5266 14486 14477
4589,11366 13885 12850 692 14488 5267 14486 5266 14131 14479
4590,11366 8042 13885 12850 14131 681 5267 14488 692 5266
4591,11366 13885 12850 5267 14488 692 5266 14486 5268 14131
4592,13885 12850 11366 14488 11608 5267 5266 12298 5268 14131
4593,12850 11273 9307 13885 13557 11366 15106 3486 13101 10913
4594,11366 13885 5267 12850 5266 6785 14491 14479 14488 7527
4595,11366 13885 12850 14488 5267 692 5266 14486 5268 14131
4596,11366 13885 14137 12850 3815 14488 5267 692 13998 14486
4597,13885 14495 14494 14131 14432 12850 11366 14488 5267 8042
4598,11366 13885 14496 12850 9026 5267 14491 14488 15175 5268
4599,13885 12850 11366 14488 5268 5267 14131 14506 5266 14500
4600,14498 14497 11366 5266 12298 13885 14897 14574 14137 14486
4601,13885 12850 11366 14488 5268 5267 14131 5266 14506 14500
4602,11366 13885 12850 14488 5267 692 14486 5266 14131 14479
4603,11366 692 13885 12386 14486 5267 12850 5266 14479 15082
4604,11366 14481 14499 14486 4339 15176 13885 5266 5267 692
4605,11366 13885 692 5267 14486 14477 12850 5266 14404 14488
4606,11366 13885 12850 14488 5267 692 5266 14486 14131 12298
4607,13513 10330 3990 15277 14577 14576 3991 1527 1670 3989
4608,14085 1561 12486 266 14446 13725 14086 5297 14040 14087
4609,11366 12850 14500 13885 692 5267 14486 5266 14131 14538
4610,7804 2725 8676 14501 12880 5426 6613 7539 10892 14118
4611,12850 13885 5757 553 11366 5758 14538 13262 13737 14488
4612,14503 6479 14502 607 12466 5707 6226 14178 3070 13639
4613,11366 13885 14131 12850 5267 14488 692 14486 5266 8042
4614,13885 12850 11366 14488 5268 5267 14506 14131 14500 5266
4615,11366 13885 12850 14488 5267 692 5268 5266 14131 14486
4616,13885 12850 11366 14504 14488 5268 2201 5267 14506 14500
4617,7855 9830 4753 10986 11896 14279 10941 6784 9331 7678
4618,12850 13885 5267 14506 11366 14491 14479 14488 5268 14496
4619,6623 11912 1864 1510 11227 6622 13070 6476 6782 11005
4620,1166 2742 1535 5998 13187 2820 2823 405 2614 12426
4621,2614 2742 2820 3465 5998 1532 13578 6352 2741 1165
4622,12850 5267 13885 11366 14491 14479 14506 14538 14496 5266
4623,12081 10464 5196 13458 12623 13457 13253 13832 5899 5197
4624,5793 10764 6227 6483 9835 14507 431 8605 11407 4749
4625,3887 4068 2265 13889 14235 238 7940 2264 12156 11642
4626,14508 15177 12338 7937 14860 5078 10305 9871 6579 7110
4627,14509 13227 15191 5972 13228 7913 175 9602 8268 20
4628,8999 13282 3486 7121 15148 14545 14163 11185 1368 9054
4629,4953 14510 13414 14458 14578 14607 7017 14824 8376 1577
4630,14381 9430 6003 14970 14329 13018 15109 10484 8408 8617
4631,1337 11873 6982 4933 1269 14511 5260 5675 1340 1596
4632,10870 5527 7626 15206 15207 7428 7628 7629 12567 7627
4633,726 14512 11405 2657 11403 10094 8562 14082 13852 12650
4634,14513 14478 14277 14848 11405 14610 14204 14706 8547 13420
4635,740 14979 14296 14348 14907 1351 14163 12084 11818 4847
4636,4016 4074 8182 14055 11260 3945 611 8846 12434 12435
4637,7844 11367 14165 7842 14447 7843 11368 58 8663 4892
4638,4382 11367 14432 3536 5026 2836 4383 11030 7244 4381
4639,2210 14166 10464 14929 9052 8098 8999 11157 14514 3021
4640,10542 13000 14413 14683 1869 4815 1162 3237 4901 88
4641,14516 10976 10874 10872 10873 14412 3834 2099 12616 1298
4642,1721 3693 8152 4407 9664 13573 8982 11578 1776 11435
4643,13 9759 8096 8095 13307 15 12 13382 4565 12049
4644,7643 14517 3895 1127 7649 12470 8397 7888 12129 14393
4645,11366 14486 13885 5267 692 5266 14913 14477 14481 12850
4646,3462 12713 3629 612 8582 6815 14975 10978 9905 11824
4647,14422 11238 14423 3369 8604 5206 11732 11733 6780 11731
4648,14519 10591 320 13056 15247 3841 14913 15011 12877 11366
4649,235 1617 234 1618 1619 1622 1621 1620 11814 2959
4650,9251 539 9412 10180 4076 11784 4285 8 14708 7014
4651,13430 5107 7109 3751 14952 8251 14224 14921 12803 11668
4652,13723 560 7057 4137 5367 12655 1011 7784 8164 12211
4653,14156 12101 10981 11002 13646 10977 4416 12077 8993 5431
4654,13036 12297 14520 13408 7251 14521 12437 3855 13533 5973
4655,7776 8892 11861 12251 11860 13454 7152 475 11859 1086
4656,577 14094 14522 712 3600 14095 731 15026 13286 11405
4657,2820 3465 2742 1166 2614 405 11122 12426 1323 13187
4658,9830 5485 8244 10986 7678 9331 3480 8646 1703 7855
4659,2742 5998 8727 2614 2820 2817 13327 1165 3465 405
4660,4515 13324 13271 2742 13323 13628 2820 8905 1532 1529
4661,1166 12426 13187 13660 2820 2818 8830 11524 1535 3464
4662,405 8904 11112 1532 2820 1323 1535 2742 2614 3465
4663,2820 1166 13187 3464 2742 13452 1165 12426 2816 3465
4664,11384 14222 5518 14581 692 6622 12065 14415 14538 14205
4665,6057 12881 6764 1376 14523 9147 12194 12233 3004 4480
4666,14204 14513 14478 14581 6606 4549 6605 5518 14848 11405
4667,11405 13053 14136 14512 726 14200 11403 14711 692 11402
4668,14205 13949 7381 14873 11384 4960 14462 13183 14461 8145
4669,360 14524 13831 14426 14142 14586 1532 13920 2820 14904
4670,14525 14198 9201 14395 14197 1633 11035 14254 8300 2904
4671,14204 6606 6605 14523 14581 14846 13183 5518 9258 14478
4672,11405 13266 14136 14512 726 6476 11403 692 14200 14711
4673,14380 14379 11384 693 692 14383 12065 11405 5519 11403
4674,4757 12013 14526 3576 13369 9227 786 495 15076 7131
4675,1181 7663 14527 14528 2591 11786 12201 5502 9964 14723
4676,692 14530 3801 11366 14441 14004 14961 12386 13520 14529
4677,1907 14531 5674 10565 1908 1909 12519 444 1906 14065
4678,173 5216 14539 61 478 6833 8950 7198 2250 9680
4679,7581 11289 2591 14159 14157 15265 2598 2596 2594 5410
4680,14212 13167 14448 14211 9522 12103 415 11124 693 630
4681,11366 13885 692 5267 14486 12850 5266 14477 14404 14913
4682,7844 1180 2303 1170 58 11367 7842 3055 15072 14447
4683,13272 13756 237 13757 6387 13759 4359 10810 6528 9971
4684,2321 6077 11144 6076 11303 6072 6075 594 11129 6073
4685,10868 12373 3537 3540 6613 3541 11153 13971 10869 13004
4686,8892 7384 12989 13335 8893 14452 8894 13331 1535 13248
4687,14532 557 9217 558 556 11366 2904 555 552 9220
4688,12898 6484 1846 2627 5715 6183 1864 6485 1700 14146
4689,8164 4605 1357 4133 15238 13665 1354 5673 6553 10098
4690,2820 1529 2614 3465 2742 12426 1166 405 9366 13578
4691,13606 14495 5352 7935 13607 1349 14494 2291 7380 14432
4692,7648 14039 10254 10593 10253 8686 12486 12716 12719 11610
4693,7863 3993 14534 9339 5210 1095 3994 482 3662 12571
4694,11120 8164 5673 4133 10818 4605 12756 12551 2887 13878
4695,12577 14311 13741 12809 7144 13078 13177 12333 1806 7408
4696,13846 12566 12567 6785 2979 6685 6349 13459 6524 10870
4697,13900 9015 13114 10917 13040 10085 5331 14077 14075 11208
4698,1884 10542 7565 1885 12997 5407 1882 11187 13929 1955
4699,13353 2742 14331 13926 2815 2814 10076 2824 15096 2820
4700,5514 9114 5515 15163 8452 14224 4861 12009 11405 12840
4701,7050 5592 14356 15000 5288 7246 1836 4175 10264 7051
4702,6909 9238 7466 7455 9960 1886 1896 3055 9959 14729
4703,5896 4073 12263 11358 6761 7343 9239 10112 10782 13978
4704,7427 5687 6806 1011 10199 10899 4599 8513 9534 7554
4705,14240 14535 7268 8871 11124 2324 11481 13933 5375 8500
4706,12850 14537 14536 13885 14943 11366 14538 14067 5267 5268
4707,3771 924 5369 14660 259 15008 6329 11711 14393 14693
4708,14131 11366 8517 13885 14495 12850 11405 8042 6934 14222
4709,14540 14541 7231 4066 10048 412 2919 2916 2013 15145
4710,626 8397 9365 6488 4966 6118 5709 5377 14167 14275
4711,14542 5337 7946 4788 5710 5339 5979 5338 4126 2673
4712,12850 13885 12298 11366 14538 14497 5267 14971 5268 14887
4713,13885 12850 11366 14498 14488 5266 14497 5267 12298 14131
4714,6729 14543 9563 4595 14566 5355 14206 7544 13841 10432
4715,9406 14545 13282 3486 9422 11725 9412 14764 2853 15106
4716,12850 14538 13885 14264 14973 14938 11366 14222 14415 553
4717,6553 1721 1357 1354 2369 2014 6550 6360 4133 3083
4718,14538 12850 14264 14973 14938 14222 14415 12134 611 7229
4719,14538 12850 14264 14973 14938 14222 14415 12134 611 553
4720,13652 11009 14303 5516 11384 9827 2623 14304 1615 9945
4721,11405 14512 11403 692 726 11402 693 14136 14383 11401
4722,11405 726 14512 11403 14136 692 11402 14711 14200 8562
4723,14545 9406 13282 3486 11725 9422 2853 15145 9412 14764
4724,12850 13885 11366 14538 5267 5268 14887 14506 14131 14537
4725,12850 13885 11366 14538 5267 5268 14887 14506 14131 14537
4726,12850 13885 11366 14538 5267 5268 14887 14506 14131 14537
4727,3500 2957 5751 1779 5752 7798 11560 3403 5753 5749
4728,101 14264 14547 8999 14898 2774 1808 3219 15013 14163
4729,478 14548 149 476 466 794 14539 4177 5438 775
4730,101 1808 14898 15013 2774 15233 3219 15270 14578 14579
4731,10977 12101 12134 7560 10975 7559 9342 10976 4882 3834
4732,58 11126 14824 15285 9013 14163 14742 14980 12427 4426
4733,1001 10818 2887 12756 1002 11768 2893 13878 7080 1379
4734,14557 14551 14553 14552 14556 14558 14554 14081 6850 14555
4735,1166 4516 1165 2820 2742 3464 3465 1535 2614 405
4736,12850 13885 12134 11366 14538 14887 13899 5267 14696 14697
4737,14490 13885 12321 14674 14470 11217 14417 14142 10571 1670
4738,12426 3465 2820 2614 2742 405 1323 1166 1529 1532
4739,692 14561 11366 12386 14136 15082 15083 8250 11405 13838
4740,12481 1173 8997 2009 11055 1174 5024 7886 10497 528
4741,692 11366 4465 5197 12386 14136 8250 11405 15082 13838
4742,9682 1655 5383 2438 1939 5384 5385 8335 6162 1663
4743,14404 5786 5787 7000 11366 3178 3177 12667 1381 2959
4744,14563 12465 13350 13943 12468 9603 12467 3222 867 11949
4745,14565 14564 4756 5019 10200 13511 15180 14487 13602 11026
4746,13838 14213 692 10591 12340 14214 13056 14209 14208 5521
4747,1001 2893 11768 1011 1002 9968 10818 6703 2996 7062
4748,3841 14566 11884 14543 9300 13056 11883 7678 15007 10591
4749,13896 13897 13894 1858 15195 14285 692 13895 11574 9492
4750,383 692 4497 14316 13766 4759 8677 11366 12253 5070
4751,6583 14567 13058 6582 2013 692 6044 6046 11159 6584
4752,14268 8454 11630 5226 12536 14181 11253 14132 11737 11186
4753,12339 14569 8250 2273 2263 14575 6581 12338 14574 6303
4754,14570 14241 14316 15060 14244 14251 14249 14248 14250 14246
4755,3180 330 6036 10709 8669 2254 1028 11302 7337 5610
4756,8477 2887 14464 14226 5689 7450 14571 13878 11120 7449
4757,692 14573 8250 14572 12340 14964 11366 13838 14569 12386
4758,692 14575 6581 14574 8250 14492 14009 12339 14238 14688
4759,692 13558 8250 11366 12340 14964 14572 12386 14569 13838
4760,14209 14596 14595 13680 14458 12440 14286 14213 11120 12251
4761,14082 13172 2501 2657 13174 13173 10715 9214 3170 8138
4762,14577 14576 10741 15277 13513 13074 451 1880 5344 8811
4763,2391 11883 12025 11884 12651 10011 7678 15163 9055 10009
4764,53 14578 12877 7124 3055 14825 14826 13587 14320 15013
4765,2230 13192 7944 14128 9341 10653 14344 8462 8176 3691
4766,101 14579 14503 7223 14898 2774 15013 1808 3219 14578
4767,8591 10382 10383 2325 117 15029 15028 3662 8999 494
4768,4755 4434 14582 6951 14451 15099 12537 4630 12670 14587
4769,9202 13999 6618 7351 15133 2899 12991 9698 8474 11038
4770,6797 10115 8128 6795 4594 5564 4641 6796 2805 6798
4771,11426 11947 11205 11427 844 11948 7755 4644 11174 5071
4772,12427 14583 14584 113 14585 11458 14163 13587 14555 7118
4773,10035 5620 5380 1889 8025 5612 1297 5621 357 5619
4774,11622 6181 908 6483 6170 9804 3823 8035 10446 8209
4775,12318 6885 6884 12709 1683 4924 11576 9891 4554 12317
4776,3190 14319 426 6022 11048 8760 10797 1343 9990 1170
4777,4755 14451 14587 5559 14582 15099 13361 15167 1636 13306
4778,7556 12648 13946 10456 10407 11426 2789 14234 10431 13914
4779,5998 2741 2742 2614 9793 13574 15152 2820 6416 3465
4780,7648 12892 8688 14039 10253 10254 8686 12520 10593 7649
4781,8164 4605 4133 15238 13665 9852 1721 1357 7016 2881
4782,14281 6622 6520 8575 7639 7853 10810 7855 13457 13365
4783,13726 12216 8410 5964 12215 5707 9806 8144 10148 12439
4784,13653 11781 14365 5923 11177 15197 13070 2627 11245 11592
4785,12612 2636 12092 13974 1996 13969 13975 8545 1997 8215
4786,11366 5226 14268 13885 5267 692 14486 14477 5266 12850
4787,14110 9022 9021 9023 5329 9011 5020 15005 14149 11186
4788,2650 13828 6537 6487 13830 13829 12536 11872 12748 12303
4789,12850 13885 11366 14488 5268 5267 14538 14506 14131 5266
4790,11366 13885 12850 14488 5267 692 14486 5266 14131 12298
4791,7402 12981 13679 7272 12055 9689 11647 3265 7401 14738
4792,14589 12772 9675 4084 12782 581 7386 11609 12152 4440
4793,1475 11759 5345 14844 1535 13336 11880 1529 2741 11965
4794,5814 8324 5 5759 12093 14453 1128 13936 7131 12274
4795,3720 6984 5525 14958 3986 14957 15092 3893 11581 11582
4796,12850 13885 11366 14488 5268 5267 14506 14131 14500 14538
4797,1949 13079 8580 11366 9060 12512 13080 3800 8926 13078
4798,726 8590 11405 8589 8562 14511 12650 13852 11212 13804
4799,11405 14591 14136 726 692 11403 14512 11402 14711 14200
4800,5929 4424 2951 15129 13513 13017 8736 13806 8735 13804
4801,9106 14592 14821 5383 726 1605 740 11405 15252 9594
4802,13336 1475 3677 8832 8334 5345 14844 7750 7751 12535
4803,553 13737 13262 13681 14538 13365 366 11384 6622 12850
4804,4351 6004 7941 2415 3993 3662 1734 8028 2979 1864
4805,11880 8832 12838 11877 4074 1475 12535 13336 10934 11642
4806,9555 13617 14593 12928 3582 2978 13278 14730 3585 3588
4807,5729 14594 2847 6162 6097 6781 6096 1898 6503 9828
4808,10820 4016 6105 714 11188 14055 9203 11260 12633 11365
4809,2152 13435 3542 13618 2305 8852 12233 1805 11809 4756
4810,11405 726 9106 14512 14136 11403 692 11402 14711 14200
4811,11405 726 9106 6719 14512 14136 11403 692 6725 11402
4812,611 6474 593 10421 383 11939 11936 11937 11938 488
4813,14301 12556 6654 14302 14097 14096 10392 13429 4997 6667
4814,6687 9655 7689 9650 6187 8059 3672 4169 1707 6252
4815,14596 14595 14209 13680 12440 14286 14458 14213 14285 14214
4816,8999 13680 7121 15148 14595 14596 11185 14163 1368 9054
4817,13013 14597 1483 1485 5415 13012 1487 14870 7153 1489
4818,2614 405 12426 2742 2820 2822 1323 13201 3465 1535
4819,5998 2742 2614 2820 13327 2741 15152 3465 405 1532
4820,4550 14598 13417 617 4151 13420 13418 11911 12567 13419
4821,2614 5998 3465 3046 2742 2820 2814 6352 3463 1534
4822,8397 6488 9365 6118 626 8574 1127 5131 578 629
4823,12949 14600 1996 8629 1997 13815 11191 14372 11203 3274
4824,2291 7341 2412 9051 13606 13607 4090 1349 7848 11759
4825,1989 6702 6147 4946 8070 1491 8670 13645 11017 8671
4826,3237 54 2031 1988 11444 11440 3234 4901 7564 47
4827,11388 9150 9825 14450 3656 11389 808 11129 3654 5599
4828,14602 14601 5182 12163 7765 4773 4418 9582 12776 308
4829,14009 8020 14214 13736 14211 15169 14213 7083 8525 14209
4830,5415 14603 8798 1496 7158 13012 7159 7157 2507 4426
4831,14605 14604 58 14080 100 7324 8802 15287 15285 11126
4832,14606 12235 10252 10250 13034 13688 13689 5678 13692 6841
4833,6622 7352 7350 7351 2979 13892 10609 11384 2108 6476
4834,2574 9921 13042 181 570 7285 87 2506 894 2026
4835,14607 476 3365 9399 9342 14307 9350 725 176 2129
4836,3242 705 4568 989 2930 5862 6563 11260 3397 12941
4837,9910 14608 14355 3663 10158 1538 9802 4454 13632 7758
4838,938 2441 12762 12761 9880 966 961 3663 967 977
4839,14223 10266 14610 10121 14106 14222 6346 14160 14415 14224
4840,14611 2026 195 10261 11807 10263 10886 2518 3000 10422
4841,9650 8059 10151 1926 7434 9655 11701 4668 13763 7745
4842,8967 10867 7106 10870 1268 11621 13762 6174 1847 6240
4843,340 7698 6817 5631 3196 931 8878 12347 11738 3036
4844,12786 13233 12380 5194 6351 2742 13357 13235 2741 10207
4845,6917 10539 291 2464 9479 130 6882 10159 5312 10550
4846,230 14613 14614 7586 280 13205 2592 12522 9212 6481
4847,8074 107 821 1216 5512 14297 634 3306 5488 5490
4848,12028 13577 1480 5261 4439 5911 3410 6242 7647 6039
4849,6572 8071 10790 7389 6570 4363 137 8494 7120 14884
4850,488 13603 495 10884 611 6339 476 1584 4236 794
4851,3350 12316 1944 11094 11717 10486 11096 11095 1997 8545
4852,786 167 1047 145 6575 2460 215 13369 9227 15076
4853,14617 3228 379 10780 3227 3232 3231 3233 3235 3234
4854,7051 466 794 658 169 489 462 686 4260 476
4855,7802 7803 12081 6146 2728 7801 5899 11769 14384 2898
4856,14367 8617 3183 8214 456 1980 14282 317 14781 6325
4857,6809 10814 9757 3442 4132 4688 9753 7404 6811 1003
4858,8892 8893 8896 2599 8894 8889 6004 5372 8483 8888
4859,4668 10151 11566 4561 7704 2432 8842 2426 10842 10154
4860,3972 14544 8902 12785 3274 3275 5607 1537 14317 3583
4861,488 5410 12044 3743 11289 1518 8515 495 10884 1686
4862,651 12845 13264 3213 10484 216 10594 3222 3936 10477
4863,14619 14618 14550 1702 2262 3916 611 12421 788 169
4864,14621 611 242 3956 578 14620 11213 7230 169 8182
4865,1910 2310 6467 12602 3510 9995 11165 5557 8602 1161
4866,4599 13556 10911 7427 13557 1315 13212 5845 7702 4693
4867,8325 11265 4902 13826 2287 2716 1276 11264 12280 10255
4868,14623 13759 4670 7999 12135 12296 1611 3410 1602 6773
4869,14624 12594 9813 5252 9426 14232 1129 9960 9814 13073
4870,2061 611 3213 364 12568 13039 3872 12051 9694 3455
4871,11878 11110 2822 12426 1535 2820 2814 405 2742 1166
4872,4861 690 9255 14224 5514 11405 7875 14893 466 5155
4873,12311 14076 13611 13000 12253 13995 14783 9101 311 12091
4874,6108 5289 5338 3547 1053 5339 2673 5294 733 5727
4875,1365 14625 14626 14640 11419 9140 12653 12399 7259 6599
4876,10484 12845 8408 13132 2956 14616 14970 9430 14329 13018
4877,3916 8200 4575 4741 760 14619 14486 3931 5090 6373
4878,14630 14627 14629 12170 12814 14628 3787 1801 8270 3680
4879,14632 5887 1585 7233 5986 1893 3837 6263 8515 5237
4880,634 8074 14297 9706 5488 107 6689 1216 821 10304
4881,9292 6096 1262 1264 7886 7887 2451 6559 1548 13417
4882,794 7580 5488 7577 7578 476 5490 7579 3222 8074
4883,466 10424 5062 8453 3026 6953 163 5082 9592 12043
4884,6118 8397 1746 14275 3980 2256 6488 629 6330 7852
4885,14635 7359 5481 4956 8737 9443 5484 8700 5469 5470
4886,14636 5740 10968 7232 3765 11550 2309 3272 3271 3270
4887,14637 586 10834 10507 9495 882 10633 15196 5986 11259
4888,11315 14638 11306 14238 14572 13559 12626 8374 8250 14964
4889,1282 4850 3500 8195 1905 5351 12847 12087 2588 2342
4890,1572 3153 2332 8063 324 7388 3398 3192 10760 2337
4891,4416 73 1102 14639 2704 2748 2876 3843 1826 1306
4892,11082 4507 11252 3483 6442 6441 6443 6440 4241 8224
4893,14625 14640 14726 9436 13457 13459 7085 14626 1365 13468
4894,2795 12696 10242 8213 13907 3568 5578 1958 2797 638
4895,9655 9650 6187 6687 8059 6528 9826 7689 11406 13358
4896,3009 14641 10344 2404 2603 10346 10345 12899 3005 4421
4897,3749 10737 9912 1029 4907 10459 9523 659 11848 9933
4898,9089 11323 2116 7836 2943 1047 7708 811 2255 5151
4899,611 3214 14621 11483 10421 385 10893 15078 383 242
4900,83 8434 7822 8432 6054 8433 8431 7429 10308 602
4901,9540 7427 10199 7554 2875 11569 365 1828 3415 5447
4902,224 4120 8898 12652 14611 223 221 222 12297 13036
4903,10126 476 3811 2739 870 4862 10017 6868 466 228
4904,11366 692 13885 5267 12386 14486 14477 14479 5266 12850
4905,13162 7986 8035 13069 9128 13691 8751 6482 7851 8271
4906,1660 3945 4419 15096 11720 7552 1328 8616 476 3637
4907,7683 323 7996 10181 11134 347 3930 7763 10573 11720
4908,8572 13017 14979 13016 12325 5415 740 3488 12347 2739
4909,10193 9535 1003 3667 3074 2891 10857 3688 8167 7065
4910,9397 796 7348 1452 2938 3253 12852 4821 6688 9396
4911,10883 12433 10915 7371 8724 188 549 1018 10547 6913
4912,8047 1083 8243 7397 3624 5083 5027 3250 1812 11083
4913,8363 14071 11200 10456 8102 10789 8543 12091 11163 11717
4914,7691 2821 5408 8058 8098 12483 7694 11157 5406 2819
4915,1354 11777 2378 1357 1355 2371 2369 4138 4141 1356
4916,466 12650 8507 14644 14642 14643 13739 13602 3259 8576
4917,4577 8341 5711 3905 13342 192 8869 2808 6511 6114
4918,3443 12376 1136 3003 10246 7215 1011 4692 5686 1145
4919,7697 232 7196 162 7195 2829 668 2448 985 229
4920,1474 6380 12295 5958 1656 6383 6595 2428 6592 11760
4921,5570 13314 8713 6415 13144 10731 8710 6284 4840 8316
4922,11315 11306 14638 8374 13559 12626 14572 14238 14861 13558
4923,169 2133 2748 149 10832 1569 12094 466 5984 712
4924,14646 5780 14645 13919 14304 10441 5781 5782 13419 11214
4925,3510 10840 11316 4236 586 8591 1485 13013 3149 11481
4926,14650 14649 14648 14651 14653 5670 6465 14647 13523 7082
4927,4726 6434 2472 2956 383 118 117 6263 5311 6198
4928,8838 3241 5498 9133 12132 8570 10281 8964 2187 3958
4929,12840 11849 11836 10672 3662 12034 12103 389 4408 9808
4930,9373 9374 3888 3392 3393 8977 7234 11717 12226 335
4931,645 6477 6823 5866 8836 14853 8561 10599 14986 74
4932,578 6849 10267 3877 2453 13542 8397 7453 10764 6336
4933,14654 14862 692 15225 15175 14752 13993 14500 14238 14029
4934,13186 14309 14655 13660 405 8730 1533 14015 13717 14599
4935,14645 1655 14656 5382 8298 8372 5384 1094 13823 4601
4936,2820 2614 14139 3465 2745 13187 2742 13540 2822 2816
4937,2614 12426 1323 2820 13201 2822 3262 2742 405 13330
4938,1535 405 12426 2820 4516 9786 2814 1166 2742 13425
4939,2741 4515 2742 13628 2820 1532 13271 2614 2744 5998
4940,2614 2820 2742 3465 2822 1532 2743 405 1166 5998
4941,5998 10730 1529 13850 2614 2742 2820 1331 15152 3465
4942,2820 5998 12426 1529 2614 2742 405 3465 1166 15152
4943,4516 12426 1535 14657 2820 626 405 1166 2742 1339
4944,2614 13330 1529 1323 405 2820 2742 3465 13578 1532
4945,2614 11393 1529 2820 3464 3465 2742 13578 5998 1532
4946,3602 1752 2699 3043 14729 3044 3909 7139 3584 5273
4947,12911 14315 11261 13904 12480 2614 14316 13431 1632 5516
4948,14107 1493 10158 1481 1487 1489 1497 8802 12016 7315
4949,12440 8693 5498 14286 1262 1979 9242 12133 7495 14209
4950,235 2959 234 11254 1617 1618 1619 13850 6716 10730
4951,14659 12480 3894 14658 14043 13020 5559 12366 5565 14164
4952,1160 665 10245 3369 1161 11545 10430 1162 5206 8604
4953,14660 9799 259 924 15242 15253 6715 6350 403 404
4954,11079 2901 5766 14175 6060 5764 9542 2905 5333 6059
4955,506 1943 5573 5539 6919 1197 880 4180 8984 4930
4956,10491 14284 13312 14507 9519 14362 14174 5012 13986 14173
4957,3663 1538 14608 938 12762 977 8695 7039 1539 12761
4958,14661 6517 9090 1194 4096 3773 1069 7145 1198 784
4959,7249 14662 7236 14330 6726 13854 2742 14183 6353 529
4960,5277 12160 8313 2807 3171 1028 5653 8311 8757 8399
4961,2352 9693 9253 2078 2249 2952 3192 5814 8196 10700
4962,3222 8075 14663 11201 9352 1742 5808 794 10509 15245
4963,2823 13260 9793 14139 13187 1535 1166 10410 2820 13259
4964,12366 13072 14034 6819 10407 14024 10967 8698 11425 14664
4965,8363 8102 10789 14071 8093 5370 9077 9076 3953 12647
4966,14666 14667 13077 8210 7276 394 8133 12606 558 3559
4967,5351 8376 4850 9590 12421 8195 11143 14619 7208 1282
4968,14668 13412 8872 12420 9215 6589 3428 1479 10528 10390
4969,5452 2296 11483 7499 2151 3824 5229 10124 7684 13567
4970,8999 7121 15148 14163 1368 91 9054 14166 7124 11185
4971,10237 1085 1484 10235 3605 11746 8347 1611 2607 5491
4972,1806 5577 13012 1483 14419 32 5415 9902 9906 1026
4973,1820 1732 347 6825 502 13722 4479 10166 8651 7399
4974,3663 73 14534 13721 1539 967 3626 945 4305 8898
4975,13651 405 2820 13332 2742 1166 1532 1165 11524 12380
4976,4818 11461 2754 1202 4820 4061 10066 7723 2809 2758
4977,5287 5788 2108 11357 13951 7172 12159 1896 12207 7878
4978,3222 1734 10787 794 476 1646 10509 15245 8075 4974
4979,3375 14518 12132 9248 1854 6822 2130 8286 6882 6832
4980,1347 10909 3955 7920 5053 4071 7149 6441 8415 5911
4981,4363 467 1381 3510 10547 447 8722 1453 10265 14287
4982,6068 13631 337 9829 10666 8350 6069 13714 1292 8348
4983,6679 134 2333 13402 12187 11042 11038 11040 14622 13528
4984,6836 3906 5785 14278 13588 15181 1374 14166 14452 3222
4985,11777 1916 7358 1915 1354 2371 10072 1913 1914 9192
4986,3222 651 6577 216 794 1646 10509 2448 12845 15245
4987,14673 14671 13488 9172 11577 14672 13956 8833 9174 13585
4988,1011 7217 1773 5255 1704 1353 1774 10936 12936 1770
4989,8555 9976 2710 8056 6782 7405 11711 14342 9233 304
4990,11366 13885 5267 692 14486 230 10867 14477 12850 5266
4991,5829 3831 3339 9576 5220 3316 3359 4301 10874 5388
4992,11419 9140 14626 12653 12399 6385 10381 10983 1365 12490
4993,14674 14470 11217 14886 14490 7719 14417 14142 13949 6589
4994,1880 12574 6868 15147 2739 7726 13129 10965 14887 23
4995,13055 3222 7397 10452 5299 8705 1574 9469 2448 9314
4996,7400 12185 10305 11935 11905 7330 4813 9493 12336 4884
4997,4062 1011 11120 4063 9853 14236 5876 1769 7014 12657
4998,13640 6785 6244 12082 13798 10716 9306 6476 4674 6520
4999,14676 10077 10266 14675 8815 8754 10885 10340 12852 4815
5000,3270 3271 3272 2794 5740 3269 3955 9305 2362 6872
5001,3549 5145 7415 7416 6477 5790 11589 11074 5968 4748
5002,1778 2372 6432 2375 10626 9851 11808 2371 6362 1320
5003,13236 5685 14677 10808 8680 7108 1712 12913 5444 11722
5004,13666 10845 10844 12677 13703 12676 13001 12645 14679 8085
5005,12375 10367 12374 5843 13444 396 5847 5848 12145 13789
5006,611 14680 3909 2750 4848 5016 2313 10421 14527 14132
5007,2011 2010 11252 11251 14681 6110 13684 11368 11370 642
5008,14265 14064 12472 9826 6540 3425 6171 9806 6476 5781
5009,11188 14145 10084 11365 6105 7227 10081 4053 10083 10080
5010,4624 13983 11386 4611 5844 13911 1011 4615 12642 4619
5011,8181 3863 290 1451 5988 6526 6104 11023 4546 5837
5012,2875 12259 5857 6067 1705 14682 7554 12261 1136 1354
5013,780 89 10929 7735 2363 7737 7968 821 2249 476
5014,14684 10524 13307 14683 8427 12172 12911 10809 5998 13904
5015,14121 12621 14258 5623 1834 3989 5398 1811 11904 2102
5016,53 14579 10820 13513 14578 7124 13991 3055 15163 15277
5017,13559 10821 14685 4073 14259 13928 8921 1808 9267 11306
5018,8999 7121 11185 15069 15148 91 823 14406 14163 7124
5019,13692 10951 3069 13034 13689 13688 12235 6841 13687 13686
5020,5210 10798 7139 6786 2227 14534 170 8310 1411 13277
5021,4313 10591 198 7380 1765 3553 6603 13056 3841 13606
5022,8471 13637 10839 13027 11398 13028 788 6610 2166 11956
5023,13231 5123 274 13716 8659 9667 7248 8716 2601 8555
5024,9511 14687 6202 10836 8221 4871 10834 10833 10835 740
5025,6836 8190 12886 14452 13884 9260 59 3222 14865 9227
5026,14688 14689 10384 6581 14887 5595 6836 15254 14905 1618
5027,8999 10715 14690 101 14163 15148 1351 7121 13912 14702
5028,5788 14691 11397 14492 5708 6489 14949 12950 6497 4753
5029,4532 11962 10516 1697 11961 12276 1752 287 13020 12337
5030,7229 14694 14539 14693 7244 9486 9244 11932 14393 15199
5031,3969 7176 5950 3455 5612 1292 3970 3968 3228 3967
5032,14695 8348 466 1684 11159 3117 2753 1204 5049 893
5033,12134 14696 14697 13899 14887 12850 12574 14538 10977 1518
5034,14698 11695 4333 12861 191 14003 7659 5000 3852 7552
5035,14699 1186 6191 664 1436 5059 10700 1620 5466 9349
5036,14700 15289 11045 11087 1386 10019 2510 10483 6088 10706
5037,7554 9753 6323 4688 4132 7427 6809 2875 1011 9628
5038,71 2834 2129 2532 5789 2514 4095 3818 2338 3607
5039,14702 10715 14703 8376 14100 14220 1351 106 3021 740
5040,643 13571 2428 12546 644 642 645 638 4111 639
5041,8334 13336 3677 1475 8832 13346 13232 405 12426 8328
5042,611 2075 10421 383 11939 11936 11937 11938 2073 488
5043,14706 14705 14707 8428 13430 7545 1885 3805 14704 10906
5044,692 12340 8250 14572 13838 14964 11366 14573 14569 12386
5045,14708 12565 7205 9845 9251 9143 11291 12600 233 9241
5046,14304 14646 13919 5780 14163 14158 14157 8734 14645 10564
5047,14710 8576 11189 14709 12886 7945 12269 8640 8944 11865
5048,11384 10441 6484 14316 9113 12065 692 14570 6779 6622
5049,101 2498 11148 8272 1696 11563 14547 5003 8999 159
5050,692 11405 14136 11366 11402 693 12386 12497 14208 14512
5051,11405 14711 1627 1628 14136 14512 726 14200 11403 692
5052,12850 14538 12134 13885 14264 14973 8200 14938 11366 14887
5053,2556 11574 6202 7438 11241 10836 1410 3738 9511 10834
5054,14163 8999 10715 58 4426 14668 1368 14612 15079 7121
5055,3464 1166 14712 2820 11111 11109 3465 13348 3463 1323
5056,4020 6411 2748 753 2318 3049 163 13923 794 769
5057,14511 11089 11134 8590 8589 4939 3559 7276 3162 1337
5058,3457 9943 5459 9979 13139 9820 9821 131 5023 9819
5059,8042 8031 8730 11895 3002 11894 9198 7078 1007 10750
5060,12668 14295 11671 5721 2320 502 312 6088 14310 14298
5061,58 11126 14163 14824 15285 14742 4426 12427 14980 3055
5062,14669 2360 2358 2438 7140 113 9367 10664 8310 10455
5063,794 3266 488 1686 10884 775 9250 11924 6870 3218
5064,2614 9374 11717 7 14587 11425 13367 1134 1883 5329
5065,11654 14227 2930 10200 10102 10625 4474 7012 11260 14487
5066,5087 6527 3216 8963 3682 5091 298 5095 10597 2066
5067,3811 11958 7385 363 3833 7996 3613 370 10294 3050
5068,14319 8760 8747 7781 14052 11952 5299 14053 11258 1419
5069,11303 11144 11129 3753 12362 10764 9442 3114 9327 9325
5070,7960 2607 7961 3624 5950 10134 6400 3725 10235 10237
5071,6327 2059 12200 6331 15127 12090 12089 6844 7782 6328
5072,5161 9557 14715 2409 13690 8024 1486 10636 6472 1652
5073,14416 4359 14440 11137 2830 7857 4840 212 13108 13757
5074,9088 11466 4075 10985 9030 2928 8 3134 15185 12819
5075,11478 10612 8367 14701 14899 15285 8480 6523 6522 13310
5076,14108 12668 14210 10541 6881 11671 15118 2320 502 5721
5077,2428 486 643 12546 13571 9877 10914 3584 2411 864
5078,2820 12426 7396 2742 1166 13235 405 2614 3465 1165
5079,14717 6493 14716 6505 13178 5788 9661 6543 8890 4700
5080,8780 1670 14036 13513 14718 14997 14986 10330 15277 14577
5081,10346 2811 13485 6754 7347 10345 10344 7224 717 2603
5082,9660 11586 2800 14413 7880 11688 11687 10678 114 3717
5083,692 7452 3903 11366 1058 12386 15082 14136 15083 8250
5084,12290 12292 12293 12675 12289 13381 12673 15253 12674 12291
5085,3542 7971 7453 4210 8303 11063 2718 3539 3543 1737
5086,14720 14721 1351 14719 1028 4671 7967 13947 10715 13215
5087,11355 13666 11988 12683 10254 265 710 6069 11353 11152
5088,8166 8167 10461 7784 2399 3083 4132 2869 4688 1317
5089,10027 9807 7934 9661 1178 10982 12858 6251 13178 12846
5090,13779 13777 13778 14109 2050 3491 10869 13776 2728 13678
5091,14722 7853 7855 14281 8136 6520 8575 10870 6476 10810
5092,14723 10229 7712 13839 2726 14724 7713 7715 7714 14527
5093,12846 13776 10027 7107 14725 3491 13778 13777 11245 8115
5094,14726 14640 9436 13459 13457 7085 14625 2979 13458 6622
5095,13796 14728 10104 14727 2992 7471 13769 12650 6397 7662
5096,6503 14598 8204 8206 1942 8205 8208 8209 5729 7172
5097,14410 12961 14409 13101 15106 12962 15235 11790 10180 15156
5098,14173 3387 14174 14507 13986 8218 9843 13760 2419 7522
5099,8218 14173 14174 14507 13986 13760 7522 9843 409 2439
5100,231 13950 7107 7568 13988 230 5638 9682 10257 13406
5101,5387 13254 13509 13505 13507 13501 13497 13494 13493 13502
5102,14721 691 9718 8716 13215 9264 13214 9717 9716 9189
5103,12055 798 12981 12682 4658 4645 713 4659 12463 3055
5104,1784 14437 3798 2436 2434 11984 13550 8887 2435 2430
5105,7057 11346 1719 1011 4687 10953 4138 2869 10088 4132
5106,11620 14161 11249 12159 7801 9857 14119 4731 14177 1554
5107,2959 5818 9024 12854 13081 13850 14138 383 10730 3403
5108,11984 13396 10244 1120 1119 8055 10116 8021 12948 5249
5109,14730 14731 6614 9555 12833 12254 12164 12651 6168 8136
5110,12037 7302 5102 10504 4853 4175 13803 2024 3547 4022
5111,14733 5759 9828 3469 5729 6607 10714 9126 13962 5716
5112,13116 14725 13845 12520 12846 2912 7869 6828 13776 10027
5113,7222 1863 3077 3079 10626 6703 3076 2616 3078 1721
5114,13705 12219 4404 3789 8256 678 3453 8437 371 218
5115,12389 13777 13418 14169 4707 5124 4706 12827 12926 1126
5116,1846 6173 8649 10714 13962 5716 12928 6490 12927 6172
5117,13571 3977 9 2921 643 12546 2428 2915 10652 7718
5118,9308 1321 6356 1778 6363 1320 2375 2371 2998 4060
5119,13988 7568 230 3862 231 12981 13950 3753 229 5614
5120,14735 11486 2140 1507 2559 2200 7727 9914 8778 2552
5121,7065 3667 3688 1003 7078 3074 9536 2891 9194 10843
5122,2375 1001 9853 2379 8982 10749 9850 3083 3667 9194
5123,1354 3416 1355 11778 4141 9236 9237 1357 1358 10365
5124,1532 3464 1166 2614 5193 2820 13351 2816 11899 405
5125,2372 12332 14736 2375 11347 2379 2869 2369 4609 10752
5126,4275 14737 10156 4274 9823 2287 4809 9448 6944 11733
5127,585 1204 873 466 14158 9424 1885 14955 1213 6638
5128,9194 12209 8167 5690 7065 2874 8166 10461 9751 2876
5129,1001 7062 2370 9640 1002 2374 10818 1320 6742 11768
5130,2371 11777 2375 1778 1354 4060 1320 1322 1321 9192
5131,1777 1826 1012 9640 6364 9194 1008 6705 2371 9192
5132,3083 7784 11777 7093 2371 1357 13683 10818 1003 7057
5133,1011 4687 4693 4132 11387 4688 7817 1317 7818 4138
5134,3435 14739 943 3431 3430 3432 3433 3434 4309 6774
5135,3843 14105 1826 2876 11382 4416 3844 5876 4063 7554
5136,7554 5447 6806 6555 10199 8513 7427 5687 4139 2875
5137,10115 13560 10416 7179 14822 10834 10833 14821 11731 14592
5138,4327 5097 3589 2351 6062 14096 2281 9462 9461 4722
5139,11122 2820 11121 1532 1166 404 6417 3465 13344 2742
5140,1136 1145 7215 1146 4596 5686 1721 1722 10751 3443
5141,6660 4276 14099 6667 6662 6666 3653 3652 10397 6665
5142,9308 12079 12078 7147 6356 4132 14445 9302 4311 12632
5143,12082 9682 6476 6244 10716 6785 9805 6520 8575 13640
5144,13768 10108 6332 7869 13119 7432 14742 725 3993 764
5145,8058 2821 12483 10387 14284 5405 7691 5408 11932 10113
5146,14744 2086 6284 2093 11039 12904 8585 11003 3564 8909
5147,2869 7215 5673 12933 7057 5845 14459 12934 11120 12932
5148,4037 4035 14745 2880 4039 13426 13380 1317 10071 1011
5149,14748 14749 14747 12807 14746 10568 12942 10570 14750 5668
5150,4035 4036 10073 13426 1316 673 4037 13982 1011 1344
5151,643 12546 13571 2428 4111 2287 9657 639 2921 7718
5152,101 14898 15013 15233 15270 2774 14579 14690 3219 1808
5153,1011 14751 7817 10246 12376 4407 1862 9625 12757 9851
5154,4403 9195 11724 12917 13519 7080 4138 11691 4599 1317
5155,12846 11245 11490 14365 6090 13776 10027 11489 14725 11781
5156,10316 10110 13760 10111 4803 5126 9940 861 6752 2013
5157,14062 3091 2730 2896 14061 14059 14060 273 6852 316
5158,6614 7913 12833 5467 2581 2927 5468 12848 14730 14731
5159,1354 4138 13573 1003 1357 3846 11528 1355 1866 2371
5160,14752 14352 10560 12439 13642 13643 7264 13741 12522 7940
5161,5399 12892 12300 12520 1933 10971 12682 6748 12299 7648
5162,12657 4062 14753 4063 7014 7015 8708 14571 6361 14236
5163,1181 14723 14527 7952 14754 3861 13121 275 7715 5614
5164,7426 1317 4687 4132 4688 3083 1777 2996 11724 4138
5165,1837 7936 4851 1222 4358 6240 7947 1847 7948 11711
5166,14281 11712 8135 8136 15026 9826 10867 2301 8227 8409
5167,11620 11249 13617 12520 14161 12159 7801 6069 14119 4731
5168,14752 14352 10560 12439 13642 13643 7264 13741 12522 7940
5169,1001 1002 3083 9173 9174 8932 8476 2869 11703 7784
5170,12764 10293 67 12169 11916 2490 11949 49 415 2270
5171,10035 8025 5620 5380 1889 5244 11357 5243 6131 5708
5172,14756 12503 14755 14707 11046 14706 12507 3805 15031 8428
5173,5669 5671 9665 1917 4608 1914 1915 4136 1913 1357
5174,9124 11660 13881 995 704 5938 9123 614 6158 9314
5175,9950 9952 1344 9951 9948 9949 8382 13833 10899 4599
5176,2858 12379 4860 559 3294 12380 11378 5954 5152 5511
5177,13548 6589 7532 13970 13972 9126 5964 7719 14674 13024
5178,6048 11589 1547 2054 6051 6050 3745 4366 1545 1546
5179,1119 3429 8016 3428 5248 5247 9239 1122 8021 9393
5180,2614 1532 9784 4515 1323 8526 2820 2742 3465 405
5181,10104 5975 13667 12985 13796 7662 14728 12622 5890 1784
5182,12892 12682 6748 1561 266 15267 12486 14085 5399 12055
5183,14759 14758 14760 14270 14761 9758 4132 12078 9753 4687
5184,9127 14394 9659 1947 7259 8035 11344 11622 12693 12931
5185,5687 1011 11107 10199 2618 7427 5447 10899 9534 1729
5186,13557 3486 13556 10911 14764 7014 14762 14763 9307 11273
5187,1011 6360 12895 9851 5687 1317 1357 2371 11537 7057
5188,1498 5219 315 880 8577 10019 11038 9286 4976 7439
5189,8593 2665 7321 14023 4755 5254 13814 2746 8216 9075
5190,14664 13318 12328 11965 9465 2314 4591 1475 11246 11247
5191,12740 6940 12495 1630 10262 2604 8825 8489 14402 6799
5192,13000 12311 13995 12253 13611 2636 13001 383 14796 8544
5193,14766 14768 14767 12317 9891 4554 8044 744 12318 3111
5194,14770 14769 9558 4594 3896 13907 5578 5258 4654 10242
5195,12182 14665 8757 12274 14773 6099 14772 13996 14451 3073
5196,13003 6136 7309 7563 2787 2793 3275 6139 6279 13064
5197,14774 1469 14520 11980 4396 13870 14814 4517 373 9140
5198,13032 11943 10343 6626 11029 10001 8003 13714 10724 4369
5199,337 10666 13714 11732 3961 8350 1292 8348 8349 3301
5200,4766 11429 14617 6576 14664 7248 1993 585 4085 10962
5201,9575 9572 13019 11095 13463 12618 13064 4909 13822 14797
5202,10696 14775 4654 13019 13945 3896 8087 14769 8088 13907
5203,9077 8487 10696 9076 9078 13945 1536 9079 6824 8215
5204,13402 11042 11038 11040 12187 134 5409 11039 12971 12970
5205,13816 14776 6672 5564 2439 3878 6187 6251 6679 12208
5206,4056 13944 2665 4058 2663 8214 4057 12268 4059 8216
5207,2614 11717 13400 11980 11163 1134 12003 12311 14071 9374
5208,1997 12092 1996 8594 13818 11095 12949 12612 11096 8215
5209,5328 5330 14370 5329 5327 5326 1882 3482 9074 3568
5210,1130 8814 14600 2665 9610 7565 12003 8813 12949 10916
5211,5324 12480 6824 8487 11365 6002 7395 14782 11188 7843
5212,13 8096 9759 1298 12314 8095 15 5254 13382 12
5213,13461 14587 3380 14779 10872 13463 9027 12184 5222 4564
5214,8211 6268 13927 14019 14658 5556 9112 4657 13018 4352
5215,13 11427 13740 9759 8096 12 13307 11426 15 13382
5216,1883 14454 8631 6099 9026 12617 14496 13256 1544 14022
5217,13461 8903 10975 13975 5222 9573 10872 3318 12993 9027
5218,14066 14781 14769 13019 12967 14795 14770 6101 9575 11203
5219,13114 14780 12614 6139 10085 11208 14515 13900 9575 8275
5220,1884 13432 13433 13247 12997 14031 13608 13246 1885 9760
5221,5564 13816 14782 2795 5565 5563 5566 4644 4642 1743
5222,14453 12093 1128 5 12274 13936 11844 14454 8215 1743
5223,1883 9015 14783 13900 14076 7909 6099 12091 9026 12999
5224,2086 9077 9076 2093 14744 14784 11039 8585 9078 6284
5225,5565 4643 4642 9083 4644 14659 5566 5564 12366 5563
5226,5407 1884 11187 12997 13929 14392 14785 10976 13246 1885
5227,6099 1883 6101 13433 12997 6100 11166 6792 8757 12182
5228,14026 2664 4064 5328 13307 5326 8095 6269 5327 12417
5229,13567 6333 2830 7695 5346 4282 13616 7694 11033 3861
5230,8102 5258 14373 8099 8100 13907 5578 8363 8093 4654
5231,10497 5413 8389 5024 1369 12481 8210 14787 3368 1082
5232,9576 10874 3831 10873 14516 3339 3834 10872 5829 10976
5233,5253 13954 293 5732 9407 13681 4398 12624 14985 11254
5234,12969 14454 12968 12970 12971 11038 12129 12967 8631 1883
5235,14035 8617 13383 12601 14788 7443 4718 14784 13780 13720
5236,10872 14779 13974 13461 12618 9027 4715 14587 13067 10874
5237,1475 13900 14377 14783 7746 14392 11284 8416 5345 4713
5238,13399 10918 13527 12998 14789 3896 5517 1886 5634 8663
5239,5328 5327 3482 3568 5326 1882 7562 5330 5329 5332
5240,13822 13019 12963 1636 9079 10086 13720 6139 2795 11095
5241,8488 13612 7188 2637 11919 5522 14305 9762 10278 12352
5242,12182 12274 8757 14772 2805 4643 13020 13608 13432 13996
5243,12618 9576 11191 12999 13067 2793 4715 9669 10874 14779
5244,4594 9558 6795 9559 4641 4644 4642 14770 9560 9350
5245,11096 14780 14233 14515 13531 10978 14034 12094 13780 2094
5246,740 14089 1351 10715 636 15274 15273 14979 14307 14348
5247,13781 12331 14018 9708 8759 8100 8758 13703 5472 9148
5248,13304 9353 13529 6139 9772 12977 9352 4814 3884 3727
5249,14794 5102 2024 10443 10444 14519 13803 7139 4853 4022
5250,14787 13099 5377 615 5785 13118 13100 626 12649 5375
5251,12182 12274 8757 6101 6099 14795 14066 14781 1294 14233
5252,11096 14369 3480 11095 1997 14370 14780 14664 11094 8901
5253,12647 2636 8544 14796 13995 11206 2989 8545 12068 2988
5254,11210 5374 6115 14128 11209 9111 14444 11246 11247 11208
5255,14797 7443 14515 9575 8101 12614 1074 12618 12619 13780
5256,4714 12601 11202 13974 13969 4718 13975 2636 13383 7443
5257,2636 8545 12316 8544 12612 12092 12601 5559 13974 13969
5258,13608 12182 12274 13432 8757 13424 13609 13433 14031 2805
5259,13946 12648 2789 7556 13073 11472 9348 13072 13071 13914
5260,5332 6788 6 3482 5331 2567 7702 14164 4713 7701
5261,2567 13974 6788 4909 13969 13975 14779 14164 12601 4713
5262,14399 9896 5349 6094 2833 7916 3113 9077 9076 10322
5263,5565 4644 4642 5564 5566 5563 8634 14659 4594 9559
5264,13486 11543 8759 12066 13916 11211 2792 14798 12619 11093
5265,6102 6101 6100 6099 13247 13997 1999 9025 9948 13996
5266,2611 2612 2610 2613 14041 10036 8592 9426 8629 7556
5267,1166 404 13059 2820 3464 1535 405 1532 2742 3465
5268,2614 13731 1529 2820 3465 3464 2742 5998 1532 13578
5269,3465 2614 1323 2820 2742 1532 13578 405 6417 1166
5270,2614 13326 1532 405 14079 4515 14457 2742 13333 2820
5271,13052 13708 405 5998 11112 2742 14053 2614 2820 1532
5272,2614 10730 2820 5998 13650 407 6868 2817 13628 8727
5273,1535 1165 2820 4330 2742 1325 14326 13323 1166 405
5274,405 2820 12826 1323 1535 11403 2742 1166 12426 1532
5275,2614 14800 2742 2820 3465 7249 13854 1532 5998 8731
5276,405 1535 1166 2820 1475 2742 1323 8892 12426 3464
5277,12426 8526 1166 1165 2820 8727 2742 2817 405 1535
5278,2820 405 14801 1323 11899 12426 2814 14912 9784 3464
5279,1165 11112 2742 1532 2820 6989 2614 2741 1166 405
5280,405 13201 2822 6351 1532 2820 2742 11112 2614 1323
5281,2741 9784 1165 2742 2743 2820 1532 2614 1166 12426
5282,2820 2742 1529 13202 12426 2822 1535 13232 405 2614
5283,2614 1323 3465 2820 2822 2742 405 1532 13201 12426
5284,14599 11051 13347 13346 13005 2820 6352 13717 12426 2614
5285,14308 14802 13730 13245 8831 14124 6350 13357 13128 9115
5286,2614 2820 2742 1166 3465 13327 404 2816 405 1532
5287,5998 1532 2742 2614 2820 15152 3465 405 2741 11112
5288,5998 15152 2614 2742 1527 14007 13315 12905 10730 1529
5289,2742 2820 2614 1165 2815 3465 5998 405 2741 12742
5290,2742 13325 1165 13659 13235 2820 13327 2614 2741 1166
5291,2820 1532 405 8301 11899 2614 1165 2742 1166 3465
5292,2820 1166 12426 13625 403 1165 404 9791 2742 405
5293,2742 1532 2614 2820 1165 3465 405 5998 2741 1166
5294,2742 1532 1165 2820 12426 404 1166 2614 13187 2743
5295,5998 1535 404 13187 1166 2820 2742 8730 405 12426
5296,1166 6416 2741 2820 1165 2742 4515 3464 1535 405
5297,4514 14803 11822 12070 11111 4791 6990 8808 408 10041
5298,2741 6416 5998 2742 2614 12425 3046 7395 10207 1529
5299,1532 405 9794 1166 404 2820 13188 12426 1535 2742
5300,13727 14804 10260 14327 8828 2614 1532 2820 7767 13651
5301,2820 4516 1475 2614 1166 2742 3465 405 12426 1535
5302,1532 405 12425 2820 2614 13336 9784 2742 1323 3465
5303,11555 13315 14805 10056 12854 12820 8362 14323 11231 11747
5304,2741 9784 11112 1475 1532 2742 13333 2614 14806 2820
5305,2741 2742 6416 5998 10207 2614 7395 2743 12425 3046
5306,2741 12425 2742 6416 5998 2614 10207 2743 2744 11112
5307,5998 1529 2741 12426 2614 2742 4516 2820 15152 405
5308,405 1323 14807 2820 13562 2742 2614 1535 1168 3465
5309,1532 12426 2614 13188 11754 2820 405 11112 2742 14138
5310,11555 13315 14323 14805 12905 8362 10056 12854 12820 2614
5311,2741 2744 6352 2742 6416 1165 2614 5998 13561 13331
5312,12748 11219 11041 10062 13834 8057 11218 6537 15120 4447
5313,538 4840 14808 4844 536 2811 529 4839 14416 6820
5314,538 529 14808 536 4844 526 531 6820 535 530
5315,11355 12885 11288 13593 710 12035 10863 13666 1415 4871
5316,6789 14045 14809 7824 14043 14046 13342 11824 12418 10012
5317,12885 13593 7208 10863 10092 6725 8376 11270 12886 11355
5318,4844 538 6820 14808 578 536 9656 4839 531 529
5319,5998 14007 2614 2742 10127 14323 15152 1529 2741 2820
5320,5325 9467 10432 9773 12822 11953 5744 11069 10211 49
5321,12667 3403 13373 1995 13753 11919 6005 12666 10175 5809
5322,2614 3465 2820 2742 1532 5998 12905 14196 1529 1323
5323,2614 14590 8110 3551 8108 3465 2820 2742 1532 5998
5324,5998 14330 12820 14180 13409 12821 14195 2614 11098 2742
5325,3771 5036 14393 11711 692 14693 2678 924 11402 8993
5326,1617 235 1618 234 1622 1621 1752 3044 1619 2556
5327,11790 12962 10180 5177 9667 12961 8523 8484 14322 10064
5328,7486 12823 6129 3190 7473 8986 2042 7479 9533 7485
5329,11871 5615 8226 5622 4753 380 3391 3393 5229 6942
5330,2614 5998 14180 2742 15152 2820 3465 1532 13578 1529
5331,8111 13308 13989 13990 3400 10130 14884 1671 10222 9375
5332,2820 14811 14812 12825 3465 1166 2742 2614 405 406
5333,6380 1575 985 2764 3372 4324 3629 9905 6383 11155
5334,14813 14814 5208 4983 187 7306 3607 7307 7308 7312
5335,14818 6224 14816 14815 9776 14817 14679 13589 11854 9765
5336,14540 7231 5634 8075 7232 5151 14541 12309 811 3168
5337,14819 9620 8047 1935 10494 14574 11280 11279 171 774
5338,10407 14034 14317 12366 14024 6819 13072 10967 8698 14370
5339,8518 11132 6103 6152 7996 11862 7809 7518 6838 10240
5340,8940 6264 548 2100 2779 3609 3605 4497 2457 4944
5341,476 8440 7687 13126 12150 13604 3245 3882 3391 14253
5342,14307 1351 10715 15274 15273 52 14163 10171 740 11914
5343,1297 3891 5612 6210 228 5620 5621 357 5619 4045
5344,7945 14709 11049 7943 7260 9661 8576 14710 5137 6854
5345,14820 8186 8187 5092 2458 2749 4214 8185 788 2460
5346,625 7863 482 5088 8522 178 2479 2220 11190 12178
5347,11835 5677 13798 13654 6011 8688 9393 7523 13763 13762
5348,7155 5401 6391 10781 2507 7159 7158 4426 7157 7156
5349,9367 7504 6053 4180 4704 1977 770 3610 1401 12717
5350,476 10561 13214 14147 12085 6090 13215 3004 2635 466
5351,4406 1374 2548 7734 8195 8504 5989 9582 3906 3213
5352,11405 14200 14136 14512 726 11403 692 14711 11402 13286
5353,14821 14592 14822 1605 10834 10833 10115 11731 15252 1615
5354,383 13766 4360 7250 4759 12253 5070 602 4497 603
5355,12165 6399 9263 14161 10373 10372 286 9253 1993 9552
5356,9682 9805 12566 10263 13838 11143 14009 6476 13893 6349
5357,12850 13885 13616 11366 14538 1558 13279 5268 14506 14938
5358,14826 13587 12875 14827 14825 8873 14824 13414 14493 14578
5359,6785 5255 2729 11729 3091 6498 8045 13733 6244 11610
5360,692 11405 14145 11366 14136 12386 11402 14512 11403 693
5361,8541 13277 5689 11799 13276 9748 9747 8540 4401 12332
5362,1778 1319 6362 4060 1321 1320 1317 6363 2375 1779
5363,11977 6614 6227 3579 6332 14731 14730 8499 383 385
5364,7966 5224 12966 9044 10076 6075 8009 240 6021 5225
5365,11384 5757 12603 692 553 6622 12065 14205 5758 5788
5366,5690 12209 3072 9850 2996 14072 9194 2876 4316 13785
5367,6537 3665 11218 11219 6163 6245 12748 2650 14206 6173
5368,2590 3765 10244 11765 11764 1283 5862 11763 1067 1278
5369,726 13804 11405 816 13852 8562 14199 13806 14996 13807
5370,7719 14674 14886 6589 14470 15260 9143 6766 12035 13548
5371,3270 3271 3272 2794 5740 3269 3955 9305 2362 6872
5372,11306 11315 13559 14638 14861 13558 12626 14860 14859 7876
5373,11692 12694 10892 11773 6674 2725 11212 11147 7172 6504
5374,14813 14814 5208 10305 8618 2197 761 2681 12966 450
5375,1880 10741 13074 451 14434 6868 1948 15147 10051 2739
5376,12625 4594 12624 11858 6795 13427 6797 9559 4652 9110
5377,14148 14829 3864 14147 11120 7489 10779 5180 7659 10982
5378,14830 13281 6774 7018 4300 2633 2729 12889 9556 6589
5379,14831 14832 13144 5572 11266 4905 9545 4638 3868 4991
5380,14394 11622 8978 1925 11077 8035 11359 9696 1267 10535
5381,11405 14224 5514 4861 7875 14952 14512 14136 14200 14711
5382,10011 14834 14833 14436 11400 5709 2391 5788 12986 7168
5383,58 11126 14824 14163 15285 14742 14980 12427 4426 8050
5384,726 8562 11405 13852 14199 14996 13804 3031 14512 12650
5385,611 10421 11939 11936 11937 15020 11938 9955 11230 383
5386,731 14522 14095 11848 15026 3138 9912 584 14284 9911
5387,8145 4417 10821 14205 14959 11760 692 311 9963 10165
5388,7730 4524 9188 10648 4529 174 4530 14266 9910 9926
5389,6622 5383 10414 3955 8372 13892 11310 5385 2979 14714
5390,14836 14101 1559 12707 14167 1556 12703 12700 12699 12705
5391,14838 6604 13139 3457 14366 8399 693 3171 13838 14913
5392,699 13937 692 702 706 708 709 707 15059 701
5393,12683 12520 14171 8781 12681 10219 12679 12682 13666 11355
5394,13388 14839 14841 14686 653 8999 14639 9830 14840 11914
5395,14542 7946 4126 7711 12326 9398 11708 6058 2256 10183
5396,13547 11763 11765 11764 11021 13678 6393 8816 2590 3765
5397,14351 14843 106 14349 14350 3093 5875 14449 1771 11347
5398,14844 10731 13008 5570 13039 936 14021 1331 6721 8713
5399,4516 6417 3465 10523 1532 2742 2614 10525 13452 15257
5400,13697 8112 2391 2046 680 4463 10441 14057 14527 10865
5401,11188 11365 6105 7395 4053 2741 11112 14145 6824 5324
5402,13507 13505 13509 5387 13501 13494 13497 13490 13491 13506
5403,14845 14738 3813 14737 13679 3265 14056 14724 14846 3004
5404,1523 14847 3428 12893 5249 12892 6435 13403 6531 11401
5405,2116 13041 7763 1686 1881 11974 656 1734 3180 4348
5406,1354 7065 9192 9194 7546 1916 1858 2371 1779 7554
5407,3955 3149 131 1384 1333 7182 1957 4437 15254 14905
5408,3717 10728 2254 4553 11977 12341 730 8397 4350 12447
5409,11405 14478 14513 14848 14706 14136 14512 14960 726 14610
5410,771 14849 9223 15029 15060 4424 4964 100 53 12031
5411,14555 14850 14851 9510 15288 14852 14560 14449 9054 7124
5412,1471 13847 14221 12137 2410 8325 14734 12800 14738 3542
5413,14853 311 9101 14076 9028 7730 9926 9457 7371 9023
5414,14329 14854 8408 6270 13018 10484 14970 9430 13132 6318
5415,8999 14070 9053 10786 7121 15148 9054 14163 1368 11185
5416,1766 1295 5836 2471 3312 1419 4867 3298 4291 1285
5417,14856 6977 3453 1763 6816 38 14855 4928 3292 9142
5418,3236 4815 9719 3641 4887 4897 4891 6791 7561 4909
5419,1222 6483 12928 11407 8605 7936 4358 11408 9555 12927
5420,9192 1779 4138 7065 4036 1916 1320 8541 1778 1319
5421,466 10440 14857 12805 12429 11735 11476 5364 3714 8689
5422,383 2859 851 709 3397 7480 14734 42 7477 578
5423,11168 10227 7361 4206 1242 3139 8651 3696 12166 775
5424,8541 5689 11799 13277 9748 9747 8540 12332 4401 14464
5425,10701 3887 12156 3665 13887 12748 15120 8409 5717 13179
5426,13559 14861 11306 7876 14859 14860 11315 13558 7875 14638
5427,13627 14465 8860 14168 5369 15187 11737 14466 14652 15008
5428,7209 14864 14863 11769 9615 7203 7204 4126 6319 10063
5429,13737 13276 2681 553 13262 13365 13277 13681 366 11384
5430,6863 7777 3020 8427 9946 5335 3494 14259 5828 9203
5431,14824 14870 12434 14163 14869 8999 12436 15269 14868 14558
5432,4380 14872 14871 1452 4383 4382 4381 10856 10854 176
5433,3093 1332 6306 7580 3092 106 5817 630 12547 6220
5434,14873 13949 4960 2835 1078 14517 11217 14946 12901 10906
5435,10168 7336 7164 14208 14046 9131 6027 15108 14276 14790
5436,14875 10715 3055 52 716 14307 15274 15273 14100 1351
5437,11124 5759 14733 9116 8324 9522 11125 3798 14240 8871
5438,2081 2304 9429 2079 10680 9081 5607 6532 9680 10679
5439,1443 6211 1969 11017 6143 3188 579 8877 162 11843
5440,14185 14187 14188 14186 14189 14133 9231 9659 14192 14190
5441,11887 12523 8770 12522 4151 4524 4964 14437 12142 8144
5442,5437 7305 476 139 6860 10601 5041 870 575 8860
5443,4514 2814 14877 408 13635 13453 1529 5190 3465 8808
5444,8110 1909 14590 13908 8108 9763 3551 2614 9482 9762
5445,14878 13825 7767 2225 3123 9050 2962 12669 3024 3023
5446,5664 6754 10338 922 8056 11685 13485 10346 3994 7248
5447,1475 14844 5345 6933 13336 12535 11965 11880 13008 1535
5448,11734 9197 9947 8012 4182 133 14001 10982 5386 11196
5449,14734 10784 6663 5911 2122 5134 4283 10329 5664 2186
5450,13865 11456 14258 11457 11451 11452 11449 11454 11448 11455
5451,3253 5001 7348 10019 5064 2548 10532 7726 6968 6960
5452,1534 13910 14879 13269 13561 2614 6353 2815 4516 7686
5453,8240 2137 1036 11212 4217 6377 3692 10487 2217 4725
5454,5199 10229 13942 5901 12985 14723 10157 5201 13943 1557
5455,8534 14880 8361 6337 1237 6986 5935 10065 983 5929
5456,8802 2084 2083 2085 111 1367 11061 12711 7121 14605
5457,2811 7224 7748 12748 9790 11529 2812 13485 10346 7228
5458,2828 1311 14845 12387 3263 14738 12388 3004 3813 1310
5459,3398 1161 506 9591 1501 3280 1160 7286 11165 8558
5460,13879 7264 13716 13131 9892 716 9895 10560 13177 14752
5461,692 14136 693 11366 11405 12386 14208 14383 13838 7457
5462,1011 4138 10192 4036 3442 9751 10072 4609 4034 7065
5463,607 5354 13843 6486 1521 13029 4709 7744 14692 6497
5464,5896 4073 5708 7401 7342 6131 12948 12263 11358 6761
5465,7124 13912 14559 14555 8999 9054 53 12877 14578 13587
5466,14884 6355 13693 14883 14882 8081 6338 1671 13456 13308
5467,6622 13892 14885 2979 11384 2108 6476 8575 6619 13365
5468,8144 14886 13696 13220 1311 12351 9806 14674 7719 14470
5469,14887 257 6094 5920 14417 14688 12574 258 12134 12850
5470,14080 9056 8588 15287 1500 14605 14604 9260 100 15205
5471,10911 13212 4229 6260 14762 13557 14546 13556 14764 15156
5472,1617 1618 14261 1620 235 234 1619 12766 2311 1649
5473,6484 3665 1852 10679 8454 6779 7573 7938 12898 2627
5474,11405 14208 14889 14136 692 11403 14512 11402 726 13182
5475,12178 5974 3962 794 11383 3595 9273 1565 1564 14063
5476,231 1837 13950 4851 7940 5157 6170 7936 6240 7568
5477,1936 14588 6692 4696 1592 5104 12129 5249 6070 8356
5478,8581 8588 14891 8272 14430 14102 10667 4934 9056 8587
5479,4515 4516 3046 5193 2742 2614 5852 8826 14892 1532
5480,9957 11227 7940 10982 5157 4068 11912 7659 6782 1846
5481,2448 182 7915 176 3222 476 11759 6217 879 9318
5482,13388 11126 11914 9610 4153 14839 14686 14841 10891 653
5483,550 2782 6055 3341 11819 8223 2024 9983 3495 1416
5484,4964 5896 4073 7583 5895 9944 14556 9228 4752 2277
5485,626 5250 9365 5377 4966 5251 8397 5375 5378 5709
5486,14893 4861 4961 14224 14874 14983 7875 5514 4871 11405
5487,2415 3993 4351 1734 8028 3662 9510 6532 9443 7430
5488,14689 10384 5595 6836 15254 14905 14688 1618 235 14914
5489,10012 14771 1544 14045 4656 11427 9770 11042 10456 10230
5490,14894 7953 6766 5261 11296 10522 15073 12196 7719 3953
5491,7937 1847 8081 7106 4358 12338 6785 7947 7948 13396
5492,9973 9380 9323 12860 9324 1558 12236 11907 9387 13767
5493,4138 12656 7065 10754 1354 1719 13573 12929 2373 3667
5494,14862 14334 714 14742 11308 3152 14654 8581 8054 14984
5495,3928 13401 1812 6974 811 1071 8046 3927 3912 3929
5496,8577 420 1504 14142 1498 14113 13831 880 8464 1785
5497,4426 6785 15045 13016 14163 15263 12427 58 7159 7124
5498,14498 14897 11366 476 5266 3126 5170 10434 14497 202
5499,3019 7121 8474 52 10651 11313 14100 8999 14875 10715
5500,1445 12491 4544 3460 1099 343 3459 661 10669 11768
5501,12266 13609 14900 3722 3721 8902 13608 12619 9960 8099
5502,9955 611 10373 10372 383 10371 3595 1622 155 1621
5503,626 4966 14699 949 5709 5113 15100 10337 664 7302
5504,13050 14901 8525 14213 14214 15169 692 14209 8020 15086
5505,14425 14463 9011 14202 8423 3840 14933 14505 9775 9021
5506,10865 680 15199 8184 7229 12020 14304 8112 2046 14955
5507,14904 11310 14903 13920 5183 14426 14389 14941 14862 9056
5508,10412 13428 10875 2920 6710 5640 3678 2435 12901 14469
5509,27 3365 12005 3214 2309 14261 2324 2428 4230 6198
5510,8581 14430 9299 14102 4934 8272 8588 14933 13977 8009
5511,11124 3885 7438 9116 9522 11125 3888 3887 3798 3880
5512,7643 9970 14905 5608 15254 9056 1127 7649 12470 1618
5513,14907 14906 740 15190 1420 15123 14979 1215 14163 10294
5514,13521 14004 14908 14909 14441 14944 3801 8428 14942 13520
5515,13805 11550 12320 6216 13936 13807 13806 13804 12847 3333
5516,10715 1351 14163 14702 52 8999 2142 7130 7129 13912
5517,3476 14063 9459 839 14261 3223 611 5042 3962 871
5518,12546 10111 1677 1183 643 1184 10110 13571 4803 5882
5519,14911 4656 10604 2982 6793 4657 6288 11977 6087 923
5520,14092 4841 1436 14163 14550 585 14865 7115 1873 7771
5521,7663 10496 13207 9964 14858 12247 1018 7163 4284 14528
5522,3055 11126 13626 4820 15247 6791 53 3056 3058 3059
5523,11366 14496 9026 6196 15175 14491 5267 13885 692 14486
5524,11366 13885 14479 5266 12850 14488 5267 14486 14491 14497
5525,11366 14497 5266 14574 14486 13885 14498 12298 5267 692
5526,726 11189 13956 8988 11405 13488 14671 8562 9172 13852
5527,11366 13885 692 5267 14486 12850 14477 5266 14404 14913
5528,14801 14912 8429 11899 6489 13923 2814 7442 1525 13332
5529,11366 14498 5266 13885 5267 692 14497 14486 14897 12850
5530,13885 5266 12850 11366 14488 14498 14497 5268 12298 5267
5531,13933 6764 11739 14461 13370 14462 13183 14460 2725 6057
5532,11366 12298 13885 14497 12850 14488 5266 14971 5267 5268
5533,11366 14488 13885 12850 5267 5266 692 14486 13895 12298
5534,11366 13885 692 5267 14486 12850 5266 8609 14404 14477
5535,11366 13885 692 5267 14486 12850 5266 14477 14404 14913
5536,11366 692 12386 3857 13885 14486 5267 7643 14479 15082
5537,11366 13885 5267 692 14486 14477 12850 5266 14404 14488
5538,11366 13885 5267 692 14486 13928 14477 5266 12850 14404
5539,11366 13885 692 5267 14486 12850 14477 5266 14404 14913
5540,11366 9424 13885 692 5267 14486 12850 14477 5266 14404
5541,10441 14645 8335 14646 8112 5780 12576 6484 11384 9113
5542,13885 14491 11366 14486 5267 12850 14479 14496 5266 14488
5543,11366 13885 692 5267 14486 12850 5266 14404 14477 14481
5544,11366 14913 10591 12528 13056 13885 14486 14838 3841 692
5545,11366 15150 13885 3828 692 5267 14486 12850 14477 5266
5546,11366 14479 692 5267 13885 14491 12386 14486 5266 15082
5547,11366 13885 692 5267 14486 12850 14477 5266 14404 14913
5548,13885 14480 12850 11366 8031 14488 11894 11895 8042 7078
5549,13885 9424 12850 11366 14222 14488 14415 14131 14985 13895
5550,11366 13885 12850 5267 692 14488 14486 5266 14477 14404
5551,692 11886 11366 12386 4746 11260 4745 14136 8250 11405
5552,11366 692 12386 13885 14486 5267 14479 15082 15083 13895
5553,11366 12850 13885 5267 692 14486 14477 5266 14404 13895
5554,11366 13885 692 13895 14486 14488 12850 12386 14479 5267
5555,11366 13885 14913 692 14486 5267 12528 12850 5266 14838
5556,11366 12850 13895 13885 14222 5267 692 14486 14131 5266
5557,7876 14222 7875 14860 13559 14861 14859 5407 8374 11306
5558,11366 14131 13885 12850 14222 14488 5267 13895 8042 5268
5559,13885 14500 12850 11366 14488 5267 5266 12298 5268 14131
5560,11366 5266 13885 5267 692 14486 14498 14477 12850 14404
5561,11366 13079 13885 5267 692 14486 14477 14489 5266 12850
5562,11366 13885 692 5267 14486 12850 5266 14477 14404 14913
5563,11366 5267 14479 14491 13885 14506 14496 14486 12850 692
5564,11366 13885 692 5267 14486 12850 5266 14404 14477 12838
5565,11366 14486 13885 692 5267 5266 14481 12850 14913 12528
5566,11366 11359 13885 6761 12162 692 5267 9239 14486 11358
5567,11366 14481 5266 15176 13885 14499 14486 692 5267 14498
5568,11366 13885 692 5267 14486 12850 5266 14404 14477 14481
5569,5267 11366 5266 13885 14491 14479 12850 14486 10611 14498
5570,11366 13885 5267 692 14486 14477 12850 5266 14404 14488
5571,14153 12748 14181 13968 13566 13207 14006 6298 8122 8123
5572,11366 13885 692 5267 14486 12850 14477 5266 14404 14913
5573,7526 14915 6658 6667 5179 12484 6657 14289 805 7466
5574,11366 11359 13885 4350 5267 13312 692 14486 14477 12850
5575,11366 13885 5267 692 14486 11893 14477 8405 5266 12850
5576,11366 5267 14491 14479 13885 14496 14506 14486 692 12850
5577,11366 692 13885 12386 5267 14486 14477 14479 13895 15082
5578,11366 5267 14491 14479 13885 692 14486 14496 12850 5266
5579,11366 13885 5267 692 14486 14477 5266 12850 14404 14488
5580,11366 13885 5267 692 14486 14477 5266 12850 14404 14488
5581,11366 14477 13885 692 5267 14486 12850 5266 14404 14913
5582,13885 14490 12850 12321 11366 14488 7847 5267 5268 5266
5583,2604 12485 2605 6799 4658 4659 4647 10836 12740 14401
5584,14497 14137 12298 11366 13885 14574 13998 14498 5266 14486
5585,14790 7244 11190 3886 14276 15108 10786 13257 14777 2220
5586,8143 11006 11007 8034 11005 4753 6623 9578 11564 6621
5587,11405 14136 693 14512 11403 692 14200 14711 726 11402
5588,14204 6606 625 6605 13183 14846 14581 9258 5518 14462
5589,3771 11711 3486 10508 13282 14693 14393 2678 11402 692
5590,14916 14032 14917 14919 14918 6334 3749 5180 9789 12363
5591,13388 11126 11914 9610 4153 14839 14686 14841 10891 653
5592,169 8550 9703 149 2346 466 165 5984 2960 1460
5593,14167 12236 1559 7544 9365 1558 626 1556 14836 14101
5594,14920 5919 9209 9890 13499 3114 10826 1702 6744 4853
5595,6849 11143 11260 5351 14055 4016 3877 13542 10764 2930
5596,512 8407 4350 5312 90 10495 3223 510 1449 838
5597,9144 14921 12803 7109 4756 625 5552 9143 7697 2067
5598,3665 6537 11218 11219 7938 2652 3887 6163 2650 13179
5599,14486 3771 11366 4575 4741 14481 692 14491 8200 5266
5600,739 14852 14555 15230 3021 15147 7113 2142 14136 3790
5601,14307 1351 10715 15274 15273 52 14163 10171 740 11914
5602,6785 366 6244 13640 553 13262 13737 8575 13365 13681
5603,14923 14476 8272 12390 14102 14475 4934 8581 12065 11384
5604,7124 9054 13912 14555 8999 14559 14166 13587 12877 14578
5605,14926 8473 6079 1301 4033 7711 2262 2049 14299 169
5606,2834 11084 14129 13699 13342 5405 2835 14874 14983 2836
5607,5163 5170 9472 7543 5172 11391 12554 10615 14951 11390
5608,2200 4474 10183 5113 7977 4074 8037 4350 14953 11654
5609,876 12670 3579 4474 3578 11090 994 12537 881 12019
5610,14449 14927 14555 14843 14404 15225 14500 13993 14976 14895
5611,13168 2687 10670 14386 10460 10669 9560 6792 3772 2951
5612,14163 8999 58 14668 10715 4426 12427 14866 14865 14612
5613,4426 15045 9055 13016 15263 14163 13587 12427 58 7159
5614,908 9299 12264 6170 11622 6181 6622 6782 14430 8581
5615,8581 10897 14102 4934 8272 14928 14430 9299 8009 14862
5616,3021 9052 14166 14929 14427 12513 14930 13134 15244 14931
5617,14449 14404 14843 11366 14927 14555 14351 15228 8377 106
5618,8581 14162 14396 14709 1396 14933 4191 747 15118 14430
5619,14936 14924 13455 6992 1533 8810 1532 2743 4515 8907
5620,9054 14824 14555 14551 8999 14951 15076 7124 14166 78
5621,8999 7124 4426 13912 15045 7121 14163 10715 1351 9054
5622,685 14937 11259 787 6445 4233 790 7149 433 15244
5623,11654 13191 13208 7115 12012 10106 8782 10909 14227 2932
5624,14939 4758 10321 14391 5037 8748 5712 1951 11149 8521
5625,14709 14910 14699 2595 5137 9278 10690 15009 664 14926
5626,7632 8690 1845 8391 8272 8282 7633 12876 14165 7631
5627,3471 14550 3470 14552 611 14557 3469 14851 14560 11230
5628,7848 10833 14940 10834 7849 7847 14822 6202 10115 9051
5629,14163 58 7115 11737 1485 1493 4426 12427 14466 11126
5630,14162 14941 5581 3793 13920 13752 14904 14426 5183 14389
5631,8428 14705 14942 13521 14706 14944 14068 14972 14456 11287
5632,14067 14536 14943 2630 14537 13646 12850 999 13925 5852
5633,6836 360 11027 1532 2820 14524 2742 10206 13351 2614
5634,12784 14742 58 1702 15088 12689 11271 7245 8050 625
5635,14853 645 311 14986 14997 643 642 8780 644 12328
5636,1523 11401 11135 12640 11402 11403 11404 11405 3771 692
5637,14946 10333 709 10638 11784 11779 8985 12342 6562 10113
5638,9960 9373 9374 14947 5329 9959 3888 9958 13073 3392
5639,13935 14672 14671 1686 13585 476 7630 10435 13488 9172
5640,7229 13033 5726 7249 15199 10865 9486 5431 10208 13959
5641,14484 4028 14482 8340 1539 6270 2283 12538 1784 5259
5642,14673 11577 8833 14671 13488 9172 13956 14672 8834 8835
5643,10820 714 8054 11307 14417 12633 14102 8456 14984 11473
5644,14435 14948 5102 2024 12037 10504 8349 13803 4853 3547
5645,6836 14452 10124 13335 6489 13753 13884 3403 9260 3222
5646,6761 11358 11359 9239 1379 9392 1380 9292 1124 5244
5647,650 10679 11812 649 3316 3288 8954 5212 10680 5220
5648,11366 13885 14491 692 5267 14488 12850 14479 14496 14486
5649,12828 14949 12950 14691 10493 5218 11709 13577 12371 6613
5650,14388 14950 14951 14706 12494 8061 4162 9472 1008 9054
5651,4426 13016 15045 14163 58 12427 7124 8999 15263 13912
5652,10381 2319 14952 14341 11235 14224 3811 516 2148 11424
5653,4426 8935 2290 4090 769 3930 3221 4175 4777 15045
5654,3055 14471 14714 13430 14483 11126 11390 14429 11391 11322
5655,14224 13836 9583 14952 4861 5514 2598 11405 14157 5107
5656,14224 14952 14157 5107 7581 14158 13836 14159 5514 4861
5657,160 9430 4738 2597 14970 14329 13018 10484 8408 6128
5658,4426 13016 15045 14163 58 12427 7124 8999 15263 7159
5659,14129 11084 4711 14382 15097 5405 13320 14183 8869 13855
5660,337 1292 10666 4536 8350 13714 8348 8349 3301 3970
5661,14953 23 10183 15185 1880 7946 2256 765 1291 10654
5662,5107 11668 14224 14952 14157 13430 7109 3751 5113 5102
5663,7109 14921 12803 9144 5107 13430 14445 3751 12632 14248
5664,11213 14695 14621 8182 242 5465 8348 578 10656 9322
5665,10238 14705 14574 14706 6902 9203 3624 44 771 14819
5666,14955 14954 10566 3176 951 10968 14393 8567 9024 7373
5667,11405 577 13286 14136 712 14512 726 692 11403 11402
5668,8866 14505 2128 12254 7470 12164 14425 14202 8423 11575
5669,9490 5026 10743 10985 8 9030 3134 154 15185 12819
5670,14864 9615 14863 7209 9618 7439 9363 5187 6522 2139
5671,14304 14157 14158 8734 7581 12032 14159 14952 14224 8735
5672,14304 10865 14158 12020 14157 8734 919 14960 14646 14848
5673,1885 8323 5572 11968 7349 4701 5759 1884 585 11969
5674,14932 3261 5287 4357 1311 9543 3263 4551 3259 7910
5675,3720 14958 14957 434 15070 3986 5525 6984 11581 11582
5676,12281 14390 4121 6725 9704 4937 693 4313 2405 9996
5677,1746 1938 1748 9652 4358 2908 6118 13888 1747 14275
5678,13424 11221 13432 14462 14461 13183 13608 5521 14472 13838
5679,14132 7229 6610 14527 13697 11398 5016 13637 11737 15199
5680,14276 14790 15108 13257 14777 7336 8237 13810 14561 8456
5681,11366 13885 692 5267 14486 14477 12850 5266 14404 14488
5682,14205 14460 9590 14462 13183 14461 7126 11384 11221 5351
5683,3068 3064 11401 3065 3067 3066 8735 8734 1523 11402
5684,11405 14136 692 14512 11402 726 11403 14704 14200 14711
5685,9805 9682 13838 12566 14009 10263 13893 12340 692 7083
5686,692 14205 11366 8145 14889 311 12386 14462 14461 13183
5687,692 11366 12386 14136 8250 11405 15082 13838 15083 693
5688,11701 11702 1926 11232 7962 11700 3781 9275 183 13124
5689,2986 14227 8979 5708 6105 10214 11654 74 5379 10361
5690,14637 14823 15196 692 14612 15079 14559 10834 14865 1368
5691,14873 14946 13949 4960 12779 2835 14424 1078 10163 5519
5692,14304 14961 14960 14848 3801 14158 14157 8734 14478 14513
5693,14691 14949 12950 11397 12828 5708 14492 6489 5788 14391
5694,6476 6484 5923 6622 1864 12082 11781 6485 9682 6244
5695,14963 14962 7664 11229 4958 4959 5937 11652 8177 10655
5696,6622 13892 6685 2979 12567 11384 2108 6476 14885 10870
5697,13838 692 12340 12778 14208 5521 14472 6608 8250 11221
5698,5514 12009 12059 4968 15163 5515 14202 14224 8452 12840
5699,14202 8423 14069 14425 4968 3840 12009 7964 11428 14933
5700,5514 12840 8452 11956 15163 5515 7344 14224 5513 12009
5701,13838 14472 5521 11221 2835 692 13424 6608 14208 12340
5702,11366 692 13885 12386 5267 14486 14479 14477 13895 5266
5703,692 11384 11366 14964 12386 8250 15082 14136 15083 13838
5704,692 13838 14136 11366 12340 11405 14208 12386 8250 693
5705,692 11405 14136 11366 12386 11402 14512 14145 693 11403
5706,13949 11217 14426 14873 4960 14674 14470 14517 11219 12901
5707,6622 13892 908 2979 6170 6476 2108 11384 14885 8575
5708,8326 14729 5273 6909 3602 10169 14091 13004 7050 4191
5709,692 11384 11366 13183 7663 14462 12386 14461 14205 12065
5710,4968 12009 14202 8423 14069 14425 3840 8117 12011 5514
5711,692 14366 14838 6604 693 13838 11366 7256 12528 12340
5712,5215 187 4884 14858 3319 2037 4636 4991 5633 7561
5713,692 5521 14472 14208 6608 11366 13838 12557 6312 12386
5714,13673 12333 9961 13647 9235 13924 11554 4048 12385 12741
5715,14208 692 10168 6608 13838 13182 14889 1701 14136 14320
5716,692 14208 13838 6608 12340 11366 5521 14472 12386 14136
5717,14102 8581 4934 8272 714 5734 12031 14923 12065 8054
5718,8233 1680 12161 6226 6497 7485 12162 3999 4170 504
5719,6622 7936 6620 2108 2979 9614 13892 2337 11384 6476
5720,14615 12392 14968 11354 10565 12391 14579 1003 10508 6852
5721,7940 6183 1700 8114 4068 1846 14146 13961 1864 6171
5722,11221 13424 13191 9226 6494 14462 6495 14461 10836 13183
5723,7782 11172 12090 12089 6844 7781 11017 8339 7780 3560
5724,14528 7663 11786 13988 8992 8268 9964 7664 14858 12343
5725,4700 13359 13378 6487 4963 11642 10518 6493 4706 13394
5726,14885 14706 8114 14705 1700 13191 6183 13961 9808 1846
5727,14706 13943 6183 14960 7740 1700 14705 14563 13892 14848
5728,11384 14205 9965 13838 692 14889 12065 6622 9963 4046
5729,14531 12519 14065 7660 13368 13405 5614 13280 13537 14171
5730,9249 14663 14057 11289 682 191 372 15265 2079 5742
5731,9106 5383 9594 5385 8335 6162 14489 726 740 11405
5732,611 9594 12872 10893 13674 13675 6083 10421 15254 14905
5733,3055 11126 11424 14984 13388 9594 58 15285 13626 15247
5734,8190 14579 11959 8944 7954 1500 14615 6836 4192 101
5735,14733 8351 7320 5759 7398 9828 9221 6607 3924 3469
5736,383 4726 2956 117 118 4759 13766 12253 10383 5070
5737,7012 11654 4964 5896 9228 4073 14227 5895 4474 7744
5738,6768 7844 2957 10249 7917 195 4031 7226 4978 8352
5739,12574 14606 5678 5676 14971 12235 10252 12298 9175 14887
5740,14969 7183 4279 1575 4339 11967 3943 6342 2685 10625
5741,8702 12483 1988 11932 8058 10387 2821 7229 9486 14220
5742,5972 7170 12633 15191 6267 14509 794 787 8408 9497
5743,14538 14264 14973 12850 14938 14415 14222 553 12134 13262
5744,14538 12850 14264 14973 14938 14222 14415 12134 611 553
5745,14972 14068 8428 14456 15193 14944 11287 13521 14942 14705
5746,726 11405 8562 13852 14199 13804 14996 12650 14512 11189
5747,14538 14973 12850 14264 14938 14415 14222 12134 553 13262
5748,14538 7229 12850 14264 14973 15199 14938 10865 14415 14222
5749,8577 14142 13831 14524 1498 880 1785 11038 686 873
5750,14538 12850 14264 14973 13623 6071 14938 14415 14222 12742
5751,14538 14222 14415 14223 12850 14264 14973 14938 14160 10121
5752,1616 8425 10423 1615 1617 1605 235 1607 1609 1612
5753,14542 7946 5337 4126 14819 14994 1090 10133 15043 14142
5754,14513 14610 14277 14478 13420 8547 14848 11405 13418 11911
5755,14163 1697 14668 8999 58 14523 10715 4426 12427 14612
5756,10715 1655 1351 8298 13584 14702 14163 52 14875 8999
5757,611 14538 14264 14973 1621 12850 14938 1622 14415 9955
5758,14974 1697 1904 1695 14975 8459 14163 10608 8123 8428
5759,14974 8428 14975 10608 14068 14972 14456 1904 15193 14944
5760,12134 13764 14976 12024 11575 14593 12626 1754 13899 14887
5761,8988 2220 726 482 11189 13956 11190 9274 3935 6869
5762,14974 1904 1697 14975 10608 8428 4576 2541 13729 1473
5763,14974 1904 1697 14975 10608 8428 4576 2541 13729 1473
5764,14977 13026 14978 13405 14656 12525 59 12155 13396 13025
5765,13056 11959 3841 10591 14931 14427 14937 15244 14930 2203
5766,1367 36 11404 15276 7128 3055 11126 10891 13891 58
5767,9300 9851 9749 12551 1011 6360 1357 5688 8477 14804
5768,10497 9606 12788 12922 1548 5024 8346 12787 5413 9942
5769,11405 726 14512 14136 14200 11403 14711 11402 692 13852
5770,11366 4745 13885 692 11886 5267 14486 4746 12850 4749
5771,726 12650 11405 6852 13852 8562 8507 14199 14996 13804
5772,58 14980 14979 740 14013 8935 14163 11126 15285 14824
5773,363 14981 365 13125 364 12422 10905 8307 10904 12829
5774,14616 13365 8081 13132 13262 6622 10484 11384 553 242
5775,13350 14756 14563 12503 13943 14707 14755 2489 2133 583
5776,14579 14615 12392 8190 101 14968 11632 15189 11959 14503
5777,9467 14804 9300 13727 9773 14327 5752 7248 10260 8578
5778,10865 14393 2210 14955 12020 15199 14693 14304 10464 15108
5779,14580 8281 13268 11630 13577 4449 12552 10620 8258 9017
5780,2449 6943 5670 1947 8041 2451 2450 13767 10214 13239
5781,11253 14268 3116 5226 1742 8454 14396 4576 11630 5315
5782,14209 12251 14596 14595 13680 12440 14286 14458 14213 11120
5783,13896 14285 13897 14286 15173 12440 1858 15195 14209 2013
5784,10541 6881 1287 14210 7898 15074 14564 2798 5971 8992
5785,11322 14714 10414 7175 1855 5325 773 11321 14471 5383
5786,1655 11309 11565 1656 5384 2438 9682 1939 5383 11314
5787,8590 8589 11212 14511 10029 6548 726 11134 42 11089
5788,14874 14983 4961 14982 2834 14893 13699 4861 13342 2835
5789,14203 6609 5373 13535 5377 5375 14204 5378 14202 14205
5790,14862 8586 5945 14654 8581 12625 12624 14334 8587 13920
5791,626 8397 7544 9365 6488 4966 578 5709 5377 5113
5792,692 11366 12386 14136 8250 15082 11405 15083 13838 693
5793,714 14984 3152 8054 10820 11307 14334 11126 14102 7805
5794,9424 11630 14985 9781 3152 11310 11186 14819 11254 12673
5795,692 11366 12748 15120 12386 14136 11405 8250 693 13838
5796,692 14580 8250 11630 4449 8281 11366 13268 8258 4448
5797,692 6583 14567 11366 13058 6582 12386 14136 11405 8250
5798,692 11366 12386 14136 11405 8250 693 13838 14208 11384
5799,8250 14569 692 12339 14572 14964 12340 6581 13558 14575
5800,692 11384 11366 12252 12386 12065 14380 14379 693 13838
5801,7527 2699 14423 8576 5197 6785 14056 14422 10009 7646
5802,13559 14861 11306 11315 13558 14859 8221 14860 7876 7328
5803,8250 14964 14572 692 6581 12340 14573 14569 14575 12339
5804,14692 13843 7696 9466 176 6596 8994 871 11383 7697
5805,11405 13395 10093 14888 4954 14136 11230 14512 726 692
5806,476 13487 3874 4574 9094 165 2134 466 13955 11857
5807,14861 259 14573 14660 13559 924 11306 4085 11120 14860
5808,4085 14861 1993 13559 585 4766 14573 259 216 11306
5809,14819 14574 11630 9620 14575 14497 8047 11366 11186 6581
5810,14209 14458 14596 14595 13680 12440 14286 14213 11120 1859
5811,7876 8374 5407 11187 7875 13929 12997 14860 13559 11306
5812,11120 14861 5673 13559 14573 259 13483 14464 13878 14209
5813,14202 14425 8423 3840 14069 4968 14505 14933 14463 12009
5814,10701 3665 3887 12156 15120 12748 13179 5717 13887 3880
5815,6617 7169 3747 12083 6619 5486 6621 6622 10049 12873
5816,53 3061 14840 14988 14989 14990 14992 14991 14987 14993
5817,12748 11219 12304 15120 4447 11218 6537 10701 5639 7986
5818,10420 10897 10653 9347 9423 14128 4552 2230 787 14344
5819,8408 10484 14854 13018 14329 14970 9430 13132 14526 14616
5820,11405 6113 14136 14512 726 11403 692 14200 14711 11402
5821,14581 14204 5518 6606 6605 14478 14513 14222 4549 5519
5822,1627 1628 8411 14711 11405 11920 3405 12201 9024 15064
5823,12841 14074 13813 13997 7463 1551 2018 287 478 1545
5824,11384 9836 692 6622 12065 14205 553 13431 5788 13262
5825,13276 2681 13277 13737 10798 2713 2714 2710 2712 2076
5826,6342 7183 1575 2685 14969 11902 6380 4279 985 424
5827,3801 14961 8421 886 7699 13520 14441 14530 14004 5784
5828,14757 6272 3450 10949 8187 14096 14455 9837 13935 7781
5829,8979 5670 10214 2986 2449 13523 6465 14650 14648 14651
5830,7124 13587 14826 13912 14578 13414 9055 14555 9054 14559
5831,10921 14995 5971 7898 10215 14221 6881 4437 9052 3890
5832,4756 13511 14565 10200 14564 625 5552 13618 9144 5019
5833,14689 5595 10384 6836 15254 14688 14905 1618 235 14543
5834,12805 9245 13831 2246 3676 5632 1035 1017 7249 1535
5835,14102 14721 4934 8581 8272 13570 9938 714 12031 5734
5836,8421 7699 7700 13520 3801 15009 5784 14910 8407 287
5837,726 13852 14996 886 11405 8562 14199 13804 14961 14512
5838,7457 12059 8299 12009 630 12547 6220 5514 4541 1332
5839,10625 12541 4279 5363 14969 9510 715 10633 2581 2706
5840,8421 14388 7699 7700 15009 14910 287 3801 14950 281
5841,14565 14564 11994 10200 13511 4756 13602 5019 11026 15074
5842,14986 14997 8780 645 15246 4956 8873 14853 14718 1670
5843,11405 726 14512 14136 14200 11403 14711 13852 14199 11402
5844,4865 713 8190 14140 1499 14718 663 10522 8873 12463
5845,14157 5515 2985 8013 3673 7581 14158 14159 5514 15163
5846,12810 7116 11719 7132 3751 7157 8798 12384 11658 11814
5847,14998 14865 14824 12620 15184 10536 9119 13940 7125 15045
5848,11405 14512 11403 11402 14136 726 14200 692 14383 14711
5849,8408 13018 10484 14854 14970 9430 14329 7381 7170 13342
5850,726 14199 11399 11405 75 4703 8411 8562 13852 13804
5851,11405 14136 7229 14512 726 11403 14200 692 14711 11402
5852,8892 8893 11655 13248 12406 1535 8894 6000 1475 405
5853,9423 10897 4552 10420 10653 9347 6897 8581 2550 7748
5854,7583 365 12487 4397 364 363 8983 9517 3891 2402
5855,6622 7017 9226 6484 9841 309 1840 6476 6818 8487
5856,15000 7050 10171 5592 14307 15074 11914 14356 4191 1204
5857,1277 1916 11777 9554 7358 1915 1081 1274 1279 1278
5858,2742 5998 10932 11493 2614 2815 13672 2820 3465 405
5859,2820 405 2742 13651 1165 1166 12380 6351 3465 1535
5860,1260 1261 1259 1266 1264 4457 8291 7899 2848 13170
5861,13587 14584 14583 3053 3058 3059 3057 3052 3051 3056
5862,58 11126 14824 15285 14163 14742 14980 12427 4426 8050
5863,8039 12897 8029 8038 6982 8011 4746 8037 8028 5138
5864,13561 2741 1534 4516 13910 2614 13351 2742 6352 5998
5865,3465 1166 2820 2744 3464 2742 2614 405 1165 1535
5866,611 10421 11939 11936 11937 11938 383 488 6825 3213
5867,14586 11440 2659 14524 10912 11718 471 5784 10776 11938
5868,15005 14514 10603 13883 14149 13512 8097 8411 8480 11920
5869,14475 1091 15006 14476 12390 9263 1993 6596 14585 14162
5870,15007 14475 13920 14476 14566 12390 14904 5183 14426 14389
5871,15008 5369 11332 924 3771 13627 14465 14168 8860 1105
5872,5016 4316 8691 2996 9642 9636 14527 8995 14132 13697
5873,879 6821 466 502 889 871 2448 323 794 5571
5874,14458 990 4953 14209 1859 13737 10095 10907 7019 7677
5875,15009 14910 8421 8407 10495 7699 14926 14891 14299 10667
5876,2820 2614 3465 405 2742 1165 1166 1323 1532 12426
5877,2820 2823 3045 13540 13187 360 14457 12426 1166 13334
5878,8074 5490 5488 6689 10304 5489 14297 107 9706 634
5879,577 712 3600 11395 15147 13286 1490 7301 11396 2206
5880,15011 15022 15247 14519 12877 6150 15039 14851 7580 5078
5881,2816 12671 2820 8889 12672 5193 405 1166 8808 13187
5882,10647 13398 3656 6657 6663 3654 14450 10403 5599 4876
5883,4519 9588 2569 7373 851 8391 13129 3181 3735 4411
5884,6004 6002 7941 4351 2979 1864 6476 6622 8893 2599
5885,3055 53 14578 11126 13626 15163 14826 7124 15247 11883
5886,9241 7520 570 10230 9143 7205 11291 12600 233 15046
5887,10732 11392 46 1577 1576 8336 8314 12205 6002 11747
5888,14837 265 13103 267 14087 12926 10253 4373 10705 14171
5889,14856 6977 1763 6816 3292 4928 38 14855 3453 9142
5890,15014 2448 8705 3033 1382 6967 1231 2765 7697 3697
5891,4924 5455 12318 12343 4742 11862 1949 2676 3296 12709
5892,4553 7398 7691 339 11151 9221 3924 5408 9284 5621
5893,14442 15015 14443 7527 8235 8924 9726 6779 8116 2390
5894,1320 9192 1319 1001 4036 6362 1779 1778 6363 2375
5895,4139 9647 10988 4603 2875 5667 9758 6555 8159 2874
5896,3839 12204 10406 9518 13991 3714 1116 2670 5044 383
5897,13885 12850 11366 14488 5268 5267 14506 14131 14500 5266
5898,7014 7015 9412 4062 14236 12143 14571 7013 3486 9307
5899,11366 13885 12850 5267 14488 692 5266 14486 5268 14131
5900,349 4830 8176 351 10102 2428 9223 14344 2790 350
5901,4596 9664 10574 11891 1145 12726 5686 4407 1146 1136
5902,3663 15016 962 963 1538 938 14608 977 13556 967
5903,611 14971 14903 4861 5216 10832 8 8578 12298 5678
5904,14752 14352 10560 12439 13642 13643 7264 13741 12522 7940
5905,14789 14155 6273 15198 4356 9761 6350 5554 12027 13614
5906,15017 1011 10199 5447 6356 5687 2996 7427 7554 6807
5907,7129 7130 79 12434 11045 12436 12435 5191 15269 3598
5908,14609 11859 11861 7776 11860 475 5991 9782 6297 14572
5909,6267 7170 14719 7967 14720 8408 7547 14721 14854 390
5910,1484 3267 12057 3027 3506 3029 73 10181 2696 72
5911,5266 10611 4862 11366 14498 13885 14486 14497 10126 12850
5912,6622 15018 4697 12039 11575 12264 12024 6131 12129 1125
5913,6686 4559 3676 7104 10078 9591 8232 341 7224 11655
5914,2371 2375 1354 11347 7215 4413 5845 8164 4414 4134
5915,13959 14387 5431 10208 5405 7229 362 14389 999 13562
5916,1206 8768 3209 1981 9987 1982 4157 1552 9469 1962
5917,1602 7898 8468 6881 10509 5971 3222 10710 15074 14564
5918,9686 11930 12128 3923 7389 15019 8071 6572 10790 14044
5919,7341 10968 2306 2412 2291 3176 11759 9318 10566 2448
5920,7719 6491 14674 9143 14886 6766 15260 14470 6589 3729
5921,1826 1777 4134 6705 6364 1008 5876 3843 9194 4626
5922,5003 3200 3438 15065 159 2498 6941 618 662 3441
5923,611 15020 10421 11936 11939 11937 11938 383 488 6825
5924,1287 2798 9273 10541 5517 13379 11607 9610 125 3298
5925,466 10168 6821 6027 167 476 879 2312 686 6682
5926,8218 2597 14298 14174 14507 13986 14173 13760 9843 7522
5927,7014 7015 9307 11273 4062 14236 3486 13557 14571 7013
5928,1295 8248 2471 3312 2474 5836 6876 4341 6878 2476
5929,15022 13957 2096 15021 6065 9115 62 1300 15179 15011
5930,13695 6073 9966 13681 6077 5818 3961 6886 3763 6072
5931,3726 36 3179 11976 7865 12189 2631 5187 4804 9932
5932,11937 11936 11939 14898 11938 15023 14603 13571 2266 13514
5933,13753 1291 381 3403 10124 14144 3043 2509 71 12666
5934,10796 4785 2174 3408 9402 10794 10793 10791 10795 10792
5935,8582 3462 10978 14975 14809 11824 12991 9102 919 12713
5936,8413 10111 12853 2154 15255 13891 12546 10110 4803 5126
5937,10595 12634 2498 7189 3456 12667 7800 5751 13372 10886
5938,7563 13803 7309 6136 11680 10079 13801 13800 13802 4887
5939,11256 6330 2017 2925 13881 10459 9523 2927 6331 6328
5940,1011 13983 5844 13911 4611 12607 10814 11537 5687 13984
5941,6099 2095 4892 4717 10967 11171 1883 9494 6101 11368
5942,6100 13975 14377 13809 10057 11544 6138 12069 8295 4713
5943,10916 4882 12964 12288 14600 7560 13432 7559 10977 7558
5944,14319 8760 11952 8747 7781 11026 1904 8807 8805 4336
5945,15024 14977 3712 4970 12514 14321 8622 9709 9312 2291
5946,8242 2762 4770 5088 2294 8418 1417 2239 2290 98
5947,692 476 11366 12386 12325 2566 15082 15083 14136 8250
5948,3699 4762 7403 6026 3705 6038 585 6596 14158 794
5949,11938 7970 11440 10820 3021 12326 3742 11936 11939 11937
5950,7401 4948 576 7866 8424 10955 5356 5357 5358 14528
5951,11748 10910 11215 3359 10050 3317 7283 1836 5508 9741
5952,15025 9433 4284 5792 5791 9431 9434 9432 7086 85
5953,2375 2371 1320 9192 1778 1779 6364 4606 6362 1319
5954,10042 2925 9442 10763 5143 6103 8052 2918 2927 10210
5955,794 5419 9263 9250 6411 821 128 1646 11761 163
5956,101 740 14979 14163 14348 14898 2774 14907 15013 1351
5957,715 7047 1760 10664 2201 14504 8748 7820 11623 8837
5958,4305 13958 4946 3479 4776 11298 2118 1834 7190 7286
5959,15026 14281 8409 6620 2301 13832 637 14095 14522 8701
5960,11780 13597 716 9805 6944 6484 6349 6623 1713 6476
5961,1282 4201 1212 9248 661 2457 10471 4850 1610 12847
5962,46 6468 7385 8142 1206 2200 6969 10893 3597 7832
5963,710 11355 1222 4358 1896 7936 2908 1938 11353 9652
5964,2516 2532 9164 1395 9906 1190 742 2543 9917 1465
5965,49 1374 7346 8874 3599 9773 3906 11919 12666 2149
5966,6178 4128 2307 10607 6176 2107 793 3945 4496 11194
5967,4037 13380 9194 5449 2880 12914 4039 8848 1711 11537
5968,8215 13072 2662 13073 8214 9348 11472 13071 12366 8216
5969,342 1205 11864 12776 9142 6981 8374 1748 8141 2804
5970,4201 12862 6999 6047 10418 141 5553 1212 9248 10415
5971,9443 8700 3993 7430 7364 10304 5481 9370 5747 5746
5972,1282 2342 2588 4850 12847 11551 12087 8669 2589 8195
5973,13388 9610 4153 1130 3051 3052 11914 11126 3053 10553
5974,5580 11654 1346 2277 711 14227 466 618 4925 7012
5975,11385 12227 7754 15027 14791 12935 9289 6276 10819 4037
5976,15029 10382 10383 15028 8591 8999 14163 466 12875 14825
5977,13312 4350 9519 14419 13836 6178 10491 3308 578 4875
5978,2614 15030 12507 12503 12506 4791 8480 7295 11880 12508
5979,14811 14812 15032 6325 10494 406 5299 361 14054 12502
5980,15033 10534 6045 6459 7009 4128 15189 9752 4496 7596
5981,2371 2375 4138 1001 7215 3094 3001 5686 6847 1778
5982,1317 4687 3684 4132 4688 2719 10494 2987 9886 3083
5983,7719 4884 14321 3236 4392 4045 12410 14252 2483 1297
5984,12939 4068 14313 11265 7940 4948 11733 1041 1116 8325
5985,12748 10353 8997 10701 11219 15120 12481 2009 12304 14153
5986,13777 13610 13778 7138 13776 8115 13779 3491 12389 14109
5987,2820 2742 1165 2822 405 2614 1166 3465 13562 2815
5988,2820 1166 3465 2742 5999 15034 1326 405 2614 13651
5989,3465 2820 2614 2742 12744 12007 1168 1532 405 1323
5990,2820 1323 3464 14712 13661 1166 405 14084 2742 3465
5991,2820 13623 12742 14806 10206 12032 14879 14324 405 6866
5992,2820 12746 13518 12426 1535 11880 14079 1525 2744 2742
5993,1011 10192 2371 6360 1357 9851 2375 1354 12075 7554
5994,1145 14363 14440 13237 1136 11350 11891 2096 8741 1146
5995,14113 2409 3406 9595 10657 5418 9177 11919 4302 11918
5996,1011 5687 9534 7427 10199 7057 10899 7091 9540 5447
5997,512 90 5312 8407 510 3223 1449 7438 838 4350
5998,3365 499 12916 470 1642 2224 768 6702 6575 6127
5999,248 12176 8888 244 238 8986 250 249 2740 246
6000,10529 6094 707 10131 14657 9894 5650 11493 12984 6130
6001,10059 9533 15036 7630 8986 6129 11098 13585 14154 2042
6002,182 6471 3310 9530 10300 7723 2448 2103 2107 3362
6003,3393 13593 10092 421 12885 11270 3391 9936 3392 555
6004,15038 12842 12027 7393 8761 7908 4790 1740 8312 7333
6005,5186 4406 11139 6375 9441 5622 10433 9601 13193 476
6006,7552 8553 9171 3543 4139 13677 13676 4606 7062 6858
6007,1011 12656 7554 9084 8982 10246 12376 7817 10627 7449
6008,5791 8307 27 715 363 9252 10230 5750 5792 3035
6009,4179 5155 1835 11317 8349 4496 1478 811 1504 873
6010,4020 13923 708 8429 13647 13673 7247 7681 2106 149
6011,15039 15040 14282 12759 2600 5196 3945 2115 7965 9551
6012,383 7913 12848 1301 3983 4759 4497 12253 13766 851
6013,2575 3367 161 9467 166 10891 5541 12573 8422 5655
6014,11735 46 10671 6406 4220 5462 197 5460 2225 885
6015,15041 14682 10258 11074 1774 1704 6447 5854 2883 5688
6016,4516 14127 13452 3465 2614 13187 2742 2820 6353 3464
6017,5199 5901 2859 3847 10154 13634 10229 13942 3849 7953
6018,4424 14163 12020 12031 100 0 53 3222 14210 771
6019,2579 47 2504 87 10017 54 2543 2583 2555 96
6020,13905 1302 9495 13998 4670 13904 2645 13752 2520 1222
6021,771 9223 14849 15029 15060 4424 100 4964 4754 12031
6022,1475 8889 11583 5345 14844 8892 1535 11880 1529 2741
6023,12559 10883 6015 15043 1536 15042 7135 6016 10893 2526
6024,14844 6933 1475 13008 936 13039 10731 6938 5403 5570
6025,11718 11440 10776 14586 1368 14560 14851 13015 2659 3960
6026,420 1641 11658 11574 6382 1814 149 6853 2645 5577
6027,4660 4663 11368 11370 4653 2804 4650 4658 4659 11367
6028,9249 9372 3821 6489 3304 5742 13431 10766 9648 12901
6029,10901 8104 14358 3394 9814 10900 11230 1752 611 3471
6030,15044 14280 10667 8768 372 12741 12307 5026 14891 14910
6031,14163 14307 10715 8999 14668 58 740 12427 4426 14865
6032,323 176 6411 873 4468 794 4821 1564 1565 7420
6033,467 12752 14541 11406 6400 6312 7049 13124 15046 11361
6034,1351 5858 242 10390 10715 13912 1350 740 15274 15273
6035,4028 2283 1784 1539 12538 14484 5259 1305 14482 11161
6036,4413 6360 7096 8443 6364 2371 3083 9851 6553 2375
6037,2741 11881 2742 6416 5998 12994 2614 10207 2743 7395
6038,14752 10560 7264 14352 2635 12439 13642 13643 13177 13741
6039,11545 13486 11543 11380 13084 1160 11544 9358 2480 12066
6040,1011 7366 11528 5535 13573 1317 5687 4035 4138 4134
6041,3717 5116 314 9934 16 3749 659 3138 3716 9933
6042,1354 1355 1357 2369 4141 2371 1356 2378 4138 2886
6043,14636 2309 11550 10968 3765 3811 5740 3176 2755 1875
6044,560 11231 13723 4137 5367 7057 11232 11284 13238 4840
6045,3465 3464 11121 4514 1166 2820 14799 1532 2614 11122
6046,9784 14803 11111 12070 1532 14359 11822 4514 13354 2820
6047,4642 4643 4644 5565 5564 4594 5563 9559 9558 9560
6048,12283 12284 3914 4160 4156 988 4155 4164 4161 3927
6049,8846 12435 7374 12436 3015 8499 4957 6898 11954 1980
6050,15047 12250 9984 6349 2438 12980 13704 3424 1662 450
6051,1721 3080 6219 4407 1776 7215 2881 14438 10246 14439
6052,8452 6968 6034 9390 7044 6035 3041 3020 1584 4761
6053,1512 3957 4017 6498 6546 6373 6499 1292 3970 3969
6054,4344 2799 4906 1371 6301 3398 3381 3624 10327 7559
6055,9390 9048 5076 7516 5079 13884 5082 14112 6879 11866
6056,2225 6378 8198 3023 3024 15082 15083 8146 2249 208
6057,2488 11970 7321 3348 7048 4992 9182 185 4993 2131
6058,15048 12783 14151 15030 12506 5818 9244 2109 5188 11111
6059,3553 2962 10657 14878 1527 13752 11267 10963 7767 1302
6060,15049 1709 10716 4072 4596 7065 6360 3667 8477 9851
6061,4117 4116 4118 11707 15050 11673 203 4581 12763 4120
6062,9784 6990 1532 5190 6995 11111 13354 2820 11108 4515
6063,3160 11954 6908 1960 4370 8503 9911 1367 6899 46
6064,9805 7740 905 3423 6228 10322 7487 5247 12566 12838
6065,13047 12508 12507 15051 8023 15241 15168 9048 10823 5376
6066,9880 966 9879 4589 12946 967 12761 4590 12760 961
6067,12946 7655 12943 15053 15052 8263 9880 1540 15054 4589
6068,6391 586 9053 4355 3881 6402 7869 4843 10439 7961
6069,11634 6109 6065 9847 13948 11633 15022 12158 2096 13957
6070,3383 5812 3148 3350 6322 5078 3368 10660 10715 3359
6071,6095 13080 13823 13079 3877 13542 13078 6849 10983 13074
6072,13342 5607 2402 6789 10259 8408 2834 12797 4577 7824
6073,1537 10066 3025 6369 12127 11298 6306 4902 5817 8902
6074,5414 5011 5730 420 7921 3195 1641 2126 9166 6033
6075,15055 2990 1979 6148 668 4167 3678 323 864 887
6076,1404 4861 2117 14265 11293 12197 1419 8748 14224 7875
6077,4718 11036 4713 14377 8274 1541 10085 13114 13383 7443
6078,12480 7843 2015 5336 3838 911 4645 6824 5324 3011
6079,11368 4660 4663 11370 4653 4650 2804 11369 11367 4655
6080,8591 10382 10383 117 2325 15029 15028 8999 3662 494
6081,625 8239 14585 12178 9296 4756 13517 6596 7304 3222
6082,149 13673 13647 708 12659 13924 169 11554 13923 12385
6083,14163 8999 58 13919 3021 14929 14668 4426 10715 14612
6084,4757 10920 1666 425 11643 9000 944 10369 12362 476
6085,14713 15057 14585 11662 7223 4816 4591 9779 13390 15006
6086,9367 2659 12800 10263 11391 1044 9667 3503 9 10659
6087,7014 7015 9412 9406 9307 3486 14571 7013 14545 4062
6088,15058 2865 271 11156 13425 8512 2286 6084 7105 4044
6089,13682 2869 10095 9407 2374 14616 10912 13684 9410 8997
6090,8702 12483 14220 1988 4805 8701 1028 8700 4661 6799
6091,15059 699 1394 13930 15168 13937 15119 13000 6822 7977
6092,15063 3053 3058 3059 3057 8370 3056 8369 15061 15062
6093,14306 1858 12206 11126 15195 6106 13897 10215 14320 13896
6094,14891 14910 10667 15009 12065 8421 15044 14280 8407 11384
6095,3405 12201 9024 8411 11920 15064 771 2129 1627 13310
6096,3801 13943 14961 12324 11087 14441 14563 14530 8421 14004
6097,12574 14887 12134 1880 5678 14971 14606 5676 1456 2476
6098,15065 14550 3471 618 3200 4841 14619 14092 1436 1702
6099,101 11125 10053 9777 11124 14240 15067 14639 1569 9009
6100,14163 9300 8999 58 14668 10715 4426 12427 14866 14865
6101,3903 8241 2764 7452 6971 10173 11257 5540 8798 6592
6102,10715 8474 52 14875 1351 15274 15273 14307 14100 7117
6103,14951 8999 9054 4162 9472 14166 14950 14929 15148 14551
6104,14209 14213 3153 14596 11043 14595 13680 14214 12440 14286
6105,14088 14558 12513 6521 14166 14427 14930 14867 14866 7115
6106,625 13517 12178 9296 4756 6596 7304 3222 6836 2139
6107,12338 7937 14860 14508 15177 14859 7876 13559 14861 12717
6108,7177 2084 2083 4423 12711 9113 2085 3022 15002 7113
6109,12134 13899 11019 7688 14887 12574 12850 14696 14697 10121
6110,8408 14854 13018 14526 14329 10484 14970 7170 9430 7381
6111,176 488 2448 3711 879 3713 11070 4761 9299 7723
6112,876 578 3587 12868 5140 328 5313 12819 12670 3579
6113,13627 14652 14958 15070 14465 15187 8860 14957 3720 434
6114,11195 8560 11695 11697 11696 11698 9494 9027 6306 6869
6115,232 2829 11299 229 10153 10485 11292 7195 14175 231
6116,6869 13429 11299 11847 10153 6316 14473 14096 8560 6306
6117,3841 13526 13056 8256 10591 11884 14566 13705 14543 9300
6118,5674 1907 10565 12387 11894 11354 5675 1908 1909 14531
6119,14450 5599 3656 3654 13211 7450 7449 3646 13398 2991
6120,8871 14240 11124 14535 287 2324 13933 6411 8872 5325
6121,7002 14620 12811 8690 12689 11563 15072 1500 13949 14143
6122,74 2986 5415 541 8561 10026 8562 6823 3031 13017
6123,15075 12017 15074 14092 14564 6881 7898 740 8992 1444
6124,6596 12178 11459 4 9262 625 6374 794 176 9263
6125,10559 10483 14529 9060 1949 12512 4417 13847 8969 276
6126,13369 9227 15076 14792 14296 786 15072 3576 7131 12013
6127,14255 8095 1886 3561 7962 13929 4564 2015 8096 4565
6128,2781 13560 2938 11993 1206 3931 2933 1732 3253 7973
6129,11096 13917 14780 8901 11095 1997 14664 14515 12094 14369
6130,5928 12549 11934 7433 5028 3100 4230 504 794 769
6131,46 2277 9683 11392 4925 10732 6825 4924 12205 12545
6132,14080 15287 1500 14605 14604 9056 7324 100 8802 58
6133,5329 5330 14022 5327 1882 5328 3482 5326 13256 9960
6134,15077 14781 9573 7240 6971 14066 9575 13019 14795 6101
6135,12995 3019 9132 7370 2571 3738 2585 2123 6914 6916
6136,11654 6543 6495 4474 14227 7012 10106 13178 6544 9226
6137,12290 14631 12293 12289 12292 12675 13381 12291 12673 12674
6138,12277 8087 2089 12613 13969 14371 8101 1637 9566 10133
6139,11836 8196 12852 8580 12512 3800 15019 4570 2016 2781
6140,3214 15078 2309 374 4519 27 2569 746 851 9588
6141,15007 13603 15013 3055 14578 611 101 4426 8050 15270
6142,2086 8921 14744 2093 11039 1173 8687 8585 6284 12492
6143,12328 11246 11247 4594 14664 645 11210 13586 14076 5563
6144,14307 1351 10715 52 14163 15274 15273 10171 740 15074
6145,14559 15079 14612 14823 14163 14865 8999 1368 8413 14867
6146,10134 7960 2607 9092 2929 5688 5036 8851 2252 9297
6147,13388 11126 12689 11914 13937 9610 4153 14839 14686 14841
6148,10696 13945 2717 4654 8088 14234 13914 9077 6796 12648
6149,3691 5823 6812 3676 383 14128 1305 14114 2230 8176
6150,15013 14578 101 15270 15002 14407 3055 611 4426 15007
6151,14223 10121 14160 14106 6346 8737 6614 11019 7688 13899
6152,794 12386 476 3222 7580 6411 149 4230 464 12388
6153,2828 12387 12388 9343 1311 14845 8458 9523 9526 9522
6154,200 14703 204 195 202 205 203 207 206 201
6155,15081 14840 3061 3062 14993 7129 3060 13388 15012 14988
6156,13527 8663 10918 1883 5634 1886 8416 12993 12104 1544
6157,3441 1798 6964 4215 6366 4 6963 7955 6959 1685
6158,3548 8666 15182 656 13208 7256 2598 3163 6816 2250
6159,13637 4238 11398 6610 7632 10839 14132 13636 788 4194
6160,692 15082 15083 8198 11366 12386 14136 8250 14145 13838
6161,13215 13838 14721 691 13214 692 12340 14720 13213 14555
6162,14826 15060 13414 13587 15134 4754 15063 4964 14570 14320
6163,12134 13899 14887 12574 12850 14696 14697 14538 10977 14976
6164,6836 14689 5595 14543 8272 4349 10384 7631 11045 7124
6165,58 14742 8050 11126 15285 14824 14980 14163 14604 14605
6166,6099 1883 6101 6100 11166 6792 13433 8757 12182 8393
6167,14555 9054 7124 13587 15288 15079 8999 14296 13912 14559
6168,1456 14120 14299 15245 15116 12011 14926 10904 11087 8708
6169,7723 182 2103 2107 11461 2748 2949 580 15113 13071
6170,798 12463 713 12055 3055 1087 12308 10053 5736 8190
6171,1028 15085 7440 1238 12313 14721 14720 8508 3180 14415
6172,5452 4973 2653 1304 3411 6558 11733 11665 2296 7499
6173,12966 10637 6881 3821 625 5376 10339 8007 9207 15006
6174,6785 7170 8081 6244 13640 7219 12566 6267 7527 13846
6175,15086 13538 12653 4375 6228 9214 14213 14890 14214 15169
6176,794 383 9319 1553 7223 8483 12983 11653 15056 518
6177,14268 14396 4576 5226 15107 11253 9895 9894 14144 1572
6178,9056 8588 15072 9260 14080 3055 12689 14430 8587 8586
6179,8904 1533 1532 14324 3465 1323 11112 2744 1165 4515
6180,2317 859 749 9947 11196 8184 11734 466 774 9197
6181,11157 7393 5746 5850 5747 8700 12027 2 15038 8098
6182,12828 6613 13577 11709 12371 12950 14949 7804 10493 5218
6183,7380 11073 14215 13771 13606 13607 1349 7828 2291 13767
6184,14039 12719 7648 12520 11610 2839 7528 12282 10253 10254
6185,2133 2774 4 14898 2779 6826 10138 101 4349 6255
6186,8999 11632 12237 7572 3504 15148 10798 10508 45 6065
6187,6329 4265 8960 413 8225 11089 6331 624 5798 3198
6188,14482 4028 8340 6270 14484 11690 8843 14329 6043 6318
6189,11405 11402 14136 11403 692 14512 13182 11401 726 14200
6190,4700 4963 12385 13933 4964 6495 7408 5561 10529 12565
6191,405 13932 6415 2820 1323 11755 1535 2742 1166 8526
6192,9964 14858 7663 12247 7163 1018 4450 9963 14528 10547
6193,8376 2204 14703 14702 10715 14100 106 7208 2031 3021
6194,15016 13556 14764 3006 962 963 5058 8296 3663 14762
6195,478 5438 1004 15088 14548 651 1069 476 466 14539
6196,15089 352 14398 12276 10695 6268 6276 11654 10694 10085
6197,9071 10281 11272 1252 688 3811 12992 648 9072 1191
6198,1752 2240 2930 1747 3043 5132 12667 3044 2560 4568
6199,2556 12087 11480 12847 5038 1410 1919 1282 11574 3738
6200,14180 5430 5998 2614 12843 8362 13055 13409 14330 12820
6201,14416 4840 13813 13613 538 14262 11470 14074 11284 13144
6202,15090 4705 5747 5746 8700 11157 2 1406 4706 3775
6203,528 12820 13315 10880 11555 8507 8506 10056 14805 5998
6204,2614 2820 1532 2365 2742 3465 9784 1167 13200 12007
6205,2742 5998 2614 2820 2741 3465 405 1165 2815 15152
6206,13244 1528 13128 6000 13248 405 2614 12509 1535 1323
6207,405 1535 2820 1166 2742 1323 2815 12426 3465 2816
6208,404 13271 13628 1165 13650 2820 1166 2742 13327 13574
6209,2820 2742 405 1323 11418 6001 3465 12426 1166 2614
6210,1880 177 7923 13129 6868 15147 6399 7922 9773 2549
6211,12502 13422 6326 6867 12826 15164 9791 3464 1166 406
6212,14374 14375 14376 2365 15093 9784 15271 13082 13440 13635
6213,3464 1166 2820 1529 2815 2742 3465 8904 2614 405
6214,2820 2614 1166 3464 13187 2742 3465 12426 405 1323
6215,12826 12475 14122 13345 403 15164 12502 405 1323 2820
6216,1166 3464 2820 1535 405 3465 11052 2742 3463 404
6217,14015 13562 405 13346 8730 13005 13186 1323 2822 2820
6218,14811 12502 14812 12826 15164 14408 11123 15032 406 12825
6219,6867 13422 1166 3464 9791 404 2820 9792 12502 3465
6220,1532 2742 9784 2815 2614 11112 2820 3465 405 12742
6221,14812 9792 14811 15091 15032 12825 9794 9791 12502 406
6222,405 1323 13562 2820 404 1535 14807 13334 2614 12426
6223,14655 14029 15091 15032 14309 14812 12825 14811 14122 14359
6224,14562 5998 11955 3465 2614 2742 13327 2820 405 15152
6225,2742 1165 12426 2820 2614 1166 405 3465 13327 2741
6226,13625 1532 1535 1166 404 2820 4330 1165 9784 405
6227,9784 2365 15093 14374 14375 1532 14376 2820 13354 4515
6228,1532 13423 2742 2614 13651 1326 14327 5430 2741 2820
6229,2742 5998 3465 2822 2614 2820 2815 14881 13201 405
6230,13731 1324 3464 11052 3463 2741 2744 1166 1165 2820
6231,12426 2820 405 13248 6351 1323 2742 1166 1535 2822
6232,1323 405 14662 14183 2820 2614 2742 12426 3465 15097
6233,1532 2614 2365 11112 11121 8904 2742 14138 3465 2820
6234,2820 1530 12743 2614 405 11052 1330 1323 3465 1525
6235,1533 13660 13932 13186 8402 13700 1168 12006 13628 11755
6236,2742 2820 4515 1535 2744 1165 405 1166 2614 3465
6237,1532 362 405 3465 13562 11121 13959 9791 2820 2614
6238,405 4515 2744 2820 2742 1535 1323 1532 1166 3465
6239,13671 15095 13348 14325 8731 14799 13575 13328 15035 3464
6240,2614 3465 5344 2820 13339 2742 1532 5998 7686 6350
6241,3465 2614 15097 2820 2742 6417 4711 1532 1166 1323
6242,5998 11112 2614 2742 1534 1532 1339 2741 6991 13561
6243,6353 14655 14335 4516 2742 2614 1532 3465 12301 14029
6244,2614 3465 5998 12425 2742 13339 2820 1532 8904 2815
6245,2741 2614 2742 6416 5998 2820 1532 12425 7395 10207
6246,13806 2951 13807 13804 13805 3333 5078 15204 6661 10305
6247,1532 14138 1165 2742 2614 15257 2820 8830 11121 11112
6248,4516 8907 4330 3465 4515 1532 2820 2741 2614 2742
6249,2820 11418 12426 13188 1529 13187 2741 9786 2742 2364
6250,2820 11899 2614 408 405 1532 1166 2742 12426 3465
6251,404 6989 14150 1166 2820 1532 9791 11121 13960 13352
6252,2741 8907 2742 6416 5998 2743 2614 2820 1532 11112
6253,2742 1165 2741 2820 2614 1166 3465 12994 2743 405
6254,2741 11898 6994 8907 2742 8830 1532 5998 6416 2820
6255,1381 10790 4315 6109 10265 6572 2585 5278 2628 9284
6256,14890 6923 2498 15098 1557 4290 11782 14446 13117 11689
6257,14120 14674 5359 7719 15245 14470 15116 14886 1456 8708
6258,6162 13070 1844 1874 14588 5385 5383 8335 6623 5699
6259,11620 6069 10254 1912 7571 11249 11413 11412 11411 11414
6260,12494 14000 1658 947 11011 13552 14706 14388 2079 4772
6261,11153 13004 10868 6613 14090 1669 13046 2946 5970 9205
6262,10184 13765 6090 7529 8887 8532 14134 7878 617 14135
6263,2614 13482 13452 14657 8869 2820 3465 2742 4516 1532
6264,8647 11780 4459 7481 7796 9395 8318 6944 1713 8612
6265,1133 12559 10866 8486 9287 8525 4550 2670 9288 10883
6266,10376 10377 9712 5111 12924 7764 10378 2358 743 3525
6267,11537 9547 1011 9666 12607 9548 4598 4611 1141 5535
6268,286 1684 478 10417 4285 10818 816 14548 11025 7385
6269,4755 15099 968 5728 8038 10838 14582 14451 3717 4434
6270,10911 4450 7014 14546 14762 7015 13212 2009 13557 14764
6271,12332 6432 12934 15027 10461 8164 12933 14736 12935 12932
6272,1018 1226 7474 1117 10785 6159 9964 7663 14858 1707
6273,8164 4605 11120 4133 15238 13665 10098 5673 7016 1721
6274,9249 14226 2079 9372 5742 9648 11844 3222 6175 2887
6275,12611 14182 7827 13103 1748 267 12333 6842 13647 13368
6276,1011 2874 1861 13483 5687 4693 7817 4134 14464 4687
6277,4599 2014 9851 7427 6360 1357 2375 1315 5845 11347
6278,14729 5273 3602 14091 6909 10169 8326 13004 13718 15192
6279,13142 10519 2946 7018 2418 12959 5287 6884 13141 10521
6280,13238 560 6548 4523 7628 7253 13605 14170 11642 4357
6281,6782 8555 14342 13459 9233 11912 11227 5157 6170 908
6282,14237 13070 6228 12765 6163 6225 12229 6623 1253 6226
6283,900 9807 9661 3878 12025 6251 7934 2439 4497 13178
6284,6174 1268 7106 13880 6510 7948 4851 1847 4358 7947
6285,14533 11908 13770 1126 14006 8032 13841 4458 10490 13406
6286,14146 1700 13961 13893 14314 14002 2008 5714 6670 11649
6287,21 12196 7953 2859 13479 24 22 23 20 9438
6288,14731 6168 6240 6479 8136 12748 11219 1665 14730 14503
6289,12432 8144 6781 1844 11648 7938 6162 2268 3848 1665
6290,13285 7302 127 12037 133 1836 292 4966 4127 6676
6291,8516 13782 3862 8462 4223 1519 1441 230 10119 12138
6292,1532 2820 11112 11418 2614 2742 405 3465 1166 11122
6293,6548 8590 4357 10029 6549 8589 7980 6897 13238 1327
6294,13184 5895 5896 4964 14091 9228 4073 13535 4966 7744
6295,11273 7394 3947 9183 9307 12632 12233 390 9581 9998
6296,13537 14001 14182 7660 6669 13725 4368 5614 13368 14207
6297,11996 15101 13665 15238 11999 12000 11998 7823 11997 11994
6298,8335 10441 5385 12576 6162 5383 8112 14645 2439 2438
6299,9795 15102 12500 10041 13441 13082 8809 12505 8808 4514
6300,14353 7401 7571 4447 7253 11219 11568 4948 1846 7242
6301,1011 4035 10073 13380 10071 13426 8983 4037 8645 10913
6302,13692 7571 9803 13034 10951 13689 13688 12235 6841 13687
6303,13519 12077 11387 12917 4403 4687 4688 4132 4693 12071
6304,7702 13556 12147 11612 11613 11614 10911 13557 7701 4037
6305,14085 10986 13725 1561 12486 1560 14086 266 9830 6670
6306,13585 1752 14672 7630 3044 10435 1751 3043 2560 10059
6307,2820 1166 2742 2614 405 3465 12426 1323 1535 1165
6308,3092 10282 3093 1257 4558 4557 106 3769 4556 10284
6309,15104 15105 13108 7857 15159 10642 3097 1473 13438 1471
6310,13697 14057 10941 9683 9199 11190 6486 8320 6403 14527
6311,2869 1001 1002 1145 1136 1146 14736 1826 14345 3083
6312,9194 7217 6363 12936 7065 12209 4134 1321 5876 1320
6313,11025 5129 1772 4285 2885 5667 9967 9968 9969 5125
6314,12802 4387 1011 12798 6066 12795 12794 12796 12799 2700
6315,1354 6360 1357 1355 2378 2369 2371 9851 2014 4138
6316,5673 1003 14459 11120 13878 4430 2891 3667 1354 12551
6317,8476 11703 11002 2869 3083 12297 10191 6550 2378 8166
6318,8210 13728 14666 8649 14667 13729 7754 7401 5024 7276
6319,2014 10365 9236 1357 10366 6553 2378 12919 12920 1354
6320,6526 8181 11469 3676 9260 8396 8475 6530 12941 6677
6321,9510 14740 5363 10625 14721 15034 1527 3197 2415 14850
6322,11054 4752 12568 7623 12717 13105 15202 15164 15171 2596
6323,323 370 13668 13741 9965 13105 11117 576 2592 12717
6324,12719 12499 13600 13171 13795 13253 10450 13766 2839 11610
6325,4672 11248 10488 13793 13848 14229 10490 10489 9288 13794
6326,4605 2875 4135 8164 4133 15238 4693 9751 4139 2881
6327,8541 9748 9747 11799 11537 8540 4401 1011 11797 11801
6328,13766 14115 4360 7250 383 13600 12719 14116 13358 13253
6329,1354 2371 4138 2375 1357 1778 1355 11777 13573 2369
6330,2725 10892 7539 14118 6764 1809 10251 11692 8676 14501
6331,5006 5005 5007 5008 5009 5010 7660 13530 14722 3719
6332,5452 13567 14057 9085 2296 6333 7499 2151 13697 2830
6333,12470 12565 7408 4700 14739 14311 1127 13741 14708 7643
6334,14764 2881 8296 14762 7014 11273 13212 15156 14546 14763
6335,5793 8844 102 574 2287 4809 9448 4275 565 564
6336,7960 102 2023 11477 3197 12221 2607 4497 2288 9175
6337,4576 15107 14396 14268 9895 9894 14144 11004 11042 8585
6338,10435 10786 9053 4787 1672 14070 2149 11675 6911 7497
6339,383 12253 12311 4045 8386 4759 12091 13766 4497 10527
6340,6596 14162 14475 1993 9263 625 12178 9296 7697 2311
6341,3055 1367 7121 8621 15276 11126 11185 8999 514 15069
6342,7441 12975 7225 12976 10860 7443 12977 150 4640 3524
6343,12617 10037 10038 1883 13381 12289 12171 12293 11211 12290
6344,4657 4655 9361 4656 4648 11368 4645 4647 11369 2804
6345,2093 9470 9473 2086 6347 10086 12838 6053 7956 10240
6346,2093 2086 10086 6347 14744 416 12068 11039 11003 8585
6347,1996 12949 1997 1998 3572 3573 13065 8214 2663 3571
6348,11038 12565 9202 14708 2899 13402 12971 12970 9698 12470
6349,13257 15108 14790 14777 14276 13810 7444 7336 10037 8215
6350,13721 11714 1635 13811 4892 13812 13815 13720 2087 13810
6351,6136 7309 7563 13003 9358 8899 13703 2805 9708 6137
6352,1884 12647 13703 12068 1885 12997 7565 10086 5407 1882
6353,5374 5364 6334 2635 6115 5377 5375 5378 443 2169
6354,6303 7230 7248 2273 8690 2263 8578 12339 922 11037
6355,15109 3716 3784 6111 10084 8636 9004 14381 3717 3138
6356,12182 12274 8757 1956 13608 13432 6099 14772 13996 14795
6357,14031 13432 10918 13433 13532 9760 12172 14809 12997 13527
6358,3572 4056 8214 2663 1997 12949 3566 1996 2662 8215
6359,8617 14381 15109 6128 14035 12870 6003 9430 3784 3716
6360,9759 13382 8096 8095 13 4565 15 12049 13307 14255
6361,8617 14381 15109 12870 14035 12871 6128 6003 3784 3716
6362,9027 14428 9494 11165 8560 147 11198 158 3233 6306
6363,4651 3451 12740 3448 3447 7739 12495 3446 3450 4647
6364,11366 12183 12544 12977 4056 13944 1635 13817 2663 8215
6365,11261 10259 12410 13342 14416 12412 7767 12416 12411 12408
6366,12949 14600 11191 10083 12092 1996 15110 1997 14372 8629
6367,3804 6852 13904 14060 14059 14061 273 14062 3806 9495
6368,14916 14032 14917 14918 14919 6334 3749 5180 9789 12363
6369,13461 10872 9027 14779 13463 14587 5222 14516 10874 10873
6370,8899 12069 14796 13063 25 3712 9571 13064 14797 14041
6371,12877 15112 14578 11184 7124 53 15247 15028 7113 8999
6372,15113 6577 13071 2311 7723 7225 580 11472 13073 3222
6373,14706 12494 14388 14705 13552 14950 14000 1658 14885 14455
6374,3222 794 3596 612 4762 170 6198 611 9781 14717
6375,6874 14900 5116 1956 8288 8293 4877 1296 8284 4880
6376,15115 15116 15117 8708 15245 14120 3222 4788 2626 13594
6377,4217 5758 1247 2761 8918 8240 3222 3692 5757 1248
6378,4426 15118 1396 12668 10415 13016 15045 6047 11671 11960
6379,14396 1489 13848 1488 14891 8572 14937 14278 1481 1487
6380,14320 10215 14306 8999 5971 7898 10921 9052 10078 14826
6381,10095 14582 6280 13682 9407 2869 14458 1859 13737 10934
6382,9350 11631 6795 4594 2787 9660 6269 12417 4057 9012
6383,7993 14436 8140 14834 14833 11400 8860 5709 12412 4911
6384,363 4180 3791 365 1797 364 10905 3792 3790 8307
6385,6522 6523 5044 3309 15269 12434 9924 12436 12435 5567
6386,12233 13435 8852 9147 8083 390 9581 9998 8795 6057
6387,4451 14434 14228 8890 4927 6451 6493 10741 9995 11631
6388,4031 3367 6701 12097 8201 3167 3860 13595 5056 9590
6389,14307 11914 15074 1204 10171 7579 4191 744 15181 13388
6390,7145 13364 11317 9267 970 1069 10718 10303 3773 14661
6391,12748 15120 10701 8057 11219 5717 12156 10353 8409 14153
6392,10558 11873 881 8322 12708 3805 2912 2867 979 9427
6393,7326 4348 4900 4985 10675 1371 164 4901 3234 4891
6394,3811 7344 1796 8452 5834 1101 2309 10176 466 1452
6395,15124 15122 15121 692 15123 11366 7002 12386 14136 8250
6396,9853 2380 12238 2379 2375 2372 4599 11347 11778 2869
6397,12973 10050 11249 14095 14013 11856 4731 11620 12972 11748
6398,1665 11908 9810 9809 2979 10441 2438 5385 5716 1662
6399,14776 2439 12208 3878 6187 7796 12938 4971 6251 12924
6400,1119 8885 8041 9128 8029 8024 1122 14050 13673 1360
6401,12361 5063 4769 11681 3936 4503 9974 11090 12053 805
6402,12043 2672 1804 879 5325 2133 1217 3033 974 894
6403,4424 12031 0 100 53 14163 771 3222 2760 14210
6404,13879 13716 13131 9895 9892 9894 13374 13375 13376 13231
6405,2614 8489 8761 6940 7333 5571 7334 529 2820 3465
6406,3266 1499 1901 1047 8403 871 3267 3268 13909 6317
6407,13821 3561 6137 8105 8090 14255 13820 8095 1886 7962
6408,10369 8671 3016 11174 10227 4943 9007 4238 1491 801
6409,1166 1535 2820 405 12742 5194 3464 2742 13623 404
6410,8428 14944 13521 14068 14972 14942 14456 15193 11287 14705
6411,7611 209 6961 5074 2987 4422 10645 6963 2055 5400
6412,11366 13885 5267 692 14486 14477 12850 5266 14404 14488
6413,618 15065 3200 612 287 5580 5003 13438 6002 1099
6414,4909 13462 9566 12593 12649 8100 158 3330 13463 13969
6415,14986 258 15246 14483 4956 12568 14997 8027 8780 645
6416,4424 11147 12031 53 100 0 14163 771 3222 2760
6417,4132 9308 4687 9406 4688 4311 9302 14545 7147 6356
6418,9111 11210 12649 11209 14787 9110 7 11208 9354 11207
6419,15125 2982 5198 14911 11274 10604 10716 11232 4656 6793
6420,5358 5338 13642 12439 13643 1621 14754 8398 13024 7682
6421,15060 4964 4754 5896 4073 5325 9228 771 4710 5895
6422,12713 3902 9585 12517 9901 8724 9312 9311 9310 9586
6423,3811 14893 4871 1101 11353 2309 11355 9604 1415 5502
6424,11126 12877 3055 13388 14578 58 15285 7124 53 14984
6425,15060 14570 14826 4964 4754 15134 15063 5896 5325 4710
6426,7992 26 2340 2117 5225 8693 8224 6178 5224 11082
6427,2201 14504 715 13805 2457 15072 12668 7904 2415 5140
6428,11787 15126 9852 14225 13568 4036 6360 2887 9192 4133
6429,6327 15127 2059 12200 6331 1761 12090 12089 6844 7782
6430,836 138 7462 7928 5167 7930 7929 7538 11485 6833
6431,9306 4757 13640 13798 9299 11863 11462 15154 8479 8581
6432,10210 12546 8427 15128 10111 5882 8921 8695 3257 4572
6433,5929 15129 8735 14217 8736 8738 8739 8733 8734 1737
6434,15131 13252 13255 13253 1788 9232 1789 10000 14340 9233
6435,625 3407 12178 9296 4756 13517 7304 6596 3222 6836
6436,7399 2139 4237 9064 6999 1807 8450 5523 458 1391
6437,13548 9126 13024 12653 11884 11783 14117 8613 14521 9713
6438,1665 9810 9809 13070 2627 1522 7651 6887 11177 4069
6439,611 4020 5 12093 14453 12032 13936 8324 13923 1128
6440,2319 516 11235 3811 14952 10381 466 323 243 13570
6441,4688 4132 4687 2369 11537 1317 1354 1011 9753 3083
6442,12298 14971 14497 13885 12850 11366 5678 14903 5216 4861
6443,11120 8141 10622 5673 8374 13483 14861 14464 14209 13878
6444,9393 4971 11358 7796 9392 6761 9239 11359 5244 13404
6445,4363 12877 8494 7120 7113 137 6990 81 6572 2155
6446,3017 14743 406 3210 11255 13741 13366 14040 14811 14311
6447,13587 9055 14826 13414 13940 12651 8370 15061 15062 8369
6448,14997 8873 14718 5682 14986 8780 12875 1480 14493 14827
6449,14299 10042 10904 571 14926 1456 10210 2918 14910 15009
6450,13430 5107 7109 14471 14714 3055 3751 14483 5929 14707
6451,13957 10746 15179 3437 15022 2096 9115 15021 6065 62
6452,14555 7124 13587 91 14306 9055 14865 14559 15288 15079
6453,11167 14142 15132 13831 8577 9544 12383 4199 9527 3517
6454,13999 15133 12991 10429 9798 10428 8582 9100 13620 8086
6455,5783 10255 5781 5782 5917 1253 2287 1845 6228 6623
6456,15134 15060 8999 15064 92 14826 8587 53 11097 14851
6457,8999 15134 14826 53 14320 14578 8587 7121 13414 15148
6458,12134 14886 1518 13899 14674 7719 14470 14887 12850 12574
6459,14930 2498 1385 13937 5545 6902 14427 12513 110 14166
6460,5430 8108 14196 13409 2669 1785 3171 8110 14590 2614
6461,2626 10481 10287 15116 15140 15137 15139 15138 15117 8708
6462,10481 12469 15142 15143 2626 15140 15139 8708 14855 10287
6463,6785 9826 3859 230 6244 13640 12041 10867 1467 12566
6464,7249 6415 2958 10277 13854 13144 405 8713 13729 5570
6465,15145 14541 4066 10048 412 2013 2919 2916 7718 15144
6466,11319 11318 12756 13878 2887 10818 11120 5673 13568 6364
6467,6780 8057 15101 10813 1665 13366 7651 11996 9803 10701
6468,14824 78 58 9054 14555 14166 14558 14163 14868 93
6469,9511 15146 7845 14931 14687 15244 14937 2203 11959 14427
6470,739 15147 3790 14852 14555 1490 1880 7301 3600 3792
6471,3021 3160 14427 13033 14929 14166 12513 14930 15230 13134
6472,8164 1721 4133 4605 15238 9751 13665 9625 7015 4137
6473,8999 15148 7121 11185 15248 14951 14690 14163 15069 14560
6474,1883 12617 7909 14783 9026 6099 14797 12091 14066 13462
6475,11405 3019 14136 14512 726 14200 11403 14711 692 11402
6476,15149 9913 11139 10574 4608 15113 13747 7290 13298 14456
6477,1532 7993 8860 6378 5365 15264 13627 2614 14436 11112
6478,15150 3828 11366 3835 1181 3834 3836 3824 3833 3832
6479,11904 11669 10910 12191 7400 11935 5397 11905 11748 3989
6480,7855 6784 1126 6502 13416 12985 10986 6236 14533 9830
6481,14128 14344 8176 10653 2230 8462 3691 9341 2189 349
6482,7002 15059 15119 14143 14911 15168 6622 15121 15123 7171
6483,2614 15152 5998 2742 2820 3465 1532 13578 14323 1529
6484,15027 14736 1724 2869 6432 12332 12934 11385 10461 7785
6485,14234 10696 13914 12648 6796 10874 14467 10873 7759 11210
6486,10701 8057 8409 14616 15120 12748 10813 5717 15026 12156
6487,6788 2567 4909 10080 14413 14164 13974 4713 11187 12480
6488,1532 9784 15153 2614 2820 11112 404 3465 405 8904
6489,8899 13064 9348 10959 13067 12618 9574 13916 2793 13463
6490,14699 1436 664 1620 8798 11080 15021 5276 2729 3090
6491,4437 4978 15057 4199 10606 2063 380 8748 2739 14221
6492,5896 4966 13184 4964 4073 5895 9228 626 7302 10337
6493,1516 11424 859 8038 9497 5972 1517 3055 11126 419
6494,12748 12717 7937 12234 10701 11219 12338 15120 8840 14860
6495,15101 13685 6567 3483 11186 13737 13736 9410 9409 2009
6496,8479 5281 11148 2643 8419 4288 9774 8195 6872 14348
6497,13065 3573 7560 4882 7558 3567 10242 9372 3565 2797
6498,15106 13101 15156 13557 2869 3486 15155 15235 11273 9307
6499,11382 14218 10998 10999 10952 11000 11350 11987 11028 5845
6500,5552 2709 9779 4756 3711 11462 3249 625 11460 3255
6501,4909 13399 13484 13462 13463 8302 12585 982 6788 7100
6502,14775 3896 8087 10976 11042 14770 13819 8093 12277 12613
6503,5084 8453 6381 2767 6959 1567 10471 458 11934 1238
6504,1880 6445 6473 1033 3037 499 2241 3500 2547 3402
6505,9367 9779 4406 1989 11461 10039 11462 2936 9071 6022
6506,9348 11544 12066 14377 13073 13064 8899 14798 13072 11472
6507,1665 9809 6781 14219 14732 14340 13887 9803 13617 9810
6508,4736 5042 9319 5012 8757 6636 2566 3186 2021 7332
6509,323 1028 11328 466 794 1206 128 31 30 3811
6510,8591 10382 10383 3662 2325 117 15029 15028 8999 2130
6511,3055 11126 13626 4820 6791 15247 53 3056 3058 3059
6512,1047 2168 5618 5612 1297 6020 5620 357 5621 8288
6513,1583 4295 6962 4828 593 598 1581 1582 1580 1579
6514,5246 12928 11475 12927 6513 14732 7171 11152 13951 13267
6515,10373 10372 1558 9323 9324 12236 155 10371 12860 12165
6516,10821 12159 13286 11249 14959 14161 11620 7801 2108 8145
6517,8526 10898 3040 11755 13932 9287 1166 1133 1549 9288
6518,2457 1201 5090 4219 7054 5225 1206 4223 128 3916
6519,10917 9015 5331 5332 13900 13040 14077 14075 3482 13114
6520,12655 12211 7784 11721 4597 4137 13621 3083 1011 11722
6521,11813 1870 6470 150 6275 3289 11016 2037 9286 10985
6522,13954 14985 11254 5253 6716 5732 13681 9407 4398 12624
6523,15162 15161 1799 3074 4306 274 568 7952 7096 723
6524,49 10086 10407 7844 13051 11945 14025 12068 12647 2093
6525,13954 13681 5732 9407 12624 2011 2010 4398 5253 3005
6526,13590 3442 2881 8164 7057 3083 6553 6360 8166 9303
6527,4973 11113 13571 296 10664 7184 2584 56 82 38
6528,12875 14493 9319 14718 9306 2206 14827 8873 13640 11863
6529,6103 15128 1187 11132 6152 8518 6104 5837 7996 4230
6530,5222 1636 2793 12171 637 14451 14780 3274 2480 11544
6531,53 15163 11883 11911 14578 11884 12877 7124 3055 13420
6532,1166 3464 8526 2820 11755 1535 2742 3465 404 13932
6533,11257 8554 3808 10494 1102 4011 9986 11146 3804 3809
6534,12470 12129 7643 1554 1874 1127 7649 12565 9963 7888
6535,13108 7857 15159 3097 15105 1473 10642 1471 15164 1472
6536,12620 14274 12689 15088 11271 11865 11216 12784 635 4003
6537,11384 12385 14956 12741 14169 13647 13673 12333 14013 9961
6538,1367 2804 1496 15276 13022 4653 7128 4660 13891 4650
6539,115 1901 82 8695 871 868 1047 1900 1390 857
6540,8948 1613 3395 796 1732 7972 5202 1219 1131 14159
6541,10310 1456 3696 8975 3473 3206 600 1574 2773 2780
6542,6789 12418 1796 6576 7824 11824 14809 14043 14045 13342
6543,11405 14136 12497 692 11402 14512 15230 693 14200 726
6544,794 149 476 3574 4462 5581 7580 3222 6411 466
6545,15051 15119 15168 8130 5376 13047 15059 7002 2393 8137
6546,11124 14361 9522 9116 12103 14146 693 15175 14448 11125
6547,2741 6120 12198 2742 6416 6124 6121 5998 10207 2614
6548,9143 15046 9241 12600 7205 11291 10247 233 15260 7719
6549,9348 14377 2788 4713 13073 8274 4718 11472 13072 13071
6550,618 385 3144 612 2313 611 383 287 5580 386
6551,2597 7687 14628 160 2598 2596 2594 2593 2595 14627
6552,15166 6280 11197 14371 14658 14164 15165 13160 10095 15110
6553,13703 11128 8899 2805 14795 9358 9101 7309 9708 14796
6554,4594 14770 9558 3896 9559 6795 9560 4644 4642 14775
6555,14659 5565 12366 5566 4642 4644 12365 5564 5563 3894
6556,13361 15167 13306 1636 14451 14798 11544 11944 1637 13809
6557,5332 3482 5331 10917 5327 3481 5328 5326 9015 1882
6558,14453 12093 13936 1128 12274 5 11844 12182 8757 11363
6559,14783 12091 14076 12999 7909 12253 9101 14075 14077 1883
6560,10542 14683 10872 8295 1869 4815 1162 3237 4901 88
6561,13256 14022 1883 6796 1544 8420 9026 10918 10012 6099
6562,9814 11850 2010 642 2011 11022 9426 10899 1129 9960
6563,12182 12274 8663 8757 12993 8634 13608 13432 6099 14772
6564,11427 13382 11199 11426 844 4644 5071 11174 2897 13
6565,12748 2015 15120 10456 10701 11219 10353 14153 12304 3012
6566,13944 13817 14624 12967 11165 5557 13818 9772 13814 4056
6567,4594 6795 9350 2787 9558 9559 4641 14770 6797 4644
6568,13399 10456 12998 13527 10918 10721 14071 1953 11200 14789
6569,5351 11143 9590 12421 8376 2174 4850 11145 8195 11144
6570,13520 7699 3801 8421 5784 7700 14441 14961 14530 15009
6571,15168 15059 15051 5376 15119 13930 1394 7002 699 2514
6572,3060 3061 14840 14993 3062 15013 14578 15012 3057 3058
6573,6622 7384 8575 4671 6476 13892 6520 2979 13365 14429
6574,11120 11776 12866 12147 14038 13590 13992 5673 1317 13483
6575,1778 11352 1320 2375 6362 9192 1779 6363 1319 6361
6576,3723 11837 2945 10016 1103 10572 12327 2101 4498 5271
6577,8491 8596 14892 13002 12582 12198 5326 5982 12200 4356
6578,771 15029 9223 14825 14668 14849 14163 5517 15060 15028
6579,11373 11378 11377 8501 11376 2507 8793 11375 7769 174
6580,4035 5535 1140 1148 5530 4037 5532 1011 1141 13380
6581,1532 14262 11470 13613 4840 14416 14892 2614 13611 11112
6582,871 7696 5732 11383 3015 14692 1901 176 879 8403
6583,611 618 578 3213 8397 287 5601 1374 6002 7865
6584,4956 14635 8737 14986 7359 7531 8661 7082 225 8738
6585,15045 4426 13016 15263 14163 12427 7159 58 7124 8999
6586,8935 6084 9834 8352 11960 3930 2290 3221 6381 4090
6587,15031 3141 4712 2959 14408 12503 11868 12783 11046 12150
6588,10931 5987 1752 10930 2735 4225 4568 1521 779 328
6589,2869 2875 4139 2881 5447 10199 2883 1826 7554 4132
6590,8479 14669 2310 11863 14348 11818 9306 15154 4847 740
6591,8659 7040 7311 4232 5074 8865 452 1201 6215 6222
6592,14384 14383 12081 6228 692 2897 7447 15040 6150 6702
6593,692 13050 14214 14213 15086 8525 14209 15169 14901 11366
6594,2442 4590 4589 9879 7654 12761 12760 967 966 9880
6595,5205 5466 5795 7409 11973 10225 11602 11481 8221 6650
6596,9390 5079 1685 8742 1568 4353 6964 579 12533 9048
6597,12065 11384 14891 12312 8272 10082 12697 13 692 14923
6598,2614 1532 3465 2820 2742 5998 8869 1529 1323 7224
6599,15100 15171 4126 4752 9842 11054 4966 5709 15172 5113
6600,12850 13885 11366 14538 5267 5268 14506 14938 14537 14887
6601,6617 1840 13214 6621 9226 10561 11567 6619 5486 6622
6602,2705 8409 6160 10701 15026 5196 8057 2008 7001 2301
6603,1011 10091 4616 14269 3085 6739 7099 11102 13981 8849
6604,14764 9406 8296 14762 2881 14545 3486 14763 15156 13556
6605,14688 14887 6581 10384 12574 14689 12134 12850 257 7177
6606,14887 14688 12574 12134 12850 257 7177 4206 496 7608
6607,10125 5917 633 5904 632 9327 9326 9325 14378 4083
6608,15000 5225 3403 2498 7631 1395 3405 1463 14718 7398
6609,8238 13057 4742 5499 14502 14967 15172 562 10558 8614
6610,12850 13885 1061 11366 5497 14538 8693 7462 5267 7463
6611,8999 7121 78 14163 9054 15148 14166 91 7124 1368
6612,12254 12164 7470 5788 11575 14505 13761 14671 6935 8866
6613,8769 11300 3939 5888 551 1667 7840 7211 9844 6682
6614,14986 4956 15246 14997 8780 645 258 7082 225 14635
6615,14996 4557 7841 13852 3977 1257 2915 10652 886 4467
6616,9051 2291 4090 6902 7717 7848 2294 846 2290 10078
6617,14299 14926 14910 15009 2595 14388 8421 6079 10904 8407
6618,14209 14561 14276 12206 8456 15173 14596 14286 14790 15108
6619,9588 9789 10169 5180 4519 7489 7373 2569 851 4411
6620,3578 3401 5764 3579 6837 12832 876 12329 9364 7293
6621,15174 7050 4191 11441 4853 10171 10504 9119 14089 6861
6622,7014 7015 1709 14571 7013 4062 14236 7016 14445 8164
6623,12850 14887 13885 7177 11366 11767 14538 7179 5268 7180
6624,12825 1532 14811 3465 8904 14812 15032 2614 2820 11122
6625,478 14539 173 8950 14548 476 14694 466 1213 794
6626,1452 1796 12320 14140 11758 1397 126 9265 176 9318
6627,8971 1732 9061 3134 12144 10517 848 5956 2781 4353
6628,4447 11219 14353 13409 12748 8316 6537 11218 7264 12304
6629,4434 6951 4630 12537 14582 4755 12670 3877 13542 12669
6630,1390 868 1901 871 4 3441 1900 1570 3440 3439
6631,5938 7847 12321 14704 9989 15175 7849 10552 7848 9242
6632,10552 5938 12321 7847 2332 11366 15175 6834 9221 14704
6633,12321 5938 7847 14704 15175 14490 7849 10552 7848 995
6634,11366 12321 5938 13885 7847 692 15175 5267 995 14486
6635,15175 5938 12321 14496 7847 14361 14146 10552 14704 11366
6636,12321 5938 7847 14704 15175 7849 10552 14490 7848 995
6637,14496 9026 1883 15175 11366 14491 6099 6196 5267 13256
6638,11366 13079 13885 692 5267 14486 14477 12850 5266 14404
6639,15175 14496 11366 9026 14361 14491 14146 6196 5267 5938
6640,11366 14477 13885 692 5267 14486 12850 5266 14404 14481
6641,15175 14496 11366 9026 14361 14491 6196 14146 5267 5938
6642,5267 14491 14496 11366 14479 13885 9026 15175 14486 14506
6643,11366 14496 14486 9026 14491 5267 15175 13885 692 5266
6644,15175 14361 14146 14496 1700 13961 2008 14002 14314 11649
6645,11366 13885 12324 5267 692 14486 14477 5266 12850 14404
6646,15175 14496 14361 14146 5938 11366 14485 14486 14481 14752
6647,13885 12850 11366 14480 14488 5267 5266 12298 5268 14131
6648,14481 15176 11366 6077 14486 14499 4339 5266 6072 6076
6649,13885 12850 5266 11366 14486 14485 5267 14498 14491 14479
6650,11366 5267 13885 692 14491 14479 14486 12850 5266 14496
6651,11366 14532 13885 692 5267 14486 12850 5266 14404 14477
6652,11366 14491 5267 13885 14479 14496 14486 692 14477 5266
6653,5267 10210 8427 11366 3257 14491 10042 4875 14479 2918
6654,11366 13697 13885 5267 692 14486 14477 14527 14132 5266
6655,11366 1181 13885 692 5267 14486 12337 12850 5502 12201
6656,11366 692 10552 12386 13885 5267 14486 14479 14477 15082
6657,11366 12528 14913 14838 14486 13885 14366 5267 14485 14481
6658,11366 14481 15176 14499 14486 13885 692 4339 5267 5266
6659,15177 14508 12338 7937 14860 14424 14242 11956 4105 15026
6660,15178 15144 4066 10048 412 15145 2919 14541 2916 2013
6661,10552 6834 2332 11366 692 5938 14485 4324 9221 12974
6662,15179 13957 10746 15022 2096 9115 15021 6065 62 3437
6663,5163 5170 4126 8513 15171 9427 8514 14897 7204 7203
6664,4016 14055 11260 2930 5862 4568 5163 8870 11259 10050
6665,11366 13885 692 5267 14486 12850 14477 5266 14404 14913
6666,11366 13885 692 5267 14486 12850 5266 14477 14404 14913
6667,11366 14486 14481 14499 15175 13885 5267 14485 692 5266
6668,11366 14485 15175 13885 692 14486 14496 5267 12850 5266
6669,11366 12785 14486 13885 692 5267 6903 7716 5266 14481
6670,11366 13885 692 5267 14486 12850 5266 14477 14404 14913
6671,11366 14485 13885 6834 692 10552 14486 5267 12850 5266
6672,11366 14897 476 5170 5266 3126 14498 202 13885 692
6673,11366 13885 692 5267 14486 12850 14477 5266 14404 14913
6674,11366 11050 13885 692 5267 14486 12850 5266 14404 14477
6675,11366 692 13885 14486 5267 12850 12386 5266 14479 14404
6676,11366 13885 692 5267 14486 12850 14477 5266 14404 14913
6677,11366 13885 692 5267 14486 12850 14477 5266 14404 14913
6678,692 11366 14491 5266 12386 14136 15082 8250 15083 11405
6679,11366 13885 6467 692 5267 14486 12850 14477 5266 14404
6680,11366 13885 692 5267 14486 12850 5266 14404 14477 14481
6681,11366 14486 13885 692 5267 12850 5266 14481 14913 14491
6682,11366 13885 692 5267 14486 12850 14477 5266 14404 14913
6683,12850 13885 14480 14486 11366 14538 5267 5266 14481 14479
6684,11059 7115 3019 9223 11366 1755 6259 5347 108 13587
6685,8882 4345 10135 12429 4852 10481 4352 4455 13903 5335
6686,7233 1585 8891 1523 10658 7232 5986 11690 5887 3168
6687,11405 693 6725 14136 11403 692 14512 14383 11402 14200
6688,14959 279 6345 11237 13640 10821 7020 6114 13798 280
6689,11124 3798 9116 11125 11126 8871 9522 2430 14240 12103
6690,14835 11700 8221 6202 1728 10836 12049 9511 9966 10834
6691,14564 15180 14565 6881 15074 7898 8992 10200 13511 4756
6692,14042 14233 2089 14515 9960 14232 12094 13073 10978 11096
6693,13207 14193 8564 1379 1380 14153 10496 14181 6298 13266
6694,14555 14449 15288 14927 14852 9054 7124 739 12427 14843
6695,14555 15288 14721 14852 14449 9054 7124 739 12427 13215
6696,14941 3793 13752 14162 1302 2520 13920 7252 14904 5183
6697,15181 4191 13588 1204 14162 14278 10171 14307 15074 11914
6698,14162 14941 4191 9263 1993 6596 5581 14475 14933 14709
6699,14166 9052 14929 8999 3021 9054 3906 1374 14427 14930
6700,14706 14705 14942 8428 14707 14885 12494 14388 3805 14478
6701,9055 12651 2391 10011 13587 4631 12409 10979 8507 6766
6702,9197 11734 8012 4182 133 9947 14001 10982 8460 11156
6703,8666 15182 2598 3548 13836 2596 2594 2593 2595 2597
6704,9014 11973 776 4468 3952 794 4406 9349 1182 6958
6705,4591 14716 14141 11965 15281 13318 12837 9465 7141 4515
6706,10042 10210 2918 8427 2925 14299 3257 9442 5143 10763
6707,11654 14227 4474 7012 6495 6543 2930 13933 1306 10106
6708,13836 2598 22 15182 2596 2594 2593 2595 2597 14224
6709,14925 2637 14741 8488 7188 11919 5522 6153 2118 12189
6710,7124 13912 8999 1351 14559 10715 4426 9054 12877 14555
6711,14821 14822 14592 10833 10115 10834 11731 15252 6202 14940
6712,1855 6544 8444 12296 4753 4962 4964 6543 2534 1840
6713,8143 9578 14970 11564 1665 9430 14329 8034 11006 11007
6714,9055 8413 8762 2154 15255 13587 13891 12651 2391 14865
6715,8999 15184 14555 14620 11820 91 14081 15288 14550 14166
6716,5412 138 11485 9613 4384 4729 12822 4863 15229 14418
6717,611 8335 15020 11939 11936 10421 11937 11938 9955 11230
6718,3548 8666 15182 656 7256 13208 2598 3163 6816 6815
6719,14163 4426 58 8999 12427 10715 15045 13016 14668 1368
6720,14834 14833 14436 11400 5788 5709 10011 7993 8140 5113
6721,1885 8323 5572 11968 7349 1884 13532 4701 585 14158
6722,15185 14953 10183 10985 23 8 3134 9030 154 2216
6723,12875 14493 14718 9319 9306 14827 2206 15029 14825 8873
6724,14132 14527 13697 5016 14057 6610 11366 8995 14723 9683
6725,6780 8575 9803 1665 10810 7651 6520 6622 7384 6781
6726,14522 15026 14095 2301 731 14281 8409 13832 6620 637
6727,641 610 614 6509 9790 7748 604 643 642 10353
6728,13924 13673 11554 12659 13647 14323 4048 12664 12660 12661
6729,692 11405 14136 693 11402 11366 12386 11403 14208 14383
6730,13943 13892 14563 13350 6622 11888 2730 6397 13046 10109
6731,6622 15186 9239 6761 11358 8016 11359 15070 1124 9392
6732,13182 11405 14208 11402 692 14136 11403 726 14512 693
6733,8016 9239 15070 11358 6761 15186 14266 11359 6622 3429
6734,12254 12164 6614 14502 7470 11575 14730 14731 14505 13761
6735,14329 14970 9430 13018 8408 10484 14854 13132 14526 14616
6736,14465 15187 14652 14168 11737 14466 12837 13627 3893 6717
6737,9228 4964 5896 4073 5895 7744 7745 7012 645 15060
6738,8007 8133 8132 8027 14666 5376 14667 9190 2393 8137
6739,14209 15188 14213 4450 8459 14596 8127 14595 13680 14214
6740,13265 13690 15186 5161 1783 9713 2409 13069 4567 9557
6741,14008 5352 15262 13694 12162 10716 11665 12590 12987 5356
6742,14209 7256 14596 11962 14595 13680 12440 14286 14458 14213
6743,6622 2108 6761 6189 1380 13892 14206 2979 6615 13420
6744,1379 13207 1380 5248 10992 11889 8443 14193 1375 1376
6745,8666 3548 13208 7256 15182 2598 2914 11962 1115 9837
6746,3019 7115 108 9223 11405 45 11059 6259 3240 3018
6747,10821 14959 8145 279 13286 14205 11237 12159 6345 2108
6748,14563 13943 13350 13892 2730 11888 478 10109 6397 14961
6749,6622 6617 6619 6621 5486 6616 2108 6611 6615 6610
6750,14213 6991 14209 8020 14214 15169 13050 692 8525 1339
6751,3771 14517 13949 12901 7984 10906 14873 8134 10766 4960
6752,5788 8145 12474 12471 12473 4450 10821 6497 9657 14205
6753,10786 2149 7497 5897 3886 14070 7494 12352 49 10122
6754,15189 11632 14579 7220 14364 1845 11796 7528 12237 8999
6755,14143 10011 14667 14911 7002 857 14666 14833 2391 14834
6756,14528 11786 7401 1846 6171 7664 1111 11593 11649 1700
6757,9842 15100 15172 13602 6952 15171 14565 5709 5113 4966
6758,6516 8914 3254 1201 8220 7083 1552 8927 8919 341
6759,7222 10626 7253 3079 1863 6887 9235 3077 12333 13483
6760,15189 11796 11632 1845 7528 14579 11912 11911 9808 717
6761,13388 11126 11914 9610 4153 14839 10891 14686 14841 653
6762,740 14907 15190 14906 14979 14348 14163 1351 12084 14089
6763,8999 15148 7121 11185 14163 1368 9054 91 14951 15069
6764,8617 14035 13383 7443 13780 12601 13720 14381 4718 14788
6765,14660 259 924 14573 14861 5369 3771 9799 9778 9777
6766,12850 14711 13885 11366 1627 14538 5267 11405 5268 14506
6767,1694 14883 14229 1695 1699 1698 1697 1087 1696 14884
6768,10701 5717 13179 12748 15120 3665 7938 8409 2652 7990
6769,9989 14704 10380 9242 1500 15287 7847 14080 5938 10381
6770,12850 13885 14538 11366 14938 14264 14973 5267 5268 14222
6771,7719 14674 14886 14470 15260 9143 14490 6589 6766 11217
6772,14509 15191 5972 13227 9497 794 787 463 1516 4764
6773,871 1901 857 868 8403 1900 1047 1390 115 879
6774,12850 13885 11366 14538 5268 14506 14938 14537 5267 14887
6775,15192 10169 12085 14729 5273 9588 12084 12064 6836 5049
6776,14329 13132 10484 14970 9430 13018 8408 14616 242 14854
6777,14538 12850 14264 14973 14938 14415 14222 553 12134 13262
6778,8428 15193 11287 14068 14972 14456 14944 13521 11288 14705
6779,8397 7643 1127 7888 12470 7649 6488 12129 10444 10443
6780,8999 15134 15064 92 15148 7121 11185 91 14163 15254
6781,7572 93 14618 14547 14558 14866 12305 6097 14163 6779
6782,7229 11932 12483 9486 5023 10668 14694 15199 5405 8058
6783,12850 14538 14938 13885 11366 14264 14973 14222 12134 5267
6784,14306 14320 10215 12206 1858 5971 10745 7898 14869 14826
6785,5107 11668 11666 14952 14224 14157 13430 7109 5256 5976
6786,2804 8374 8141 342 13022 4653 4660 4650 11370 11368
6787,3213 10893 14620 7230 611 2131 2548 1618 651 235
6788,14565 13602 11026 14564 10200 9842 13511 4756 15172 5019
6789,58 11126 15285 14824 14163 14742 14980 12427 14604 14605
6790,7898 14564 6881 15074 8992 740 7865 106 5971 10541
6791,8999 14320 15148 7121 11185 14306 14869 14826 10215 15248
6792,7898 10215 5971 6881 10921 149 14995 14564 15074 5541
6793,3617 3616 15054 3912 3615 1171 8020 12558 9084 12561
6794,14974 1904 11026 1697 4336 11027 8760 14975 1576 10608
6795,9056 14904 9300 8588 9260 13920 14426 5183 14941 14389
6796,15173 14286 14285 12440 14209 13896 14561 5190 8456 14276
6797,1697 8459 8123 14974 8121 14163 1695 1694 10516 4532
6798,692 11366 13897 13896 12386 14136 15195 8250 11405 15082
6799,15194 4379 11311 11314 11313 11312 3097 3609 668 8455
6800,1858 15195 13897 14306 13896 12206 6106 11126 1859 1863
6801,1858 13896 15195 13897 14306 12206 14285 692 13894 6106
6802,91 2083 2084 12711 2085 8999 1367 11370 14865 14555
6803,13896 1858 13897 15195 14306 12206 14285 692 13894 6106
6804,692 15196 14637 11366 14823 12386 14136 11405 8250 13838
6805,2013 13896 2134 4803 5265 7467 5174 7718 6582 13897
6806,9698 2424 2899 9202 8474 17 2397 12650 8507 8128
6807,14561 5683 14443 782 692 177 5682 8456 14276 970
6808,8054 714 11307 8456 8055 8021 10820 14417 14102 14561
6809,14074 12841 13813 14075 14077 14416 14076 9015 2018 13997
6810,15134 15060 14826 4754 4964 15063 8999 5896 5325 15064
6811,6622 2108 13892 2979 14206 6619 5486 6476 11384 6617
6812,6622 7002 14143 14911 13892 15121 2979 11384 2108 6476
6813,15077 6971 8241 9531 2950 14781 9573 4484 7240 3541
6814,15197 13653 11781 14365 5923 11177 13652 11105 6072 9640
6815,1222 11711 7936 4358 11241 710 1837 11574 4851 11355
6816,11473 13699 10820 5096 113 9359 10662 5097 4122 15274
6817,9220 5110 9895 9894 9461 9462 4722 9892 5103 5102
6818,1855 5325 10414 773 12296 14714 11322 14443 4964 15060
6819,14143 7002 14911 857 15121 6622 15123 7141 7171 10604
6820,14143 7002 14911 857 15121 6622 15123 7141 7171 10604
6821,4591 12837 7141 14716 857 12838 11965 14143 14466 11737
6822,10765 12083 7271 10766 6222 10764 7277 6831 3730 10763
6823,630 7457 1332 12547 6220 4541 12059 7580 13808 8299
6824,15198 10028 14789 10031 10030 6839 7809 7963 5158 10033
6825,9666 4598 9547 9548 5535 6432 7785 3415 1011 10913
6826,7229 15199 10865 7249 11932 5431 9486 10208 13959 5405
6827,8299 7457 12059 12009 12547 630 6220 4541 13943 1332
6828,15108 14790 14276 7336 13257 14777 13810 7444 14955 14561
6829,58 11126 14824 15285 14163 14742 14980 12427 4426 8050
6830,771 9223 15029 15060 14849 4964 4424 100 53 14163
6831,8272 12689 14493 8581 14102 4934 14923 12065 11384 15088
6832,14565 10200 14564 13511 14487 4756 15180 5019 13602 3898
6833,11054 15202 15164 2596 12826 12502 2598 2594 4752 2593
6834,14393 14693 3771 2678 14955 14694 11711 11402 3895 692
6835,10986 5788 7678 9830 9331 9999 11884 11883 4450 7855
6836,8407 10495 15009 512 8421 14910 1102 8554 4011 9986
6837,14441 3801 14004 14530 14961 13520 8421 5784 14909 14908
6838,15203 14297 6691 13547 595 603 15206 10300 6054 12663
6839,15003 3061 3062 9818 14840 9819 14993 3060 9821 15012
6840,9052 12015 14166 14869 14320 10078 14221 9054 4437 10921
6841,14209 14596 14595 13680 12440 14286 14458 14213 11120 12251
6842,14596 14209 14595 13680 12440 14286 14458 14213 14285 11120
6843,14596 14209 14595 13680 12440 14286 14458 14213 11120 14285
6844,11549 15067 36 13013 1367 5787 3178 9134 13173 13174
6845,14840 3061 3062 14993 3060 15003 15012 14988 14989 14990
6846,14586 14524 471 11440 2659 13831 14426 360 8693 2340
6847,611 6825 10421 15020 11939 11936 11937 46 11938 383
6848,15204 7313 15084 14272 15007 13412 9920 1918 8048 12514
6849,11147 11758 5376 11140 12694 15051 15168 11773 6674 13406
6850,11863 9306 8479 15154 15205 9319 1500 13640 13798 14348
6851,3744 4894 4988 4717 3186 9495 338 9494 4922 9493
6852,5222 10356 11190 12277 10603 6140 8903 3318 13735 10359
6853,1160 3288 650 1161 3328 3826 3359 2484 649 10430
6854,1963 6050 853 6051 4366 169 803 2652 5073 6049
6855,14363 10554 6339 1145 13237 11350 1136 4596 14440 11891
6856,15206 15207 5527 7428 8816 8999 5488 634 9706 4816
6857,7697 12543 7152 3538 4052 7907 1452 5739 2448 2777
6858,14764 15208 15209 14763 12632 15155 2443 12760 8269 4991
6859,1456 235 234 1619 1618 1617 11087 14299 14120 1622
6860,6143 10404 4276 12050 10158 1505 8819 3653 10397 3988
6861,8808 15210 14877 13635 13441 1475 14662 14328 10733 12883
6862,10524 10525 10523 12584 1532 13904 14684 8427 12172 13307
6863,15088 12620 12689 12784 11271 11865 14274 14430 14742 13977
6864,1917 10905 9526 661 3132 363 5669 9665 10904 1914
6865,9991 666 5960 10470 2182 7243 5025 4335 4186 3976
6866,5244 5243 8025 11357 11358 11359 6761 9392 9393 1124
6867,1987 9294 9458 2260 3413 2259 7080 6970 1273 7041
6868,14443 5683 782 764 773 970 14967 14561 5898 14442
6869,3055 8999 3053 8370 3058 3059 3057 3056 8369 15061
6870,6725 3893 6717 15187 14652 6719 6718 8517 6984 8897
6871,15216 14810 12797 13337 13390 3587 13342 1071 1079 1737
6872,1001 2876 4416 3843 1826 9194 7554 6364 1002 10818
6873,3667 7065 7078 2999 1003 9193 3074 9536 3688 3666
6874,14283 11347 6431 4661 3001 1355 2615 1354 1357 6799
6875,14388 10537 6762 7965 8061 1008 2028 9933 10759 5838
6876,9249 4985 6675 11044 2079 5742 9372 9648 6637 11844
6877,9532 973 3800 146 13909 12512 1865 3485 8376 15019
6878,10275 4818 2809 3377 5825 2961 9719 122 4635 9861
6879,12261 2875 15049 1151 11102 1711 6067 1723 12146 1709
6880,5613 888 277 11856 10022 228 13130 3970 12423 8259
6881,560 1145 13723 1136 3842 4137 13238 5367 7057 1146
6882,113 7123 1351 15274 15273 7117 11473 13699 14307 7127
6883,1572 1943 506 13454 9491 7152 11269 170 14396 11268
6884,101 3219 14898 15013 2774 15233 15270 1808 14579 14578
6885,15218 15217 15170 15219 15169 13736 15220 9418 11252 8525
6886,6550 8253 10192 1357 2369 12561 6551 1354 6360 1011
6887,1532 14359 13711 9784 13482 8808 11111 12744 2614 13351
6888,10085 10695 14770 10694 13114 12276 8275 9558 4594 14398
6889,7065 3442 1317 12629 6809 15220 3667 12630 15217 7078
6890,12212 6770 701 12909 8958 7705 4309 9832 6803 7707
6891,15222 3148 5540 8697 3811 3943 10512 10511 11273 9605
6892,5786 4636 7000 5787 4992 3237 11868 4991 4885 5215
6893,14752 14352 10560 12439 13642 13643 13741 7264 12522 7940
6894,4085 2798 9715 7398 9265 1759 1287 14861 1993 9273
6895,3903 7452 1058 7910 692 3347 10500 5952 3899 3907
6896,2614 15224 15223 3465 2820 2742 1532 5998 14408 13578
6897,11713 547 2063 7646 10891 13388 1367 10715 11126 12931
6898,6596 176 7696 14692 7697 1452 2448 8994 8704 13843
6899,10007 5703 5384 10441 13392 1211 9218 2439 5701 5702
6900,1957 4452 7182 6002 3149 2321 3213 46 7181 640
6901,15225 14500 13993 14449 1133 12015 1455 11139 14243 14927
6902,5322 994 15092 12829 6984 12324 5324 6580 7913 11364
6903,611 9781 10421 488 383 3213 6825 11939 11936 11937
6904,1949 9060 8926 10559 10483 4417 8969 1865 12512 8131
6905,1532 1533 13329 2614 11112 2597 8904 2742 3465 405
6906,2404 14641 12899 4421 11941 12276 8084 12900 2403 2401
6907,1345 11821 3150 1346 6713 7334 7333 3892 13317 8398
6908,13783 3613 13317 9337 5096 5137 9024 7657 14093 9820
6909,14986 4956 15246 14997 8780 645 258 14483 12568 8027
6910,11804 9529 6381 5083 1967 420 2937 4364 2778 8744
6911,6622 11384 14889 14205 13892 553 13183 14462 13365 13262
6912,14430 13977 3055 14933 9056 12689 3037 8588 14210 13953
6913,769 2448 4020 770 2106 7680 176 2771 13923 476
6914,13535 11221 613 9393 5373 284 13184 13424 560 4964
6915,101 1367 13414 15226 7128 7159 14898 15276 13952 7123
6916,11985 585 245 6638 1581 1732 1095 6365 1024 7931
6917,13850 13439 10730 2959 13440 10040 12111 13009 6572 13216
6918,5579 5578 2953 6332 13907 5258 5580 4925 1690 466
6919,13408 13972 11295 8620 6869 10316 1872 14175 10153 12297
6920,1859 1860 14458 13737 10095 1863 2379 13992 12551 2375
6921,466 2024 10294 3104 3196 4221 607 6854 2168 476
6922,8704 9313 7763 6831 8716 3468 7448 8194 3135 4712
6923,5502 226 3551 1101 12201 1181 3811 8110 14590 2736
6924,1443 1460 6963 3441 8070 3196 1638 6961 815 1968
6925,9222 8260 3754 1463 14928 11815 10666 15227 3755 12921
6926,11043 12467 13069 10960 11047 12468 9705 10218 11046 5457
6927,8661 8737 7531 8662 163 8660 7340 6033 8738 5247
6928,5594 7394 3942 1836 6191 2097 2102 2122 3500 6638
6929,169 46 2960 149 5984 15254 712 466 14905 165
6930,10640 14857 335 7234 8977 9373 9374 9375 321 313
6931,8999 14404 15228 8377 7124 3177 3176 13912 53 3178
6932,8494 15043 4363 137 7120 12877 81 7113 15042 1540
6933,12941 705 3242 11854 4807 240 11469 2266 4568 6563
6934,5791 131 10547 5792 67 3501 8307 9252 27 363
6935,1544 3332 1623 13256 10012 1883 14022 6796 9770 8420
6936,13002 13054 5326 5328 13485 12198 2833 14892 12200 12582
6937,15204 15007 14566 14543 7313 15013 14475 101 15002 13920
6938,8702 1028 12483 1988 14721 14720 3180 14415 14719 14220
6939,15229 14418 383 11485 3471 1660 6523 4660 1204 3910
6940,1532 14324 1533 8904 11122 13329 2614 3465 11112 2820
6941,1839 10278 3404 13194 12322 14305 9762 3393 3403 555
6942,9802 2304 14419 3500 2191 105 3308 9928 325 15012
6943,6622 7628 7625 9965 5446 11384 2979 7629 13892 8059
6944,14904 13920 692 14426 14941 14862 5183 12388 14389 13670
6945,15230 14136 739 13670 3021 2142 7113 14852 14929 5516
6946,13037 5109 14881 14857 8597 13371 8964 7442 6371 8058
6947,3112 6870 1097 6910 3739 2323 5411 9081 2304 7814
6948,1320 1319 1779 6362 1778 9192 6363 4060 2375 1321
6949,15231 15232 9697 4462 7466 6297 1942 1898 1896 6909
6950,11611 12519 5696 3489 14065 9137 12684 12685 5697 5693
6951,12182 12274 8757 8964 13608 15005 13432 13037 6099 14772
6952,13144 6415 8713 13314 10731 5570 4840 6284 8710 7249
6953,4350 1463 15227 13312 14419 6178 3308 578 9519 1465
6954,15234 15233 14163 101 9830 9323 9324 1558 12858 13616
6955,15235 13101 15106 15156 13557 3486 15155 8848 2869 9307
6956,7099 7100 7070 7098 10589 10995 982 8302 12585 7095
6957,4901 4913 4905 9499 4891 3236 3237 233 4813 4887
6958,1638 5524 223 6963 224 221 222 3441 4220 1443
6959,11112 8892 1532 11880 2614 2741 1475 1535 12535 405
6960,13669 7860 14178 12518 7773 8264 12926 13254 14100 7970
6961,4132 2876 4416 3843 4688 1826 4687 7091 12071 6811
6962,9392 9393 6761 11358 11359 12948 5244 9239 4971 1124
6963,3486 13556 9412 13282 7014 13557 9307 9406 10911 14764
6964,7014 7015 14571 7013 4062 7016 14236 8164 14445 9412
6965,13557 3486 9422 9406 10911 7702 9307 13282 15106 13101
6966,7293 6790 8439 14947 3578 8821 8105 1300 411 13904
6967,1011 11598 7498 4037 1862 6245 13981 12332 7469 13426
6968,10715 10766 870 12429 1902 82 14702 9582 1351 466
6969,14339 14338 12628 12632 12627 12630 14445 5668 12629 7218
6970,4314 2712 4313 4311 4312 2713 2714 4310 2076 2710
6971,11199 15167 14772 9769 11427 13361 13306 14451 14798 1636
6972,9308 15156 6356 8296 12079 13212 12078 15106 7147 13101
6973,13170 13456 6622 4710 4338 13457 13459 13458 3522 2979
6974,14286 5190 12440 14285 15173 14209 9935 4832 5193 5192
6975,884 11149 6812 1951 5712 8521 3811 3771 4385 12086
6976,3407 258 3602 2928 4326 2344 11030 3439 12320 9693
6977,15054 12763 15053 3617 9880 3912 15052 7655 12943 967
6978,5004 9320 5415 8348 10373 2794 155 4726 6522 10372
6979,1367 91 11443 12420 87 6916 2547 3270 12222 2554
6980,3153 346 2012 4295 451 3910 4046 968 1802 10741
6981,14764 8296 15156 13212 14762 14546 2881 10911 13557 7014
6982,4743 7070 5846 10630 5845 10996 7077 13209 10589 7066
6983,14080 12440 15287 14286 1500 14209 14285 14605 14604 9056
6984,6899 6889 1373 10537 9903 7758 281 1090 8972 9915
6985,625 9296 12784 12178 13517 4756 6596 8995 7304 3222
6986,311 9101 14076 12977 7759 14853 14783 12091 14075 14077
6987,2741 11879 2742 6416 5998 2614 11112 1532 12882 2743
6988,11368 11370 11369 4663 4660 11371 4650 4655 4653 4657
6989,11671 2209 3299 11952 8973 88 2191 8660 4255 3821
6990,4132 4687 4138 4688 1320 1779 1321 2375 2892 1778
6991,12190 11160 1021 3187 3373 10736 13794 5121 13795 9583
6992,6406 6407 7829 9130 1213 1215 3908 1300 1426 11735
6993,2508 2232 12782 2744 8995 5016 625 8704 5507 11913
6994,14288 6664 14290 6667 6662 6666 10397 6655 3652 14291
6995,2869 12332 5449 7215 11598 1826 14736 1011 10088 7425
6996,12085 330 12543 10169 10561 13214 3180 10709 6036 313
6997,6773 5468 1183 6501 10782 10746 14623 8787 13759 5886
6998,4608 4136 7498 8165 13565 10367 6737 10574 10576 4139
6999,5035 7369 6987 507 2323 9953 1540 3219 2148 11161
7000,11647 6476 9182 13365 3822 1960 2243 8493 9185 8177
7001,15238 13665 4605 8164 4133 7016 10098 1721 1357 4287
7002,1737 2527 1373 2758 2546 8738 8739 196 8733 2234
7003,3674 13984 9192 2371 1778 4060 6364 1322 11625 1777
7004,2371 2375 1778 6362 6361 1320 1319 4060 4606 1779
7005,2375 2379 2380 13878 2371 2372 11347 7449 1778 4060
7006,8399 13139 1684 3171 8670 3170 3457 10619 5778 10472
7007,12332 8541 5689 11598 12377 1011 1711 11799 1709 2869
7008,14661 7145 1069 11608 10452 1243 1452 10303 10823 3773
7009,13040 7545 3824 14215 14314 8999 13771 12980 7499 5452
7010,8576 14056 12867 13121 7714 6060 354 5969 13122 7527
7011,11120 5673 2887 8477 10067 14226 14459 13878 12551 14464
7012,6360 1721 4133 5689 2887 9851 4605 8164 12075 1357
7013,1452 167 3222 176 6596 2761 7697 786 6030 1047
7014,15162 15161 1799 3074 4306 274 568 7952 7096 723
7015,618 287 12434 363 12436 14870 15269 2130 13129 12435
7016,612 14717 1880 618 8500 2139 6868 14716 3596 6198
7017,2869 7427 7217 6363 4606 1320 1778 1321 6362 9194
7018,3055 7186 2342 8044 6309 11126 11762 12002 12579 9420
7019,9165 13415 5779 11445 11446 13129 269 9404 15261 11114
7020,12423 888 5545 6953 14391 796 5613 8257 8259 214
7021,9996 7725 3091 13842 1265 9998 7539 7532 12437 4631
7022,7215 1136 3443 1145 4689 10626 4690 1146 1771 5686
7023,8999 3055 15226 13312 9519 9426 11126 5460 15148 7121
7024,12756 13568 13590 11319 2887 11120 13878 11318 10818 2881
7025,3153 9887 10618 6214 8146 243 722 6192 4774 6132
7026,6897 5424 7133 6895 6433 17 2071 4357 7726 3528
7027,9850 11028 7960 5636 11798 3458 5690 12209 11808 6432
7028,7217 1353 12936 1006 9194 1773 1704 5854 2891 1774
7029,7696 6053 3556 1798 2754 8047 1836 2758 7510 2932
7030,3237 4913 4891 8349 4901 1163 4887 1371 3234 8350
7031,8709 12114 8711 12816 6417 8710 3465 12112 12126 12120
7032,2133 2652 7727 1291 2794 12106 2516 11069 5097 5748
7033,14120 12011 1106 10142 15245 15116 1456 8708 8775 3222
7034,15096 2824 13926 408 1660 14331 13575 13353 10410 8526
7035,46 6341 10377 10376 10378 3742 8376 6727 7764 2130
7036,9340 8832 2837 11917 8621 152 13336 10934 2215 4396
7037,11405 14131 14136 11366 6934 14512 13885 726 14495 11403
7038,8195 3 4850 1282 5351 14979 14163 3500 9341 14221
7039,2375 4060 2371 1778 1320 1321 1779 6363 6362 1319
7040,1532 49 2614 2498 11112 8904 11121 2742 3465 14138
7041,2362 14520 2363 1088 12297 7251 13036 4810 4811 7210
7042,2375 2371 1320 9192 1778 4060 1779 1321 6362 1319
7043,5328 4452 640 15005 9074 5326 5327 3568 14046 3482
7044,8999 8591 10382 10383 7121 15148 14163 11185 1368 15029
7045,8802 7758 6899 8972 5498 9921 14605 14604 100 281
7046,8999 611 9054 14929 3021 10482 15148 10483 14951 9299
7047,12512 3071 3800 8482 8580 15019 4570 11836 2016 6966
7048,6613 10642 7863 2927 2277 11466 7804 9088 10868 11153
7049,8429 14801 7442 13923 14912 13037 8964 6371 14017 8610
7050,15123 10294 14907 15154 11485 7377 1420 1215 1698 15121
7051,13853 4580 3789 11794 2981 4587 4586 4087 967 1336
7052,12905 12906 12903 11286 9517 14007 7986 12904 5430 5189
7053,3222 794 2777 5041 10919 176 795 2448 1646 436
7054,7249 15199 7229 13854 7675 10865 6415 2742 2820 405
7055,11121 6352 1532 3465 11122 2820 13007 1166 2614 2742
7056,4132 4687 7057 4688 1317 1011 4138 3083 8166 2869
7057,3464 1529 1166 3046 2820 2614 13731 3463 3465 2742
7058,2820 1166 3464 3465 11122 14712 2742 405 2614 13007
7059,2820 6000 6001 1166 2742 405 2614 3465 12426 14084
7060,1532 11121 11122 3465 404 6417 2820 9791 2614 1166
7061,8904 1529 1532 11121 3465 11122 2820 1323 2614 14324
7062,12426 13717 1529 14599 2364 13186 2820 2614 13005 13346
7063,1532 405 1166 3465 404 2820 2614 2742 1529 11122
7064,2234 10140 9282 5187 2518 2528 11644 1918 2527 2514
7065,1438 206 2696 11088 2702 11323 9816 8485 2711 3728
7066,4753 11397 11871 6231 4964 6544 4962 6750 11005 14691
7067,15240 9440 4313 10065 9519 3029 9680 2952 9607 7272
7068,14137 13998 13905 14497 4670 3815 14136 13885 11366 7742
7069,2804 13022 11369 4653 4660 11368 11370 4650 4657 4663
7070,1219 8179 8286 4223 1683 5591 2228 5586 4250 6469
7071,297 13976 5421 11953 2271 10123 4634 13129 2316 10612
7072,15241 8023 13047 8011 8038 4746 8039 8037 8028 6982
7073,4712 207 1545 7386 7090 205 2018 7463 1547 1551
7074,3528 5858 5424 2318 189 3358 2697 3453 8449 17
7075,9880 2441 12763 966 961 9879 12761 938 12944 2442
7076,727 11341 4120 584 6103 996 4497 375 5583 10434
7077,7925 4845 13724 4207 6466 2910 13412 8801 11045 2124
7078,11364 9188 5322 7918 10006 4909 11699 4920 4984 4761
7079,10056 15242 3393 13125 10278 7071 14981 9799 12422 3404
7080,4814 3727 2290 3884 9352 15243 9353 3320 9096 9347
7081,3222 9072 4974 5292 6402 1191 6767 15245 10509 8075
7082,8376 2204 7208 5351 11378 13909 146 12811 9532 14703
7083,7662 1784 10104 5975 2992 13667 1557 10254 10103 6744
7084,12017 740 5282 1493 1488 12497 4273 8651 15075 1489
7085,13282 3486 4399 14545 9406 9422 13557 12627 9421 7014
7086,716 13597 10584 3877 13542 13658 11780 6849 6944 1713
7087,769 3709 1973 1230 794 3309 834 2448 4257 3700
7088,8993 1088 5346 2449 5347 9993 5772 3876 13799 12716
7089,13808 13891 13913 101 15276 9319 1287 10651 9227 7128
7090,3599 466 476 11960 3595 3596 6052 734 3594 10058
7091,11550 14710 12347 3622 5852 4780 9033 3313 6579 7290
7092,3348 12108 10356 5361 3680 13041 5803 13735 10359 8302
7093,13193 13194 10930 1540 12060 8263 1839 12231 15043 12322
7094,9799 15242 14660 3393 10056 13125 10278 7071 6710 11265
7095,2562 6914 2536 2551 2505 2503 2490 2549 549 3402
7096,14155 4356 6350 9761 5554 12027 7333 8486 14892 13614
7097,11120 5673 14209 13483 14861 2887 12551 14464 13878 8141
7098,11937 11936 11939 11938 15098 611 14898 220 8998 424
7099,4344 7561 7048 3312 1163 6928 8481 4636 3237 2488
7100,11937 11936 11939 611 11938 15023 14898 14603 13514 2266
7101,10102 6651 6954 10567 12021 8188 3362 8704 13783 9820
7102,4510 12360 11216 9593 2467 3702 12018 2776 4227 2147
7103,15163 5514 5515 5513 11883 5516 53 14224 11911 12840
7104,13878 5673 14236 11120 14678 2887 14459 12756 4062 7014
7105,3547 1053 6108 5185 4369 1076 12127 4297 2676 3296
7106,11156 15058 13425 7623 6084 4044 8512 2286 3980 5982
7107,3019 9055 13587 7115 108 12651 11405 45 9223 2391
7108,1880 6041 6596 6046 4863 8971 10018 12022 4249 2560
7109,4009 13145 915 639 15005 8734 13246 8638 6310 14316
7110,14298 45 7263 10158 10342 9910 10547 11376 1018 10546
7111,2079 2081 9680 9249 3222 3552 12494 10489 6532 3662
7112,12669 8085 7911 10961 13825 13001 12645 13609 2707 154
7113,1354 2369 1357 1355 6320 6550 2371 6551 11987 4141
7114,8802 4423 13808 4422 8199 6929 10651 14605 14604 100
7115,5210 14534 12571 7139 170 12569 8310 630 1411 3374
7116,14789 15198 10028 14155 6273 13527 13399 10918 12998 3896
7117,6332 5579 2953 11977 3579 13820 383 13768 6331 10108
7118,7071 14347 14265 4605 14064 15242 6540 10626 1013 12472
7119,83 1868 4442 7533 7822 8432 7429 3602 5114 602
7120,782 1568 4929 4004 3487 10742 4488 4181 3976 5155
7121,88 2470 9493 4911 11974 11676 2209 2191 4901 10542
7122,2614 2815 6352 2742 13701 3465 2820 13578 13453 1532
7123,7146 920 2688 10864 2258 2717 8619 8301 3560 2710
7124,12435 9349 8846 12436 12434 11481 15269 5096 611 4016
7125,10964 10963 2113 8362 13009 5999 10525 13010 13439 12111
7126,7121 2085 2084 2083 8999 45 11185 7458 6677 9883
7127,11550 4235 6053 7245 2767 8223 9069 2782 8790 6643
7128,2428 2790 6220 643 2750 12546 13571 486 3110 8553
7129,771 9203 13412 6902 44 10238 28 8872 9223 12633
7130,12941 240 705 3242 11469 2266 7966 2264 4568 2930
7131,8553 3110 2790 7552 9171 3543 2428 738 4820 12714
7132,4717 9494 8457 4029 4178 3409 2219 4031 3645 2490
7133,1011 14751 6432 4036 2880 3038 4598 9666 4609 4037
7134,7504 871 10762 3748 3255 1551 1103 2826 1050 879
7135,4933 8800 8461 9692 5260 2156 1337 2253 5159 2290
7136,8561 74 6823 3803 8388 9770 7082 8562 3031 2986
7137,3811 1252 11272 10281 648 4405 1101 2309 14893 9604
7138,12469 15142 15143 15140 15139 10481 14855 15141 8708 2626
7139,8585 2611 11042 12268 2612 11039 2613 14144 2610 11040
7140,11126 3055 13388 14988 14989 14990 14992 14991 3061 14993
7141,1319 6362 1320 2375 2371 1778 1779 6361 9192 6363
7142,2996 11626 4316 1001 1321 1317 9636 9642 1011 5690
7143,10428 9797 9798 10429 9100 13620 15133 14010 13999 7009
7144,14896 6872 466 10476 8463 4191 1204 1213 494 837
7145,10498 14534 6701 6560 4315 1029 11643 2652 73 48
7146,14986 15246 4956 14997 8780 645 258 14483 12568 8027
7147,3222 250 3132 509 10432 4350 1646 11587 1212 4241
7148,3707 2694 984 3708 3704 3706 231 3705 11819 3699
7149,14979 14163 3615 740 14907 8143 14980 8195 4400 9341
7150,6269 12417 12291 2664 12290 13160 7868 11426 12179 9350
7151,3055 3019 13016 11126 15263 4426 13626 108 15247 4820
7152,14383 11403 693 14384 12081 6228 692 6151 2897 6150
7153,1255 44 1256 1254 1253 1252 1251 5437 10453 7622
7154,14163 101 15233 15234 8999 58 4426 10715 14668 14898
7155,9056 9260 15205 4788 5608 8588 13884 14905 6526 6836
7156,3055 58 15069 7844 11126 11404 15072 10203 12862 13937
7157,3771 13847 2320 5023 9491 917 12512 11711 14693 12432
7158,10592 3028 6463 4076 3097 9884 13263 9295 9219 10472
7159,12360 7290 3095 7291 7837 9428 7287 5852 3715 10531
7160,4553 7448 5630 7423 9428 11151 3717 730 6258 2254
7161,14920 9209 5919 13913 13808 13891 10651 1287 2904 9319
7162,14163 14547 740 14618 14866 14612 8999 14979 15079 14867
7163,14977 13026 59 12525 14978 14656 13405 13025 13884 14865
7164,58 11126 14824 15285 14163 14742 14980 12427 4426 14604
7165,14163 14555 9054 1498 14868 15288 78 3021 8272 10159
7166,8301 7146 3560 11931 6419 11324 3785 3418 13310 11899
7167,15081 14840 13940 13952 9052 15184 14547 12711 15045 10536
7168,11061 111 7127 7119 108 8802 7120 7116 7126 2142
7169,8999 14547 611 4727 10503 15148 1696 11586 14618 11185
7170,2739 6868 10159 5479 1880 4437 380 12014 6800 870
7171,14543 14566 15007 3841 11884 6729 15204 9300 15013 14163
7172,1367 15276 7128 13891 2085 2084 11954 2083 10891 11126
7173,8669 2254 3180 11302 7337 7386 5610 8692 2588 928
7174,15011 15022 15247 2096 13957 9115 15021 14519 6065 62
7175,7129 79 7130 14840 2142 10715 15081 13891 3061 3062
7176,3612 13783 3611 11762 6309 13211 7657 14093 6950 9820
7177,12877 15011 15247 14519 13626 14578 7994 7124 3055 53
7178,2375 4060 2380 2371 1778 5846 1320 1321 1779 6363
7179,8999 15276 7128 15148 7121 13891 1367 11185 91 14163
7180,58 11126 14824 14163 15285 14742 14980 12427 4426 8050
7181,2777 5739 7697 6473 1452 2448 3222 794 6596 6532
7182,9821 9818 4426 9819 9119 728 1368 45 611 2739
7183,8735 3068 8734 5929 14217 3064 14158 3067 3065 8738
7184,8999 15248 6106 7121 15148 11185 14163 2608 1368 9054
7185,740 12084 5641 866 14979 14348 12847 14907 1351 14089
7186,3055 11126 13626 15247 4820 7994 6791 9957 14875 3056
7187,13388 11126 3055 11914 14984 15285 58 9610 10891 11424
7188,1001 10193 1013 10818 1002 2996 6364 7062 11768 12644
7189,9680 3552 3161 12063 3153 9033 9122 484 9372 11200
7190,3055 13626 15247 7994 11126 14519 15011 9957 14875 4820
7191,3989 11930 1738 12128 9686 3923 3990 3991 7389 12621
7192,3222 10509 1602 10710 10641 3337 5061 2784 4229 794
7193,1352 7940 1753 4962 10171 7050 4191 6857 4853 15196
7194,6657 14302 14301 6663 14097 14096 12556 13398 10392 10647
7195,15045 4426 13952 14547 13940 15184 9052 7122 10536 15081
7196,11549 15249 15068 15190 14597 15067 13173 13174 2325 15066
7197,13132 10484 14616 242 14329 13262 14970 8408 9430 13018
7198,7129 79 13891 7130 2142 15276 10715 2154 15255 7128
7199,15168 15051 5376 15059 11147 15119 11758 13047 12966 10637
7200,13355 5516 14114 8726 14785 5513 5515 8629 2082 5514
7201,14862 8581 14654 14334 14102 4934 13920 14904 8586 14426
7202,14447 7844 7843 11367 7842 7849 14165 7848 7847 11368
7203,9054 12015 14551 9052 14555 14951 15076 8999 7124 14166
7204,46 1883 12977 11205 9026 10860 11392 6099 12975 12976
7205,71 2575 7911 10279 381 3043 9426 9337 3205 8085
7206,9610 1130 10553 2160 13388 4153 1287 8999 13797 8086
7207,11166 13427 12277 9111 9354 6792 6099 12613 8087 2089
7208,14821 14592 15252 14822 10115 10834 10833 11731 9106 1605
7209,4060 6362 1779 6361 1778 1320 1319 9192 2375 6363
7210,12290 15253 12289 12292 12674 12293 12675 13381 12673 12291
7211,12479 11769 561 7209 4273 12557 11744 12081 6772 11743
7212,8655 13784 6311 10639 9552 3802 12641 11819 15240 9553
7213,15254 14905 14914 14689 1618 15064 235 9056 2960 611
7214,15255 2154 8413 13891 11097 14851 13017 9052 13952 14547
7215,14165 14555 9054 14486 7632 14166 14824 11367 14930 91
7216,14295 3498 11229 12668 11671 1118 5721 2320 502 611
7217,740 14979 8572 14980 14907 14163 14348 58 3615 8195
7218,1011 7221 6324 3075 2870 7546 3079 12237 2616 7076
7219,12383 15132 9544 13024 12597 5358 576 11341 13023 11167
7220,3149 6468 7965 13514 6261 9316 4437 1957 7182 8748
7221,14955 14393 15108 1204 3615 4940 9618 14693 14790 2678
7222,9781 10381 15074 1988 14341 1589 15075 14564 9780 7898
7223,13764 12626 12024 11575 14976 11315 1754 12134 14593 12254
7224,14555 7124 9054 15288 14852 14449 13912 14850 8999 14166
7225,399 12578 14793 6477 8803 13319 6969 14337 2614 6185
7226,11379 3160 7005 3174 3975 11441 12016 11378 6727 3172
7227,855 7520 6443 1441 2775 4257 2255 7836 775 8442
7228,8100 8099 14373 8102 8094 8092 5560 8091 8089 8101
7229,2876 6364 4416 1826 3843 9192 1777 2371 4414 7554
7230,13976 10975 13051 10977 2271 297 5421 10123 11953 2316
7231,4117 15050 4118 4116 4581 12763 203 12946 3040 4120
7232,2614 13701 6989 13960 13352 7686 12301 4516 1534 6353
7233,3465 4516 6353 2614 5430 2742 2820 1339 1532 6417
7234,2614 1532 4516 6353 2742 3465 2820 5998 7686 13960
7235,2614 1532 4516 14084 7686 1534 3465 13960 13561 8729
7236,5998 3465 13339 4516 2614 2742 14016 2820 15152 405
7237,14014 14325 13575 13348 13323 2741 405 8907 2814 1529
7238,4515 13323 13628 13271 2820 2742 13324 1532 9784 13629
7239,2614 1532 8904 13960 7686 3465 2820 2742 13352 11112
7240,13561 4516 6352 2614 3465 1534 2741 10208 2742 13452
7241,6992 1532 4515 13455 1533 8810 11112 8904 2742 2743
7242,14044 15096 8828 12743 2824 1532 408 404 1660 13672
7243,1532 15257 14138 5818 6417 2614 11112 11121 11122 8904
7244,4515 4330 5194 1532 6995 2820 2742 13324 405 6992
7245,3213 2131 2548 6002 9182 3982 651 11588 2483 2488
7246,14753 5991 2302 5992 5994 11861 5988 5993 5826 8477
7247,14811 14812 406 12825 15032 12502 8904 10494 3017 6325
7248,12826 15164 12502 15202 12475 11054 2596 13422 13345 14812
7249,6868 1880 2739 15147 407 7301 10741 10965 13650 10730
7250,13932 14122 13421 11755 405 1323 8526 2820 13700 14029
7251,1323 3465 11121 14044 13421 2820 14123 8727 405 2614
7252,2820 13731 3464 1166 12742 3465 2742 2614 405 12426
7253,1532 1166 1535 13244 11121 1165 2820 8727 2742 405
7254,2820 1166 3465 11121 13931 11122 14150 2742 2614 3464
7255,404 13259 1167 1166 2820 1532 13260 405 3465 9791
7256,1166 3464 3463 2820 13731 3465 1535 404 2742 2614
7257,2820 13624 405 1166 13347 1535 8730 14457 2742 14122
7258,2614 14405 1532 11121 2364 408 1529 11112 13334 3465
7259,2614 2820 12426 14599 3465 2742 1323 405 1166 13421
7260,6417 11122 11121 1532 6351 2742 3465 15257 2820 2614
7261,359 15258 361 15094 14333 15259 12098 362 360 6325
7262,3465 6417 15257 11122 2614 2820 2742 11121 1532 6351
7263,359 14333 15258 15094 361 15259 12098 362 360 14872
7264,359 15258 15094 361 15259 14333 12098 362 360 5558
7265,15094 12098 359 15259 362 15258 14333 3465 361 13562
7266,3465 4516 13701 2614 5430 2820 2742 6417 1532 6353
7267,2101 10142 4005 13401 1830 11904 6861 10572 11935 3989
7268,7719 15260 9143 14674 6766 14886 14470 6589 7205 11291
7269,13902 9587 9780 9781 7732 7460 3598 2516 3226 4220
7270,11407 8605 6483 11710 11408 11409 6849 2397 637 10764
7271,12268 8214 13944 4059 3830 2662 3716 7916 8275 8216
7272,4594 6795 9558 9350 4641 9559 2787 6797 4644 4642
7273,13257 8592 1954 14777 5324 14041 15108 11362 14790 13810
7274,13462 14797 8899 12617 14066 1883 13063 9772 14041 13064
7275,7017 6818 1742 8487 11425 2801 6819 8712 12266 9649
7276,2086 11039 8585 14744 2093 5409 11042 11003 11004 3564
7277,14664 4719 11096 13063 14658 10874 14020 3274 10873 7759
7278,8393 13222 6099 12992 7903 4655 2012 945 8215 13812
7279,13721 11714 1635 1636 2662 13811 2663 11715 4056 1634
7280,12290 12289 13381 10037 12293 12292 14777 12675 12291 147
7281,14888 9409 9410 2112 460 10587 13685 13395 3483 11186
7282,6099 11166 6792 9354 1883 9111 10669 6101 15253 9012
7283,5563 9560 4644 4642 4594 11371 6792 5564 5565 5566
7284,14787 5785 13118 13099 3536 615 11283 12818 1958 5377
7285,13821 8105 8090 13820 3561 6137 5228 13914 13915 9077
7286,11274 11232 6622 12566 10716 2982 2979 6228 6528 2654
7287,12253 12091 10527 14783 383 12311 12999 14076 7909 8386
7288,7825 8058 5109 5368 9032 5405 3568 12173 9199 12483
7289,9759 13 13307 12 8096 8095 15 14684 10524 8427
7290,12290 13381 12289 12292 12293 12291 12675 12996 15253 12674
7291,7824 6789 14043 14045 14809 13342 6790 12418 5607 1955
7292,5788 4450 9657 4448 6497 11978 10986 9331 7678 8235
7293,13355 14785 8629 8726 13451 1634 1996 11191 14600 2610
7294,12993 8663 8903 11368 5222 11367 13527 1886 5634 4892
7295,12290 12289 13381 12291 12292 12293 12675 12674 12673 10037
7296,13381 12292 12618 2793 12978 9669 12290 8899 9772 12289
7297,14771 11942 9074 5328 10012 8698 1544 9770 14045 8386
7298,13907 14769 5578 10242 4654 5258 4738 7916 1958 13945
7299,12290 12293 12292 12675 12673 12291 12289 12674 13381 15253
7300,1911 8103 1890 14041 8899 12268 3011 8592 2665 3010
7301,5349 6094 14399 2833 7916 3113 10322 903 8646 8214
7302,14752 13642 12439 13643 13741 7940 12522 10560 14352 14311
7303,4964 4753 6544 5896 4073 4962 4754 1169 9228 15060
7304,11219 7264 6537 6171 11218 12748 4447 10560 6245 11593
7305,15261 11785 15101 14968 11114 9403 9691 13938 9846 13177
7306,12333 12577 906 9235 14311 12809 7222 7144 1011 13177
7307,5601 1265 10756 9998 5967 9996 4699 13951 6392 12081
7308,5929 8735 14217 15129 8736 8734 10562 13166 14471 8733
7309,3094 9439 5778 13572 601 2869 3028 10308 7357 8658
7310,14008 15262 5352 12162 13694 13468 8908 6531 12565 10745
7311,10054 3237 7564 4884 14252 4901 5215 6300 9499 3236
7312,4964 5896 4073 9228 5895 15060 4754 7744 4710 5325
7313,14122 14029 14359 13320 1532 1323 405 13932 8869 15097
7314,11912 11227 6782 7574 5157 4948 14342 6623 717 6170
7315,6990 11108 10563 6995 12070 4791 11111 9788 4329 10179
7316,7124 5595 11045 7631 15289 14700 9204 9207 13912 5233
7317,7215 9308 6356 7147 1771 10627 3443 1136 2869 15017
7318,13113 5112 6104 2859 4292 7408 8529 5898 3980 13180
7319,1507 10809 5685 13130 3314 9441 9601 6597 4696 13236
7320,7628 12354 904 7629 7627 7625 7342 7626 8148 13833
7321,13282 3486 9406 14545 9422 13557 9412 9421 15106 9413
7322,11729 13733 9997 12026 11730 1590 6389 8978 13142 4631
7323,15129 14217 14471 5929 8735 10562 13166 3067 8458 14714
7324,13968 10009 13566 10008 8122 14153 7646 4450 2391 14181
7325,3067 2206 11223 2493 5305 6908 9930 68 12900 15147
7326,1532 2614 11112 2742 2820 3465 8312 11121 8904 405
7327,14678 1317 2881 8541 10199 7784 1318 4401 13982 1011
7328,1532 15153 2614 13855 4514 3465 13351 2742 2820 11112
7329,1709 1011 12332 8541 1711 9967 9968 11598 15049 9969
7330,5964 13726 8144 9806 12215 5707 13970 12588 13972 10122
7331,8477 5689 14464 2887 14226 14571 13483 4693 8541 11799
7332,6744 14411 13551 5288 13023 7662 354 15141 6743 14356
7333,1709 8848 3075 11569 1711 1863 8850 8849 13713 8847
7334,1532 13351 13855 8869 360 2614 15097 4711 15153 13320
7335,13351 8808 4514 1534 1532 11822 5193 13561 1529 2814
7336,2888 1013 14347 12734 1011 10556 7071 2995 10626 10193
7337,12309 5201 5798 5151 811 5202 7931 11089 3198 8818
7338,5385 6162 5383 8335 1864 14489 10441 5699 2847 2849
7339,10071 4037 8645 3443 2880 13981 13380 4035 10073 13426
7340,13878 14678 5673 2887 14236 12756 11120 13982 7784 1318
7341,9784 12744 14359 1532 13354 2820 13711 13482 12745 2365
7342,15240 4315 9553 10639 72 2779 6311 2628 8655 13784
7343,13647 12659 903 13673 13924 11554 708 12664 12660 12661
7344,14765 11651 1306 1102 11654 5411 3444 8494 3006 11653
7345,11537 12607 4611 1011 13983 5844 13911 1318 4617 11536
7346,9127 14394 1947 8041 9659 6943 9128 9126 7259 8885
7347,13282 14545 3486 9406 9422 11725 13557 12627 9421 7014
7348,3465 4514 9784 6990 10041 8906 13235 12500 2820 6995
7349,11120 14464 13483 2887 5673 8477 14226 10626 8302 12585
7350,4605 4133 6553 8164 15238 13665 1357 7016 1721 6360
7351,1011 7784 11768 2893 3083 5687 4687 7057 12655 9851
7352,8477 14571 2377 2887 14464 7015 7014 5689 14226 5536
7353,1527 11267 7241 10963 10657 13324 529 10731 11832 13513
7354,1532 14803 12070 4514 6990 4329 11899 14408 2614 6995
7355,6990 12070 11111 4791 14803 6995 11108 4514 11822 9784
7356,10626 7222 14347 3079 13483 13209 7215 2616 5845 3443
7357,14571 7014 7015 7013 14236 4062 7016 14445 8477 12657
7358,14754 4296 3259 4298 4294 3554 4297 1436 4295 3637
7359,2981 3789 4580 11794 13853 13705 9238 1700 6183 9796
7360,13906 7627 2928 13630 7628 7629 1985 7342 10093 7626
7361,14445 4034 14038 12632 7013 11776 7015 7014 12866 1317
7362,9828 2852 6611 2866 2855 6607 13848 2845 14733 617
7363,8581 8009 14102 4934 8272 5224 14430 7966 12966 9299
7364,4426 15263 13016 15045 14163 12427 58 7124 8999 7159
7365,2156 14502 5260 14503 2290 5159 4933 8307 1090 3460
7366,10101 14863 2475 11533 11111 7561 6065 10665 9781 5207
7367,2614 3465 1532 10208 4516 2820 2742 13578 15095 6417
7368,12574 14887 12134 13899 12850 14688 14696 14697 5678 7177
7369,14782 1743 8487 13301 13740 8825 12314 6824 5324 12480
7370,2614 1529 11112 1532 2820 2742 3465 5998 13578 14405
7371,5121 12190 11873 5325 9200 2318 12853 5122 12545 1337
7372,3055 1452 45 7697 12921 4988 11126 13626 12922 4820
7373,11477 3736 12320 9817 236 3737 12847 6698 2446 12087
7374,12748 6537 2650 11219 11218 15120 12536 10701 13828 10353
7375,592 9975 635 1066 5590 4341 3731 2331 896 9286
7376,13233 13717 13423 13202 14879 2742 12426 12786 1529 10207
7377,2249 6378 8146 9800 2247 1093 3618 3161 2225 3153
7378,5722 11949 3943 415 2490 10293 15227 8067 8621 3662
7379,133 8390 4182 11734 5053 9197 697 292 1836 14001
7380,8999 7545 15148 13040 7121 11185 15248 14951 14690 14163
7381,3865 9099 13436 9097 9487 3408 2570 8895 9931 10015
7382,3403 15264 5365 10124 13753 12667 2959 3404 1273 3400
7383,8272 7632 12876 14102 4934 8581 14923 12065 8690 8391
7384,618 3471 10914 8473 14557 612 14550 611 6079 15065
7385,4840 8562 11284 2133 1511 11231 3754 3755 14416 2580
7386,14538 14264 12850 14973 14938 14415 14222 553 12134 13262
7387,8748 14939 1619 1404 4437 1419 715 14391 8673 3149
7388,14144 11004 11042 8585 4576 11039 15107 11003 2086 11040
7389,11725 14545 15145 2853 9406 13282 4066 10048 14541 412
7390,12536 14181 8454 10351 14268 14153 14342 11630 2650 6298
7391,14341 10381 2148 14952 11424 10380 11419 9140 12653 12399
7392,742 7727 837 1334 11482 5281 2543 9771 12337 9164
7393,13282 3486 14545 9406 9422 8999 4399 9412 7015 7014
7394,10712 7361 11204 12517 11441 1496 6344 5306 10178 7155
7395,478 14548 476 3036 5542 466 794 14539 775 4177
7396,116 11479 112 12139 12140 11719 13190 7559 4903 4906
7397,4909 3871 8498 11094 8180 3870 3869 7561 3236 4989
7398,12507 9783 5606 12508 13047 9787 9785 9788 12510 12506
7399,478 4177 775 855 464 4257 1441 2775 8945 10962
7400,5689 8477 8541 2887 14464 11799 4693 14226 1721 4605
7401,15265 344 11289 638 5558 13656 5556 5557 13657 14663
7402,14163 13388 14543 5216 14585 14566 11914 11126 14668 10715
7403,7386 7385 6817 4712 7090 1684 8669 2810 8692 2254
7404,14337 13319 8803 2614 1532 11899 6969 13006 6477 399
7405,3055 235 1618 1617 234 1619 12005 1622 15254 14905
7406,13130 1507 11486 8778 4284 1901 1497 5147 1647 2552
7407,3055 5517 15029 15205 11838 1287 14825 14668 11126 13626
7408,13848 14093 2866 617 4550 2855 7530 1669 12162 2852
7409,1532 11112 13855 2614 15153 8312 8904 11121 14138 11122
7410,9054 14551 14555 14951 15076 8999 7124 14166 4162 9472
7411,2876 3844 5450 1826 3843 8191 4416 3842 4609 10752
7412,1893 3088 11709 1895 1894 1891 2865 1892 10869 3089
7413,13434 1573 34 33 13454 7152 3404 2535 1086 3214
7414,821 7300 2324 843 775 794 8074 3985 107 2711
7415,15267 12704 12702 6748 12701 12700 12703 12699 12705 12707
7416,2869 1827 4693 4135 4607 9751 7553 2875 1826 4687
7417,6668 6659 14098 109 14097 10394 14096 11928 11138 5225
7418,1532 2614 8808 2742 3465 13351 2820 11112 14138 11121
7419,13337 15268 7703 13390 12797 3587 10305 9693 9308 15155
7420,8477 2887 14464 5689 14226 11120 14571 13483 5673 7450
7421,6614 12651 7881 14730 14731 9055 2391 4631 12409 10979
7422,8243 7926 14344 10078 668 6686 823 9187 5980 4944
7423,15204 7313 15007 5078 10305 9204 6661 7397 10491 12190
7424,15084 14272 1918 13412 9920 7726 2493 7313 8048 12514
7425,14344 9783 8176 15159 949 8950 779 3873 499 2134
7426,49 3599 12666 9773 11919 2149 11916 3403 12169 7294
7427,11078 11077 11489 11487 11488 11491 11492 10449 11490 14394
7428,152 11562 8600 4396 4869 9340 156 155 12583 11556
7429,7469 9623 1862 13655 9621 7515 13068 12155 1508 13405
7430,5246 7171 7002 13137 14143 2864 6612 11986 7161 6477
7431,794 6411 11759 1219 3964 3596 795 476 3222 3595
7432,12518 14178 12926 8264 6479 13254 9556 12525 11219 4629
7433,8239 13847 7350 72 7352 7351 15240 5023 4315 2320
7434,13310 6522 715 7146 6523 11478 938 3560 15269 14701
7435,14981 13125 12422 15242 7675 363 11627 11583 2695 12509
7436,15269 12434 12436 12435 6522 6523 8846 14870 14824 4016
7437,323 13756 237 466 794 31 1206 128 30 13272
7438,9262 8466 8475 11459 8474 12178 1219 4 8473 6596
7439,9165 13129 5779 13415 1880 177 7923 40 4519 2569
7440,7290 2116 2508 10531 10618 3715 12360 9428 4780 5852
7441,11822 1323 10733 408 8808 11897 12501 10041 4791 1534
7442,2869 14736 15027 1724 1826 12332 2372 7425 1770 7426
7443,1295 164 3298 8484 1369 5835 4341 186 1501 3727
7444,1001 5845 13209 10630 11000 10999 10997 6804 10993 4743
7445,12420 9159 5298 11481 837 5096 5509 9349 5097 10883
7446,11855 478 1090 2570 2526 549 3288 14548 476 10883
7447,13177 7264 13770 12809 12577 4629 10560 13406 7409 14533
7448,6990 9788 4791 12070 6995 11111 11108 9787 9785 11822
7449,2871 7818 2873 9644 2875 4693 2874 4599 9645 3845
7450,6622 4962 6544 4753 13892 1352 2979 6543 4964 11852
7451,715 10633 10625 2581 2706 7047 2201 14504 8748 7820
7452,1880 12764 3403 10965 8480 7726 9773 10612 12446 12130
7453,8248 2477 6674 6197 12694 11773 3674 2485 11625 5996
7454,10369 8671 3016 11174 10227 4943 9007 4238 1491 801
7455,8701 637 15026 11407 11409 11408 2397 2301 6483 14281
7456,15270 101 13587 14578 14407 15013 14826 14825 13414 12877
7457,15079 14612 14559 1368 91 14163 14865 8999 14867 8413
7458,3237 1371 4635 4906 5828 5834 10274 8180 2539 7566
7459,4313 4486 8113 4121 4314 12281 2721 15243 3629 4011
7460,13414 15060 15028 15063 14826 14578 13587 4754 4964 15134
7461,6679 5824 14622 14776 13528 6251 2333 134 1088 7118
7462,14826 3055 14320 14578 13587 53 13414 14825 15270 7176
7463,14997 1480 5682 8873 14986 14718 12028 8780 5683 4439
7464,4424 12031 53 100 0 14163 771 3222 2760 11147
7465,15271 13082 13009 15102 14179 6573 10525 14183 10040 15224
7466,149 12765 11140 12573 169 794 873 476 171 466
7467,5427 5425 4482 12180 6376 5424 7133 2930 11260 5862
7468,12841 2018 287 478 1545 6419 7463 5507 794 8845
7469,1762 8144 12588 9806 1515 6815 12587 1764 5964 122
7470,10866 1133 8486 8525 13050 9287 1549 9288 3040 2670
7471,3442 6809 7404 1317 6811 4132 1778 6323 9756 8166
7472,10715 1351 14702 14163 52 14875 8999 7130 7129 2142
7473,10497 1548 12922 9606 12788 9292 5024 6096 1818 5413
7474,6969 8803 13319 2614 14337 6477 399 13420 13418 11911
7475,1839 13194 12322 10278 13193 3404 12231 10747 8263 10857
7476,12575 14685 13559 10821 14259 8335 13928 9267 8921 1808
7477,1880 14144 23 1291 2509 10654 8817 6868 14953 15147
7478,9054 14551 14555 14951 8999 15076 7124 14166 4162 9472
7479,3468 11975 4291 1758 5558 10623 469 4255 638 5414
7480,4295 7089 8194 9518 918 3153 4776 4296 4298 4294
7481,611 11017 3560 6135 4495 6032 8339 8665 2067 11172
7482,8693 1285 1766 2340 3641 5275 3502 471 12279 5070
7483,740 10124 9511 4871 14687 14893 11353 6202 15146 14979
7484,529 7236 11410 538 14154 10731 14444 536 13300 13289
7485,9221 7398 9284 14419 5621 10960 3924 1572 8351 10265
7486,12813 5306 5215 4635 12018 9802 8499 187 5362 166
7487,2739 6800 6868 1880 4437 380 2935 12014 870 1622
7488,15255 2154 8413 13891 11097 14851 13017 9052 13952 14547
7489,1919 9069 4370 14273 6041 10283 5314 385 9709 10016
7490,1846 6238 4300 6171 1700 6183 1864 14528 7401 12898
7491,1846 11227 10190 13391 11912 6782 6171 5157 1700 7574
7492,4468 3952 9014 6038 3951 3950 467 3699 6426 12438
7493,10144 2625 2192 2626 4865 10143 5571 5569 5573 5572
7494,15272 6303 14497 4727 11145 12294 4788 4517 5078 15160
7495,13347 13346 11051 13005 2820 14599 6352 12426 405 8906
7496,9052 14320 10078 14869 14166 10215 12015 14306 8999 14221
7497,75 8999 3063 10559 10483 4417 14199 1949 8969 726
7498,14510 13414 14578 53 14824 8376 14607 14826 14825 12877
7499,10409 10408 3998 4265 505 2715 5060 9095 5061 8451
7500,7913 5322 6580 12848 15092 12829 1391 5323 5324 13228
7501,1160 10780 379 13973 1161 10430 11545 1162 11377 7286
7502,8106 3980 5366 9528 12610 6118 11949 3276 870 3982
7503,3937 760 7361 3916 3931 6445 787 12791 7149 1206
7504,13013 14870 7153 14597 12436 6522 12434 56 363 14824
7505,3055 11126 13626 15247 4820 7994 9957 14875 6791 3056
7506,6836 14452 13884 9260 3222 59 14865 9227 13335 8190
7507,15274 15273 1351 10715 52 740 14307 113 14875 8474
7508,11366 14486 13885 12528 14485 14499 14481 14913 5267 692
7509,5267 14491 14479 11366 14486 14496 13885 5266 12850 692
7510,11366 3066 7849 13885 3065 3064 692 5267 4727 6584
7511,11366 692 12386 13885 14486 5267 15082 15083 14479 13895
7512,11366 13885 5267 692 14486 14477 12850 5266 14404 14488
7513,11366 13885 5267 692 14486 14477 12850 5266 14404 14488
7514,11366 14404 13885 5267 692 15228 8377 14486 14477 12850
7515,11366 13885 5267 692 14486 14477 5266 12850 14404 14488
7516,11366 14404 13885 15228 5267 692 8377 14486 14477 12850
7517,11366 14404 13885 5267 692 14486 14477 15228 8377 5266
7518,11366 13885 5267 14477 692 14486 4027 5266 14404 7232
7519,11366 13885 5267 692 14486 14477 5266 12850 14404 14488
7520,11366 5267 14491 14479 13885 14486 692 14496 14477 12850
7521,11366 692 14486 12386 13885 14479 13895 5267 12528 14491
7522,11366 13885 692 5267 14486 14477 12850 5266 14404 14488
7523,11366 13885 692 5267 14486 14477 12850 5266 14404 14488
7524,11366 5266 13885 14498 5267 14486 692 10611 14497 12850
7525,11366 13885 5267 692 14486 14477 5266 12850 14404 14488
7526,11366 692 13885 12386 5267 14486 14477 14479 13895 15082
7527,11366 13885 5267 692 14486 14477 5266 12850 14404 14488
7528,11366 13885 5267 692 14486 14477 5266 12850 14404 14488
7529,11366 5267 14491 14479 13885 14506 14496 14486 12850 692
7530,11366 13885 5267 692 14486 14477 5266 12850 14404 14488
7531,3055 8370 8369 15061 15062 13587 15063 11126 3057 3056
7532,7124 13912 14559 14555 8999 9054 12877 53 14578 13587
7533,8139 3308 14675 14419 6178 4350 9802 2304 325 105
7534,14578 14825 15029 53 12877 15028 15013 3055 7124 14668
7535,15029 14668 14163 14825 5517 14578 771 15028 11838 494
7536,14577 14576 15277 13513 10330 10741 1670 1527 14036 8780
7537,14163 14668 15029 58 8999 14612 10715 15079 15233 14559
7538,11126 14984 3055 13388 58 15285 11424 1367 11125 9116
7539,7002 15121 15123 15124 15122 14143 14911 6622 692 1420
7540,7580 1332 7577 7578 3093 794 5488 7579 630 12547
7541,14163 14391 14939 8999 58 14668 5037 10715 5545 4426
7542,9054 15076 14551 14951 14555 8999 7124 14166 4162 9472
7543,739 14852 14555 15230 15147 3021 14136 7113 2142 13670
7544,14555 12427 15288 14852 14449 14049 14163 9054 739 7124
7545,8999 15148 7121 11185 14163 1368 9054 14951 15069 15248
7546,14166 9052 14929 14869 3906 3021 9054 14951 8999 14930
7547,6836 13884 9227 14865 59 9260 7516 14612 9443 15079
7548,2739 1622 1617 1621 12014 1620 6868 8048 1618 234
7549,14166 3906 1374 14929 9052 14951 8999 3021 9054 14930
7550,46 12545 9200 11392 10732 12205 13919 4925 10564 6002
7551,7632 8690 8391 4519 14165 7248 11223 2569 9588 4866
7552,15278 15279 12878 7524 5179 6089 12879 8884 11887 11293
7553,12386 692 11366 15082 15083 14136 8250 14145 13838 12340
7554,8459 8123 8121 1697 15188 8127 8122 2393 8137 8135
7555,14157 7581 14159 1131 14158 14304 14160 14952 8734 5513
7556,692 11366 12386 14136 15082 15083 8250 13838 11405 693
7557,13388 10715 11126 1367 10891 12931 547 15276 3055 11914
7558,3055 798 12055 11126 13626 713 12463 15247 4820 10053
7559,15067 101 15066 36 11549 13013 5787 3178 9134 1367
7560,12850 13885 11366 14538 5268 14506 14938 14537 14500 14887
7561,10715 1351 14702 14163 52 14875 7130 8999 7129 14690
7562,14143 857 7141 14911 7002 12837 4591 6329 1523 1901
7563,11120 14209 14596 5673 14595 13680 13878 13483 14464 14861
7564,14654 14862 692 14334 8581 13920 14904 14426 5183 14941
7565,692 14654 11366 12386 14136 14862 8250 15082 11405 13838
7566,2016 12512 15019 11836 3800 8580 4570 6966 917 13847
7567,4132 4687 4688 4138 7057 7784 11347 5447 2875 10992
7568,1033 12976 3321 2253 10860 12975 2737 11045 8801 12977
7569,10514 10513 10644 10511 10512 2810 475 3148 2118 324
7570,13382 12184 14370 4566 14369 4564 9034 8095 14468 8096
7571,3916 11938 139 11936 11939 11937 611 8200 760 4575
7572,9204 1834 10711 9315 7671 5398 12621 5595 14121 14258
7573,1686 8619 2717 466 10517 7382 3223 9849 12865 476
7574,3494 4454 14355 13632 9182 9946 6863 14259 5828 2131
7575,7913 12848 13228 13227 6580 5322 3811 12833 383 175
7576,13111 2375 4599 7215 9853 13112 2371 11347 5845 1778
7577,11623 8837 7820 715 3223 1686 11957 1869 3504 7270
7578,12054 7128 9282 7122 15002 91 10014 9284 4426 3735
7579,13053 4780 3730 3374 9107 4321 2910 2248 6564 4014
7580,2527 2546 5149 2234 2496 2529 2528 6890 2543 5305
7581,11240 163 4999 12189 2521 860 7512 2631 1646 7865
7582,1001 6742 3415 2374 7062 11325 3674 2370 2371 1002
7583,12625 12624 4652 9110 8586 11858 13427 4649 9111 11209
7584,46 5278 3160 4797 7762 64 4235 2538 9923 9159
7585,14954 6135 9553 9269 3584 8823 15240 4315 2879 72
7586,6134 9891 2535 2185 12295 12294 4554 10140 12317 8044
7587,10552 12974 5587 3023 6204 5400 4324 9425 4832 6205
7588,12172 5628 5626 14031 10918 13613 13433 13432 9760 8626
7589,9441 9601 3314 1507 285 13130 9596 9598 9600 11406
7590,3811 1995 9246 1101 2309 14893 9604 5502 2755 1875
7591,4713 14377 4718 1541 8274 11036 6412 14164 10057 11187
7592,14159 1131 7324 5513 3395 7581 14157 7325 14604 14605
7593,12877 14578 15028 53 7124 14825 15029 13414 15013 101
7594,739 11255 6676 7491 14852 14555 3017 3476 15230 2475
7595,8057 10813 13366 2979 6622 10701 8409 13459 12566 6780
7596,5419 476 3222 6579 167 2448 1389 2761 3370 9309
7597,14391 796 14939 5545 5037 860 12423 14163 7835 5057
7598,12305 6097 8797 3713 2578 9743 3033 1649 1059 5048
7599,2441 15042 12944 15043 1540 2443 977 2442 9880 7655
7600,2495 11970 5209 5388 3359 2488 2480 5394 5393 1501
7601,2609 15280 2608 2607 10563 14179 12113 6754 15102 11231
7602,5346 7695 4282 3157 6333 7694 5347 5349 10499 8993
7603,4132 4687 4688 1153 1317 9753 13270 3083 4689 8166
7604,1090 2563 1018 3582 12110 14125 3459 9964 2156 14858
7605,4020 7681 6437 7247 12232 13923 3205 6765 768 5054
7606,7439 619 5219 8872 10019 1698 3253 7512 1446 11834
7607,9879 4590 12761 4589 12760 9880 966 967 2442 961
7608,1130 10978 10223 10222 5304 9610 8582 10182 4715 12618
7609,2574 87 9815 2026 130 2506 181 1919 2130 2556
7610,12280 4902 2063 3848 1083 1042 8515 8325 12432 2064
7611,13950 7571 10257 231 14353 13692 7107 7568 15162 15161
7612,15245 3222 15116 8708 14120 4788 4127 15115 15117 12011
7613,14458 10095 13737 1859 13682 553 6280 13992 13262 14209
7614,15281 14141 1044 14716 1997 1994 1996 4591 1995 13919
7615,1721 1723 1155 11638 11640 8152 1145 1151 4407 1136
7616,8995 625 8704 6596 176 2508 5507 784 5016 12178
7617,14383 693 11403 11405 692 14512 14320 11402 14384 14380
7618,2586 6032 457 466 7918 795 2457 1382 2589 476
7619,6799 2615 4659 4661 4658 4647 14283 4660 2604 14402
7620,10715 14702 1351 14703 14100 14875 52 14163 14690 7130
7621,1709 2880 8150 1711 8848 9967 9968 12332 8541 5667
7622,8999 9610 1287 1130 15148 7121 10541 11185 13388 10553
7623,12140 12139 7559 1371 116 3234 11719 7326 4903 4906
7624,10890 11874 13412 13724 7461 9925 10549 9898 1496 2516
7625,405 1323 2820 1535 13333 2614 2742 12426 3465 1532
7626,12043 8857 10389 757 439 10532 5325 7833 9259 2460
7627,10246 12376 2014 12757 9084 14751 7817 1011 9083 4407
7628,2742 2815 6353 14662 2743 14879 11548 8835 2820 2614
7629,8605 11407 6483 11408 11409 2397 11710 637 10764 10907
7630,275 8558 7483 3398 3826 334 593 7286 10606 666
7631,4437 8748 3149 9316 7182 1957 2739 14939 1404 14221
7632,7402 7272 9689 12981 11647 13679 7401 7774 7485 1810
7633,1999 4664 476 6102 8552 947 293 12462 10642 4777
7634,13752 1302 2520 6114 2962 9321 13905 3793 14878 6871
7635,2139 437 5386 3328 3575 11258 1072 5392 8500 612
7636,12618 4715 14779 13067 10978 9575 4584 2793 9669 10872
7637,15282 1650 43 1649 1648 1647 1645 1646 889 788
7638,871 1646 504 806 8403 5853 3678 796 879 1901
7639,3055 11126 13626 15247 4820 7994 6791 9957 14875 3056
7640,7238 2550 7243 7244 4889 10521 10520 10519 386 6755
7641,4726 6434 2472 2956 117 118 383 476 2475 6263
7642,7149 4007 163 6648 6375 3905 2158 3338 3812 12449
7643,219 625 10329 1477 7417 10473 4299 3518 1454 3026
7644,13304 12977 9353 12976 10860 13529 12975 6139 5833 9772
7645,6863 9946 3494 5828 14259 9182 991 4867 4454 13632
7646,4881 7319 4983 187 7306 2115 3607 7307 7312 7308
7647,4902 6369 11298 6306 10066 12127 5817 8325 12280 7499
7648,585 1885 14158 4762 11949 8323 6638 14157 13532 1170
7649,1170 585 6638 2653 3190 1406 4241 1178 1180 10797
7650,1160 10430 11377 1161 11545 10780 1162 7769 7286 379
7651,8317 5134 6408 11447 8319 10144 2924 10143 14734 7906
7652,3486 12627 9421 13282 9406 13557 9422 12630 11711 13556
7653,8376 7208 2204 5351 13909 11378 14703 3485 14510 13593
7654,1201 6516 3254 8914 8220 1578 7083 5090 796 4219
7655,728 8644 4307 6453 8667 13909 7179 3485 7180 1865
7656,10240 7956 6053 9470 887 826 8518 9658 12246 5075
7657,11059 7115 3019 2154 11058 14865 14824 9119 12620 10536
7658,6245 12895 7069 12908 1011 1862 11219 13981 6537 4037
7659,13538 6228 4375 12653 14890 9214 4376 11419 13172 9140
7660,170 5577 7001 7139 4243 5210 5398 794 1572 8819
7661,4324 3629 6380 9905 11155 3343 12713 8608 4321 10354
7662,11347 2372 2369 2375 2379 1354 1357 6551 1355 2371
7663,8188 3705 3362 6954 3699 3707 5422 3708 3704 879
7664,794 1213 4220 9587 7460 3226 476 13902 464 478
7665,12813 9802 8499 5362 8368 166 161 12018 5306 11977
7666,14688 6581 14887 14575 10384 8250 14574 14009 6582 14964
7667,3019 9223 7115 6259 11059 108 11366 5347 771 1755
7668,6318 6043 10288 6270 7917 7838 8704 7741 3468 1304
7669,7499 11298 12560 5452 3824 6369 4305 11415 11417 11416
7670,3001 1826 1354 7425 2869 4134 7215 1357 10199 4060
7671,1095 1519 2763 8516 3993 3994 4223 1441 4180 3223
7672,4316 2996 9642 9636 1001 11626 6807 1321 5690 1317
7673,73 2675 5436 1102 14639 14534 2704 4416 7220 14364
7674,1475 5345 12672 12671 14844 13336 12535 11965 11880 1535
7675,15097 4711 8869 13320 13855 14183 13321 13351 1532 15153
7676,2663 13462 4662 4056 13463 3566 8214 3572 1635 4057
7677,9390 3637 6879 328 1763 5076 7516 9048 1660 8616
7678,43 4138 1719 11347 1280 12077 10275 1081 11816 3735
7679,3055 13077 394 11045 558 15289 12606 14666 4878 14700
7680,15243 7138 4639 4637 7927 4469 2721 5088 4313 2366
7681,8999 75 15148 7121 3063 11185 14163 15248 14199 14951
7682,1915 11578 9662 1914 1916 1913 9665 3693 13573 9664
7683,11313 11314 3097 11312 11311 686 4379 8455 1213 466
7684,6038 6596 12438 10310 3699 3206 4468 6026 6426 10742
7685,15283 13884 12691 11934 12015 7400 6155 10910 14290 13807
7686,5299 5305 4969 9135 3857 14054 7730 14052 3714 12487
7687,2156 1090 8307 8500 2563 7461 2509 11739 2205 70
7688,1840 12131 11567 9226 13639 1664 7949 6544 13387 13138
7689,3316 11812 5212 8954 5220 5217 3329 4976 5822 5214
7690,1880 10965 6897 7726 2549 6868 12764 15147 2739 1918
7691,3052 3051 3053 3056 3057 3058 3059 3054 3055 15001
7692,5075 3211 1457 12246 839 10364 5089 6381 13048 163
7693,1136 1145 1146 1722 1721 1717 1708 4596 1150 10751
7694,7324 10651 7325 14605 14604 8802 1131 100 14159 5513
7695,10715 3368 3383 5812 14702 1351 14875 14690 7130 52
7696,15073 14894 3953 3954 7953 11296 5261 6766 10522 8102
7697,14112 10413 12865 9048 9800 1755 7698 7115 5347 5076
7698,1826 6364 1777 6705 5876 9191 1008 3843 7426 9192
7699,1532 13201 2822 2614 2742 405 2820 11112 6351 14138
7700,1818 5494 6347 2238 697 2704 5866 1548 434 11738
7701,13012 5415 14419 1806 1483 6178 3308 13017 13016 1485
7702,10985 9030 15185 12819 5990 11466 2111 15159 8 11813
7703,7315 3835 5835 121 14107 3836 9188 1493 3834 8802
7704,796 7835 5057 860 14391 7512 3678 5315 778 3100
7705,2614 5998 11899 15152 2742 2820 1532 13578 3465 14323
7706,101 2774 14898 4349 2779 15233 15013 15270 15023 15226
7707,1583 4828 6962 1581 1582 598 1580 1577 1578 1579
7708,2026 11874 2574 6896 2571 2576 130 2146 2562 10890
7709,13904 9495 2645 13905 8439 7293 1300 2639 2640 2646
7710,1367 11954 15276 7128 13891 2085 2084 2083 10891 9043
7711,3465 1529 2614 2820 13578 6417 2742 11122 11121 4514
7712,10140 1383 2185 6134 56 12857 7465 5281 2234 5187
7713,7121 8999 11185 15069 823 1367 14406 7458 7974 6677
7714,1529 9366 3779 2614 2820 4514 12426 3465 5998 3046
7715,8648 3027 3151 5584 3493 5884 5122 1484 3029 12057
7716,10715 14702 1351 14875 52 14690 14163 7130 7129 8999
7717,3289 11016 1870 2566 7332 7561 12325 7564 124 150
7718,2742 3465 2815 2820 2614 6417 13453 405 1166 1165
7719,3985 8451 843 3313 1454 7300 6579 2324 11363 3986
7720,2742 2614 4515 2745 1529 2820 3465 13578 1532 5998
7721,6682 3372 778 6767 894 822 820 7840 5153 3256
7722,12232 7681 3205 5054 768 9426 6437 4031 11148 5576
7723,13380 4035 10071 10073 4037 8645 13426 8983 1011 4039
7724,4636 4905 3348 3328 5392 1082 4885 4992 4901 9499
7725,5575 1448 9577 4270 13051 6265 3411 7149 12246 7506
7726,3617 15054 3912 3616 15053 3927 3929 852 3928 3914
7727,6432 11028 11808 6431 9850 4598 6364 6810 11805 2624
7728,14126 13224 12793 13835 8382 9950 13833 9951 9949 9952
7729,15284 13940 11097 14851 12711 3921 13952 15184 15060 15045
7730,15084 9207 14272 5595 13412 9920 1918 11045 7124 7631
7731,2139 612 8500 618 14717 11258 3575 1072 9286 6198
7732,9223 771 14849 3019 205 349 11815 8795 15060 15029
7733,13825 475 4797 9216 12669 11861 11860 14878 7776 3620
7734,11535 10040 6573 8808 10525 6572 15102 2742 12884 14359
7735,12068 12647 10086 12310 12646 2093 5627 13738 12649 13269
7736,8999 15069 7121 11185 823 15148 14406 15248 14690 14951
7737,91 8999 14865 14612 14555 15079 14559 1368 14620 14163
7738,228 5613 3970 1297 5612 5620 5618 5621 5619 357
7739,6572 7389 10790 8071 9686 12128 11930 3923 6570 6571
7740,5709 626 4966 15100 5113 10337 15171 9842 14834 7302
7741,11366 13885 5267 14477 7115 11059 14486 692 5266 14404
7742,3019 45 108 7115 9119 3055 9223 8999 11059 11405
7743,2139 3575 1072 11258 8500 612 9286 1207 3328 437
7744,2380 1354 11778 3666 3074 3687 11626 1355 1357 3688
7745,13268 13577 12552 10620 9017 14580 12622 12028 6319 8281
7746,15030 5948 1736 12506 12783 15048 9244 14151 7279 3303
7747,3945 7552 227 13677 13676 476 10359 6833 11384 3946
7748,625 12178 6596 13517 9296 11459 4756 8995 7697 7304
7749,11720 8669 12108 8302 12585 982 13484 7100 7386 4061
7750,5281 742 2509 7727 10140 10379 6898 2523 7465 56
7751,3008 3007 961 3664 9880 12945 966 12762 9893 12763
7752,11045 1033 13412 13724 8801 11646 10889 2538 9901 15289
7753,9043 549 9585 9586 2536 2533 9709 851 2526 2543
7754,6898 10019 10539 5314 97 10379 5281 1383 2202 5219
7755,740 14979 14348 14907 1351 14089 12084 11818 14163 15274
7756,1721 14345 1145 1136 1146 8152 4407 9539 1723 1722
7757,3811 1457 7513 4782 6031 834 824 1101 5075 3211
7758,2739 4437 380 6868 12014 15057 14221 1880 8748 476
7759,860 163 796 7512 1690 466 1646 11240 4925 794
7760,3223 6682 3935 2255 466 8719 662 251 7816 7840
7761,8999 10715 7124 1351 13912 4426 15148 15045 14690 15274
7762,5412 4863 12822 4384 4729 11485 2560 138 9613 3044
7763,15166 15110 6280 11197 14371 14658 15165 14164 11191 14600
7764,9182 2131 3494 7138 3822 2488 2483 9946 7178 6863
7765,7386 4712 7090 13664 7385 2810 8669 7391 8320 15031
7766,10666 11732 3961 337 13714 13695 3369 5206 2446 8604
7767,15043 15042 1540 2441 12944 8263 1536 15052 1539 15053
7768,5281 6898 10379 742 2509 5314 10140 10539 7465 10019
7769,11166 9111 9354 11209 11210 13427 6792 9110 11208 11858
7770,12324 994 876 499 3579 1673 15092 6271 6523 6522
7771,4656 4664 11371 5563 1999 4657 6167 947 293 6102
7772,5299 3857 5305 9135 14054 4969 3714 12487 14052 8747
7773,14163 14668 58 8999 10715 14612 15079 12427 4426 14559
7774,14306 1858 12206 10215 14320 6106 11126 739 9054 14865
7775,11126 3055 13388 58 15285 14984 11424 1367 11125 9116
7776,14163 14668 58 8999 10715 14612 15079 4426 12427 14559
7777,9054 14551 14951 14555 15076 14166 8999 7124 78 4162
7778,14852 14555 739 15288 14449 9054 14850 15230 12427 7124
7779,15147 1880 7301 1490 3600 2206 6868 577 712 2739
7780,14163 58 4426 12427 15045 14049 15263 14824 15285 14980
7781,14929 14166 3021 9052 14427 9054 8999 3906 14951 14930
7782,58 11126 15285 14701 14899 3055 14984 13388 14980 14824
7783,14560 14851 13015 11718 8999 3960 11045 3471 14850 15289
7784,15285 14701 14899 11478 11126 58 13310 7146 938 6523
7785,2026 2146 2544 2571 2574 2234 2518 2562 6896 5281
7786,14345 3413 3414 11340 10750 673 1887 3415 7080 1145
7787,13964 13965 13966 13967 13707 13963 6751 9143 5298 14290
7788,15255 2154 13891 8413 15276 13890 7128 1367 14612 15079
7789,12877 14578 7124 53 15247 15028 14519 15011 4363 15112
7790,15244 11959 14931 2203 14937 14930 14427 12513 14866 14867
7791,13414 14826 13587 14510 15063 14578 15028 15060 14607 14824
7792,15284 13940 11097 14851 12711 3921 13952 15184 15060 15045
7793,8999 15148 11185 7121 15248 14690 14951 14560 15069 14851
7794,4813 4884 4823 7332 3235 3234 7330 12336 12185 7326
7795,1419 10435 11675 6911 13585 1404 8748 14672 8673 7630
7796,3055 11126 11424 14984 13626 13388 15285 58 15247 9957
7797,14826 13414 13587 14578 14320 14510 15060 13940 9055 14827
7798,14163 10715 14690 14702 14668 14875 8999 1351 7130 4426
7799,14108 12668 14210 13977 651 4081 10529 4584 10477 2105
7800,15287 14080 1500 14605 14604 9989 8190 8189 100 8310
7801,14391 14939 5037 5545 796 14163 8748 4758 10321 5052
7802,14555 15288 14852 14449 9054 14850 7124 739 12427 91
7803,5222 8903 3318 12993 9109 2484 13461 13818 13451 8663
7804,1947 8041 6943 9127 14394 9128 2449 13767 13239 8885
7805,12481 2009 8997 13685 1303 9410 10353 3483 9409 2015
7806,8077 7739 4665 14257 4651 12030 11592 11963 13706 6479
7807,13195 5347 8467 5346 7115 1755 5349 3982 5348 8725
7808,15129 5929 8735 8736 14217 14471 7009 9808 8733 8739
7809,11368 11370 4663 4660 4650 2804 4653 11369 11367 13022
7810,4426 13016 15263 15045 14163 13017 7159 12427 58 7124
7811,10124 3403 13753 15264 12667 14452 5229 3404 11035 14127
7812,7124 14559 13912 15079 14612 8999 14865 14867 14555 12877
7813,13193 10930 12060 13194 4257 10931 4489 11139 8263 5987
7814,856 12308 9801 5736 12463 9276 12583 10061 702 6064
7815,2820 11122 14324 3465 8904 6417 11121 1532 2742 2614
7816,14826 13587 13414 15060 14320 53 14578 3055 14827 7176
7817,10265 5278 1381 9284 2585 2497 5466 11902 7398 7733
7818,14555 15288 14852 14449 9054 7124 739 12427 14850 91
7819,7124 12877 14578 53 14825 14510 13912 15028 14826 15163
7820,58 14824 15285 11126 14510 14980 14742 14163 14165 12427
7821,13412 8872 13724 9215 15084 11874 1033 10890 11045 7439
7822,2566 7332 12325 7564 3237 3234 4736 7561 11016 124
7823,53 14578 15163 12877 7124 11883 3055 14826 4424 14510
7824,1316 12336 10158 7330 1319 4813 12185 9493 1489 10678
7825,14700 15289 11045 14560 14851 13015 5595 8801 11718 1033
7826,13640 9306 13798 11863 6244 15154 6785 8479 14493 15205
7827,8370 13587 8369 15061 15062 15063 14826 15001 3055 3054
7828,1826 3843 2876 4416 5876 14105 6364 3844 4414 1777
7829,1826 6364 7426 3843 4416 1777 7425 2876 2869 4414
7830,1392 10364 1081 13755 494 5064 10980 5075 1277 1280
7831,13310 3405 10123 7302 11920 4966 8411 9024 12201 4634
7832,15290 8380 9308 5852 12631 14595 8214 15155 10844 14339
7833,7760 7322 975 667 5838 2350 11291 6560 1130 1978
7834,15276 1367 13891 7128 2154 15255 13890 13808 8999 8413
7835,3055 4820 6791 13626 11126 15247 4061 9957 14875 7994
7836,3471 14550 14560 14851 3470 15065 13015 3469 11230 11718
7837,88 2191 2209 10542 4901 1162 5642 1869 4815 9928
