user_id,recommendation
0,21 24 23 1 20 17 22 13 12 15
1,39 38 37 31 33 36 30 32 35 34
2,94 92 80 76 79 93 77 82 90 81
3,132 157 145 169 162 155 140 151 172 170
4,205 203 195 204 202 192 200 206 207 196
5,221 223 224 222 219 212 220 218 217 216
6,230 231 229 232 3862 13950 2829 13988 7568 10867
7,246 249 250 240 245 242 247 243 248 244
8,258 257 14986 256 4385 10616 873 149 169 6094
9,264 262 261 263 1556 4023 4381 1263 13709 11774
10,274 273 271 272 270 269 268 14061 14059 14060
11,279 280 277 278 14959 11237 6345 3994 183 13640
12,133 293 292 294 285 286 287 290 291 284
13,321 313 303 327 307 300 320 319 335 326
14,351 350 349 339 346 341 344 343 342 348
15,356 355 354 12533 12532 12531 8493 9313 12382 12046
16,359 360 361 15258 14333 15094 1532 2820 2742 2614
17,365 363 364 10905 7583 10904 12829 8307 7300 5791
18,367 368 13198 13197 7999 13199 1648 1347 6218 12766
19,377 383 389 388 385 387 380 384 386 382
20,393 401 398 397 402 395 394 396 399 400
21,405 404 2820 1166 1323 1535 1532 12426 2742 403
22,411 296 410 409 7767 2247 7293 11113 8439 10260
23,497 498 474 501 470 446 458 484 480 476
24,538 536 531 535 533 537 530 526 532 534
25,545 549 544 547 548 543 546 51 539 542
26,558 557 556 553 554 555 552 13077 6709 6721
27,574 566 564 565 575 573 571 562 572 570
28,323 577 578 583 582 579 580 581 794 466
29,598 600 599 83 592 596 597 594 593 595
30,615 611 610 625 623 628 626 618 614 620
31,169 634 14297 149 8074 466 165 2960 5984 171
32,642 643 644 639 645 638 641 640 636 637
33,650 649 648 3288 11812 3359 2484 2494 1160 186
34,659 466 658 661 657 288 656 660 654 653
35,667 666 665 3479 5838 7760 2350 7483 11291 6560
36,669 5105 5104 5103 5102 5101 5100 5099 5098 5097
37,670 672 671 10090 10089 10091 10088 5686 10087 7094
38,692 706 708 709 693 701 682 707 690 699
39,720 719 721 718 5090 5092 5093 5094 5095 5096
40,726 584 731 730 733 732 728 725 723 724
41,833 829 767 793 755 828 819 776 800 824
42,884 886 882 869 874 881 885 876 879 868
43,897 899 898 5091 5093 5094 5095 5096 5097 5098
44,905 900 906 904 903 902 901 12838 4497 10322
45,962 963 958 915 977 965 973 979 980 916
46,1011 1001 1002 1004 999 1003 1007 1005 1009 1008
47,1063 1086 1082 1032 1015 1085 1058 1072 1040 1078
48,1115 1113 1107 1114 1112 1110 1111 1108 1109 1106
49,1119 1123 1122 1125 1121 1124 1120 8021 9393 5244
50,1130 1128 1131 1132 9610 25 1129 14159 5513 12093
51,1142 1139 1137 1149 1157 1155 1146 1150 1151 1147
52,1160 1161 1162 1501 4901 10542 7286 164 3280 3237
53,1166 1165 23 2820 2742 1168 3464 1167 1535 405
54,1174 1172 1173 1171 12985 11983 10644 3854 3616 7293
55,1170 1180 626 1178 1179 358 1177 4966 2653 3190
56,1184 1185 1183 9858 9865 9864 9863 9860 9862 9859
57,1210 323 1205 1199 1213 796 1197 1212 806 1206
58,1224 1228 1221 1223 1220 1222 1226 904 1227 1225
59,467 1232 1231 1230 1233 1234 1229 10301 3473 4236
60,686 687 1239 466 1238 1242 1241 873 3811 476
61,1245 1244 1246 6291 6292 6272 6283 6275 6287 6273
62,1248 1249 1247 2754 2753 3751 2752 3529 18 16
63,1255 44 1256 1252 1253 1254 1251 6902 13100 987
64,1264 1263 1266 1260 1262 1265 1261 1259 688 9292
65,1277 1081 1279 1280 1278 1281 1274 1276 1275 1270
66,1287 1285 1286 2798 9273 9610 11739 8999 8273 11975
67,1292 1291 337 1290 1289 3970 3969 3968 3228 3967
68,1299 1303 1297 705 1302 1300 1296 1301 1295 1304
69,1310 1312 1313 1308 1309 1307 1311 1306 1305 3859
70,1319 1317 1316 6362 1315 1778 1318 1314 1320 1779
71,1323 1325 1324 405 2820 2614 2742 3465 12426 1535
72,1331 1329 1330 1328 1327 10731 586 11076 787 1525
73,611 1333 118 383 10421 15254 14905 1618 10893 235
74,1340 1339 1337 1338 1336 254 1335 4514 4516 4515
75,1343 426 1283 8508 12313 7753 12314 1742 11284 12316
76,1346 1345 2277 2283 2292 10782 5580 2276 5886 711
77,1351 1350 1349 1348 10715 13606 13607 13912 740 7124
78,1354 1355 1357 1356 1353 2369 4141 2378 2371 1829
79,1364 1359 1362 1363 1361 1360 1365 980 57 10490
80,1367 1368 1371 1369 1164 1370 8999 3237 15276 3234
81,1381 1375 1379 1376 1374 1377 1380 55 1373 1378
82,1438 1429 476 1435 1408 838 794 1425 1431 1415
83,1465 1464 1395 1462 1463 1461 11946 2175 5917 5918
84,1469 1468 1470 1473 1471 1472 13108 7857 15159 13847
85,1485 1491 1489 1483 1487 885 1488 1490 1484 1481
86,1501 1503 1500 1498 1499 1502 15287 1161 3280 3727
87,1509 1507 1508 13827 3314 7122 7117 6142 10715 9601
88,1513 1514 1512 9443 9227 2432 6181 6246 10716 4782
89,782 773 149 419 1516 1517 747 14443 764 5683
90,1523 1522 1521 11401 14847 7233 3428 11690 11402 11403
91,1532 1529 1533 2614 1526 1531 1534 2820 405 11112
92,1540 1539 1538 1541 1537 1542 1536 15043 15042 3663
93,1545 1546 1547 3127 7463 11706 7483 2018 1551 287
94,1551 1550 1552 3473 3210 7463 2018 794 287 478
95,1559 1557 1556 1558 1554 1555 12236 14167 14101 14836
96,1563 1562 5107 5106 5105 5104 5103 5102 5101 5100
97,1581 1583 1577 1582 598 1578 1576 1575 1580 784
98,1594 169 1593 1592 163 1591 686 685 1590 466
99,1599 1598 1597 1617 1609 235 1607 1616 1615 1601
100,1627 1628 8411 14711 11405 5103 5102 5101 5100 5099
101,1631 1632 1629 1630 8007 8027 9190 12838 7658 9189
102,1636 1635 1634 13721 11714 1637 13361 15167 13306 14451
103,43 1650 1648 1649 879 1646 788 1645 15282 889
104,1655 1656 1654 11309 437 2438 5155 5384 9682 1939
105,1660 1658 1659 15096 12494 11720 8616 13552 3945 3637
106,1662 1664 1663 9810 1665 2438 6623 1939 6162 6622
107,1668 1667 6803 12212 12909 8225 811 11405 692 7705
108,1678 1677 1675 1676 1673 1672 1674 1671 11101 10189
109,794 1690 489 1686 1688 1684 1689 1687 873 1503
110,1694 1695 1697 1087 1699 1698 1696 1693 11961 14547
111,1717 1708 1136 1145 1718 1706 1146 1721 1722 1709
112,476 478 1732 1734 466 794 1733 14548 3222 464
113,1737 1280 1063 1736 1081 3539 8294 3530 1050 1071
114,1742 1740 1741 11253 2801 7017 6818 7687 11425 5229
115,1746 1748 1747 342 1744 1745 1938 13888 9652 2908
116,1750 196 573 11830 1068 8984 5046 1484 5458 1477
117,1515 1764 1762 1761 1763 1758 1760 1757 1759 1754
118,1770 1776 1136 1773 1775 1724 1771 1774 1772 1145
119,1785 1782 1781 1786 1784 1783 873 686 8577 12429
120,1790 1788 1794 1792 1793 1791 1789 1787 10000 15131
121,1799 1801 1800 1802 1796 1798 1199 1197 1797 12814
122,1818 1817 1815 1813 1816 1814 1048 1811 1807 1812
123,1826 1827 1822 1821 1823 1825 6364 3843 2869 4416
124,873 1833 1835 1834 1832 1831 1830 10182 6176 5398
125,1857 1842 1843 1849 1841 1853 1855 1851 1840 1844
126,1864 1862 1863 1858 1861 1859 1011 1860 7469 14306
127,1869 1868 1867 10542 4815 1162 3237 4901 88 4399
128,1263 1872 1873 4023 10150 4841 10152 11408 4787 264
129,1877 1875 1876 2755 2309 3811 7518 11601 7998 11602
130,1880 23 1879 6868 2739 1291 13129 2509 15147 7726
131,1885 1884 1883 1882 12997 8323 9026 13532 6099 5407
132,1611 1888 1887 13662 673 8822 5491 2990 13759 1776
133,1891 1896 1894 1893 1895 1892 1113 6616 13630 3088
134,871 868 1901 1390 1900 1570 1239 1899 857 8403
135,1907 1909 1908 1904 1905 444 1906 1903 9763 5674
136,1916 1915 1914 1913 1003 11777 7358 11578 9662 9665
137,1918 1919 9904 9282 1640 7726 2559 2522 2493 9920
138,1930 1921 1922 1929 1923 1924 1926 1935 1928 1925
139,1944 1943 1940 1941 1942 506 2162 13141 1572 7530
140,902 1946 1945 1896 33 12892 11686 1046 7892 13416
141,1955 1884 1953 1956 1951 1954 1950 1949 1952 10721
142,806 1959 1977 600 1976 1974 803 1975 1973 1970
143,795 1219 1986 794 2933 1985 9390 3033 466 7516
144,1989 1990 1991 1684 7144 2689 7145 1766 7143 3764
145,1997 1996 1995 1994 1044 1993 15281 12949 11095 12092
146,1263 2005 2006 2003 2004 2000 2001 2002 4023 8179
147,1354 1357 1303 2014 2009 2010 2011 2013 2015 1355
148,101 2030 2023 2031 1093 2020 2028 1686 2026 2029
149,998 2041 2039 2040 501 2037 2038 2036 2034 2035
150,2055 2047 2054 2056 2050 2053 2052 2051 2045 2046
151,2059 2058 2061 2060 6327 12200 3671 12051 3213 10350
152,2064 2063 1079 419 875 2062 4978 5499 1035 3529
153,2073 2075 2077 2074 2072 2076 2067 631 1692 2071
154,1367 2085 2084 2083 12711 722 15276 7121 12710 11370
155,2086 2093 2092 2091 2090 2089 2087 2094 1578 2088
156,788 2100 2101 484 2102 2103 2104 2007 2097 2099
157,2116 2115 2113 2112 2114 2109 2110 2111 14888 12569
158,2149 618 2143 2131 2142 2139 2150 612 2130 2146
159,466 2167 2168 2166 1902 873 437 2161 2165 2164
160,2171 2176 2178 2177 2179 2173 2183 2172 2181 1944
161,2199 374 2033 2196 2198 2197 2191 2195 1426 63
162,2243 2245 2242 2241 2227 2238 2236 2235 2237 460
163,2256 453 2257 7946 10183 765 7515 14275 6118 466
164,1987 2260 2259 3413 9294 7080 12297 6970 8064 8062
165,169 1902 466 149 2261 165 2960 5984 171 686
166,720 719 721 718 5090 5092 5093 5094 5095 5096
167,2264 2266 2267 2265 12941 240 11469 4848 3651 1191
168,2283 2272 2292 2285 2281 2286 1346 2280 2288 102
169,2300 2298 2299 2297 2035 3927 12639 12638 8264 7273
170,2320 2319 2314 2315 1381 2318 2317 2321 797 2310
171,873 2328 2327 3973 686 1079 3676 6650 217 9992
172,2352 2353 2355 2350 2351 2348 2354 65 2321 2340
173,2363 1088 2362 7968 780 2249 9993 7118 5824 8993
174,464 788 1481 2366 794 476 1489 2005 466 775
175,2375 1354 2371 2369 2372 2373 2374 2370 1357 1778
176,2386 2398 2384 2396 2383 2389 2390 2388 2385 2387
177,2403 2404 2401 2402 526 14641 12899 4421 11941 13342
178,2406 5105 5104 5103 5102 5101 5100 5099 5098 5097
179,476 2408 466 480 738 794 478 2407 464 3945
180,2433 2435 2434 2432 2430 2429 2431 2410 2419 2428
181,2441 2442 2443 977 967 4590 12761 966 4589 12944
182,2448 268 2446 2447 2445 176 879 3222 7915 476
183,2449 2450 2451 5670 6943 1262 9292 6096 1264 1216
184,775 780 455 2156 331 2460 2367 2462 2461 2457
185,871 1047 1901 2030 2145 2465 8403 2466 879 868
186,2475 2474 2473 2472 2476 2470 2471 2469 1164 1501
187,2524 2537 2534 2544 2153 2508 2552 2204 2535 2558
188,2577 2578 6097 12305 9743 8668 3713 3033 1649 1059
189,2582 2583 2581 2580 1621 2579 1622 1757 10633 5906
190,2457 2586 2589 2588 1521 1238 2587 1282 6032 2342
191,2598 2596 2594 2595 2593 2591 2597 2592 15182 15202
192,2603 2601 2602 10346 2042 10345 10344 717 12814 1801
193,2605 2604 12485 6799 4658 4659 4647 10836 12740 14401
194,2609 2607 2608 15280 6106 7960 2653 3624 5950 10134
195,2611 2612 2613 2610 9426 1129 9813 9814 8212 10036
196,1729 703 2618 2620 1730 2619 2623 2622 2621 369
197,2626 2625 10144 15140 15139 10287 10481 13594 8708 15137
198,2630 2628 2629 14067 4315 997 13646 5820 8350 4596
199,2635 2221 2634 2632 1173 2633 10560 5364 1174 5851
200,2646 2642 2647 2640 2639 2643 2648 2644 2649 2645
201,2657 2651 1204 2655 2296 2652 2656 2650 2293 2653
202,1635 2666 2663 2665 2662 4056 2664 4059 8214 8215
203,2672 2671 2673 2670 2669 3849 5339 3851 5338 9287
204,2713 2714 2710 2681 1761 2685 2712 2708 1112 2693
205,1840 2725 2729 2724 2723 2728 2726 2727 7804 7802
206,2735 2734 2733 1687 7955 6166 8837 10931 5987 4365
207,2742 2741 2743 2738 2614 2820 2740 1165 5998 6996
208,1247 2754 2753 2751 2752 2750 807 1815 2748 138
209,2779 2777 2776 2770 2774 1452 2025 2778 323 772
210,2788 2803 2801 2804 2797 2787 2798 2794 2795 2800
211,2812 2813 2811 7224 10190 8430 10189 7748 1857 10188
212,2820 405 1166 1535 2819 2742 2817 12426 2816 2815
213,2827 1626 2826 2825 7644 7645 8294 226 7151 1050
214,2835 2834 2833 2836 2832 2829 2831 2830 2828 13699
215,2839 2841 2840 9384 11610 1360 6231 9377 9379 9386
216,2861 2862 2854 2858 2859 2853 2855 2857 2860 2844
217,2869 2875 2876 2871 2870 2874 2873 1826 2872 7818
218,611 10421 11936 11939 11937 11938 383 488 6825 9781
219,2881 2893 2875 2883 2882 2891 2887 2890 2888 2880
220,2910 2908 2909 2906 2907 2895 2905 2899 2903 2902
221,2925 2927 1747 2926 2916 2928 2924 2922 2917 1392
222,2938 2939 2935 2933 2937 2934 2936 2759 2932 476
223,2943 2944 5265 5174 2013 4021 1947 8965 9089 4274
224,1328 1660 2951 2199 61 0 1879 2948 2950 1374
225,2959 2960 2961 2958 482 2957 2956 2955 13850 383
226,2972 2970 2978 2975 2969 2973 2974 2967 2965 2968
227,74 2986 2985 8561 8562 6823 3031 5415 10767 541
228,2987 2719 1317 3684 9886 4687 10494 7453 6961 7611
229,2988 2989 2442 31 4590 8813 8814 4589 967 966
230,625 2993 2992 10492 2257 1056 2991 12178 13796 6911
231,2996 1321 3002 2997 3001 3000 6363 1320 1778 2375
232,58 3008 3007 3012 3011 3009 3010 3005 3006 3004
233,3016 2024 1569 3015 3711 11174 10369 879 176 3014
234,3019 2029 3018 2131 114 105 3213 11586 11405 2548
235,2225 3023 3024 6378 14878 298 9877 9050 3153 8198
236,3032 3038 3034 3037 3039 1653 2318 3036 3033 3031
237,3043 1752 3044 2560 5070 2270 4863 13585 11230 5132
238,1529 3046 3045 2614 2820 12426 5998 3465 4514 2741
239,3048 960 3047 10487 6377 2217 4725 2785 2117 7212
240,3055 3059 3058 3057 3053 3056 3051 3052 3054 15063
241,3068 3064 3067 3065 3066 8735 12900 13166 11401 7849
242,3072 3071 3070 3069 5690 14072 12209 9850 7073 3453
243,3083 1001 3078 3076 3075 1314 3079 3080 3082 2996
244,1893 3088 3089 3086 3087 11709 1895 11744 11743 4563
245,3093 3092 106 10282 14351 1332 1257 14843 4558 14703
246,3094 13572 2869 5778 9439 10098 4597 8164 6847 4138
247,1684 879 3102 3100 3097 788 500 3101 2520 3099
248,3106 3107 11107 1722 11104 11103 11106 11100 8152 3003
249,3114 3115 2692 3112 3113 2293 3111 3110 3108 3109
250,3118 11152 13666 13267 6617 6069 9213 2731 8846 7373
251,205 3127 3128 3123 3125 3126 203 2649 2945 424
252,3172 3166 2603 3171 3155 3137 3174 3167 3150 3168
253,3204 3208 467 1684 3205 1976 3207 3206 3203 3198
254,3222 478 466 3215 1646 163 3223 1071 1686 744
255,3227 3232 3229 3234 3231 3230 3233 3235 3228 909
256,3240 3019 3242 3243 243 3244 3241 705 4568 11260
257,3141 4712 15031 11868 12503 14408 11046 10160 12783 12150
258,2709 3255 3253 3254 3248 784 3250 3252 3251 3249
259,3262 1311 3261 3259 11627 3263 3260 14932 5195 11747
260,3266 3267 3268 1499 13824 6698 488 11477 10884 8403
261,3270 3271 2794 3272 3269 5740 3955 9320 9305 2362
262,3324 3363 3334 3281 2048 1162 3349 3330 3339 3360
263,3387 3388 2280 10051 8884 5402 13987 3411 7706 14173
264,3390 3389 7617 4143 5458 11713 1584 1486 10636 7463
265,555 3394 3393 3392 3399 3400 3403 2959 618 3404
266,3408 3407 10796 51 2174 4785 3406 2187 9402 3891
267,3411 3412 3410 13210 9713 13211 12990 1448 5575 4270
268,673 3415 3413 3414 1887 14345 11340 10750 1888 8822
269,3419 3418 3417 8301 4769 323 4925 4973 2408 8974
270,3421 3425 2908 3423 3424 3422 3426 1938 10118 7745
271,3428 3429 3427 9256 1119 4350 5743 9393 8021 1523
272,3431 3430 3435 3434 3432 3433 14739 943 5105 5104
273,3436 5105 5104 5103 5102 5101 5100 5099 5098 5097
274,3441 4 1390 2221 1389 3438 3440 3439 476 7955
275,3451 3446 3448 3447 3450 3445 3449 4723 4651 8320
276,3452 5105 5104 5103 5102 5101 5100 5099 5098 5097
277,3460 1099 343 1445 661 2156 3459 14125 1686 3457
278,2614 3465 3464 2820 1166 3463 2742 1532 13578 1323
279,3467 3466 2537 4174 3695 12285 8950 3879 4865 12097
280,3471 3470 3469 14550 14560 14851 611 13015 11230 11718
281,3210 3473 1550 3472 2750 1982 2790 7043 3017 14743
282,1201 128 3479 3477 3049 3478 666 323 31 30
283,3481 3480 1703 8646 8244 3482 14155 1882 13002 11096
284,3484 3084 1720 3483 3083 12733 7101 11347 4687 1709
285,3321 1978 3487 12976 2253 3283 1033 7299 9284 8083
286,3491 3489 3490 13778 13777 11611 13776 8115 9454 9453
287,198 3500 3505 3496 3504 3502 3499 2129 3498 3494
288,3510 3513 3512 3511 67 10840 2195 8719 4236 1302
289,2781 3518 3517 3186 3519 2750 3516 3515 3514 760
290,3541 3542 3537 3540 3543 3523 3535 1280 2357 3538
291,3242 3556 3557 3551 1514 3553 3555 3552 518 3554
292,3564 2086 3568 3565 3569 3566 3567 3563 3562 3570
293,3576 770 3577 3575 3574 1875 786 11588 3727 13369
294,3579 876 994 3578 9254 12670 12324 11977 11090 6837
295,3585 3588 3587 3584 3586 3581 3582 3583 2233 13337
296,3592 3590 3593 3198 3591 11089 5798 8818 4265 4187
297,3599 3598 2738 42 3595 3596 3594 3597 11960 6052
298,3609 1765 1868 3610 3605 3608 3602 3606 3603 233
299,3616 3615 1171 3617 1174 14955 14393 8020 9084 15108
300,3628 3625 3626 3636 3630 3638 3639 3631 3627 3640
301,2422 3661 2421 3647 3591 3656 2414 3659 3654 3646
302,3667 1007 3666 7065 7078 3074 1003 9536 1136 11892
303,3671 3672 3669 3670 2060 4070 7625 10350 10349 4065
304,3687 3684 3677 3688 3685 3680 3683 3686 3691 420
305,231 3707 3708 3706 3705 3699 3700 3704 3702 3703
306,3717 3716 3138 968 3714 3715 5116 2254 15099 12341
307,3721 3722 9078 9077 1536 9076 9079 8215 11363 1128
308,3737 3115 3736 3740 46 3741 2692 3734 2350 1066
309,3749 1080 3748 3750 1112 2826 1943 3745 3454 3747
310,500 3754 1435 3753 1667 11014 11284 1648 3755 4840
311,1050 3758 3757 3759 3764 3763 1098 1278 3761 2682
312,3771 3772 3770 3769 3767 3768 14393 11711 14693 10669
313,3776 3783 3778 3781 3775 3780 3784 3786 3782 3779
314,3792 3790 3791 7631 9093 4230 15147 4669 739 2240
315,476 3795 3794 3796 466 794 478 477 736 464
316,2430 3798 3799 9116 2434 2433 2435 2431 2429 11124
317,3804 3806 3808 3809 3807 3805 3801 3803 3802 3800
318,3811 884 2309 1101 6812 11149 3810 9604 5502 2755
319,3815 3816 3818 3817 3814 3263 3813 5886 10595 3403
320,1181 3824 3834 3835 3828 3829 3836 3830 1285 3833
321,3844 3843 3845 2767 1826 2876 3516 3842 4416 14105
322,3849 3851 3852 2673 3847 3848 1878 3850 3396 12432
323,399 3407 246 3856 3855 6477 8803 13319 12578 14793
324,230 3862 3861 2830 3863 3859 3860 2831 629 12606
325,3871 3869 3870 3868 3867 3866 30 4989 7729 11094
326,3887 3880 3888 3884 3883 3885 3882 3886 3665 3881
327,3907 3903 3906 3898 3905 2043 3900 3895 3899 3586
328,383 851 2153 3909 996 3252 2859 4759 4497 3397
329,3927 3914 3912 3929 3928 2298 3920 3923 852 3932
330,3945 3881 3946 873 714 3943 732 3942 3941 3944
331,3952 3950 3951 9014 4468 6187 13358 7939 9682 7805
332,3953 3954 15073 14894 8102 8093 9077 9076 8507 8094
333,1292 3970 654 3968 3969 3228 3967 3955 3961 3957
334,3979 3978 5058 121 1447 10170 9463 4178 11864 10209
335,3982 626 3980 3981 5898 2131 4595 7115 1755 5347
336,3720 3984 3985 3986 5176 843 3313 1454 509 7984
337,3989 3990 3991 10330 12621 11904 14121 1834 14258 5623
338,1095 3993 3994 1519 183 2763 2415 9443 280 5265
339,3998 3996 3997 3995 10408 10409 1896 7893 6498 11546
340,4005 4007 4008 4006 4003 1811 4004 1817 2332 4000
341,4012 11469 762 3970 4808 1809 5156 6535 5934 10023
342,3945 625 4016 7552 4015 476 227 4014 10359 11384
343,4018 476 4026 4027 4022 163 2739 3055 4025 2456
344,4037 4035 4036 3442 4034 13426 1317 1011 10073 10071
345,4046 4047 4044 4043 4042 1372 4045 4041 4040 1051
346,4051 3111 3108 4050 11363 4049 1128 245 11362 3721
347,4054 5105 5104 5103 5102 5101 5100 5099 5098 5097
348,4055 5105 5104 5103 5102 5101 5100 5099 5098 5097
349,4056 4058 4057 2663 13944 5222 13461 2665 12949 8215
350,1778 4060 4061 6362 2375 2371 1320 1319 6363 1321
351,3670 4067 4065 4064 3669 4070 4072 3097 4071 1406
352,4078 4091 4094 4092 3664 4095 4088 879 1100 1071
353,4100 652 4099 4113 4109 4108 4105 4110 4107 4112
354,4117 203 4118 4116 4120 3040 15050 4119 3498 12763
355,4123 5256 5104 5103 5102 5101 5100 5099 5098 5097
356,4129 4125 3811 4128 4130 4124 807 1684 4127 4126
357,4144 4143 1354 1357 2371 4141 1829 1778 1355 2378
358,4153 3648 4150 4149 4148 4151 4152 9610 13388 3051
359,4155 988 4156 4160 4161 4165 4164 4167 4162 410
360,2108 4168 4173 4170 4172 2982 4171 1123 5788 4169
361,476 794 478 4177 1213 494 797 466 437 14548
362,4248 4252 2107 4243 4240 4245 4256 1418 4258 4255
363,4273 4275 4274 1176 4272 9823 4809 2287 9448 6944
364,4296 4294 4289 4287 4298 1436 4279 4297 3554 4295
365,4314 4313 4309 4312 4311 4310 4307 4306 4305 4308
366,2910 4321 4324 3730 998 4325 4322 4323 593 4319
367,2820 1866 4329 4330 1166 2742 405 12426 3465 2614
368,4332 2243 4331 5933 11858 2245 11527 2246 9533 2244
369,4335 4334 4333 3994 183 5576 1176 5341 505 12459
370,240 7966 4338 4337 12941 11469 2266 7965 2731 705
371,4344 2488 2540 4346 3831 3289 3826 4345 928 4342
372,4350 4352 2305 4351 687 13618 13312 8882 6268 13018
373,4355 4353 4354 873 5140 4406 292 12204 8971 7862
374,2614 618 287 7700 3465 2820 2742 1532 612 5998
375,1222 4358 282 7936 1938 2908 1847 10001 10323 1837
376,4362 4361 12879 10195 7530 1669 6392 13142 1336 4737
377,4363 137 7120 12877 8494 81 7113 467 447 3510
378,209 4251 1568 4365 4364 3453 5858 3185 4238 7955
379,4367 2916 412 2919 4066 10048 2013 15145 14541 1481
380,4376 1764 4375 4373 4374 4377 1798 4371 822 3920
381,4382 1452 4383 4381 4380 12863 14432 176 7244 14872
382,4393 4394 4390 4412 4389 4391 4410 4408 4407 637
383,1306 4414 4415 1102 1826 11654 5411 4416 4134 11651
384,4417 4418 8145 10559 10483 1949 8969 1865 8131 12560
385,4433 4435 4434 4432 4426 4431 2832 4424 4428 4429
386,707 4438 4440 4439 13058 5569 10064 5769 10529 8470
387,4445 4444 4443 9435 9700 9705 9710 9708 791 2790
388,4450 4448 4447 4449 4446 936 5788 13409 11219 13968
389,2686 4453 842 9521 7301 6787 3750 9249 4006 5398
390,1823 4463 4456 623 4459 4462 1927 4464 4458 1726
391,4498 540 4502 4495 4489 542 3922 4479 4485 4486
392,1529 4514 4515 2741 1340 2814 2742 2614 3465 2820
393,827 2569 4517 746 4519 851 9588 7373 4411 3735
394,4530 4529 4528 4524 4527 4525 4520 4526 4522 14266
395,4533 4535 981 4531 1731 4534 4532 955 12792 11792
396,4536 4549 4438 4543 4540 4539 4542 4538 4541 4551
397,1257 3092 4557 4558 3769 4552 4556 4554 4553 4555
398,4564 4563 4565 569 4561 4560 4562 11744 12184 11743
399,4587 4582 4586 1336 4584 4583 4585 4581 966 4087
400,4605 1721 1322 2875 2881 4133 4606 4604 4401 4603
401,4610 698 10271 7506 563 10272 2000 1404 4277 10176
402,4622 4621 4620 1318 4615 4618 4623 4612 4625 4624
403,4633 559 443 1231 3639 704 2462 4629 116 4631
404,4635 3380 2539 4636 2483 4637 1163 1275 7138 3237
405,4659 4660 4658 4650 2804 4646 4655 4648 4653 4645
406,4667 4666 13406 13770 231 12330 10867 7722 11147 2904
407,2556 4669 4668 11566 1410 2506 4561 10151 11574 3738
408,4672 4671 10488 13793 11248 14229 7384 8575 6622 13848
409,4675 5106 5105 5104 5103 5102 5101 5100 5099 5098
410,4679 4685 4680 4676 4681 4683 4682 4678 4684 4677
411,4132 4689 4687 4690 4688 3443 1136 4692 2873 1317
412,807 4376 4492 4129 4125 4130 822 1764 2752 4377
413,4706 4705 4698 4702 1699 4701 4704 4703 4700 4699
414,4712 4711 3121 7386 7090 15097 13320 14183 8869 13855
415,4718 4713 14377 4714 8274 11036 4717 4719 4715 4716
416,4305 4724 2480 137 4722 4723 4720 4721 11420 13958
417,4728 4727 7713 7712 7714 7715 7849 7848 7847 14547
418,4730 5106 5105 5104 5103 5102 5101 5100 5099 5098
419,4735 4737 4734 4733 4738 4739 4361 1193 448 4732
420,4741 4575 4742 3916 8200 14486 8238 6254 8614 5499
421,1296 4743 4077 5041 4877 6874 5846 8288 8293 10630
422,4749 2894 2982 4745 1269 4748 4747 4746 10117 6059
423,4753 4754 4751 4752 4964 2947 15060 4962 4073 5896
424,4759 4756 383 3811 4762 697 3016 4262 3711 879
425,3097 894 4766 1732 4768 2294 4767 2366 4765 4200
426,4778 4779 3386 1960 4777 4776 4775 4772 4774 4773
427,1513 4782 3525 4781 9443 6181 9227 2432 1457 7513
428,4800 4784 4795 4802 4783 4785 970 312 4798 4799
429,2362 4811 4810 2363 14520 1088 10505 4726 10504 4024
430,4814 1392 798 4813 3397 184 3398 3219 2607 4812
431,4820 4061 4819 3110 4818 6791 3055 4817 1778 4060
432,4825 4823 3771 4824 4822 4821 4813 4884 3234 7332
433,4830 1083 2751 1060 890 4831 3363 4829 4828 4827
434,538 4840 4839 4841 529 4835 4837 526 4844 536
435,1751 4852 4854 4853 3044 4861 4850 466 2262 3262
436,794 4879 3034 4877 1657 2150 2692 2775 251 136
437,393 395 402 401 398 397 394 396 400 399
438,4899 4903 4905 4895 4901 1371 4902 4900 4904 3238
439,4901 3496 2488 4920 4638 4916 4913 2567 4918 559
440,46 4925 4924 7516 11392 12709 10732 466 12205 13884
441,46 3513 420 2323 813 4930 4929 235 4931 234
442,4371 4935 8357 6525 1910 4376 1764 4377 4375 4374
443,4941 4808 4943 4944 4945 4939 4940 4942 2008 4938
444,4950 4949 2770 9458 7832 10914 1476 5660 10915 6970
445,4955 4964 4963 4752 4966 4962 4958 4956 4961 4960
446,3544 3546 4974 3819 4975 4976 4973 1014 1041 3108
447,3359 1369 4990 4878 4635 4982 4342 4988 4986 4987
448,4995 4996 4994 3458 8776 386 2533 2493 2625 4235
449,4158 3553 3366 89 5001 4999 4997 4998 5002 5000
450,5006 5007 5005 5009 5008 5010 11146 11783 6540 7659
451,5057 5055 5046 4050 2253 5048 4354 2006 5053 5041
452,5086 5090 2066 1653 5088 5085 5084 3916 5089 5083
453,5096 5098 5097 4729 5099 5100 4384 11481 9349 12420
454,5103 5102 5105 5113 5112 5108 5106 5101 5110 5109
455,5115 5106 5105 5104 5103 5102 5101 5100 5099 5098
456,5121 5122 5116 2703 3151 3245 5120 4235 975 5119
457,5125 5128 5127 5129 5126 5124 9967 9968 11406 9179
458,5160 3129 5154 5071 5142 5162 5163 4326 5130 5150
459,4085 5181 3557 5182 2714 1993 14861 585 4766 1206
460,753 5185 4369 4090 5184 4021 9051 12127 2291 4297
461,5193 5192 4038 5189 5190 1620 5191 1461 5188 5187
462,5197 4465 5196 2699 6097 6498 2705 7527 12081 2600
463,5202 5199 5201 5198 5200 12309 13942 15125 7972 10229
464,5205 4033 5204 1451 12869 11592 252 12868 8426 11115
465,5214 4979 5213 4976 5219 5216 3316 5217 1050 5215
466,5225 5224 5223 26 7054 7966 12966 2457 10076 9044
467,5229 1740 5230 5231 5232 5228 5227 3449 1741 14305
468,5237 3526 5236 5235 5233 5234 10902 3644 10000 3541
469,5240 5239 5241 5238 5242 5092 5093 5094 5091 5096
470,1119 5248 5247 5245 5246 5244 5243 1379 9393 1121
471,5250 5251 5341 505 4406 4244 4333 13918 7174 6848
472,5255 678 5256 1886 5252 5254 5253 11610 2393 8259
473,1799 5260 2156 2290 5159 1801 4933 1802 15162 15161
474,5265 2013 5174 2944 3993 4274 2657 5264 4021 1381
475,299 1492 5276 5277 5281 5280 5278 4313 806 3792
476,4273 5282 2268 12479 4596 5447 12432 12017 11712 3848
477,1177 5287 5285 1897 5286 3950 2984 5284 10868 9594
478,5296 5294 2830 4871 5295 5289 5292 5293 5291 4409
479,1367 5311 1994 3019 5310 5309 5307 3136 2216 5306
480,5318 5320 5319 5317 8255 7472 2014 2624 9962 9961
481,5324 467 5322 5323 1391 4224 5321 15092 6824 8592
482,5327 1882 5328 5329 3482 5330 5326 9074 5332 3568
483,5333 3794 5334 2901 1979 11079 9796 15055 6632 476
484,2673 5338 5339 5336 5337 5335 3849 2671 3851 2672
485,3384 5342 3385 1281 5435 5501 175 5859 6433 5343
486,1533 5344 2824 1532 8526 2744 1165 4514 14324 8904
487,5346 5347 5349 5348 7695 4282 13195 8467 3157 6094
488,5357 5356 576 5358 5355 5352 5353 13024 5354 12383
489,2139 3428 5360 5361 5359 3550 436 9256 612 3575
490,5377 5375 626 5373 5374 5378 2169 5371 5379 5369
491,5389 2540 3289 5391 5392 5388 5393 5394 5390 2495
492,2101 5397 5396 1568 10572 4091 4188 253 3911 10142
493,5399 1933 12892 12300 12520 5102 5101 5103 5100 5093
494,209 5400 4937 6248 11193 10631 3478 439 9985 4422
495,685 5401 5402 466 10781 787 4233 6445 790 7149
496,147 5406 5408 5407 5405 5403 5404 158 14777 9494
497,466 1686 5411 5410 4823 4891 4878 4908 476 2482
498,3043 1752 5417 5419 4228 5420 711 5416 5415 3044
499,3453 5427 3529 5425 1611 1484 5424 5426 874 5423
500,2422 5428 2421 12036 2414 3661 10224 567 9807 3660
501,5435 3384 5432 5429 5431 4202 5430 5434 5433 2000
502,1721 5442 5443 5439 5446 5441 5440 5444 5445 4407
503,1826 4139 2996 5447 5449 5450 10199 5448 6364 3843
504,3770 5459 1104 5460 5454 5462 1112 5461 5458 5457
505,5466 5467 5465 991 5464 5463 11116 476 9349 3866
506,5484 5470 5469 1677 5479 5481 5482 5476 5483 5478
507,5490 5488 5489 3042 5082 6689 5487 8074 4183 10304
508,5494 5493 5492 6699 12791 12790 8297 12789 1818 6347
509,5496 5495 5105 5103 5102 5101 5100 5099 5098 5097
510,5502 5501 5505 5499 3909 5503 5498 5504 5500 5497
511,1684 5511 5510 1749 5509 5508 2702 5507 4547 3396
512,5514 5515 5516 5513 15163 14114 14224 13431 1131 8452
513,5518 5519 5520 14581 10163 14204 14424 14222 11384 10165
514,478 5524 4816 5528 660 5527 465 5523 5329 14548
515,5530 5532 5529 5535 5448 5536 5449 1140 5534 5533
516,2758 5545 4031 2774 4766 2779 5548 4340 5544 5546
517,344 638 5558 5556 5557 5555 2795 5554 1254 15265
518,2309 5561 3811 466 2755 1875 476 774 686 478
519,5565 5566 4644 4642 5563 5564 9560 4594 9559 9558
520,5569 5571 879 5572 5570 1553 5573 2669 2445 2192
521,149 5577 5475 5576 169 481 5433 170 466 794
522,466 4925 5580 1690 5579 860 5578 476 7516 163
523,5582 5583 7488 7670 11341 4120 996 6103 4497 3193
524,5591 4478 5590 5589 5585 3913 587 3519 208 2331
525,1836 5592 5594 5593 7050 7246 4175 4191 11935 127
526,5605 4747 4750 5604 5601 5599 1940 3091 5603 2905
527,5607 5606 2081 5608 937 5609 932 6144 2304 13342
528,5612 5620 1297 5621 5615 5619 5617 357 5618 228
529,5628 5627 5626 12172 12068 12310 12649 8626 8637 8636
530,664 5636 5637 1419 5634 5167 134 648 5633 2141
531,5299 3714 3857 5305 9135 4969 3717 7730 14054 12487
532,5647 5644 5649 5648 5646 5650 5659 5643 5645 5654
533,5665 5666 13894 11574 380 9492 2705 4940 3344 1206
534,5671 5667 5670 5669 1773 5668 9665 1917 1914 2449
535,1748 5675 1337 5674 5676 1360 4386 1746 1907 6982
536,177 5683 5682 782 14443 14561 14997 3101 7923 5680
537,642 5685 648 11022 2010 922 5684 643 644 645
538,1011 4132 5687 4688 5688 5447 1861 4134 2887 4687
539,5697 5693 5694 5691 5692 5696 5695 13218 12088 8357
540,5699 5701 5702 5705 5703 5704 5698 1654 5700 2849
541,5713 626 990 5711 569 5709 5710 5712 4668 5708
542,873 2589 5723 686 2309 5722 5717 5721 4765 5720
543,5734 5682 5732 5736 4312 5737 5735 1191 5729 323
544,2064 5499 3532 2063 1079 419 2062 875 4742 8238
545,5744 3043 1752 3403 5747 5751 5746 2270 5749 2134
546,5757 5758 5759 5235 8324 553 8323 7249 5236 14733
547,5767 5762 3719 3441 5763 3937 5769 450 5768 4481
548,5772 5774 5773 212 5771 5770 1758 5280 821 4104
549,5780 5782 5781 644 3028 3038 5779 5777 5778 5631
550,5788 5786 5787 7000 4450 6497 9657 7678 11384 9331
551,3467 4558 5789 1257 4557 3092 3769 4556 11084 3607
552,5791 5792 8307 9252 27 15025 3035 5750 715 363
553,5797 5796 5801 5794 578 3137 5800 4111 5799 4339
554,4915 5816 5827 5805 5806 5824 5823 2567 1159 5803
555,5841 1826 4139 5847 5842 5849 5844 1136 5848 1145
556,2221 5850 5851 1076 11982 6930 2253 4728 2444 6107
557,5856 5861 5855 5870 5872 5873 5868 5875 5857 5866
558,5886 3411 3814 5885 5882 5884 2405 5883 5879 4410
559,586 1329 5891 2723 5620 5177 3881 10439 3672 4169
560,2993 226 2736 3342 5894 1075 5893 1760 3286 10492
561,3982 2131 4964 4595 5896 5898 5897 5895 1753 4710
562,5917 1466 5901 1464 1465 5914 5908 5906 5910 2175
563,5933 5930 5949 5948 5936 5939 5935 5924 5944 5946
564,3811 2309 764 420 745 5961 5958 5957 5960 5959
565,5966 1596 2903 5965 5963 5969 5967 5968 3125 5964
566,5580 249 1340 3499 1341 466 618 4925 1690 7929
567,3699 280 5974 5980 5975 5977 5978 2754 5979 1644
568,1366 5983 4518 5984 4709 169 712 8952 7846 8473
569,5992 5991 5988 4399 5994 1296 5993 5987 5826 5990
570,2820 2742 2614 5998 5344 1529 6000 3465 6001 5999
571,6002 46 618 1957 5324 3213 578 7182 4452 612
572,6010 6006 6007 6009 6011 6008 11835 5677 13798 2711
573,4762 794 6035 3222 6028 1612 6034 6021 1450 6015
574,6050 5073 6051 5072 169 6049 5067 4366 5065 2652
575,1684 5416 6054 1416 6055 5417 5418 6214 7385 286
576,6060 6059 4748 6058 684 6061 6057 14047 14048 10220
577,2133 6064 6063 9276 702 10061 7275 5517 12308 3916
578,4132 4687 4138 4688 1317 1011 1719 3083 7057 1354
579,6069 6068 11412 11411 11413 11414 7640 10024 4709 13631
580,231 5638 6070 13950 230 13406 9190 3708 3706 3707
581,6077 6072 4350 578 6076 6073 6075 202 6074 594
582,6082 6081 6080 7873 7870 3125 7872 7874 7871 7369
583,1732 848 6083 7338 10517 2781 476 8971 2452 7337
584,6092 6090 6093 6091 4207 5598 4225 893 482 6089
585,5729 6097 14594 6096 1898 2847 6503 14733 9828 6607
586,6099 6101 6100 6102 1883 13809 8757 14795 12182 12274
587,6104 5837 3863 6103 5997 2186 1471 412 13113 5112
588,3556 1239 1238 8879 3557 4 794 323 2784 1206
589,733 6113 6112 5727 6116 3983 6114 6115 6109 366
590,6124 6120 6123 6121 6122 6119 12198 2741 11239 7620
591,3222 31 6003 30 2959 6128 6129 5 665 6126
592,1282 1765 6133 6132 6131 6130 4850 2342 2588 2210
593,3938 3029 2680 4695 382 5768 503 12193 1484 3027
594,6136 1374 6139 4903 6137 6138 4890 13003 3906 7563
595,3727 3312 3359 4912 164 1501 11588 3280 2470 4348
596,4830 3602 6142 349 8176 679 3692 8719 1060 5210
597,4458 6145 6144 6524 6525 3533 5463 5607 13725 9956
598,6156 6153 6155 6151 6148 6147 6154 6152 6149 6150
599,6158 11660 614 9314 604 11030 2563 11336 9392 11661
600,6167 6160 6161 6163 6168 5445 6169 6165 6162 1662
601,6178 6176 2772 6175 4000 6177 5396 14419 3308 4350
602,6187 6180 6186 6184 399 6173 6185 4781 4948 6183
603,6196 6195 466 2470 6197 163 144 5542 6200 4988
604,6206 6207 6205 6203 4877 6204 13190 12974 5587 9985
605,6218 6220 6219 806 1520 6221 1650 4475 3499 6217
606,4749 6226 6227 6225 6224 11592 11964 13639 12131 6122
607,6233 6229 6230 6232 6236 6231 1302 213 684 3814
608,6259 6239 6238 6256 6249 6258 2983 6188 5525 6250
609,5452 2151 3876 2296 5801 7499 3824 5229 10124 7684
610,6268 12417 6269 13018 4352 7868 2664 12291 11426 12276
611,994 1712 1673 6271 12324 876 499 13236 11872 5685
612,6291 6287 6277 6275 6273 6292 6272 6283 1246 6284
613,6293 6294 774 6296 624 6295 4532 466 686 8490
614,6299 6173 2723 6297 5600 1844 6298 4068 5894 6598
615,5401 4951 4636 2469 3826 4344 5388 6301 3371 295
616,2221 6304 2482 5851 5850 1076 46 466 3298 964
617,3507 6310 3049 6312 6311 6315 6316 998 2117 6307
618,1577 1564 1565 11392 1576 46 10732 1583 7017 4953
619,1136 5686 4597 6320 5689 1145 6324 6323 1861 6321
620,6331 6332 6328 636 2831 6049 6327 6330 6329 4581
621,5362 6347 6345 6339 6346 3943 2689 3342 644 1075
622,6352 6351 6350 3465 2614 1532 2742 2820 11121 11122
623,2594 917 6354 2598 2596 2593 2595 2597 10225 2591
624,1011 2628 1145 1146 4596 1136 1721 5686 10751 1722
625,318 6358 6357 12640 344 10264 8455 198 38 998
626,1320 1778 6362 6363 1319 6364 6361 9192 4060 1779
627,2151 6371 3916 1206 5739 2781 3931 760 2467 6373
628,1250 1019 2356 10094 2657 13886 1216 8819 9060 1039
629,466 6384 6385 6378 6380 6382 1648 6381 324 6383
630,6392 6391 6389 6388 6390 13123 5601 5967 9998 4699
631,6399 4272 6395 1176 6397 6396 6398 7536 10109 13046
632,1213 3908 1300 6406 1215 1426 2240 4845 6407 5309
633,2614 1529 6416 4514 3465 2820 6415 5998 2742 1532
634,6424 6418 6420 6359 6429 6422 6425 4508 6430 6419
635,6364 6432 6431 1826 14283 9192 4413 1320 1777 2371
636,3108 149 611 1617 1280 3751 1618 1622 323 3530
637,4507 6441 4769 6438 6442 1071 6440 4241 6443 757
638,5449 6446 6447 7077 2869 1778 6847 1011 2880 5448
639,6451 6458 6461 6449 6459 6455 6452 6448 6450 6460
640,6467 6466 6465 348 5653 6464 2458 5652 737 5654
641,6471 6470 6054 2509 5487 4639 458 5135 6469 11813
642,2808 3905 5195 6114 4577 6474 328 336 1608 6056
643,6506 6509 3087 6492 1680 6504 6480 1521 6491 6502
644,6530 6527 6524 6526 6525 3609 6528 6531 6529 6522
645,6534 5104 5103 5102 5101 5100 5099 5098 5097 5096
646,6536 6545 1341 230 6542 6544 6538 6543 6541 3091
647,6548 6549 4357 7980 6897 1327 7584 9838 8786 7967
648,6550 1357 2369 6551 6555 6553 6360 2014 6552 1913
649,3237 6566 4887 4891 5793 705 4568 6563 3049 6562
650,6568 1303 7 6410 11320 6681 1426 1213 5427 8694
651,6572 6571 6570 8071 6569 10790 7389 12501 12505 12509
652,6579 6577 6576 6578 6575 6574 7800 2445 3222 5852
653,2013 6582 6583 6581 6584 5147 14688 4803 14567 5265
654,6588 420 6589 3195 1479 6590 3102 1211 1591 6586
655,794 775 873 1203 3943 476 764 323 466 464
656,6595 772 3206 1568 2768 6592 6594 6593 3185 4366
657,6598 6597 431 2723 1237 4696 10809 4018 5287 2267
658,2857 6602 6600 2167 6601 6599 11419 9140 12653 12399
659,6622 6616 6619 476 6617 6611 6614 6610 6620 6621
660,1110 6627 6632 6631 6630 6628 6626 6629 4465 9972
661,6633 3985 734 1453 6639 2106 3253 6643 3362 3699
662,6667 6663 6662 6664 6666 6655 6665 3652 6660 6661
663,6669 4368 14182 14207 14001 7660 13537 7473 7479 7486
664,211 3811 6677 6357 5894 715 994 6678 6679 4555
665,2221 6686 973 341 1600 9532 5850 5851 8220 7083
666,5490 1686 2139 3039 5488 6157 3635 5489 6689 3165
667,4017 6693 6697 6546 1512 6498 6694 249 6499 3996
668,6156 3354 6701 6147 6702 6700 6148 6153 6155 6150
669,3076 3078 6703 3079 4134 2883 3077 2870 6704 2890
670,6725 6709 554 6711 6721 6719 6715 6723 6720 6712
671,6729 4595 6728 14543 3982 2131 9563 5898 5355 7544
672,6732 1855 6731 4013 950 12296 2534 8444 10414 5325
673,6739 6735 6736 4136 6740 6737 6738 6733 2148 1015
674,6744 6743 13551 13023 354 5288 14411 7662 15141 5099
675,6745 6746 6747 5090 5091 5092 5093 5094 5095 5096
676,104 6673 6749 3908 1804 7362 5304 4080 12133 11672
677,5917 5904 632 6750 2005 10125 6751 11050 2175 5918
678,6754 6753 4771 13485 10346 10338 922 5664 11685 2811
679,6759 6756 6757 6758 6761 2971 6760 11358 11359 9239
680,6766 3931 4876 4480 6765 751 3926 6764 6580 6763
681,4309 6774 6501 6772 6770 6773 6771 943 952 934
682,6776 6184 6778 6779 6775 6777 4281 6780 6781 6783
683,6789 1128 6788 6786 2221 6787 6790 7824 14043 11363
684,4594 6795 6797 5563 5564 6794 6796 4655 4644 4648
685,3909 6802 2235 1429 6800 4477 6801 3602 3581 9570
686,6809 6811 2996 6810 3442 6806 7554 4132 4604 6805
687,6813 6812 6697 748 884 4864 11149 1443 5186 805
688,3548 3163 8666 6816 6814 6815 949 9428 5630 9427
689,1869 4985 4897 6818 1871 6819 1890 4901 4815 88
690,538 4844 6820 536 531 4839 14808 9656 529 578
691,133 4182 5053 697 6824 6821 167 6825 6823 6822
692,6832 2448 2225 6831 6830 1206 6519 3361 4419 444
693,6836 6837 4787 1263 6835 2918 563 6839 6838 2931
694,6846 6843 6845 6840 6844 6842 6841 5296 4379 3609
695,6364 6847 1826 7077 1320 9192 2371 1778 1777 4413
696,5884 823 5584 3151 6849 6850 6851 6848 15069 8648
697,6853 420 3225 2211 1641 3678 1646 3195 611 3682
698,5398 4131 4453 4006 1834 5779 2102 592 6861 1811
699,404 1166 2820 1532 6867 405 9791 12426 9784 1535
700,6878 1295 2661 6871 3871 6877 2675 186 3312 6088
701,3453 5858 4251 4031 3185 6676 5540 3528 5424 1341
702,6885 6884 6883 12318 8032 5788 11978 8059 4530 9655
703,6909 6910 6904 5325 6905 90 6903 6911 6907 6892
704,1071 694 832 6919 1899 2770 6918 4208 794 4862
705,6922 6921 5103 5102 5101 5100 5099 5098 5097 5096
706,6926 6925 3469 119 4894 6927 4922 6928 5637 4988
707,6938 5403 6933 336 2274 207 6932 6936 3950 6937
708,6951 6947 6950 5600 6949 6547 5603 6499 6948 6946
709,6962 6966 2053 6439 1766 6643 5778 1201 496 6964
710,6986 6987 6974 6979 6978 6985 4121 6984 226 4504
711,1529 2815 2742 2614 2820 3465 6989 3464 12426 5998
712,4515 6993 6992 1532 2742 2820 9784 13234 13324 8907
713,6990 6995 5194 11108 12070 4791 10563 4514 9788 11111
714,7003 7002 476 4643 2151 4642 46 5191 2936 7004
715,7008 7007 7010 7009 4875 3497 7011 4990 2483 14010
716,7014 7015 7013 14571 14445 4062 12632 7016 14236 8164
717,6114 6345 7020 6769 7018 7017 7019 1028 683 4952
718,7026 7029 7032 7024 7035 7034 7033 7023 7028 7030
719,7041 7036 1987 1436 6970 1273 7039 4950 7042 4761
720,7044 7043 465 6445 2139 3210 227 454 5032 6958
721,7047 4992 2488 3348 185 4993 7048 4834 821 6263
722,4850 7051 7050 7052 7053 1282 8195 658 5592 3500
723,7061 7060 7063 4142 7071 7070 3077 4608 556 7067
724,4956 225 7082 14986 3994 183 8561 6823 13523 14650
725,7084 5105 5104 5103 5102 5101 5100 5099 5098 5097
726,964 7085 7403 3683 10680 974 2304 10679 4862 4291
727,6399 4553 3588 7087 3587 3586 3585 3584 3581 3582
728,4776 7089 145 4305 4772 4774 8194 2220 12280 9518
729,2375 2372 6551 7100 3774 2616 2869 7099 4461 7098
730,4964 1169 5896 4073 7104 7103 7106 5978 6163 7105
731,7109 6196 14496 7110 12803 14921 11366 5107 13430 3751
732,111 7120 7111 7124 7114 7126 7125 7127 3055 7121
733,7138 4637 88 3899 6973 7137 3377 2863 15243 12493
734,5452 3543 1602 39 2297 3546 7139 3544 4979 5210
735,3811 742 385 3598 3470 2309 1101 466 2755 686
736,4056 1635 2663 2662 8214 7142 13721 11714 8215 13944
737,1684 1989 7144 7145 1766 3764 7143 2689 644 1688
738,466 7149 787 685 6445 3937 433 476 8959 686
739,3931 592 243 2781 4876 3926 9975 635 1206 466
740,2799 2697 2720 7151 3361 3358 3016 10424 10510 3303
741,4426 7159 7157 7158 7156 2507 7127 7123 3021 15045
742,7161 7171 7165 6612 7170 7166 3997 399 6477 5246
743,323 138 865 466 128 794 1206 31 11485 879
744,3969 3455 7176 14826 14320 1292 3970 12051 2061 3213
745,1367 7179 7178 7180 7177 4307 15276 7128 11767 2084
746,1957 7182 3149 2321 4452 6002 7181 9316 4437 8748
747,6348 7186 6814 3943 7185 732 3881 7184 2215 677
748,985 668 7196 7195 7191 665 7194 2350 1093 7189
749,7200 7199 10186 10187 5103 5102 5101 5100 5099 5098
750,2858 5511 6939 4802 3852 546 953 4354 5952 3285
751,7204 7203 4126 6319 7208 7209 2954 3522 7205 7207
752,5882 1677 7214 1660 5483 1873 7213 328 9887 13615
753,4599 7215 2014 5845 4596 2375 7427 11347 1357 7216
754,7219 9808 11849 1845 1700 8114 1846 6785 14884 11848
755,3075 6704 7221 3079 3077 6703 3076 2870 3078 8167
756,7228 7227 7226 7225 7224 7223 10084 10081 10083 2811
757,6303 7230 7248 2273 8690 2263 8578 12339 922 11036
758,873 7232 7233 7231 4027 5740 3168 14540 14636 686
759,7238 4889 7236 7237 6755 2791 10521 10520 7243 4913
760,7244 7240 7243 4382 7242 782 7241 6296 7239 5755
761,2739 6868 4454 1880 4920 7247 4437 380 6800 12014
762,7249 7250 4836 6465 7202 1988 13766 13854 1873 4360
763,3793 7253 7251 7252 12622 14941 7401 6319 13752 10620
764,5710 4788 7136 7258 7262 5979 1522 7261 5337 7260
765,6831 1739 7276 7272 3730 7277 5491 6222 7271 7268
766,2234 2078 7283 4377 3301 474 1334 6934 679 7282
767,7290 1419 7291 796 6651 7289 3203 6367 3362 7286
768,1471 1473 7292 1469 1468 1470 1472 7938 13108 13847
769,7300 363 3043 3680 7299 2036 7294 1487 7298 7297
770,7311 7307 7308 7312 187 4983 7324 7322 4558 3607
771,7333 7334 3892 1345 8761 4356 14155 6940 8489 9761
772,611 7338 848 7337 2452 228 3676 370 446 7336
773,6729 7344 4071 7347 7346 7343 6365 7345 7342 2466
774,7352 7350 7349 7351 11968 10609 10610 4701 8264 11969
775,7356 6265 5599 7357 7355 5885 4489 2143 6058 7353
776,7358 1916 11777 1915 9192 1913 1914 7065 4036 1779
777,775 484 4858 728 7364 5134 7361 2760 698 6445
778,7367 3741 7371 37 7369 7372 7370 1540 4845 7368
779,7376 7375 7381 7382 1180 2661 7242 4840 1181 4836
780,2810 7391 205 964 7389 7384 7385 7386 4712 7390
781,2742 7395 7396 7394 2820 2614 4346 1165 2741 5998
782,7401 7402 7272 7253 12981 11568 4948 1846 1111 6171
783,1778 1319 6362 1320 7404 1779 4060 6363 2375 2371
784,7407 7405 7406 4563 684 2594 6246 6528 1844 5657
785,3116 5315 7416 2989 794 6373 4269 7415 466 1217
786,7426 1826 2869 6364 7425 1777 6707 3843 4416 2876
787,611 618 634 7428 14297 15207 15206 6471 612 5527
788,6186 7433 618 887 7434 7436 6763 5947 149 6708
789,7438 2556 90 4864 3738 1410 5613 6813 7437 5312
790,7225 7443 7442 7441 2068 333 7440 7228 2311 6577
791,7447 7445 7446 3189 2024 467 2460 8225 5280 3208
792,2887 7450 7449 5599 7451 7448 8477 14450 13878 14464
793,3903 7452 1058 7910 692 5952 3907 3899 3347 10500
794,3055 7455 11126 5869 6909 13626 7453 15247 7454 4820
795,7462 7463 1212 1610 2489 7458 7459 7457 4255 7461
796,2013 7467 7466 1892 4803 1132 10934 5265 10798 11961
797,1480 7469 14997 1549 5682 1862 9623 3601 4439 12028
798,4932 7473 6669 7486 7476 7471 7483 7475 7485 5799
799,6151 6153 487 6154 7491 7492 4346 7490 6156 6150
800,2706 4789 6463 6671 6622 715 2707 12901 6343 10766
801,3368 5096 7283 5812 7355 3383 10715 186 7493 5024
802,7494 7497 611 3497 5859 5501 7314 7496 1618 3213
803,5452 7499 3824 2296 11298 12560 13040 2151 5229 7545
804,3042 7512 7509 7513 842 4175 7511 2784 7506 1164
805,7520 7521 7518 7519 7517 3851 7998 11601 855 10450
806,715 33 1573 7377 2313 1946 11686 13416 4947 1896
807,7525 3591 4465 7524 7527 7529 6058 6494 6543 7526
808,7534 7537 7535 7536 1577 7542 4808 7541 411 7544
809,7547 7545 72 7546 390 794 11237 469 846 11238
810,7549 7550 7548 10140 2523 5281 7465 56 742 5097
811,3479 666 7551 7483 1867 4305 9149 3477 3049 3478
812,1354 1136 2875 1827 7553 1145 1357 1355 3846 1146
813,3237 7560 7564 4882 7559 7561 7562 4887 7558 7555
814,2981 7568 7567 13988 1700 9238 6183 3789 11794 4580
815,3811 4978 195 4933 6768 2225 7570 971 2081 1474
816,6484 6779 7573 7572 7571 6228 7574 5375 7575 7576
817,7580 7577 7578 7579 794 1332 5488 10171 11914 15074
818,7582 5105 5104 5103 5102 5101 5100 5099 5098 5097
819,7249 7584 6549 7586 1700 7585 13854 6548 4357 7229
820,7607 7602 7603 7592 7587 7590 7591 7608 7601 7598
821,7611 761 810 9402 8073 163 6961 1646 3222 478
822,6830 7615 268 3622 7616 7618 7614 3144 3905 7360
823,6153 7622 7621 6154 6151 6148 6156 4862 487 8444
824,7628 7627 7629 7342 7626 7625 13906 7623 7624 12354
825,7632 7631 7633 8690 8391 3792 8272 9093 4230 5595
826,7634 7638 1595 7635 7636 7637 7639 7642 7641 7640
827,2827 1626 7644 226 7645 2750 7151 1675 1250 1118
828,3529 4220 1035 2021 3751 7646 7647 6019 2063 1972
829,4073 1855 7643 7651 6165 7650 7649 7648 4964 5896
830,4087 7654 2442 4587 4586 967 4086 966 1336 4585
831,7658 7657 7656 4530 1416 9190 4529 1631 9189 4524
832,219 6963 6036 4189 209 1454 1477 3609 7417 2055
833,7666 7665 7661 1940 4781 5715 5597 7667 7663 7664
834,7668 1375 563 4788 7570 7814 9509 5764 9508 6800
835,5582 7670 7675 7681 7201 667 3193 6271 5493 7682
836,7249 2304 7687 1741 7686 1740 5607 2834 7685 7684
837,648 7688 4395 11019 10121 13899 10281 4405 11272 1252
838,4132 4687 4688 1317 4138 8166 3083 1011 9753 7057
839,1011 1862 1002 5687 7469 1001 14751 4134 7427 13981
840,7690 5078 5105 5104 5103 5102 5101 5100 5099 5098
841,7692 7693 2402 7791 4152 8528 8529 926 8527 6723
842,5346 7695 4282 6333 7694 3157 5347 13567 5349 10499
843,6821 879 323 1206 1452 2448 2133 149 4235 873
844,7700 7699 287 281 2700 10347 8421 13520 618 2018
845,6799 1645 748 4659 4661 4658 2615 11023 1451 8962
846,7702 7701 6 11612 11613 11614 13557 13556 12147 10911
847,7705 7706 7707 7704 7708 7710 7709 6500 5763 8958
848,7713 7712 4728 7714 7715 14723 10229 12599 12597 12596
849,466 7719 686 873 7718 624 7716 14674 7717 15260
850,586 1191 2415 9072 1329 9510 6402 4974 3993 1734
851,7724 1398 1229 3209 1259 4239 7723 7722 5538 7721
852,2234 2544 1381 2527 2511 7732 2334 3402 7156 7730
853,780 4660 7736 2779 7737 7735 2804 4653 4663 11370
854,7746 4836 5713 6825 1985 6299 7740 7744 7745 6615
855,7750 7751 7749 7752 3677 2170 4984 2041 10973 10674
856,7756 7755 7754 7753 11947 11948 8392 7903 1635 2662
857,611 6574 7763 7764 7759 385 7765 3181 7761 3904
858,7777 7776 1548 7772 4997 1810 7774 7775 7771 6585
859,7782 7781 7780 12090 12089 6844 11172 14319 7946 6327
860,1003 3085 7784 3083 1011 2875 2891 1354 3667 7065
861,7786 7787 7792 7795 7794 7793 7791 3132 7797 7789
862,1573 2535 819 7243 7798 1329 13434 6134 9891 12166
863,7802 7803 2728 7801 2898 12081 6146 10113 4941 14161
864,6749 3908 1804 4080 2266 7917 7916 777 2264 1213
865,7165 7166 11594 7806 7807 5714 7105 11710 4750 11709
866,7814 3112 2295 7813 7812 777 7808 4490 687 7811
867,4693 4599 7817 7818 4138 4687 2875 2874 3845 4403
868,142 545 2985 7820 7821 4189 1686 10767 8837 11623
869,7824 6790 1955 6789 14043 7293 8439 1951 8821 1953
870,7828 7827 7826 11073 12680 2449 5046 3311 455 3441
871,6406 6407 7829 9130 1213 3908 1215 1300 1426 13169
872,6157 6149 806 1519 5740 6153 811 6152 244 1505
873,7847 7849 7848 4727 7846 7842 6584 7843 7845 12321
874,7850 5105 5104 5103 5102 5101 5100 5099 5098 5097
875,7859 7854 7860 7857 7864 1523 3863 7858 6329 7141
876,7873 3125 6080 7870 7369 7872 7871 7874 6082 6081
877,4861 7876 7875 14224 5514 11405 14893 4961 13559 14861
878,7894 7882 7879 1177 7893 2846 2984 7890 1896 7888
879,1219 4182 1836 1079 3115 6985 4146 7042 3529 795
880,7907 6 7362 611 2458 2608 2459 466 3254 7905
881,5592 7246 4175 1836 7913 1401 7050 12848 12085 12766
882,7917 7916 3908 6749 8214 6043 6318 1300 1804 5349
883,6399 177 5053 7923 7921 7919 7922 7335 4182 7920
884,1001 2996 7094 4604 1002 10818 6364 7427 1321 9194
885,1048 7927 7926 6588 4347 9590 3741 7511 5056 4031
886,836 5580 7928 5167 7930 7929 7538 7462 466 6833
887,6074 3088 6085 1893 6077 6075 6076 6072 594 6073
888,7942 7941 7944 7945 7937 7292 7948 7940 3422 1108
889,2407 6312 7953 576 5105 6815 7952 2447 12713 6035
890,3811 778 805 7954 463 6813 5290 5606 824 149
891,7689 3182 3916 4902 7956 6254 760 7959 7958 4422
892,5206 1607 5902 7963 11732 8004 1713 3369 8604 1617
893,240 7966 7965 5224 12966 12941 9044 10076 8009 6075
894,780 2363 7968 2249 1088 7735 7737 2362 821 7339
895,778 803 5202 241 789 3110 3682 7291 4031 7970
896,6187 7936 3821 5325 7978 7977 7976 1222 6251 9655
897,7984 3984 7983 7982 7981 3401 5485 5176 509 8711
898,7985 7721 11774 11773 3489 9327 5095 5096 5097 5098
899,230 5171 4309 6774 7543 7986 7018 7987 684 3862
900,7993 2652 7139 7992 4553 7137 3345 7990 2069 7991
901,2023 656 297 2030 659 2031 101 1686 288 660
902,5502 3468 5972 4383 7996 1101 7997 12201 1181 3811
903,8001 8003 8004 5920 7518 8000 2653 6838 8002 2172
904,8011 4746 8034 8010 8008 8017 7202 8015 8036 8037
905,1071 811 3928 2326 8046 6471 2195 8045 794 466
906,476 6263 8052 112 8053 5311 4726 8050 2806 8049
907,8054 8055 8021 9393 11307 4446 714 4428 1119 8456
908,3862 8058 2560 8057 5408 230 8056 3043 3044 10813
909,8060 5106 5105 5104 5103 5102 5101 5100 5099 5098
910,2260 8064 8062 8070 8069 8061 8067 7457 8066 8063
911,8072 6277 6291 6292 6272 6283 6275 6287 6273 1246
912,7611 8073 810 9402 761 5642 13912 2490 6961 3402
913,2748 64 143 1568 4205 5422 2781 182 73 879
914,7231 14540 5634 8075 5151 7232 12309 11201 9352 811
915,8084 2746 8083 8076 6587 8082 8077 4352 8081 8079
916,8094 8092 5560 8102 8096 8087 8091 8089 8099 8101
917,4399 1869 5218 8107 4858 8106 3552 10542 14429 10493
918,8110 8108 8109 14590 3551 2614 14196 5430 1909 3465
919,8132 8135 8121 8130 8125 8133 1630 8129 5259 5522
920,3500 6322 8146 1779 5176 4850 509 1282 8711 2595
921,8148 8147 7628 5679 5093 5094 5095 5096 5092 5098
922,8154 8155 8157 8149 8151 8160 5689 8163 1721 1861
923,5412 4384 4729 12822 4863 11485 138 9613 4096 5098
924,8171 8172 8178 8175 8169 8173 8174 1339 6129 270
925,6677 2005 8181 8179 8180 2036 306 6526 2228 8286
926,8187 8186 788 3986 5092 8185 2458 2460 8184 2749
927,8190 1500 15287 23 8189 1697 14080 14579 2111 8944
928,1206 8191 323 2781 760 2133 618 2211 2307 3931
929,8200 8198 651 1270 8194 587 8201 8181 205 1164
930,8206 8204 6503 1942 8205 8208 8209 5729 7172 274
931,8210 14666 14667 8649 7754 7401 5024 13728 7276 10497
932,8215 2662 8214 6099 7916 8212 8213 6798 4655 7444
933,8217 5389 5391 3289 2540 5392 5394 5393 5390 5212
934,476 6596 8219 6580 6035 3805 8018 3675 7915 3643
935,8224 8223 3937 3931 8225 1643 6211 8220 8221 3768
936,8226 4775 3109 7042 11871 4972 5622 3391 3393 380
937,8234 8236 8230 8237 5788 8233 8231 7641 8235 7642
938,4217 8240 8239 3692 5753 2447 6377 13839 10487 2217
939,3541 3526 4346 8242 8241 3540 6971 5343 10868 10902
940,1501 1083 1687 1161 3280 3727 164 2470 4348 5209
941,49 2556 3251 1290 3599 9773 11919 2149 12666 2498
942,8248 4902 2495 3379 5388 5637 5996 8246 2186 8247
943,692 8250 11366 12340 14572 14964 12386 13838 14569 13558
944,1112 8251 3751 7570 8259 3932 1207 3352 3108 8258
945,8254 3407 4778 5568 8255 8253 12561 4779 5317 7192
946,8259 8251 888 8258 8256 8257 678 5256 3751 1112
947,8262 5106 5105 5104 5103 5102 5101 5100 5099 5098
948,2298 8264 3927 8263 2300 2299 10609 7352 10610 14178
949,3722 8279 8295 8284 1353 8296 6405 1275 8282 8289
950,8301 3418 1993 7146 11931 3560 11899 11324 6419 3785
951,8307 611 4319 8306 363 516 7761 2363 1611 5501
952,8301 8314 8315 8313 8312 8311 7555 3418 12160 5277
953,4447 5570 8316 13409 11219 8713 13314 10731 6415 13144
954,8319 8318 7878 8317 4707 12925 2861 13226 569 2921
955,5985 8321 6290 7436 8322 7406 10506 7674 10558 11873
956,5759 7249 8324 8323 1387 13854 5758 14733 5757 7961
957,8341 8329 8328 8331 8330 8332 8327 8333 225 8342
958,337 8350 8348 8349 3301 3380 3316 8346 2510 8347
959,466 1419 8352 6381 6577 1796 476 126 6682 686
960,8354 8355 8356 7205 8353 441 10490 9288 10489 9782
961,8360 8358 8357 8359 9454 9453 9450 9455 3490 13229
962,49 611 2149 10786 8362 7497 3599 8361 140 9773
963,3609 209 2055 219 3634 8365 4485 694 8364 3628
964,3055 8369 11126 8370 15061 15062 1490 8368 8367 15147
965,3938 4695 382 5768 6854 8371 3029 2680 6833 5762
966,8374 8373 2804 8141 342 7876 14638 5407 11315 11306
967,8375 7525 5077 5104 5103 5102 5101 5100 5099 5098
968,8376 1935 4848 4428 7208 2204 5351 11378 13909 4446
969,8381 8379 8380 8384 8387 7960 7747 8388 981 3786
970,4057 4058 8392 4056 8215 8216 9012 2663 4648 4645
971,8394 6769 8395 7020 6114 6345 14291 14290 14294 6667
972,7533 5114 4442 5500 3260 7526 4585 3984 14289 6667
973,4884 5185 7646 4813 4823 4369 5215 3235 7332 187
974,611 10421 383 11936 11939 11937 11938 488 6825 9781
975,578 8397 3112 5468 1097 2685 5138 4350 6488 6773
976,8400 5105 5104 5103 5102 5101 5100 5099 5098 5097
977,2329 466 1701 8401 879 871 8402 5275 8403 585
978,8425 8426 8421 263 8424 8414 7226 8417 8406 6567
979,6586 8430 14104 1856 2905 14175 13281 9542 1857 2728
980,8434 7822 8433 8431 8432 83 10308 10306 6054 7429
981,8437 8435 8436 8438 3453 371 218 12223 290 3512
982,6632 3794 6413 8439 5261 1110 6627 6631 6630 14894
983,5044 8441 2806 11882 5808 11606 8972 7906 3364 6523
984,1347 4071 6441 8442 11855 7149 2165 5911 5910 1601
985,4413 5845 8443 6364 13209 1001 11889 12644 2375 1379
986,3528 8449 5424 189 5100 1216 6440 4146 8450 1520
987,466 8456 5580 6357 5988 8457 3097 3811 774 5561
988,8466 8475 8474 8470 8473 8468 8471 8459 8472 1219
989,8477 4605 8164 7016 4133 8478 7015 5689 8476 2887
990,3811 2309 1875 2755 1101 14893 5561 466 10347 686
991,1447 7324 8479 8480 2808 9319 7325 14348 11863 10651
992,8484 488 5386 3316 3913 6028 3329 5207 426 2319
993,8488 8487 8486 3897 2833 5554 8489 4356 14155 9761
994,5386 2473 3339 3316 3831 5829 4876 2476 3329 2474
995,8497 3795 3009 8498 3005 8496 7760 8494 8082 209
996,6522 2192 8504 8502 71 8505 2124 2579 8501 3971
997,8507 528 1742 5360 8506 8301 4836 3953 4295 12650
998,8510 8511 5105 5104 5103 5102 5101 5100 5099 5098
999,5968 5736 4748 5145 7415 1591 7416 1112 8512 1308
1000,5163 8513 8514 9427 5170 14083 6806 14055 11857 13955
1001,8516 4223 1519 1441 1894 13782 8515 1095 5945 1219
1002,8518 1877 8517 4809 8519 10240 7809 2287 9448 4275
1003,169 586 4930 5719 8522 7717 4859 5962 2752 8521
1004,3298 8523 2334 690 8484 125 13379 2798 11607 164
1005,5998 8526 2614 2742 2741 1529 12426 2820 11755 405
1006,2402 4152 8528 7791 7693 8529 5468 926 8527 6723
1007,1206 4130 6785 1903 5090 1207 5548 7462 1748 704
1008,3931 2067 2294 3642 8533 2290 98 12359 8418 2293
1009,8534 1237 14880 6986 8361 5935 6337 5929 6598 9648
1010,1011 8539 8538 8537 8536 8541 8540 4401 1725 11799
1011,8545 8544 5559 8543 12 2636 13 13307 12647 9759
1012,3386 3949 8553 5002 8547 6063 317 7974 2753 8555
1013,3498 4470 698 14295 11229 11114 476 1118 12611 3506
1014,74 8562 3031 8561 6823 3803 2986 726 8388 9770
1015,1092 8572 6466 5202 5258 8570 8573 8564 3957 1947
1016,8587 8586 8579 8583 7110 8588 8585 8581 8582 8584
1017,8278 7518 5913 6519 7998 10450 5043 7904 12499 11601
1018,7344 8452 5834 1796 5514 12840 10176 3811 9149 8365
1019,3417 4365 8558 8600 3183 8603 7391 7761 3963 3168
1020,8615 1335 6754 8609 8613 8616 8294 2869 8611 6117
1021,8621 8622 8620 7514 4871 8619 8521 4185 8618 5142
1022,8626 8634 8632 8633 8625 8630 8637 8624 8635 8628
1023,2242 4441 8639 2239 2245 2243 2246 2244 2241 2233
1024,8642 5430 8643 4854 8641 4702 3465 4516 169 2614
1025,1354 1357 3079 1355 2369 2371 4138 2378 4141 1003
1026,3480 8646 8244 1703 8645 2182 3481 13160 2833 10071
1027,6172 8649 8650 6478 6949 3038 8648 10714 12937 1896
1028,1584 8657 8655 143 1568 3703 1970 4002 3696 7288
1029,163 8661 7340 8660 8662 6033 5247 860 8659 3139
1030,2560 2722 3043 3044 5027 1752 4863 2489 2133 10123
1031,8664 24 689 8185 8663 21 12993 8187 7334 8699
1032,8668 3923 3970 3517 8666 3618 3916 2578 1689 2702
1033,1419 8673 241 1404 8748 4188 8672 10435 11675 6911
1034,8674 8675 5969 7207 2346 7872 8576 14056 10644 5966
1035,8677 6728 12252 900 4497 10316 12251 10584 6729 4595
1036,2234 5163 7270 6340 1600 8546 4928 8513 9427 8514
1037,8685 8684 8683 8681 7652 8679 8687 8682 8686 3858
1038,4178 228 4179 8689 6087 5613 3970 10170 1297 4496
1039,687 1061 8693 8692 8691 2044 476 8669 12017 2460
1040,363 8697 8698 7470 7301 8695 8696 8694 722 3582
1041,4659 6799 8702 4658 4661 8700 2615 8701 4647 4660
1042,176 8704 3713 3711 1796 1452 769 4235 784 3015
1043,3710 8705 2587 2448 2765 9314 3222 2024 794 4821
1044,8708 15116 15245 8707 8706 14120 3222 4788 4063 12657
1045,8711 8709 8710 2207 10 5176 509 440 3984 1213
1046,5066 5833 662 6579 8717 512 466 6580 3223 478
1047,46 56 6522 7153 2538 7762 2026 7926 8724 2128
1048,8725 10187 13195 5103 5102 5101 5100 5099 5098 5097
1049,405 8729 3465 2820 8726 1323 2614 2742 8727 1166
1050,2040 6794 5066 4 466 4648 4645 2039 2041 4647
1051,5929 8735 8736 1737 8739 8733 8738 8737 8734 15129
1052,821 2711 1642 1460 3707 4825 8742 5155 6954 8745
1053,1419 8748 1404 8747 8673 5299 6325 11675 10435 4437
1054,4290 8754 1080 3231 3232 2649 3382 3762 8753 8554
1055,4736 8757 5277 12182 12274 5042 2566 7332 7564 3237
1056,2667 8758 418 7562 12616 11203 5472 14018 11208 10975
1057,8760 5229 1740 14319 5230 5231 5232 5228 1741 1742
1058,8768 826 788 842 1967 1968 1642 8766 8767 6040
1059,8771 8770 8774 8772 8773 11887 12523 4524 12522 4151
1060,184 585 2168 6020 3104 8288 5488 7004 2024 8775
1061,8640 7962 8779 14255 9565 11701 1926 8095 3561 1886
1062,8780 14986 14997 1670 14036 645 13513 13037 8964 7442
1063,778 149 7238 2897 8783 7835 1396 7211 304 8782
1064,6849 6773 6501 8786 6626 6728 6750 8785 8784 7944
1065,7165 7166 8788 1896 11594 11710 11709 7878 7105 6435
1066,7657 757 6983 2072 8790 7929 8791 7137 2163 6950
1067,2032 3021 2490 2142 8796 8797 8801 8223 2505 951
1068,8807 8808 8805 8760 8806 7249 8810 2816 8809 3882
1069,8813 8814 2989 8815 4965 1661 8812 2988 2442 11206
1070,769 3916 8816 7822 7257 7428 760 8200 794 4575
1071,2959 8817 7294 3403 13850 10730 12667 2652 234 235
1072,488 8818 3097 7683 3553 2225 590 8146 7832 1972
1073,5863 1603 910 3777 5480 5883 1357 1011 11624 2377
1074,6135 3584 8823 3602 14954 3588 3585 8665 3587 3586
1075,2015 8825 3012 3011 8627 12480 3010 12748 3009 14782
1076,1532 8834 8833 8826 8831 8835 8732 8832 8828 3779
1077,2253 5851 8800 732 8836 6266 6383 5850 8461 12976
1078,8843 8842 7519 8841 5265 8840 8839 10151 11690 2013
1079,611 3118 3998 2497 8846 2675 7373 7377 10408 12435
1080,1709 1863 8848 8847 8849 1711 8850 13713 1011 11569
1081,8851 6574 248 9486 9484 9485 2240 4286 333 516
1082,8664 7334 24 689 8185 7333 3892 2614 1345 6940
1083,476 8860 8859 3244 1855 8858 4318 4026 8855 4869
1084,5074 1201 8659 4232 1766 8865 7207 6215 452 8864
1085,8869 8341 192 13320 13855 15097 4711 14183 360 13351
1086,611 8873 8871 8872 2185 8874 14997 14718 10421 13412
1087,466 6044 3713 503 1584 1452 3576 7435 2798 6025
1088,8882 4852 10481 4352 4455 10135 4345 2657 12429 2206
1089,8887 8886 8885 8884 10184 7529 7657 14437 11693 6950
1090,8893 2599 8889 6004 8888 8892 8896 5372 8483 2277
1091,7562 8899 7218 8901 6165 1894 8900 6781 2667 6615
1092,4515 1532 8905 8904 6351 8907 2742 8906 2820 2614
1093,8909 8910 8911 8912 8908 5942 11693 8913 8886 12904
1094,8927 8919 8881 8930 8920 8929 1552 8926 8924 8916
1095,5436 7280 7403 8954 8939 8948 7044 8953 8640 5760
1096,585 4382 1734 5140 4383 8200 1516 8962 1242 8963
1097,2267 6597 4696 1191 1592 4848 3651 1936 8969 8965
1098,8742 4227 2780 1580 8974 8745 8971 5014 1256 7187
1099,8977 3888 2600 8976 7234 9373 9374 10640 12195 14321
1100,4238 4227 4194 4235 2779 4245 13722 8469 4251 4349
1101,1317 8982 7554 6809 8981 4407 4687 3442 8980 4688
1102,5858 8984 3453 196 3528 5046 4251 9985 5424 1737
1103,8987 2740 8989 2042 8988 3502 272 3553 8986 8985
1104,7696 8994 7417 2809 14692 176 6596 13843 1484 11906
1105,6013 180 8995 2448 488 8346 1055 7769 5016 1058
1106,8506 22 1274 9012 14 11 9015 9018 8386 7225
1107,1367 9043 9042 9038 1072 668 4135 4431 15276 4907
1108,4162 9044 1739 8655 5558 14951 9472 9054 8999 14166
1109,2139 7044 227 7506 2767 454 6958 3203 7971 6439
1110,6444 9048 9050 3386 9049 5084 2227 7392 5323 9047
1111,9055 9054 1392 8999 9053 6063 9052 3611 1213 4350
1112,9060 9059 1949 13886 3444 4417 10559 10483 8969 1865
1113,4771 625 3811 5033 9069 5029 2784 6030 1382 8766
1114,1320 4060 1778 6362 6363 2375 1319 1780 9192 1779
1115,9072 1191 9071 688 4974 6402 5292 6767 3222 12992
1116,8761 9074 9075 9073 8710 5328 7333 11942 9123 8698
1117,8349 1296 4875 5425 4874 7133 4873 6998 8350 337
1118,9078 9077 1536 9076 9079 8215 3721 11363 8093 12647
1119,2304 6870 5411 9081 9082 9080 466 10680 1686 2323
1120,9084 9083 912 10246 12376 11022 13684 12757 9749 7554
1121,2158 3191 3837 9090 8183 895 6193 8618 8963 3600
1122,7556 9100 9101 12648 10431 10036 14041 8592 2610 14010
1123,6781 1662 9103 576 1665 5204 1222 7108 9810 9809
1124,9109 9114 9105 9116 9113 9119 4823 9117 45 9106
1125,559 2291 3111 4860 9122 443 3294 12379 2412 12380
1126,5938 995 9124 9123 704 12321 2953 7868 8210 3242
1127,1947 9127 8885 9128 7259 14394 9126 8041 9659 8035
1128,5859 9134 5234 9133 9131 2585 9130 2048 5501 9132
1129,9137 7653 9136 9138 12684 12685 11611 7650 2840 14181
1130,3749 9140 1063 9141 2713 6195 1081 10459 8083 11419
1131,625 4756 9144 9143 5552 7697 2067 14921 12178 13517
1132,9146 9145 551 10 5095 5096 5097 5098 5099 5094
1133,5282 3743 3933 109 5774 2252 4276 7709 2247 9017
1134,8961 8441 2002 9165 9162 1980 9166 6800 9141 9156
1135,9174 9173 9172 3083 3170 1002 1001 14671 2378 8476
1136,9179 9175 9178 9176 5676 7960 5617 12962 434 6184
1137,3237 9187 3860 9186 3989 4887 4992 2774 2480 8246
1138,618 612 14717 15065 287 2476 5580 12633 794 10388
1139,9190 7658 231 1631 9189 8007 8027 9717 9716 13950
1140,6362 1778 1319 6363 1321 2375 2371 1320 9192 9193
1141,9220 9217 2904 2931 3692 9210 9218 9208 4936 3474
1142,9230 9231 9229 9232 5339 8966 6266 14185 14187 14188
1143,6361 2378 9236 9237 9235 1354 10365 2371 1320 1778
1144,2981 9238 6877 1700 6183 3789 11794 4580 9796 7568
1145,4205 4126 2856 64 998 6914 1206 3738 7245 5170
1146,4383 478 9249 9245 9243 2418 9244 9242 9250 46
1147,3428 9256 3429 1119 4350 2843 8021 9393 11978 11772
1148,9257 5256 5104 5103 5102 5101 5100 5099 5098 5097
1149,1819 8643 5663 3643 2992 7721 2019 7387 9271 9269
1150,5140 1516 9277 9278 202 1193 476 11726 1734 6077
1151,9280 9284 2922 2350 3891 8210 2550 386 9282 6335
1152,1133 9287 4550 1549 9288 3040 2670 10866 617 8486
1153,8055 4446 4428 9291 4048 7615 9290 4836 9289 8054
1154,476 9295 3269 464 9294 1638 8865 5186 4220 9293
1155,9301 1587 9298 9304 9302 9303 9308 9316 9307 4262
1156,9320 64 2794 6514 9321 4853 8280 5004 8348 12805
1157,9327 9325 9326 633 4083 1557 3753 2750 585 802
1158,9333 9328 7213 2327 9332 9329 9336 1676 5761 9331
1159,9357 7142 3873 8897 9353 7626 5563 383 7738 9354
1160,3500 2595 9367 1779 2598 2596 2594 2593 2597 4850
1161,9369 9368 5104 5103 5102 5101 5100 5099 5098 5097
1162,9371 4404 3858 4799 9370 13705 3789 13845 8256 8715
1163,7234 9373 8977 9374 335 9375 10640 9372 2015 2017
1164,9384 2841 5599 9380 9377 9379 9386 9376 9378 9383
1165,3055 11126 7716 13626 4820 6791 53 15247 3056 3059
1166,507 7338 795 3518 6019 9390 7737 5545 4235 4201
1167,8647 7796 9393 1119 9395 3086 8612 5248 9392 9394
1168,9397 2721 4725 7327 7189 5069 9396 2338 3509 3253
1169,9400 9399 502 9161 9401 114 7432 9398 3996 9320
1170,9402 7210 7611 10796 2174 3408 4785 6661 6763 12297
1171,2632 9404 4800 5939 5198 9403 11445 11446 269 15125
1172,9413 9416 9419 9414 9417 9420 9408 9406 9411 9415
1173,7748 9423 5441 9790 2811 7224 641 4552 10897 5442
1174,1204 9424 6919 1213 873 466 585 4191 494 4855
1175,3518 145 423 6596 167 786 625 2148 2781 7737
1176,9428 7290 9427 5630 3163 9426 2584 12360 3548 881
1177,9430 8404 6336 6128 1271 14970 14329 13018 10484 8408
1178,9432 9434 7086 9431 9433 12902 15025 5792 4284 5096
1179,466 6682 662 8719 8623 251 7816 3223 476 686
1180,5784 9438 9440 1758 9439 9441 8550 6347 964 3683
1181,1686 6394 5877 3814 6649 7542 8784 2867 9445 4186
1182,1281 9448 4071 9447 5292 6441 8442 1347 4809 1081
1183,8358 9454 9453 9450 9455 3490 8359 9449 9452 9451
1184,4940 6343 409 8219 2750 4789 8705 6826 6020 14955
1185,169 149 165 466 171 873 476 686 1436 4385
1186,4950 2748 7832 9457 1476 9458 2770 3704 760 4221
1187,9460 5106 5105 5104 5103 5102 5101 5100 5099 5098
1188,9462 9461 4722 5110 3589 9465 9464 929 8071 8069
1189,9473 9477 9478 9476 9470 7291 9472 3792 1231 209
1190,8851 6574 9486 9484 9485 2240 2225 8319 4286 7684
1191,3744 4717 9494 9495 3186 4894 4922 4988 9493 338
1192,3237 4901 4905 4899 9499 4900 3836 3524 2696 3380
1193,2463 2727 9506 9509 9508 563 7668 3875 5402 1912
1194,9510 2415 1878 5363 14850 3993 1734 14740 4351 8028
1195,5493 6699 1810 4378 8137 5494 5492 7774 10173 4500
1196,9512 5078 5105 5104 5103 5102 5101 5100 5099 5098
1197,9514 9515 9516 9513 2981 1700 9238 6183 3789 11794
1198,1467 9517 5283 10150 10557 5343 11286 9826 7986 12906
1199,9523 2828 9526 9522 8458 2199 9521 9525 9520 3921
1200,5079 9390 1643 2468 1967 6954 5162 8764 4231 2062
1201,3945 9532 8604 1491 7336 9531 323 1206 146 1196
1202,6129 9533 2243 10059 8986 15036 7630 11098 14154 10731
1203,1136 1145 1721 9539 1146 6742 9534 3083 9535 402
1204,796 775 3191 794 860 478 7835 466 476 1203
1205,5604 8675 2281 6952 6235 50 8674 9842 5969 15172
1206,5287 7910 4551 9543 431 9542 3261 5285 14932 6598
1207,871 1869 9545 4502 3213 9546 8417 3119 879 1901
1208,9549 9553 3415 2879 9550 9552 9551 1475 3774 9548
1209,4700 1115 3894 4963 9555 1840 2907 1113 1114 5967
1210,4594 9558 9559 4644 4642 9560 5565 5566 14770 5563
1211,3811 8485 9562 7289 6343 9563 4789 9564 2707 1550
1212,8252 9573 9574 7563 6137 9571 9575 4718 6138 8777
1213,4605 5689 4693 8164 1153 4133 1721 4687 8477 4135
1214,2309 2764 139 3811 466 2755 476 1875 5561 169
1215,1384 9583 851 9579 2597 5415 160 3471 9587 9585
1216,3043 2560 4769 2234 2240 4228 455 2199 7348 1752
1217,9594 7515 9593 5286 5285 9106 11424 9623 8470 5916
1218,150 9595 4341 125 4910 5809 2963 11813 3298 4342
1219,9596 9598 9441 9600 9601 9599 9597 6384 9483 6337
1220,9605 3811 9604 6684 2722 5682 2276 5727 2736 4890
1221,8259 9607 5461 9510 8497 8251 1419 8258 14052 2415
1222,230 3862 1235 3762 1236 6019 7568 13988 231 3859
1223,9610 5664 9611 7046 1130 9509 11591 7523 13388 11657
1224,5949 1422 540 9612 2708 11244 6203 1444 4474 5933
1225,9616 9363 9139 9618 7439 1917 611 3947 2139 6522
1226,7515 9623 9621 7619 277 1508 6639 9150 9620 453
1227,4139 5848 9626 395 396 6555 7091 7554 9625 9624
1228,9636 9630 5840 6807 9634 9641 9633 9632 9631 9635
1229,9648 4972 1281 1237 3109 1943 5423 3351 5342 5742
1230,3825 9649 1953 6818 13367 4369 1292 11944 3970 1637
1231,9650 6262 7567 8059 9655 7745 13763 12148 9179 6187
1232,3811 6699 8992 8884 9652 7936 9561 7931 3135 8290
1233,7689 9655 3672 586 4169 9656 1707 6687 5664 1852
1234,1071 8396 794 1986 466 5934 1079 2935 1737 4769
1235,585 9658 4523 9657 9470 5174 13238 6638 1885 5788
1236,7260 7945 9661 7943 7543 6854 5156 8372 5157 7977
1237,2375 1915 9662 9664 5671 9665 1723 2371 11578 1914
1238,9668 9667 529 38 12962 11790 10180 5177 8659 7248
1239,9673 9671 9670 5526 9677 9676 8304 2114 9674 6578
1240,1460 8550 6646 9682 5246 2864 9703 878 7171 2711
1241,5784 3028 10912 8199 13520 9439 3801 7699 8421 9407
1242,9688 7337 9686 4322 2254 8069 9285 2117 4492 7389
1243,9694 9693 5764 3507 9690 9692 340 9691 2144 5766
1244,5219 9695 9696 8063 3538 5950 3963 10019 1267 5220
1245,1896 6616 6949 4019 7892 1946 11686 33 2108 6620
1246,2899 9698 8474 9202 17 2397 8128 2424 52 13738
1247,9700 4443 6691 8816 9705 9701 1349 9710 9708 9704
1248,606 1340 620 7624 621 9714 9712 3070 4455 1341
1249,195 7995 139 6997 2762 8304 7239 14254 204 13524
1250,2910 9718 9717 9716 9189 9550 7925 2909 2908 9190
1251,6791 9719 8668 4635 4820 3055 122 4815 4897 5822
1252,9728 9727 9730 9720 9721 9726 9725 9731 9723 9735
1253,1354 1357 9756 9747 4688 6734 4141 6741 9757 8847
1254,9763 9762 1909 9482 9760 9761 9759 14305 14031 4356
1255,2614 476 9774 9764 9775 9767 9768 3833 3832 9772
1256,3811 9777 9778 9779 924 3153 14660 1101 2309 259
1257,9781 9587 9780 3598 2516 7732 13902 3596 3597 611
1258,9784 9787 9788 9785 9783 9786 9782 9552 245 1532
1259,3318 2484 9109 5222 8903 3359 4913 186 3302 10738
1260,8375 7525 3591 7529 6058 4465 7524 7528 7526 6543
1261,9790 7748 641 610 2811 614 7224 6509 8356 9423
1262,404 9794 9791 1166 9793 1532 9792 405 12426 2820
1263,9797 10428 9798 9796 10429 9100 15133 13620 6477 13307
1264,823 3657 4503 5279 66 7926 60 9800 8512 9258
1265,6162 6251 9807 7934 6781 9806 9803 5157 8144 9805
1266,760 7239 5755 854 9811 873 2465 14254 195 13524
1267,9426 2613 2612 9814 1129 9813 6099 2611 8212 5629
1268,46 6304 4984 7989 11392 10732 12205 4925 1576 6825
1269,9821 9818 9820 3457 9819 5023 131 3772 4403 8690
1270,230 9826 3859 1467 9823 4275 2420 4274 9825 9824
1271,9830 9829 8613 9828 4124 10986 7678 9331 7855 13631
1272,9840 9839 9833 7260 9338 8515 7977 9837 6061 2907
1273,9847 9845 8657 7851 6566 9843 9844 573 9846 9072
1274,611 3602 3909 9849 7310 14680 14729 383 7139 6135
1275,1011 6446 2869 7427 7057 4134 1719 1357 4688 4036
1276,9855 9856 7206 13640 6161 2983 6499 5092 5094 5095
1277,9858 9865 9864 9863 9860 9862 9859 9867 9873 9872
1278,3584 9877 3024 3031 9876 7336 486 3153 8665 193
1279,1136 1145 1146 5667 1721 1722 4596 5686 10751 11099
1280,3303 9561 7279 1736 5948 2416 9878 2336 8753 15030
1281,9880 966 961 9879 938 8239 12761 4589 967 12945
1282,1399 3287 3868 4989 3871 3870 3869 4988 135 1369
1283,971 3581 6802 9122 7282 319 9881 3584 3588 3585
1284,476 9885 466 8520 794 9883 9884 1685 7569 9529
1285,685 790 4233 466 787 6445 775 7149 433 464
1286,1160 3811 9887 7327 3678 6912 420 4326 9875 1641
1287,1540 9343 2323 46 6870 8458 2216 1440 9888 2675
1288,9891 9414 9890 6134 12317 4554 2535 744 8044 2185
1289,9895 9894 9220 9892 9893 4576 5110 13879 13716 13131
1290,5070 383 3043 3044 4865 2270 5275 2560 5132 1752
1291,181 9926 9915 9925 9927 6907 2192 9923 9921 1806
1292,3749 659 9934 314 9933 5940 2597 8599 10459 8305
1293,323 31 128 27 30 6003 1239 794 9250 2988
1294,6529 5404 9942 9938 3620 2063 1183 2828 9941 700
1295,9951 9952 8382 9950 9948 9949 13835 12793 13224 14126
1296,5255 3160 5079 7371 9911 9953 6899 5078 188 9926
1297,9497 5972 1516 9955 463 9954 8482 8931 8932 1512
1298,6144 6524 5463 6525 3533 5607 9956 2254 9155 6530
1299,1778 6362 1319 1320 1779 9192 6363 4606 2375 4060
1300,3055 9957 11126 13626 4820 6791 15247 10982 53 3056
1301,9960 5329 9959 9814 9958 5330 5327 1882 14232 11850
1302,5317 8255 2014 6431 2624 9961 9962 7472 4574 1726
1303,1554 9963 9965 8145 9964 12685 10427 7663 14858 12247
1304,9967 9968 1709 5667 5129 9969 1151 1711 2893 12332
1305,9970 5608 14905 7643 10505 4726 10504 4024 6848 7673
1306,1387 9971 5319 2923 7808 8002 5318 5320 10154 5759
1307,2268 4800 6093 6091 4273 3848 5282 12432 5023 2632
1308,9972 1164 6629 2770 12980 1110 6627 6670 6631 6630
1309,9987 9979 8678 9986 2054 9458 1749 2056 3919 4380
1310,1088 5607 7118 9993 5824 3627 9992 12427 8993 2363
1311,611 10421 9924 11936 11939 11937 11938 383 488 6825
1312,4631 9999 9996 2902 1265 7205 59 9316 8781 5969
1313,10000 5237 3644 3086 5236 13255 7166 3526 1795 15131
1314,10003 1861 10001 5898 6772 10002 282 4134 1011 1971
1315,9094 10004 3756 6200 5386 5214 4981 10006 4986 10005
1316,2391 10009 10008 10010 1713 5505 10007 1607 10720 7646
1317,244 10012 248 7831 1421 1970 828 350 8451 5089
1318,8999 2026 2146 1640 46 54 2574 87 10016 10017
1319,778 10024 5294 3098 888 1811 5733 4242 10010 4183
1320,10026 541 10025 2986 74 8796 2711 489 5415 4914
1321,6839 10031 7963 10030 10032 7809 10033 4802 10029 4871
1322,10035 5620 5380 1889 8025 5096 5097 5098 5099 5100
1323,10038 10037 10039 10036 6217 14041 8592 11314 13381 12289
1324,8808 5193 2816 13351 2820 1166 1532 2614 10041 5192
1325,2655 10044 3853 4023 10043 10042 1263 2651 2657 2446
1326,2763 2457 3963 8622 10045 7496 3732 1095 1519 873
1327,10047 10046 10052 10048 10051 2288 563 10049 10050 5174
1328,10058 10057 3651 9896 10056 4834 7687 13809 6100 6412
1329,10061 4772 10060 7299 14382 9276 702 7275 14129 6064
1330,10063 7209 10062 4837 419 248 11769 13834 11041 4835
1331,1491 6684 3627 7385 3023 298 2319 10065 3256 6686
1332,4818 2754 1202 2758 1192 10066 9562 1247 2753 2752
1333,10073 10071 8645 4035 8541 3083 3442 10074 10070 9437
1334,10076 3551 10077 7282 14331 13926 8110 14590 5224 7966
1335,10084 7227 10081 10083 10080 10082 2662 7228 10079 8812
1336,672 671 10089 10090 1136 670 10091 7427 10088 5686
1337,3210 7043 10092 7044 3017 3473 1550 406 14743 9048
1338,264 1263 4023 1556 262 261 13903 4787 263 5471
1339,9427 5163 881 5089 1850 9428 8513 8514 14055 5170
1340,7627 8514 923 10093 342 13906 7628 7629 8513 13395
1341,2657 10094 1250 7347 8224 14082 5264 2655 2651 5265
1342,10095 6280 13682 9407 15166 11197 14458 14371 11968 29
1343,8808 4056 2663 5193 13351 1532 4058 2816 14328 8214
1344,6364 6706 10096 1826 7098 10098 7099 9192 4413 10995
1345,5192 10101 5193 1620 12534 1461 4329 5190 5191 5189
1346,7402 4365 199 345 7272 7955 12981 9689 2735 205
1347,4803 10110 10111 2013 5126 10103 9940 861 6752 6396
1348,7083 3811 8220 341 10114 10113 6516 5960 10112 14009
1349,101 873 3244 686 2774 14898 3219 15013 1808 1785
1350,10118 10121 7651 10117 2894 10116 10120 3426 4072 7629
1351,4966 10123 7302 13310 3405 626 13285 5709 5113 15100
1352,5904 10126 10125 5917 632 2324 14378 7300 843 476
1353,5570 8713 10131 10130 5206 7685 10127 10128 10129 13144
1354,9681 10135 6969 10137 10134 10133 1215 3835 9669 4986
1355,10144 3195 10143 865 5134 8662 8047 1451 10142 2293
1356,10154 10147 7410 7704 2426 8842 9971 10152 10151 10149
1357,10158 1489 1481 10159 1316 12336 1487 1488 5567 2916
1358,10165 5520 510 10166 8145 1559 2161 476 512 10162
1359,1621 1617 1622 1618 443 2358 4902 235 1620 234
1360,6362 1319 1320 4060 1778 6363 1779 1321 2375 9192
1361,10177 8574 10172 466 3401 2687 10173 10170 9094 8840
1362,5161 8024 10181 9557 2409 14715 13690 8029 1122 8041
1363,10182 1832 8447 6960 5054 1972 4223 1219 2711 1835
1364,7946 2256 10183 765 4574 14953 7711 12326 14542 9398
1365,10185 10034 575 5354 10184 12234 1125 8231 5907 12717
1366,7200 10187 10186 7199 8725 13195 5104 5103 5020 5021
1367,10190 2813 8430 10189 1857 10188 2812 6586 13391 1846
1368,1721 7222 9665 10192 1001 7093 10191 1153 1915 2376
1369,10195 10197 10194 1365 10196 4361 12879 12492 7530 12217
1370,7427 10199 2883 7785 7554 6707 4134 10198 1826 5447
1371,9978 10203 10200 10202 6340 3605 10201 9476 3635 13511
1372,10205 6510 11849 5104 5103 5102 5101 5100 5099 5098
1373,4330 10207 10206 2820 2741 2742 4515 12426 1532 1535
1374,9510 6827 104 7162 10210 10213 10212 3420 9356 9815
1375,10219 5195 10217 1028 10218 10216 12683 11627 8781 3262
1376,10221 5105 5104 5103 5102 5101 5100 5099 5098 5097
1377,10222 10223 1537 10182 1004 1130 10978 5304 9217 1832
1378,10225 6354 1388 2594 6932 10518 4030 917 5466 9349
1379,3303 9363 10228 10227 1736 7279 9561 2416 3016 2697
1380,10229 2989 5199 2988 14723 13942 7712 2726 14724 2442
1381,2607 10233 7960 3624 6400 3725 10237 10235 10231 7049
1382,8518 10240 7939 4809 13109 7956 7809 6053 9470 6103
1383,4925 323 466 4769 1071 7516 3033 2408 3419 8974
1384,230 3862 10169 7568 13988 5634 231 10243 10242 3859
1385,5047 8959 7488 787 11718 3366 5049 1368 9040 4808
1386,10244 7527 5819 10184 2420 10450 12499 12910 4593 11984
1387,10245 665 1160 3369 10247 5280 667 666 7196 668
1388,2882 1721 1136 4407 1729 1146 10246 1145 8152 9664
1389,5280 10247 665 7205 11291 3523 9143 233 10245 12600
1390,7701 1535 9427 5926 3417 7761 445 10248 405 1166
1391,10250 10252 10251 14606 12235 455 6241 6174 8967 9104
1392,230 9826 1269 2982 10255 6225 1253 3859 10867 3862
1393,7767 10260 411 2247 2274 10259 4094 10258 14878 296
1394,10264 6358 9367 198 998 1483 38 1487 10174 8455
1395,1611 2990 5491 10237 3718 4970 10212 4146 4147 3527
1396,107 1809 6585 10266 8045 7821 8074 1216 821 5512
1397,7453 6336 3544 9546 2719 1222 10267 5766 7398 3216
1398,10271 7506 10272 563 4610 1404 2000 10269 10270 10273
1399,3377 2961 10275 4635 9719 9861 122 4993 5825 10274
1400,3974 5140 6086 13410 1747 7249 3400 1106 3404 8817
1401,715 8977 10279 9366 10278 10280 7783 10277 7234 1839
1402,10282 5613 10284 5731 3792 5167 1439 2581 4074 10281
1403,10285 5104 5103 5102 5101 5100 5099 5098 5097 5096
1404,209 3989 1836 439 3478 10142 7799 3990 3991 11904
1405,9823 10286 8934 10287 2287 7809 4275 4274 4809 9448
1406,3811 1673 755 2309 1101 2114 5502 9604 2755 1875
1407,7336 8415 10289 2074 14276 15108 14790 10669 9532 8604
1408,6576 2105 8601 4766 11429 14617 6579 12430 11064 6578
1409,7346 9283 5143 2417 2559 10042 2490 2925 386 4225
1410,1880 5096 3214 8480 5750 10290 2963 10292 6868 10291
1411,8719 6617 3510 10294 6142 1347 466 6682 6619 8623
1412,769 3309 4468 3120 4194 9702 10295 8933 4257 176
1413,9169 1456 8433 6689 635 10308 5489 5487 8431 10307
1414,9466 1073 9039 837 7140 5164 14692 4411 3691 3095
1415,8959 787 7488 3190 4808 3366 4789 8345 42 434
1416,1201 714 865 4868 559 8054 10820 11307 3254 323
1417,10319 10315 10313 10318 2556 2215 10317 5903 697 10320
1418,2437 5605 4750 10323 4747 5604 6849 11710 8778 5603
1419,10325 10324 10326 13568 4673 10941 10937 10940 10947 10944
1420,10328 10327 1833 1685 2691 10240 10329 820 2024 1568
1421,1447 3105 764 9319 2035 2684 10871 12916 7186 14443
1422,10332 1108 7671 102 10330 6515 10331 9204 9315 4497
1423,10333 10338 3994 7671 872 10335 10337 2170 8281 10339
1424,2139 1993 2307 793 6178 4085 4128 6596 612 3575
1425,10341 7263 9915 14298 45 10547 6889 3461 1018 10342
1426,3411 3387 3412 5886 1448 5575 5885 4270 9577 6265
1427,10346 2603 10345 10344 2042 717 10343 1801 12814 13485
1428,476 466 478 3811 5561 10347 7814 686 2309 774
1429,10349 10353 10350 10351 641 10352 6537 10354 11227 6159
1430,6364 7427 9192 1779 1320 1778 1826 2371 6363 4060
1431,5176 10360 509 8711 10358 6322 1213 3984 440 8891
1432,873 1377 4385 686 149 169 1375 1204 3927 1785
1433,10364 1762 122 6932 4069 10363 1392 13755 9719 4635
1434,1011 1357 6360 1354 2369 10365 9236 2378 4608 6320
1435,10374 10380 2358 10381 10375 10377 10376 10372 10373 10378
1436,8704 7918 5507 457 5011 10387 6052 8767 10385 10386
1437,6675 2301 7737 3762 588 2233 1974 8621 6517 3026
1438,466 10391 10060 4911 7993 2040 4772 6905 9344 7266
1439,10394 7368 10392 10404 10405 10403 10395 10401 10399 10400
1440,10407 8215 2663 4057 3565 8393 8216 8275 8214 4056
1441,10408 3998 10409 9502 7292 3996 3995 3997 3118 8846
1442,2823 10410 10411 1535 13187 2820 1166 2742 13260 5998
1443,796 1732 5202 8948 5545 7972 14391 7503 860 3100
1444,10413 10412 1225 14112 12865 13428 9800 10875 9048 7698
1445,10423 10420 3117 10276 9167 5062 3201 8672 1768 8619
1446,10426 10425 10427 7076 8900 6504 1714 7895 4962 13191
1447,9797 10428 9798 10429 9100 15133 13620 9796 5103 5102
1448,3857 4789 2308 5299 14400 6343 8485 1523 9564 787
1449,488 10430 8346 9249 769 1058 7769 1055 6013 1037
1450,7556 10431 12648 9101 14041 10036 8592 2610 9100 1885
1451,794 1071 1986 476 466 3222 478 8396 464 462
1452,10438 10239 729 1329 8836 10439 2294 691 9896 4860
1453,3916 7429 10306 8433 83 760 8431 10308 7822 8200
1454,10441 8335 8112 5385 5383 6162 12576 14316 14645 6484
1455,5299 7730 2519 3857 9607 5305 14054 9135 8747 14052
1456,10444 10443 7888 10442 1127 2850 8397 7643 5199 6094
1457,10447 10446 10448 12869 2263 3823 9804 12954 12952 12953
1458,1574 10452 9314 9068 6372 10451 437 2130 17 20
1459,7401 7253 4276 8141 11602 8644 13360 7513 2295 11940
1460,133 1836 292 127 4127 6676 13285 2457 4182 7302
1461,10455 10457 3482 10456 5282 2438 3009 4273 5332 5327
1462,7149 1347 5911 5910 1601 4740 4071 6441 8442 6445
1463,249 1385 2699 5580 7527 6175 9249 8856 5186 7969
1464,1112 1207 3932 4906 3497 2474 8251 3751 11258 2139
1465,469 2689 339 794 1702 7547 390 12784 476 2366
1466,10458 6760 8755 2240 11916 9820 6831 13783 7910 10102
1467,476 466 10460 8670 1588 945 2920 2124 2007 6314
1468,2221 4348 3298 2913 164 5850 5851 2470 1161 3280
1469,6364 6553 6363 9194 10461 1320 1321 1778 4060 9192
1470,3811 1101 5502 2063 3300 5359 14893 1192 12201 2309
1471,10462 3016 735 464 7238 812 811 450 1217 5482
1472,6670 10467 9290 10465 10466 10464 10463 7410 14085 1560
1473,3014 796 10470 10471 3100 10472 1455 5551 1981 864
1474,1317 6360 9851 1011 4687 1357 3083 2014 2881 4037
1475,10475 10477 742 8502 8501 7734 10479 9906 10478 10013
1476,10481 3069 5151 8882 3072 811 12309 3071 10951 13692
1477,3055 2519 11126 3407 10482 2575 10398 8245 13626 4820
1478,651 10484 10485 2099 8289 3342 4485 7414 10439 4923
1479,3008 3007 3664 961 3012 3009 3011 3010 3006 3005
1480,5488 10181 9706 6691 5489 7247 4789 7821 10487 5490
1481,10490 9288 10489 9782 8354 10488 1362 13841 4672 8355
1482,10491 14284 14507 13312 5091 5092 5093 5094 5095 5090
1483,1102 8554 4011 10495 10496 4077 9986 1306 10492 1548
1484,10502 6848 10501 257 4726 10500 9970 10503 53 5251
1485,2734 8837 6166 10507 10508 4774 2733 2735 7820 11623
1486,5427 3819 4181 5425 4975 4482 3544 6376 3546 1020
1487,10512 10511 2810 475 324 3148 2118 1990 6049 1796
1488,7238 10521 10520 10519 10518 1016 10294 7708 4889 7243
1489,1660 2428 8798 10522 15096 11720 3945 8616 3637 1328
1490,1532 10525 10523 10524 2614 11112 11121 8904 14138 2742
1491,7369 4975 3819 10236 1517 3994 183 7367 1041 5035
1492,10527 6040 476 247 794 1187 8717 2155 3799 3269
1493,6816 10529 10530 6094 5650 707 3548 14856 12700 12699
1494,1219 4223 4769 1235 6651 10531 8447 7500 795 5951
1495,2307 2938 1206 3253 3678 2211 6651 7973 2221 2764
1496,10534 10533 5104 5103 5102 5101 5100 5099 5098 5097
1497,4426 10536 2206 9134 7994 7431 10537 7297 2479 6106
1498,10542 3237 1869 4901 88 4815 1162 4887 7564 3234
1499,3624 10327 5362 8197 2799 4831 10430 10238 8303 7189
1500,8982 10355 7554 1317 4407 6805 8981 1721 8980 10627
1501,9911 9927 1493 1806 1018 5568 6913 10549 10342 8368
1502,10552 9221 2332 10237 5938 6834 11366 692 7398 3924
1503,5011 7178 2021 10553 5815 7179 5730 7180 9610 2126
1504,4596 1828 10554 10555 5686 14363 4139 7427 1011 7554
1505,1320 6362 6361 1778 1319 1779 6363 4060 9192 2375
1506,1467 10150 10557 5343 13839 9841 1263 9517 6061 7524
1507,3028 1738 9439 3946 10227 10559 6036 5784 5778 3881
1508,2635 5364 10560 228 10561 443 2634 13214 970 5613
1509,1443 4398 8768 4329 10563 10562 11108 6990 13954 5732
1510,618 685 10564 1701 2029 586 10565 6434 4207 48
1511,9249 8704 10567 9075 176 3222 5507 784 6596 5742
1512,7077 10570 10568 10569 5871 6847 14748 14749 14747 12807
1513,10572 6032 1480 4005 3601 10571 12327 3911 14997 2101
1514,4608 10577 10575 4139 5849 5848 5451 2874 10578 10574
1515,1520 9296 9177 5142 10579 625 3678 8451 7778 1684
1516,10581 8005 10580 8006 2657 6771 4518 6770 5264 10583
1517,466 6682 8719 662 8623 208 7816 251 476 686
1518,9392 4513 9393 10469 6761 11359 11358 10881 9179 3811
1519,9425 794 476 5756 3205 1693 5585 817 873 10588
1520,10589 7070 8598 10590 7066 7061 7060 4142 1008 3077
1521,1585 3248 6649 7233 2781 5986 11193 7834 2709 2911
1522,745 3742 10591 9943 13056 1252 3841 5958 5957 4180
1523,10593 4795 10335 5916 2284 4381 11540 11542 11538 11541
1524,149 10594 5549 4930 1192 4479 169 484 476 11474
1525,618 7716 612 10595 287 5580 3403 611 13438 1803
1526,10598 5095 10597 10600 298 10348 9622 5957 3024 5087
1527,2290 9051 2294 846 2067 4090 8418 2291 98 12359
1528,4194 5568 7491 9389 10602 3276 3139 4238 4227 769
1529,10604 10603 6793 14911 2982 4656 4657 6288 6087 1195
1530,10606 336 8558 4978 7483 275 334 3398 2063 3826
1531,2993 10492 2992 226 10498 2736 3342 5894 625 1075
1532,2988 3358 7416 2989 2442 2697 3528 3549 7415 4235
1533,4532 3445 14492 10516 11961 1697 6293 10596 1752 287
1534,2219 1302 4286 3472 10607 705 14413 383 13752 1436
1535,1689 6591 8546 7274 8925 933 7930 8931 1755 8932
1536,7352 10609 8264 10610 3838 7350 7351 14178 12926 12518
1537,10611 336 10613 8480 4902 10612 3202 2224 1619 928
1538,4037 163 1317 10615 5814 3467 230 1623 3028 5994
1539,10624 3988 10621 1171 1188 8597 6590 5500 1892 7962
1540,10627 7215 2996 10626 3079 10628 6804 10629 5873 7222
1541,4744 4923 578 1511 46 6625 10633 2675 10632 922
1542,83 3602 7429 10635 6694 6546 10634 5597 4462 5864
1543,4941 10113 7801 7382 10637 9234 10387 10638 715 7802
1544,1317 7818 10072 4687 3442 1011 3083 4037 4688 4693
1545,5494 8297 10639 8051 5493 6311 8655 13784 15240 5492
1546,8977 10640 7234 335 9373 9374 9375 2600 3888 8976
1547,2375 6364 2869 1320 1321 1778 2371 2372 6363 4060
1548,738 5591 7456 4485 7314 5604 8553 3967 12462 1079
1549,10642 9088 11466 15159 13108 4406 1999 7857 4765 4664
1550,10643 5105 5104 5103 5102 5101 5100 5099 5098 5097
1551,10644 2287 10514 5969 9521 8576 10513 14056 9823 8675
1552,10646 5105 5104 5103 5102 5101 5100 5099 5098 5097
1553,10647 4876 1198 779 2411 1800 8945 4870 3837 6295
1554,9878 6814 10650 2340 10651 8802 2245 1304 7733 5433
1555,3944 591 10664 10663 10658 6880 10665 8461 5837 2473
1556,9560 10669 3772 10670 6792 10289 6313 277 2074 9166
1557,9161 3309 4902 10674 6916 8504 4954 2129 502 10673
1558,10679 10680 2304 964 203 10678 10963 3464 7686 4447
1559,10685 10687 10683 10684 10688 10689 10686 10682 10681 10690
1560,1826 4414 6735 6364 4416 3843 2876 4134 2869 10199
1561,10692 10693 5075 5101 5100 5099 5098 5097 5096 5095
1562,10085 10694 10695 13114 12276 8275 14398 10677 15089 352
1563,9801 9071 1658 2127 2911 10711 10228 10706 6690 10704
1564,1011 2893 9968 1776 11768 9967 9969 1770 5687 1773
1565,1345 11821 1346 7334 7333 3892 12167 7508 3317 4357
1566,7145 970 9267 10717 10718 6135 3041 4879 3613 4660
1567,4493 9569 1377 760 450 5893 6854 191 3916 778
1568,2221 1076 9715 6905 3104 5850 5851 1888 12267 1051
1569,10010 10720 5776 10009 10008 2391 1713 5505 11335 11338
1570,10722 10721 782 9073 10725 10723 4051 2134 7868 3131
1571,1826 10199 4414 10627 7218 4134 3843 4416 6364 5447
1572,10727 794 10729 887 10728 350 3097 2251 685 3099
1573,10731 1331 10730 14154 13850 5570 11410 13144 6415 11267
1574,8809 10734 10733 12884 13082 8808 10041 12500 8806 11822
1575,4716 6064 7196 10737 10736 2484 8271 3359 1161 650
1576,1069 1188 7353 1412 10621 5500 7815 7145 14661 10624
1577,5344 8811 10741 13074 8808 13635 8805 1880 451 8760
1578,10601 10743 476 466 3222 794 2777 6411 761 1210
1579,10215 6146 10745 10120 6490 9104 10744 8051 14320 14306
1580,3415 7076 9538 3831 5835 5388 10747 3371 8492 10749
1581,10755 8082 10032 8084 2746 8498 3795 3009 8497 6590
1582,9796 5334 2981 10757 6477 2649 8967 1227 10756 1896
1583,4874 3385 5501 4832 1281 175 5342 5859 5343 4779
1584,2024 7831 10762 466 3196 3104 1686 3748 4221 4235
1585,10765 10766 10764 2925 10763 12083 6622 12901 7271 10042
1586,10771 10767 10773 10778 10776 10768 10770 9657 10314 4524
1587,7489 5180 10779 9789 3864 13536 4171 8235 6488 9588
1588,3328 5779 388 3288 3348 9165 13129 2139 4885 3826
1589,3943 10780 2675 3472 4998 543 6957 7490 13973 7501
1590,1257 4020 5361 4015 432 4558 3092 4557 3769 4556
1591,8787 10783 10782 5886 6773 4359 7705 1392 4964 10784
1592,1660 10789 3637 8616 5370 8598 324 10788 10787 344
1593,8294 4827 1050 3761 1280 1103 3539 1484 10762 3748
1594,10793 10791 10794 10796 10795 10792 2174 3408 4785 9402
1595,10797 3190 9990 5624 9490 243 5625 8937 6708 4077
1596,10800 10799 10801 5101 5100 5099 5098 5097 5096 5095
1597,10803 10805 9229 10802 10804 11075 13170 2848 7899 7893
1598,2881 5129 1723 10807 1721 1151 9968 9967 1709 9969
1599,1665 6780 7651 6165 10810 9810 6781 9809 8575 9803
1600,3085 4603 5875 2877 4139 1318 2869 2881 1724 14350
1601,1354 10811 10816 10817 10812 7092 10814 1710 2370 10813
1602,3055 7124 10820 13912 11126 53 14578 13626 14559 8999
1603,1219 796 1071 3016 4862 1649 6919 4220 5079 702
1604,10826 10827 10825 10828 10830 10829 7476 6243 7473 7484
1605,7144 4310 4267 1866 12809 12577 5260 13177 2156 1766
1606,6202 10833 10834 9511 10836 8221 10835 149 14835 2262
1607,1978 10840 611 7299 46 8083 8616 8782 10061 6372
1608,3811 6587 4949 10841 2583 7454 4973 5504 9594 8083
1609,2432 10842 2433 2434 2435 2431 2429 2430 2426 7704
1610,2117 3910 26 7992 4467 3977 10487 6312 6377 2217
1611,4605 8164 4413 1778 4133 3667 9192 6361 10843 2371
1612,10845 10844 13001 12645 12677 9652 8085 13666 12495 13000
1613,10848 10846 10847 5104 5103 5102 5101 5100 5099 5098
1614,10850 10849 10852 10853 10851 260 13061 4537 10832 2003
1615,10854 10856 4039 2374 10859 5672 2370 1011 2869 10858
1616,10862 2868 10861 1301 5294 7987 10863 8854 7614 578
1617,1864 10868 10869 1177 5914 10867 2045 7172 4462 5597
1618,488 611 1447 1572 10871 9491 6576 8303 9319 1474
1619,10872 10874 10873 14516 3834 10976 12616 13461 1298 14412
1620,10876 10878 10879 715 10078 10790 228 2520 10877 8811
1621,3811 10881 9179 9392 12962 4513 10029 11406 6184 1101
1622,1206 323 7243 4205 10883 10884 3699 7245 3738 1217
1623,5589 2360 1345 3210 10567 3699 6689 2581 3619 5814
1624,10503 9928 2523 10888 10887 6896 7730 9921 6889 7263
1625,1112 1079 1614 5046 1014 8552 3352 3751 1737 8251
1626,2281 10891 6233 1367 13388 547 10715 1302 11126 12931
1627,1329 3881 1300 586 11294 11293 12205 3946 5148 1781
1628,4398 4604 1322 5732 9407 8768 1443 13681 12624 13954
1629,2928 10310 7847 5938 12321 3206 6038 6026 13906 12438
1630,1081 9140 8083 701 3395 1280 11419 13755 12653 12399
1631,495 2262 4579 488 6155 14619 10884 6427 1440 169
1632,10897 6897 7244 4837 6104 2550 10896 10895 1621 1622
1633,8278 6519 5043 7904 10898 2 7685 5041 5747 8700
1634,287 10347 6005 7700 618 7699 3811 4303 2700 281
1635,4605 8164 4133 5367 7071 1721 2875 7057 4135 4137
1636,10901 9814 10900 8104 11850 2010 9426 11230 8212 3394
1637,10902 3556 8879 3099 10473 9981 3526 3100 794 3557
1638,7628 8148 5679 8147 7629 7627 7625 12354 7342 7626
1639,363 10905 10904 365 364 1917 8307 12829 9526 5791
1640,7855 4787 4570 569 10438 10907 8987 4973 990 6784
1641,3222 6836 625 287 794 7700 14452 10509 15245 1646
1642,5053 7920 10909 8415 167 8449 4769 8836 6382 4211
1643,3386 10885 10139 8065 4779 6444 4778 9050 1960 9049
1644,5576 3130 3881 7681 575 2457 8855 2582 4335 8860
1645,10912 5784 9407 2659 10911 1989 931 13682 13520 10095
1646,10914 2602 8458 10915 5660 4949 486 618 1606 9131
1647,10918 9374 10917 10916 13527 9373 4882 5517 11717 5331
1648,7696 1568 4757 182 6216 10919 6211 10227 7420 2448
1649,10930 10923 10927 10926 10928 10925 10929 10039 6441 3142
1650,8832 2215 10934 1738 2459 13336 8834 3677 1132 8835
1651,10951 10937 10940 10947 10944 10942 10939 10950 10957 10935
1652,2142 9901 5234 2500 10549 7374 9911 10715 5574 9927
1653,3973 2328 1518 1079 217 6650 3676 10632 9992 3559
1654,10964 10963 2113 11267 8906 10679 1529 13931 13330 1323
1655,5453 2755 10967 10966 467 4862 10270 2480 237 5050
1656,10970 10969 14117 13034 13776 1524 13639 12131 1767 11964
1657,782 1387 4031 3984 661 9875 419 1995 10972 773
1658,8685 8684 8683 8681 7652 8679 8687 8686 8682 3858
1659,5172 5170 6589 1479 9593 323 8644 873 8621 1684
1660,10977 3834 10976 10975 9342 1884 12101 14516 10872 14412
1661,3699 10982 6812 7145 3050 10983 748 3507 9049 5119
1662,5199 10986 6640 5676 9830 13942 7678 9331 10229 9175
1663,8152 1153 1721 13573 3693 4688 7554 11528 4687 1156
1664,10995 5845 10630 11000 10627 10999 7098 10754 10628 10994
1665,2086 11004 11003 8585 11039 2093 14744 6284 12602 3558
1666,3635 9978 3636 11022 6066 3628 3626 3625 5623 3639
1667,11005 4753 11006 6623 11007 6483 6621 8605 4964 6544
1668,478 811 3620 7515 747 3690 3387 8943 7798 14548
1669,2715 505 11011 11010 11012 11016 11009 4265 5060 7363
1670,5569 13058 4438 7123 5573 5571 5572 2192 879 5570
1671,11020 13117 6936 5105 5104 5103 5102 5101 5100 5099
1672,11022 3635 6066 642 2010 3636 9978 9084 13684 11819
1673,11023 1645 1451 8962 3850 6799 5205 43 252 1650
1674,8477 11026 8760 1904 4336 11027 1576 11025 14319 7881
1675,3241 4627 7859 10232 11028 2446 8838 7960 5280 3242
1676,994 7643 4669 9781 12324 11030 2599 1127 876 12470
1677,11031 5157 1785 7943 11032 11034 11033 4174 5872 7945
1678,7804 5864 5246 10050 10504 8779 4462 9954 7815 4303
1679,11036 6303 8690 7248 6083 9778 585 922 10564 8578
1680,2314 2216 460 6437 4015 3685 10440 1407 14888 2112
1681,46 3111 6341 4307 2360 6383 472 11392 2223 728
1682,5225 7054 2457 5224 26 5223 476 5090 15000 4219
1683,1273 2676 8266 1987 3403 6970 7041 1436 7042 3296
1684,11038 6549 9202 11004 11039 9071 2912 11042 8585 2086
1685,11047 11046 9705 5457 5802 9614 9579 9107 11045 5604
1686,7173 1684 355 3890 10204 7807 3441 2020 7511 11048
1687,11050 5917 2305 632 5904 5477 13618 2152 10125 2175
1688,2614 2820 1532 6326 2465 6386 3465 2742 11052 11051
1689,1721 11055 10956 10863 6245 6537 3077 7221 11056 8152
1690,3055 11126 13626 15247 4820 6791 7994 9957 3056 3059
1691,1690 287 1796 860 7512 466 4925 5580 163 796
1692,11059 2154 11058 15255 13891 8413 7115 9655 1441 97
1693,4381 263 275 11063 12863 8558 7483 3398 261 2718
1694,11065 11067 11068 3695 11071 6727 10139 10965 255 6825
1695,9590 3741 6828 4031 4347 7511 1048 5056 6053 1031
1696,11073 3526 7828 5046 3311 10902 196 2449 3541 8984
1697,7803 11076 5899 1327 1267 11075 9696 7802 2728 3086
1698,11079 1638 736 2901 476 5766 3708 6963 6060 14175
1699,488 495 10884 794 6155 4579 2262 476 3266 611
1700,5352 10716 14008 13694 6240 11665 12590 5353 12987 6785
1701,5577 466 11080 7902 8775 3314 5549 5422 879 3373
1702,6178 11082 8224 7992 8434 1832 4645 4000 4507 14419
1703,1826 11084 9130 9520 3467 8191 2348 8069 11083 6364
1704,1226 10785 7474 6159 1707 747 6240 3421 1036 11085
1705,3348 4867 5828 991 5836 9946 6863 14259 4993 3494
1706,11089 8779 8818 5798 3198 11088 821 2355 806 4805
1707,11091 5435 4596 4407 1721 5686 1011 3384 9664 10246
1708,611 11092 612 6535 10375 618 9 7538 941 10421
1709,1778 2375 2371 4060 1321 6363 9192 1779 1320 6361
1710,3543 3544 3546 4773 1737 3539 8553 7552 6336 7453
1711,3271 3270 3272 5740 3955 2457 2362 7118 9305 14636
1712,6296 926 8490 6411 370 2402 7791 6293 4152 8528
1713,1997 11096 11095 11094 3350 1996 10149 12949 11093 3274
1714,6773 10746 10031 5468 13957 6501 1183 3437 4359 5886
1715,3106 11104 11103 11106 11100 8152 11107 3003 1722 3107
1716,1532 2820 10179 11112 2614 2742 11108 3465 6352 405
1717,176 478 3992 7419 7737 10307 8434 6596 7822 3223
1718,1684 11081 3708 9561 735 736 1981 7505 142 4471
1719,1150 1717 5139 1146 1145 1136 1708 1726 1725 1724
1720,11116 11115 2215 10929 7184 5466 3866 7864 11113 11114
1721,3997 7893 2848 2977 13170 7892 9229 1896 7899 5111
1722,11118 11119 2869 1862 1721 6542 9754 3693 8151 11120
1723,11121 1532 3465 11122 1166 2820 404 2742 6417 14405
1724,11126 8999 58 11125 9116 11124 1367 3798 3055 15285
1725,9078 11128 9077 1536 9076 9079 8215 3721 13703 9358
1726,9017 11129 9470 9018 4018 9150 13268 13577 12552 10620
1727,11038 4498 5294 2239 2945 9563 6814 2242 4222 13664
1728,3048 960 8820 3047 4199 6377 10487 2217 4725 9527
1729,4313 3629 8191 2333 4011 3640 2336 10649 10470 1305
1730,3859 1313 6335 6879 11135 11137 11133 11138 5544 11131
1731,11143 2174 11144 2933 10909 11145 2648 2644 9141 11141
1732,6540 7980 5010 11146 14064 5006 4357 14265 6548 12472
1733,5218 6304 46 4918 10493 4399 3316 2482 4014 1869
1734,1429 2045 9712 620 8230 7217 1704 6363 10869 6379
1735,9426 3205 11148 5580 42 7364 2575 8623 5466 7361
1736,5876 1826 3843 1777 4063 4134 6705 9194 2890 6364
1737,796 1646 3678 5853 5315 1446 1439 504 163 4220
1738,2063 4978 15057 3124 1035 10606 3529 2064 12280 11150
1739,11114 3265 15261 4470 13263 4045 7436 13679 11785 9846
1740,11156 8460 3242 705 238 4673 10781 8292 11155 5010
1741,11157 5746 8700 5747 2 15090 8098 5408 8285 2210
1742,9953 3219 2462 3202 5683 11161 466 1051 5035 6753
1743,6794 4648 11166 4645 4057 4058 6792 9350 4647 4661
1744,1458 358 10311 9882 11172 11171 6222 7565 8936 7271
1745,9284 8851 3458 715 3321 2825 2043 10841 10510 4772
1746,11176 6521 4378 9901 10551 9930 2198 3598 55 9929
1747,8229 5098 2285 2432 10145 2436 13120 13769 13768 2434
1748,11178 11180 11179 5103 5102 5101 5100 5099 5098 5097
1749,4635 9719 11181 10114 11182 3492 9121 2399 11183 2689
1750,3635 5623 8818 5573 10641 10607 6702 5080 11022 6066
1751,8999 3055 1367 15276 7128 45 7116 7113 7121 7134
1752,8999 11185 7121 15148 15069 7974 14406 91 823 14163
1753,7423 7448 6258 2980 9562 4553 13060 4604 2996 1011
1754,11188 4053 2593 8100 11187 2598 2596 2594 2595 2597
1755,4865 5140 4770 10273 4350 2493 3404 11190 1734 11189
1756,8197 1687 4874 4343 11191 1760 2953 4571 7133 3624
1757,3811 9604 10976 9605 1101 2309 6684 2276 5727 2722
1758,11063 2718 4210 3251 3542 1206 7453 7971 275 8303
1759,2248 7877 3374 2779 3624 2774 6030 11196 11083 1460
1760,11208 9111 8903 11209 11210 11207 11206 11205 8758 8812
1761,11212 42 6434 10892 2137 8590 3599 2738 8190 3598
1762,6237 1232 4587 10459 6014 1017 6688 1034 5018 598
1763,879 1767 11216 2024 457 4502 4243 4241 3581 11215
1764,11219 6537 11218 6245 11217 12748 4447 7264 14353 6171
1765,2547 11223 4866 8391 4024 1446 8990 8530 11161 2520
1766,2371 11225 2375 11224 1778 1321 11347 4060 6364 1354
1767,6623 11227 1662 2438 1663 1126 6253 11912 9810 1664
1768,611 11230 10901 1752 3043 3471 7698 11229 2739 3044
1769,11232 11231 11701 1926 11702 11274 10716 14469 6528 12566
1770,9887 5882 11083 2168 4767 7327 2348 7422 3157 7214
1771,7192 4778 2352 4886 11234 11045 3316 3383 3022 10736
1772,794 7547 11236 11237 11238 6267 390 5270 5483 846
1773,2779 2100 8940 3609 3605 6264 2774 4349 4238 668
1774,11239 7620 6122 6227 705 238 4804 4286 8343 1676
1775,1684 1436 1442 463 1520 2408 7778 14699 664 476
1776,7804 6613 8788 2725 11241 1699 8676 14501 13971 10868
1777,3160 188 11242 7371 9911 9923 12433 8724 3174 5233
1778,6203 6097 11244 1422 3329 2540 6206 6207 6205 6498
1779,11247 11246 11210 4594 11245 6795 9558 7739 7722 1524
1780,11081 176 336 6198 2586 3015 1796 9318 1452 8799
1781,11252 11251 2011 2010 6110 14681 4507 11573 11572 11570
1782,1742 11253 1741 1740 2801 7017 6818 11425 8487 8508
1783,3476 7326 1371 2475 4891 185 11255 11216 3109 3234
1784,1058 7824 9079 11256 8275 8213 8215 11171 3903 6789
1785,6982 7527 1596 1337 11873 5969 1269 4933 4631 9999
1786,11146 3602 1419 5079 964 3367 2767 10359 11257 11258
1787,11260 2930 11259 3242 705 4568 5862 10210 5425 6563
1788,11262 2942 5830 822 66 489 4334 4075 2200 826
1789,11265 11264 11034 11263 1266 8325 4902 13826 2716 5782
1790,11269 11268 1572 9491 5607 133 7440 3869 276 5051
1791,2371 7215 2375 1778 2374 1354 11347 7064 4060 2370
1792,538 4844 4839 536 6820 14808 529 9656 531 4840
1793,8808 1752 11271 3043 5193 1532 2816 13351 3044 14328
1794,11273 4360 11272 8697 6182 7545 6071 4229 6260 1840
1795,1728 1731 11274 3781 8153 13223 7379 11700 12334 12047
1796,11277 11276 11275 5102 5101 5100 5099 5098 5097 5096
1797,11280 11279 11278 11281 4040 9620 6790 14819 4046 8047
1798,383 11288 11287 11289 7408 11286 5368 7409 914 11285
1799,3528 2697 3358 4777 5501 2826 2692 1030 189 5424
1800,11294 11293 1329 1781 3881 11295 8756 8620 11296 4290
1801,10960 11043 10218 6826 2747 12467 7398 9221 3924 9284
1802,7087 3095 7900 12360 7290 5360 6399 4411 3691 2245
1803,9402 8242 6166 357 349 8623 6203 2351 7466 4011
1804,4780 6564 472 11302 9693 2141 3335 6560 3729 7184
1805,576 11303 10764 2288 11304 5358 5356 5357 13681 11265
1806,1795 1792 1852 2627 10000 11305 6484 1794 1790 1788
1807,2920 10412 13428 10875 6710 476 466 6314 2007 945
1808,11314 11313 11311 11312 11309 4379 11308 10038 11307 466
1809,8971 5864 5045 7496 6338 11317 8937 9061 6345 7494
1810,11319 11318 12756 5104 5103 5102 5101 5100 5099 5098
1811,6410 6568 1213 11320 6681 1426 6280 794 1303 476
1812,11322 7175 11321 14714 10414 9236 10365 3083 1011 12282
1813,2581 9407 732 3821 3458 10281 3627 2675 10664 424
1814,467 4468 10454 6216 1423 3206 176 794 9014 769
1815,5583 11341 11173 6103 7097 727 11326 4120 11337 4945
1816,2375 1778 2371 1320 1319 6363 1321 4060 6362 9192
1817,11353 4871 11355 11354 1415 1878 5717 10565 14893 710
1818,11358 11359 9392 908 6170 4971 6240 6761 11356 9239
1819,4260 658 11361 3100 462 4027 9249 416 171 6035
1820,11363 1128 4051 245 11362 3721 3985 9250 5556 9570
1821,806 8578 385 3603 811 780 1835 7248 504 1646
1822,11366 11368 11367 4650 4663 8663 4660 12993 4892 11370
1823,2741 2614 1475 2742 6416 2820 5998 1532 1529 5345
1824,11372 760 4782 5080 3700 4226 186 4227 8469 9529
1825,11378 11373 8793 11375 1367 8501 11377 3271 2507 3270
1826,10627 11000 11382 10952 4743 5845 10999 10994 10997 1771
1827,149 10700 4385 773 5477 1186 6191 169 6365 873
1828,1452 2688 8619 8941 7972 694 3604 3550 4817 3122
1829,2881 6360 1315 7218 5536 2889 6321 9645 1157 1317
1830,11384 3945 510 7718 9094 778 4869 462 2251 479
1831,5537 4615 4619 11386 4618 11387 4622 4621 4620 11385
1832,10510 10424 3016 5766 3361 2697 5079 4374 5764 4324
1833,9825 11388 9150 11389 14450 6558 1593 2440 5426 12988
1834,11390 11391 4302 7295 14979 2270 11915 12130 3503 14163
1835,2739 6897 11393 11392 6005 1880 6868 46 4437 4357
1836,712 11395 11396 577 3600 169 5984 8952 8473 7846
1837,692 11402 11405 11403 11401 11404 11398 11397 14512 11399
1838,11407 6483 11408 11409 8605 637 2397 7748 11361 2556
1839,11089 4939 4765 6237 14511 780 7938 3665 13179 3559
1840,6069 11412 11411 11413 11414 7640 10024 4709 11417 11416
1841,6620 1596 5602 15026 6982 2301 2108 14281 8409 13832
1842,8423 4968 14202 8117 12009 14425 14069 3840 12011 14064
1843,1866 3846 4328 2875 1003 1354 10843 3688 7144 4329
1844,578 3943 11076 1409 6826 445 439 974 1387 9567
1845,1535 11112 11418 405 2820 1532 1166 2742 12426 2614
1846,7910 1083 8687 7527 4982 8347 10181 5864 10656 7387
1847,11420 4724 4305 10072 10073 8645 10071 4035 2869 4722
1848,11076 9838 1840 3887 4745 663 6544 7528 6298 6182
1849,3811 9956 7005 1815 3030 7826 3620 2897 3940 4797
1850,11423 11422 5077 5103 5102 5101 5100 5099 5098 5097
1851,9711 9171 1279 836 9563 7362 6375 6673 450 888
1852,11427 11426 11425 6 11268 844 11428 4644 5071 11174
1853,5401 2587 1022 10781 8705 3710 4636 3826 7155 6301
1854,11432 11431 11430 11433 5599 935 14450 3656 3654 4753
1855,11435 11439 1721 11438 5440 9664 11437 1136 11436 4407
1856,11443 4437 11440 2490 11442 11441 7006 7135 6254 2503
1857,11445 11446 9404 269 9165 5339 5712 13415 2632 9403
1858,1953 6296 11447 1387 10721 10456 6411 6818 13367 9649
1859,11456 2634 11457 11451 11449 11452 11454 11450 11455 11448
1860,618 11459 1206 1782 10340 11462 287 1803 11461 11458
1861,8542 4461 10998 10994 9854 4145 10990 2881 7077 11000
1862,611 7052 11241 10509 10372 3556 153 10371 10290 10373
1863,780 7339 11465 5460 6039 6237 8415 518 2363 7735
1864,11467 1621 1620 3575 2992 3638 7910 8950 6911 1734
1865,4012 11468 4808 3970 4013 11469 1809 762 6597 282
1866,2741 2742 11470 2314 7296 6416 5998 2614 1475 2743
1867,9805 6167 1015 12566 9682 11471 4664 3665 1077 6165
1868,715 8748 8201 4437 7047 1404 1419 14939 2201 7820
1869,1323 6352 10208 2614 2820 405 3465 12426 2742 13344
1870,8525 2155 13050 1443 2358 10866 15169 1133 8486 14213
1871,11473 8853 2916 10499 1481 1489 13699 7248 10132 113
1872,5164 11474 5491 1073 1096 8170 2248 1611 3374 4008
1873,5197 6097 6498 4465 6546 6499 12305 11244 12986 5729
1874,6987 8045 8689 5742 9648 11844 9249 5035 107 1809
1875,10323 1222 4358 3794 1837 3948 4350 6547 1266 7936
1876,4135 2374 2370 1354 2371 2869 7062 2375 2369 5672
1877,7169 11475 1898 6617 3747 5246 6513 10049 12873 7049
1878,11477 6698 3267 10190 9877 11476 3526 6528 3909 2077
1879,10292 605 11479 4720 11483 11484 11480 385 10476 9771
1880,11137 212 4359 14440 14416 3859 1313 5772 5774 6335
1881,1419 5461 3378 1404 8748 11675 10435 6911 8673 5637
1882,11078 11489 11490 10449 11491 11488 11492 11487 11077 11245
1883,10932 11493 13672 5998 10529 2815 2742 6094 5650 707
1884,11518 11522 11511 11515 11514 11520 11494 11505 11516 11508
1885,1826 4416 4414 3843 2876 6364 10199 1777 4134 6735
1886,3372 6380 2764 1206 821 3931 879 894 5276 778
1887,2820 1475 1166 2742 405 12426 3465 2614 1535 11524
1888,11525 3853 9234 11526 2655 10044 4023 10043 10113 4941
1889,11527 3752 11532 4332 2892 476 3222 11531 1011 4457
1890,11534 7694 9939 1147 2821 7695 5346 4282 6333 12765
1891,11535 5105 5104 5103 5102 5101 5100 5099 5098 5097
1892,11536 2869 1826 3082 3085 1314 4617 8477 1318 4607
1893,11540 10593 11542 11538 11541 11539 4795 10335 5916 2284
1894,11545 1160 11544 2480 11543 9358 13486 1161 6136 14798
1895,3995 11546 5891 11547 1940 11548 4710 6631 6630 6626
1896,9042 10174 2129 3964 2130 10362 1367 9043 794 11759
1897,11549 15067 36 13013 5787 3178 1367 9134 15190 13173
1898,11550 3622 3183 14710 5852 12347 9033 4780 3313 6579
1899,7674 11552 11553 7406 10506 8322 11657 8821 11650 6097
1900,1624 11557 11559 7022 11558 10127 10596 8710 2614 10790
1901,1665 8143 11564 9809 9810 6780 6781 7651 1662 11593
1902,2449 3441 11073 7828 4911 1083 4347 7488 11474 9293
1903,11567 6615 4073 6622 11568 1664 11566 6624 6623 6189
1904,715 9519 2750 13312 1850 11569 3142 5789 2491 11048
1905,11573 11572 11570 11251 11571 11252 2011 2010 15218 15217
1906,424 11574 4961 7495 14983 14874 2556 1222 14893 870
1907,6381 4031 8352 1028 6768 1908 11576 1787 12709 466
1908,11577 7342 14673 8833 7628 7629 14671 7627 13488 9172
1909,222 10236 4997 3820 4975 9956 223 1050 10128 224
1910,1938 1746 4358 2908 9652 12965 11356 710 13888 1222
1911,3083 6553 4413 7784 1357 4687 2371 1721 1315 12211
1912,873 149 2763 686 169 466 794 476 478 4385
1913,11582 11580 11581 11585 3720 11583 4588 8976 4858 11579
1914,3491 9138 13778 13777 8115 3489 13776 3490 7653 9137
1915,3359 3727 2131 11588 3576 1501 11748 1161 164 3317
1916,3745 2054 11589 8678 2056 11727 4405 3369 8604 3549
1917,726 8843 409 7522 11590 9053 11591 11405 14174 11690
1918,323 9817 236 971 3802 6593 3736 11477 794 466
1919,6099 1883 9026 6101 2009 13256 14496 6100 12617 14454
1920,4553 11151 730 3717 2254 7448 12341 5630 12447 10728
1921,11593 6171 11564 6349 1110 753 1846 1111 12250 14528
1922,5777 4196 1984 4483 3247 11595 9309 3555 476 1686
1923,11596 4838 11597 12473 12471 12474 12472 5570 12344 12346
1924,4913 4889 8350 4901 8349 7238 3237 218 337 3301
1925,2869 11598 1826 7425 14736 7426 7215 12332 8166 6364
1926,11601 11600 7998 7518 11602 1877 11603 5984 3851 7612
1927,10902 8614 204 2839 11589 11606 3526 8879 8238 4742
1928,383 11608 4555 1436 3949 1216 6834 10343 6386 8563
1929,3489 11611 11610 3491 9137 12684 5255 2393 7650 12685
1930,7702 11612 11613 11614 13557 7701 13556 12147 6 10911
1931,11615 11618 11616 11617 11621 9699 11620 7883 7976 11249
1932,177 11623 10618 3879 9478 9474 2160 9518 2527 5141
1933,2869 4626 6556 5129 11625 6555 11624 4139 6364 2881
1934,11627 3262 8622 8872 5312 478 5307 2565 1504 28
1935,11628 11629 5103 5102 5101 5100 5099 5098 5097 5096
1936,9660 11631 11630 4451 2800 7880 11687 11688 14228 10678
1937,6685 6520 5353 8112 12572 8575 10870 6257 8968 12082
1938,11636 11633 11635 11634 12400 11263 12537 14046 14045 10467
1939,6345 1894 1895 9293 5054 5864 8515 1750 11637 7378
1940,1721 11638 11640 1155 1151 7218 10716 11639 1723 1145
1941,4700 11642 1840 6493 4963 9226 3887 11567 7328 8885
1942,900 6638 779 1728 4497 585 8677 7379 1170 11700
1943,1498 8577 11038 880 9286 4939 7310 4929 14142 9003
1944,10020 3456 2124 9131 6916 2556 8972 5574 9709 2553
1945,11647 7402 8142 7272 12981 9689 13679 7401 7774 7485
1946,618 1099 10178 1420 742 9923 612 3460 343 15065
1947,11650 221 11648 1227 6185 11649 1111 7934 8650 6171
1948,11654 1306 1102 5411 11651 8494 3006 14227 3444 3800
1949,11655 4559 7104 7224 4531 8232 4595 9591 3307 5435
1950,7165 8967 5711 7166 11594 5714 1268 7106 10867 6477
1951,1320 6362 1778 6363 9192 1779 4060 1319 1321 2375
1952,11591 7523 11657 9611 7871 9883 2431 11656 10506 7406
1953,150 11658 11659 4887 5828 4987 2734 3237 148 7564
1954,3055 11660 6158 11661 614 9392 604 9314 2563 7884
1955,8176 5464 8707 11662 11663 11664 349 4830 8706 14344
1956,11668 11666 11667 5107 5256 8164 5976 7059 5119 12200
1957,4865 4497 9221 2707 1392 2519 2493 4770 8940 10273
1958,6980 11670 7621 3990 8047 10711 9181 8433 11905 11669
1959,11671 4255 3821 8660 278 11975 8661 12668 5721 8662
1960,11682 11674 11678 11677 11679 11565 8956 2561 11681 11675
1961,4085 585 4766 1993 10660 49 3746 1471 5552 2498
1962,7880 9660 11687 11688 2800 11305 11686 6785 9395 6538
1963,8843 11690 5270 5791 11689 9336 3832 3439 751 8340
1964,6364 1826 9192 1320 11691 1777 4413 2371 6363 1778
1965,8887 8886 11692 11693 10892 12694 10184 8885 7529 14437
1966,11695 11696 11698 11697 11694 11195 8560 2248 3374 3624
1967,466 2711 4991 775 464 1653 5509 6960 790 11699
1968,11701 1926 11232 11702 7962 11700 3781 14835 8059 14255
1969,8255 8254 11703 5317 4778 3407 5568 7472 2014 2624
1970,7483 11706 3127 1546 6244 11705 5323 6580 4472 9149
1971,2779 4238 5720 3185 3916 1393 2935 6645 5079 4251
1972,7165 7166 11709 11710 6435 4750 7105 2901 9589 2865
1973,9976 11711 5898 7405 7174 304 10167 8555 2710 8056
1974,11713 4143 5458 3390 547 1077 11830 4144 1750 1068
1975,169 712 5984 7846 8473 8952 4973 4854 577 149
1976,11714 11715 11716 13721 1635 13945 442 4654 9118 3380
1977,8208 5959 11719 10140 837 5307 2516 6916 8504 2548
1978,1660 11720 5621 5022 8669 12108 15096 3945 8616 1328
1979,281 1090 3645 8719 8714 6899 8972 4032 6889 7758
1980,7527 9277 2346 10166 7143 5969 2699 6785 8576 14056
1981,11723 8443 7058 10099 9755 10075 11721 11531 11722 1828
1982,7249 10056 8341 13854 7229 405 2742 6415 2820 8731
1983,11725 15145 2853 14545 5093 5094 5095 5096 5097 5105
1984,11726 2973 9278 3930 1414 912 4419 2972 2970 2978
1985,3699 3705 5083 11727 6029 8188 4762 3708 1206 3362
1986,11730 11728 7478 1809 11729 7529 13733 10184 2725 107
1987,1067 1014 1051 222 2318 6336 5343 3544 1076 3546
1988,5206 6780 3369 8604 11732 11731 11238 11733 2054 3961
1989,5386 4876 3931 11734 3318 3359 10972 1785 1433 3827
1990,8699 2239 689 11736 695 736 11735 6021 8664 24
1991,1778 2869 7404 5449 2883 11723 5448 2890 6362 1319
1992,3462 190 4261 11664 11663 11175 4307 18 611 2751
1993,11744 11743 4563 11742 3089 1522 561 4562 4565 4564
1994,3222 5155 3223 3399 769 2307 10378 10663 743 1803
1995,11746 323 870 5756 1728 1684 4303 3856 424 7421
1996,3262 11747 11627 2221 5195 12426 2614 8622 13330 1323
1997,3262 11627 5195 11747 8622 8872 5307 28 5312 5989
1998,196 1737 8984 5046 26 9985 3734 3527 8738 8739
1999,1778 1320 6363 9192 1321 6362 6361 1779 2375 1319
2000,2614 2741 1166 2820 2742 3465 1532 3464 5998 405
2001,7344 10176 6382 8365 9149 11751 9313 698 3153 3479
2002,2629 4913 8350 8484 4901 4887 2484 186 3237 5820
2003,2820 2614 3465 2742 405 1166 1532 1323 12426 11754
2004,10907 990 11756 7019 6483 7677 3659 10107 11327 9092
2005,777 4080 2838 6749 7814 3112 2295 3908 1804 4490
2006,11759 9249 7915 1830 6217 7341 9318 2448 7815 126
2007,2711 11761 6680 466 6008 821 464 15029 2326 1460
2008,11763 11764 8816 13547 7428 13549 6393 13141 13142 11021
2009,11766 13397 11984 13045 11967 13396 5101 5100 5099 5098
2010,11767 7177 11371 3604 5563 4656 12850 7179 7180 7178
2011,1077 1015 4143 1068 1086 1085 1049 1087 1084 1071
2012,11768 1001 6703 7065 11057 1445 5422 5689 2893 12491
2013,7389 3882 1905 8071 9686 12128 11930 3923 6572 8811
2014,11769 7209 14864 12479 7204 7203 12081 561 14863 6772
2015,707 323 8470 8931 9593 7482 5769 9594 10064 5762
2016,1121 11772 1119 2843 3428 9393 8021 5244 11770 8870
2017,994 1191 7830 4178 5140 7718 10170 8622 12324 5147
2018,7985 7721 11774 3489 11773 9327 13709 11610 4381 12694
2019,3846 1866 1354 10843 2875 1003 3688 4609 1357 10193
2020,1778 1320 11777 4139 6362 2371 1319 1321 4060 2375
2021,350 9531 7770 351 349 7955 8241 3099 10727 2735
2022,3667 9536 7065 7078 7075 1003 11778 9535 1007 3074
2023,5010 11781 7659 11783 7660 11782 8992 701 11780 11779
2024,209 1761 10631 1762 1515 6327 1304 1764 13571 439
2025,11409 6619 3285 5716 6477 11786 2699 8921 9885 5700
2026,1001 8760 4136 11788 11438 8604 14319 3888 4608 1002
2027,4229 1062 7037 6260 11273 8697 13212 4360 10509 3222
2028,11791 11334 8178 996 8171 8172 6129 8175 8169 6437
2029,4304 6404 11793 7269 7273 11795 11794 10002 11792 986
2030,900 11796 7948 4497 8116 6168 11912 779 6638 11911
2031,11797 5662 11801 11799 11800 9748 8541 3843 9747 11802
2032,5490 4031 462 5489 768 251 9046 11803 848 5488
2033,1011 1863 1316 5449 2888 9547 1141 11808 1135 11807
2034,583 2677 3752 890 2457 11809 11810 4301 476 2489
2035,9719 6791 4635 122 5220 2474 8180 11813 5504 5822
2036,1617 235 1618 234 1622 1619 1621 11814 3213 4812
2037,203 7488 5166 4479 11815 5946 5396 7479 9974 7210
2038,2375 2372 2371 2379 1778 9968 11347 4060 1320 1321
2039,11817 794 11818 4934 8935 11360 4029 821 4027 2067
2040,3807 304 11819 3804 3806 3809 3808 9976 12771 2897
2041,9278 323 11726 3930 11820 912 873 1414 4419 1688
2042,11821 3150 6713 8398 1345 4865 7391 12591 12873 891
2043,11831 11825 11829 11828 11823 11826 11833 1900 2716 9489
2044,4858 1963 1100 2762 4188 6017 443 9249 4091 4399
2045,3811 323 10347 769 3181 1206 4256 4474 6005 228
2046,5296 6843 5295 6846 5294 6845 6840 2830 5293 4871
2047,11836 4127 2558 4788 15245 8580 15019 12512 3800 4570
2048,11838 1766 9688 11837 7286 1419 4841 4310 3128 5558
2049,4416 3000 4414 1007 1158 89 1826 2876 3843 6364
2050,11840 11842 11841 6510 11839 6513 7168 10658 10205 2731
2051,9249 5742 9648 11844 6987 11843 2079 9372 1237 12093
2052,11846 11847 11845 6869 11299 7712 6316 11099 1136 1145
2053,6706 6364 10096 7098 10098 7059 10097 10099 7099 5101
2054,9432 9434 9431 7086 9433 5095 5096 5097 5098 5099
2055,7583 3891 9517 2402 10277 10948 13342 1297 365 13729
2056,9808 11849 7219 1846 1700 6785 1845 8114 11848 4450
2057,6806 8513 14083 8514 7554 7427 6555 5447 5163 4599
2058,1222 7936 11241 11574 4747 6692 10374 11711 4358 10737
2059,6622 11852 11807 10753 4449 13892 2979 12322 1084 8551
2060,2717 2075 4374 1195 10005 1388 10317 417 11853 2077
2061,9249 4007 7969 6175 8520 8856 1385 7928 1412 3310
2062,3348 11323 8273 7531 8350 4427 1110 121 2477 10648
2063,4056 2663 8214 3566 1635 3572 11854 4057 12949 1997
2064,578 464 2453 8397 419 4350 2000 476 775 6002
2065,9082 1733 2099 6828 5411 6870 476 14516 1734 9081
2066,11855 8442 2165 4071 6441 1347 2570 2526 1090 478
2067,2305 9248 1394 13618 2152 1212 3375 4201 6822 1854
2068,7260 4535 11856 7945 9661 7943 4533 6854 7543 5156
2069,4332 5933 11858 11527 3752 2769 11532 4757 3222 2243
2070,7776 11861 11860 475 11859 5991 9782 13825 13454 4797
2071,1050 10762 8294 1103 3748 1484 1280 2826 3539 11830
2072,11866 8823 5076 3902 11867 11865 10740 11863 3714 11864
2073,9826 7934 11639 3671 11869 3859 230 9807 6251 10867
2074,4505 7357 7833 10308 8431 495 8433 9703 6380 2218
2075,8909 8910 8911 8908 8912 11693 8886 8913 5942 8887
2076,11872 994 876 1673 11871 7941 13830 4965 13829 12324
2077,9565 11740 11873 3102 2213 8640 10339 2458 7277 8659
2078,4609 10752 10843 2372 4036 5450 3842 2375 3846 2379
2079,7925 2910 6466 5299 11745 4845 6467 13724 2909 4207
2080,11193 2781 5400 1811 3248 4326 4422 7834 3632 3931
2081,1050 4131 9956 8294 4006 5398 2826 3758 4453 6859
2082,11875 5503 11874 11940 11421 10703 11637 2729 6763 11006
2083,1263 11408 10150 7517 7521 3404 5147 2547 10152 9283
2084,2820 2742 2815 1166 3465 2614 405 11878 12426 1535
2085,5044 11882 2806 8972 11606 5236 10176 7906 3364 12687
2086,11884 11883 7678 9331 10986 15163 9830 5788 9999 53
2087,7098 3882 10995 11548 7099 10994 6353 476 8760 10627
2088,7757 10605 11680 10079 13801 13800 13802 13803 1634 5093
2089,2907 11886 11888 2649 11887 11885 9942 1115 5967 2909
2090,4787 2921 11447 13571 2924 4973 7718 569 7953 1263
2091,10067 10068 9628 9399 12660 9625 12661 7554 12664 12663
2092,7078 11893 9536 11894 11896 1007 3667 1005 11895 8405
2093,5998 11899 6990 11898 2614 2742 6994 1532 6995 2741
2094,2781 11836 7519 3191 3202 7901 3931 775 7521 2016
2095,518 11465 2213 9619 3917 7039 5720 773 8601 7339
2096,6591 875 8364 2702 2357 1086 3531 2353 4147 10709
2097,2709 8223 9993 5550 6166 1647 9876 10417 2701 9570
2098,11901 4154 11900 5105 5104 5103 5102 5101 5100 5099
2099,11902 424 6342 3458 2571 2585 6143 4845 2960 10564
2100,256 249 8083 6204 8918 5509 2472 478 4863 8442
2101,2809 7621 11789 11906 4453 1484 7798 11830 7417 5031
2102,11908 11907 14533 1126 13770 8032 14006 13841 9973 9387
2103,3043 3044 5096 1752 3984 2560 3749 5070 2270 4865
2104,11912 11911 11796 717 11910 11909 11227 6782 15163 13420
2105,176 1452 6369 4501 1579 6438 2057 11913 11015 3015
2106,7803 7802 2728 7801 12081 6146 1267 5899 9696 2898
2107,49 3403 3599 11916 437 7294 363 9773 2141 5748
2108,2781 1732 2933 10473 848 3931 10517 13048 1686 1206
2109,11924 10556 9080 4060 10628 11000 11925 1769 11923 11340
2110,6617 5325 6909 3920 6540 6619 6621 5486 6622 8719
2111,11929 11928 11927 11282 10677 300 11926 236 10694 9817
2112,4360 11931 1757 11930 2582 10583 8740 1004 5150 3681
2113,1172 4869 1800 10477 1426 149 128 778 9295 824
2114,4972 3109 1869 522 11933 7511 9037 227 2071 5790
2115,778 8317 3574 3100 6920 6641 1973 4 2772 4030
2116,997 7339 2629 3147 478 2018 7463 1551 287 2630
2117,11934 5608 3418 10022 4439 7143 3850 8705 8403 4196
2118,11935 11906 5278 2784 4227 5236 6980 3556 4 6977
2119,11940 11421 11875 11637 10703 7401 7253 9018 5503 8644
2120,5972 4382 10169 3135 7003 4383 9002 3201 12085 15191
2121,478 1633 11943 4369 11944 1293 5185 1637 1294 2786
2122,1118 7644 3498 3659 14295 2827 11229 1626 7645 226
2123,1165 2744 1533 2742 2820 1166 2741 1532 12426 405
2124,1462 11946 1465 1464 1395 1463 1461 5109 5110 5101
2125,1320 1321 6363 1001 9194 2996 1778 6362 1319 2375
2126,11947 7755 11948 3838 7756 13627 10609 7753 8860 7352
2127,1011 1317 1001 4687 7427 1719 4132 4134 397 4688
2128,11250 6408 10882 7001 3509 11952 10451 8569 1768 1186
2129,2210 1282 8896 10464 4850 2342 2588 8098 12847 11157
2130,3055 6897 11126 3823 13626 4820 9804 6791 15247 53
2131,1880 6868 2739 11754 15147 7726 13129 10965 23 2549
2132,11956 8471 7746 1800 13027 13028 7173 10839 13464 3594
2133,3055 11126 13626 15247 4820 6791 53 3056 3059 3058
2134,10155 9405 10295 11958 6903 5233 2506 2514 6908 2515
2135,2375 2371 4132 1320 4060 4687 1778 4688 9192 1779
2136,9884 1568 3697 10908 1200 8457 8745 3556 433 5728
2137,3811 287 10347 2319 1649 7700 1101 2309 7699 618
2138,1396 10415 11960 686 6047 4441 11741 237 4031 15118
2139,7100 656 982 6500 8302 12585 13484 12108 1400 4061
2140,6226 1679 11964 11743 2722 1680 9475 11963 11962 11961
2141,11968 7349 4701 8323 11969 11967 7351 12564 1885 7352
2142,11970 1338 11136 120 2488 5209 3359 1340 2495 1339
2143,11388 8668 11389 11975 11974 11443 6652 1286 5410 5316
2144,383 3579 11977 6332 385 8499 386 9254 9020 102
2145,2220 11190 8988 482 6869 3935 9274 6563 8445 10459
2146,6884 11979 11978 5788 4530 3428 4350 9225 1179 6952
2147,352 5822 119 3274 2610 14398 12276 15089 3316 10695
2148,8704 4223 3100 4219 3555 2784 8516 3712 625 796
2149,11982 6930 4728 11076 11981 5851 6726 2444 6107 5036
2150,7215 11988 4707 2886 11987 10989 12162 572 1771 1354
2151,11992 11991 11990 5075 5101 5100 5099 5098 5097 5096
2152,618 3745 11727 9544 11993 4405 612 6948 1577 188
2153,11996 11998 12000 7823 11999 11995 11994 11997 11589 12001
2154,5814 7131 5742 4902 7716 8776 10540 8324 2258 163
2155,463 9250 2448 323 163 873 794 128 3250 760
2156,8291 4457 5858 1260 3857 1261 11527 4332 3752 11532
2157,1529 12007 2614 2820 12006 3465 2742 13200 1168 1167
2158,3085 5447 1318 1724 2869 10199 1826 1011 14736 4596
2159,8423 4968 12009 14202 12011 8117 12010 14425 14069 14064
2160,6155 9042 10835 12012 5085 794 6823 12015 12014 495
2161,6863 9802 11814 9910 9203 9188 9187 11094 12018 7923
2162,8802 3570 10014 3569 3564 7324 3565 5567 3568 100
2163,841 3707 12022 1233 9653 1236 1235 8658 12023 3473
2164,2979 626 12025 1746 5498 12024 5382 6622 7605 8928
2165,2721 3509 4067 4478 8898 9848 15243 7138 4637 4639
2166,6586 11648 11274 8430 14104 11650 1111 1227 2905 14175
2167,12027 12028 6414 15038 7393 12842 7908 4790 13577 1480
2168,8761 9123 7333 9075 12842 9073 9074 995 6940 2614
2169,576 563 12029 5358 5356 5357 13681 10271 7401 956
2170,4764 6045 4016 5791 476 6471 794 5972 5580 1065
2171,5299 5065 5033 473 5073 5029 5072 3857 6030 5067
2172,2314 6640 3155 11965 13318 9465 4591 1475 10015 2157
2173,4901 4905 3237 12018 9499 4899 4900 4638 4903 88
2174,12033 7939 5885 7987 6621 6187 13358 6619 6622 6617
2175,3359 1074 8246 6561 2472 12034 9181 3317 8492 88
2176,6589 11288 12035 12036 7719 13548 14674 1479 10224 9807
2177,7302 12037 13285 4966 10123 127 5095 5096 5097 5098
2178,3859 12041 2845 1716 7895 12040 11839 12039 8236 9836
2179,787 1213 797 7958 4085 870 794 10420 6411 5972
2180,5596 1766 964 4291 7403 3683 7400 3210 9044 6648
2181,12043 7833 757 4857 6367 8940 2460 687 1963 4206
2182,3242 5793 11075 1793 8978 705 5426 4568 3240 2930
2183,7139 5210 170 3602 6054 11073 1411 9703 14534 12045
2184,12046 2348 9693 10231 4322 11083 9675 8557 3299 6677
2185,1728 12049 11700 9966 7379 12047 1713 12048 7571 14835
2186,8858 1239 8790 2068 4183 8860 8859 10177 1855 4869
2187,8874 843 3131 3470 2755 12050 11761 12051 798 11483
2188,12056 5105 5104 5103 5102 5101 5100 5099 5098 5097
2189,12058 7554 3808 7546 1887 4606 12057 1724 7065 1826
2190,6836 12062 10362 12064 10169 12063 12060 4553 10563 9040
2191,4882 7558 3009 7237 4899 3010 3380 4883 3238 8624
2192,6990 11111 12070 4791 14803 11822 4514 6995 9788 11108
2193,4132 4688 12071 12076 12075 12079 4687 12073 7074 12077
2194,169 2309 2262 745 1252 5958 5957 3811 149 466
2195,1629 12082 7625 12081 2982 7104 3861 11375 6541 15125
2196,7002 7658 12083 14143 14911 10765 6622 15121 15123 9190
2197,4635 2480 5828 2495 4993 4987 4815 5835 11443 3872
2198,3811 879 3544 1737 3546 9800 4398 10710 5980 4092
2199,1778 1319 2375 1321 6362 6363 2371 1320 1322 4060
2200,3465 6417 8709 2614 2820 2742 1532 11122 15257 11121
2201,12085 10169 12084 15192 10561 14729 13214 5273 7246 9588
2202,1951 12086 3771 8521 5712 11149 4385 6638 4758 578
2203,7805 3152 7910 3950 8855 4261 375 4788 2556 2582
2204,7782 12090 12089 6844 6327 12088 2059 6331 12200 7781
2205,5281 56 10140 742 7465 2523 7549 2509 10379 2234
2206,7756 8215 2662 8392 8214 1635 1996 8216 12092 7903
2207,10542 8617 1184 8544 5974 11113 12093 239 14035 1869
2208,12095 11843 3209 6596 3036 10472 8704 6964 6022 10586
2209,11956 7173 3594 13464 13221 7746 3598 3599 1800 8471
2210,466 6304 11812 2035 11654 3641 3377 5217 6470 10906
2211,5898 11029 13032 2131 3982 4595 9976 5897 4710 5112
2212,2614 3465 2742 12098 2820 2741 1532 5998 13578 6417
2213,2657 8882 2206 10094 4852 14082 5264 2651 2655 10481
2214,5514 12099 12100 3493 2807 4305 5943 5944 2110 11750
2215,8993 5036 12101 1088 3876 2449 5346 501 5347 12716
2216,7198 4076 8603 12002 10759 3147 1476 1495 6833 14388
2217,12104 5328 8315 12103 3019 11652 681 5377 2444 7544
2218,12107 5323 2332 2565 12108 4001 9481 9927 11301 9926
2219,12112 12126 12120 12116 12123 12117 12113 12118 12125 12122
2220,9680 8666 4497 2250 173 522 6438 3153 7551 2245
2221,8419 10265 5096 8493 2556 3823 12129 3857 9337 627
2222,46 104 5304 12133 11672 5141 5151 3805 866 12132
2223,12135 6835 1877 8859 4410 13759 8004 7999 14623 11601
2224,10151 8842 10148 11590 12136 8119 12137 8228 8118 7704
2225,2457 385 5237 38 7466 3971 476 383 386 3644
2226,11642 3887 8885 8115 7328 9458 12156 3665 9650 1840
2227,163 3553 3517 3048 4199 9527 1571 4776 7616 7287
2228,12141 11719 12139 12140 6946 3533 116 3814 575 7559
2229,3037 687 7507 6367 3186 7412 14430 1648 3032 13977
2230,4941 3487 1268 10113 7382 7801 10387 10638 10637 7106
2231,1721 12143 12147 11085 12148 12144 12146 7743 7287 1749
2232,1011 5687 10899 9534 7427 10199 5447 4134 7057 4132
2233,10408 7292 9502 3998 10409 7938 3665 13179 6778 7990
2234,11752 3143 9936 3155 331 6040 3168 12271 11270 3175
2235,5535 7785 9548 1779 12151 9666 9547 4598 9192 1320
2236,12153 2407 6815 2698 4318 1371 1369 8349 5611 5275
2237,4194 7696 10227 580 11760 12021 6569 5045 3768 4181
2238,12158 12157 12154 6109 12156 4466 11021 1119 12155 9393
2239,12162 7978 12161 7485 6629 6540 3999 10269 12160 3118
2240,873 8189 771 2675 5544 9259 2500 686 9223 1785
2241,8971 12163 3244 9061 3240 1732 3134 5956 4353 243
2242,171 774 9620 12164 11235 5725 149 466 10163 169
2243,12165 286 9552 9253 1684 10373 10372 10417 9553 2879
2244,7816 831 4573 4223 3316 3831 3350 2494 4249 3348
2245,2875 2874 9751 7817 3668 4693 7554 4599 7818 4138
2246,12166 11168 819 1798 3252 4994 9196 1961 3175 795
2247,8190 7954 4474 4469 11654 8944 14579 1500 6836 14227
2248,3317 12167 7508 1345 778 4223 5079 1967 4217 4031
2249,6032 770 1382 6967 1447 10649 15014 2586 611 2448
2250,2457 1302 4478 11113 5466 12168 10239 476 7184 11116
2251,7716 9359 11480 12170 3 12169 14630 14627 14629 12785
2252,7088 3105 11811 504 9153 5047 4635 795 292 3946
2253,6412 12171 8274 9289 10057 14377 4713 4718 1541 11211
2254,5553 12174 12175 3709 6647 1586 9365 12177 12176 5131
2255,3547 5185 4369 6388 12127 4297 3296 9475 11830 8404
2256,3829 1936 1592 4696 6692 5104 3771 5357 1680 12129
2257,2448 7696 7697 182 2829 1569 6013 4757 7497 176
2258,12182 3896 9032 12274 5349 8825 8102 9350 12181 12180
2259,12184 4564 4566 3380 13382 14370 4565 569 14587 4563
2260,9610 1130 7760 8086 7306 13388 10553 2160 4153 7322
2261,1295 1871 1419 10275 5400 4779 12185 12186 3583 3723
2262,1896 6620 6616 639 12187 2108 7892 1946 6949 15026
2263,9260 6526 8396 8397 8475 3602 7544 9365 9056 1630
2264,12193 10617 12192 503 1332 9081 5455 2680 4497 5680
2265,7953 12196 2859 2422 4787 9438 2421 567 3661 14894
2266,2637 6153 350 4830 6154 6152 2118 12189 9911 3945
2267,11668 8824 12199 5256 5976 3414 12200 5119 7059 8162
2268,12202 8718 4996 6261 8854 9002 2075 5330 8199 8721
2269,46 12205 1300 11392 4925 10732 6825 4924 12545 1576
2270,11359 9239 6761 11358 9392 1124 9393 5244 5243 6531
2271,7077 6847 12209 12210 398 5449 10461 12211 13785 9194
2272,879 775 889 7504 466 794 2762 871 1648 323
2273,12212 6770 4309 9823 7518 6501 7809 6837 7808 10034
2274,9702 11073 3278 10334 11329 10763 7828 3309 769 3311
2275,753 12213 6621 1431 11742 1124 8021 4796 7896 476
2276,1792 12217 10197 12214 10194 1941 12216 1794 6946 3526
2277,8437 3512 8746 12221 371 218 11726 9651 3072 12220
2278,12225 12224 8127 15188 14153 14181 8459 6298 4450 13207
2279,3700 3709 661 1230 3487 1243 3698 769 598 4236
2280,5096 2270 4302 7295 11915 11390 3043 9349 2802 11481
2281,12226 3888 8378 12227 8231 10431 638 9373 9374 8977
2282,323 4130 4129 4125 10510 1206 11419 4128 9140 3811
2283,870 207 3191 5612 8953 11250 1297 5620 5621 228
2284,10349 10350 11227 10352 12228 6159 3672 2060 12229 11438
2285,12230 5017 5103 5102 5101 5100 5099 5098 5097 5096
2286,8680 8861 2275 5922 13236 5685 7108 1712 12913 11757
2287,12233 12231 390 9998 9581 9183 8795 1472 12232 10174
2288,263 12005 12236 7954 8688 12235 262 264 14606 12859
2289,12240 12241 12237 11225 12238 12242 12239 11436 11891 7785
2290,2643 2646 2647 2642 2640 2639 2648 2644 2649 6126
2291,3834 1285 3280 1760 12018 8273 8053 1501 1161 10976
2292,2116 1480 5360 11706 197 9089 11323 7836 10531 14997
2293,11345 3180 9049 10340 10832 46 5359 5769 3910 8258
2294,5181 1212 7835 466 1234 6700 3635 6039 4212 10471
2295,5255 1895 11610 2393 1894 1893 1892 1896 1891 12552
2296,2159 10241 12245 852 9396 7716 454 5321 8365 3477
2297,12251 12252 10584 10316 5640 6728 716 12250 12249 12248
2298,3170 9174 3171 13139 8399 3162 10619 8670 13174 13173
2299,5688 8851 10134 5036 2252 9297 6574 9749 5447 4132
2300,7217 12260 12257 12255 11641 12258 12256 11436 1775 11437
2301,9447 188 4 4669 2103 9569 419 10439 1433 3556
2302,12262 7102 8981 6364 4138 11798 11802 2375 8980 4461
2303,12082 6520 8575 6244 6476 10716 6785 10810 4674 7651
2304,10456 3775 12265 2739 6819 4705 3012 754 4696 9769
2305,1888 1076 8294 12267 5863 1051 863 508 9975 387
2306,1997 2668 12268 1996 8214 11095 11096 12949 3274 13944
2307,7249 11033 12269 6415 11913 5365 2830 4593 10064 6115
2308,3749 10459 9523 11256 2215 5022 2357 8185 11718 1368
2309,2741 7395 11365 11112 2742 1532 6416 11188 2614 8312
2310,12273 12272 9781 611 9780 9587 7732 3598 2516 96
2311,12274 12182 12275 8757 13608 12093 13432 1128 5 14453
2312,1721 4403 4597 9751 8152 8161 3075 10098 8164 3083
2313,6259 630 7115 9223 3019 6239 6238 6249 6188 6250
2314,9441 9601 285 2059 6711 12278 3314 1507 12176 9596
2315,12279 9937 3502 10634 8225 7250 2182 811 12973 4399
2316,2767 12280 6575 4180 7417 1192 461 242 3100 6579
2317,4313 12281 4121 2405 14390 8113 4486 9704 6725 4937
2318,12283 12284 3914 4160 5105 5104 5103 5102 5101 5100
2319,4174 3466 4865 1555 12285 3879 3695 12097 8950 6679
2320,1097 3112 3739 3115 2692 7814 2295 4490 777 3114
2321,12290 12289 13381 12292 12293 12288 12291 12675 12674 15253
2322,6175 12294 12295 7812 7813 9249 7969 4007 8520 8856
2323,2540 8523 5829 6300 3378 5834 5825 4986 7329 2539
2324,12297 2259 7504 2260 1987 7251 13036 8476 7210 3855
2325,12300 12299 10971 5399 12887 1933 12892 12520 5102 5101
2326,45 4017 9119 108 3019 14298 1368 8999 11376 6546
2327,12301 12302 6353 13701 6989 7686 13349 2614 13960 4516
2328,9610 1130 13388 10553 8086 2160 7306 4153 7760 1287
2329,3242 2650 12303 8373 11701 10633 10632 705 9275 11702
2330,8982 4407 5667 1721 10988 1317 7554 9664 8152 6805
2331,5096 4122 2802 7733 8179 244 4195 9349 9024 11481
2332,12308 12306 2257 10219 9138 5916 3734 8962 8472 12307
2333,476 6833 3945 7198 1213 173 836 6678 6088 4695
2334,8315 186 4915 5820 8311 4916 3359 3368 8313 12104
2335,1343 1742 8508 12313 7753 12314 11284 12316 12312 12311
2336,9891 12317 4554 12318 8044 744 3111 6063 5688 3443
2337,601 9439 83 7357 10308 8658 5512 3291 5488 7821
2338,12047 2446 11029 11732 10044 12320 7379 1728 5902 12319
2339,12322 10753 10857 10747 1839 13194 11852 11807 6622 10193
2340,11115 6693 11116 8426 5205 10929 7184 2215 3866 5466
2341,3811 769 686 466 2703 2309 873 1101 476 774
2342,3067 12323 1070 13166 12900 3065 3064 3068 3066 14217
2343,794 879 5420 6386 3223 5067 5186 5034 9982 5512
2344,4360 8203 1169 13766 7250 383 11273 8697 7886 1757
2345,7946 7711 12326 9398 11708 6058 9824 14542 10183 7781
2346,10492 10498 7088 4320 2993 6701 6560 1029 11643 11739
2347,10572 12327 1103 2101 3723 10142 5396 6980 8339 1484
2348,12329 12328 8712 14664 6837 12832 11246 11247 645 13318
2349,2864 11986 10899 7171 10088 1354 1826 7094 4134 4414
2350,4666 12330 4667 5105 5104 5103 5102 5101 5100 5099
2351,6719 12331 4899 13781 6725 11368 4892 14018 11367 4905
2352,1011 9235 12333 1721 7222 7057 12332 8541 9534 5687
2353,12335 5105 5104 5103 5102 5101 5100 5099 5098 5097
2354,3717 12336 4905 9660 9499 10678 2800 1316 4901 11687
2355,1181 12337 9282 7727 3471 6908 1334 178 5307 10371
2356,12339 2263 2273 6303 12338 6467 14569 12869 10447 8250
2357,12344 12346 11597 12342 2315 5391 5293 7299 7585 228
2358,3242 4045 7267 4569 5730 5609 605 11484 2923 631
2359,4841 9531 12347 9181 10661 350 14092 1436 7771 3921
2360,12350 4139 11910 10069 10068 12349 9625 2373 11989 7554
2361,12352 5897 10122 9103 10337 9806 11032 4964 12351 5896
2362,4349 2779 5595 4238 2774 6044 3708 4004 4235 4194
2363,12357 12356 11523 12355 11342 13109 7647 13110 13108 8518
2364,12360 3634 10984 7287 6086 4083 696 2290 4888 1854
2365,11090 12361 4454 11681 5063 12019 3936 4503 4769 876
2366,10456 1953 10721 12265 14071 11200 9649 6818 13529 13367
2367,12362 9249 1544 3114 3753 13132 4757 9343 1808 2079
2368,1269 11189 12363 726 13956 8988 1337 9826 6982 12131
2369,12366 12365 1 14659 5565 14024 6819 10967 13072 14034
2370,1136 1145 12368 12367 12369 11099 1144 11847 2996 9437
2371,8935 11960 11140 1284 8782 7829 425 6700 9087 1396
2372,12372 12373 7296 12159 1945 3637 12371 5118 11105 4472
2373,1491 3971 1402 4178 322 10614 323 6684 14206 3627
2374,4688 5848 4132 9753 9626 6323 396 9628 4687 395
2375,12332 1011 9969 5686 1776 4596 9629 12376 11434 1136
2376,12379 5954 12380 559 4860 5322 2256 11117 3294 5152
2377,10381 11424 2148 11235 14341 5961 9 10380 2319 14952
2378,4805 9655 12383 5425 5218 124 10419 2071 5424 424
2379,12386 12009 692 12387 4968 5514 14202 8423 2828 13387
2380,1003 11354 12392 12391 10565 12390 6852 10508 12389 14615
2381,1460 1206 1686 2133 878 4085 2767 4031 10100 3645
2382,12393 12398 12397 12394 12396 12399 3967 11671 7914 7570
2383,9686 7389 12128 11930 5735 3923 5734 15019 5737 5736
2384,7806 12402 12401 10788 12400 3889 5485 3113 11529 5395
2385,12403 12304 6141 10784 1446 12404 3891 12405 3948 8247
2386,476 7194 12128 3908 1445 870 7800 8219 9569 10236
2387,5197 4465 692 6097 5196 6498 2699 1110 6627 6631
2388,12406 8892 8670 624 11953 8894 2033 2556 3407 6329
2389,7940 4068 1374 14146 1700 1352 3906 13961 6183 8114
2390,1136 3666 10088 1145 1146 7215 1354 3074 5686 7094
2391,12412 12416 12408 12411 12415 12414 12418 12413 12409 12410
2392,12419 5105 5104 5103 5102 5101 5100 5099 5098 5097
2393,1997 1996 11095 12949 1994 1995 1044 12092 8629 8216
2394,12420 5096 11481 837 9349 5509 5097 5466 5205 9284
2395,666 1216 1250 5796 9496 8819 3119 2030 10134 11705
2396,8887 10184 7529 8886 7657 8885 14437 13765 11730 14093
2397,2457 3926 5050 10357 9710 3931 2781 4876 3924 4480
2398,4056 1181 2663 2591 4058 8214 13944 3572 5222 8808
2399,12325 10531 2238 983 2254 7267 6786 2363 12422 964
2400,9390 778 4946 1685 4246 3472 6920 4937 8763 9468
2401,3771 5357 3829 5356 14393 11711 1936 692 14693 2678
2402,3479 7483 666 8558 275 3398 11705 7286 334 9149
2403,7946 7781 7711 12326 9398 11708 14542 6058 2256 10183
2404,2614 2742 2820 3465 5998 1532 2741 12425 405 1165
2405,5852 6579 7290 11550 4780 3945 3313 6575 9033 196
2406,12428 1646 870 1488 2739 7958 5580 40 469 869
2407,2635 10560 7647 2634 5364 13109 7264 14752 13110 10561
2408,3079 3075 3077 6703 6362 3076 6704 3078 1319 2870
2409,3359 8349 4344 2484 4736 9578 12430 650 3348 5220
2410,3903 4766 7452 44 1058 4085 1993 585 7910 10962
2411,6162 6623 12432 5385 8335 5383 13070 6781 5699 2849
2412,476 466 794 1661 11599 6176 11235 11215 9849 5580
2413,611 12434 12435 15269 12436 4016 8846 2556 12433 48
2414,7980 12437 11729 12194 2286 4357 6548 9838 6897 13733
2415,7399 9609 390 12438 1820 12327 6980 7633 11707 9181
2416,10023 11712 4973 8135 4012 3098 5733 762 11469 778
2417,7467 1132 10095 10934 10798 11961 1698 4398 7738 11383
2418,2133 11745 8995 3458 10217 9152 2774 1206 2489 5725
2419,3862 230 9954 9849 13988 8619 7568 7382 7659 8516
2420,12442 11909 12445 12444 12443 12441 238 2405 1156 7425
2421,6991 9689 8728 11162 4030 7503 1645 1173 6370 10679
2422,12456 12451 12458 12452 12454 12455 12453 12457 12450 7318
2423,12459 8844 11145 1176 2268 12432 12890 3848 5023 4333
2424,6280 11968 29 7940 7349 10095 4701 11969 8323 15166
2425,1753 12461 12460 1352 3982 2131 5898 7940 4595 4962
2426,738 1079 8553 4902 12462 3967 7456 5591 4777 476
2427,6173 11218 9826 5511 1971 11344 6537 11219 230 8227
2428,12308 5736 12463 856 9801 9276 7515 6064 713 5968
2429,12468 12467 3222 12465 35 11077 11949 726 9696 1267
2430,796 11924 4785 5508 860 7835 14391 5057 3678 7512
2431,4753 9225 11432 5897 6750 6477 4964 6618 4962 11005
2432,12474 12473 12471 4838 5570 12472 8892 11410 575 4409
2433,9317 4263 7045 476 9046 410 6316 3575 1611 1835
2434,12477 12478 12476 5802 7477 11047 9705 11046 5457 9579
2435,12480 12479 10447 10779 7489 6824 5324 8487 5180 7843
2436,9072 2916 12482 1191 9029 4974 6402 3222 6767 5292
2437,12484 5179 7526 12483 5199 2287 5711 6658 7466 9823
2438,2283 1305 2309 876 11161 3691 12203 12670 3579 3811
2439,2614 3465 2820 2742 1532 5998 4836 9295 1529 1323
2440,12487 5299 3403 5438 2498 8983 6897 661 9281 10662
2441,3500 12424 4027 5603 5594 2122 10894 6086 6191 10156
2442,3491 13778 13777 8115 3489 13776 3490 9138 5098 5099
2443,3321 3283 10471 1978 12976 2253 1033 9284 7104 3307
2444,8921 8687 12492 10194 4696 13644 10197 6597 8684 8683
2445,998 7926 1090 9282 64 2575 4205 6914 10718 1286
2446,2863 12493 6973 7138 4637 7137 3899 3973 3377 88
2447,6583 6046 12494 6044 5853 11159 9693 14567 1646 4349
2448,10262 12496 5378 5297 5510 12495 1293 12740 606 14086
2449,12017 12497 1444 687 8473 3725 3396 15075 1493 1488
2450,12499 12498 5878 10450 10244 7518 14091 12719 11075 14090
2451,4599 7077 6847 5449 6806 6361 12933 13785 3674 2375
2452,12507 12508 6571 12509 12506 12505 2836 10041 12501 2109
2453,5123 9667 9890 8659 1986 986 7248 7144 8853 11856
2454,1319 6362 1320 1779 1778 9192 6363 1321 4060 2375
2455,3525 5099 10761 2693 4782 1513 5100 2358 5427 5098
2456,10151 2439 8298 3878 8842 6251 7704 4561 11566 4668
2457,7115 5347 3982 1755 13195 618 10642 10336 11059 10256
2458,11267 10963 10731 529 10657 1527 1331 7241 538 8906
2459,5941 5475 4192 9413 9416 9419 9417 9420 9414 3706
2460,323 9171 2922 9274 10710 9095 7589 4476 10509 375
2461,7289 8068 3140 8485 8190 9563 9564 6343 7291 7290
2462,3366 12433 11667 547 3726 12514 4370 10140 2521 11376
2463,11975 4255 226 11671 8660 3468 10623 3821 4291 4634
2464,9556 12263 4629 12524 12525 2839 12521 12523 12520 12518
2465,12529 1791 12530 1790 1794 1788 1792 1793 1789 1787
2466,12532 12531 12533 12046 12382 2428 356 4571 2750 10209
2467,5192 4329 12534 10041 8811 12500 8805 10101 8809 5193
2468,5073 5033 3313 5067 5072 5029 5065 4366 6051 6030
2469,6537 2650 12536 11218 11219 13828 12748 3665 7264 6245
2470,11636 12537 12400 11263 3980 10467 11633 11635 10030 7672
2471,11545 12543 12539 646 12538 12541 11380 7353 4299 12542
2472,242 478 6575 873 775 4089 3135 12544 2252 611
2473,431 4018 12545 6598 6597 46 9200 5287 2723 1237
2474,1585 7233 5986 5887 1893 5237 8281 8471 6296 5836
2475,10598 4979 3911 3682 298 5095 10597 5087 749 9622
2476,4603 2877 12548 4139 3085 7554 5875 2875 5686 4596
2477,2903 2902 10148 8119 2909 2910 2908 5969 2906 2907
2478,9318 3039 6912 4348 6596 12549 12160 821 1452 3791
2479,12550 1872 9438 8036 11076 8478 9198 1327 13407 13774
2480,4037 1003 11528 10073 4035 12551 1011 1317 13573 13426
2481,5428 1249 12555 11469 12554 3751 12553 12556 1715 8404
2482,12558 3616 9084 11653 10625 12561 11022 10724 2869 5124
2483,10102 12563 12341 11584 5350 3156 169 3732 10061 5022
2484,10715 9935 4832 5190 2341 10266 4324 12974 6204 5587
2485,6785 7349 11968 12564 7351 12566 12565 2439 4670 4065
2486,5591 5250 4579 8689 7515 8661 10652 2954 5187 2601
2487,12571 12569 8741 9426 5166 2115 7821 12570 5946 1129
2488,6520 12572 8575 6886 6476 10810 2798 2321 14281 12779
2489,2739 8083 12233 4406 12573 6868 5719 1880 1978 4437
2490,169 2309 685 3214 466 149 3811 686 2755 476
2491,8335 12575 7322 4878 7127 9121 11814 184 11970 9117
2492,1501 2470 1161 3727 3280 4348 164 3359 2474 5209
2493,49 9773 11919 3403 3599 12666 5748 11916 2149 12667
2494,769 6577 3033 5577 3222 2448 2311 323 794 15113
2495,12577 8864 9743 4449 8258 9224 12030 14311 12809 3713
2496,4964 11602 5896 4560 4073 4753 15060 1169 11601 5895
2497,1033 2737 10672 687 3662 13412 11045 8801 10889 13724
2498,1074 3317 7968 2677 2097 5720 12579 4340 11980 5832
2499,794 1284 504 4230 796 3678 3100 7421 797 10161
2500,12583 5754 8078 6789 11562 5253 6414 11561 11556 12582
2501,7103 7951 7742 12588 6165 6781 11219 6782 12587 12586
2502,4688 4132 4687 1317 9753 8406 3083 12589 2869 1011
2503,10128 2448 5170 9314 222 1952 11048 5054 2117 1974
2504,10249 9519 6768 7400 7226 385 386 7917 2535 2210
2505,11796 12590 11356 5352 1366 7976 12965 11912 11911 1938
2506,8314 7555 11392 8311 8313 8315 46 8312 10732 14879
2507,10102 1049 3215 5350 3945 9820 6831 13783 7910 2240
2508,8443 8608 10354 4324 10577 10740 2341 3076 2616 4413
2509,484 10594 12591 5549 3213 775 651 9372 2100 3552
2510,9521 3750 4453 323 7301 585 842 12592 3708 3173
2511,10210 8427 4875 3257 7265 10042 13836 2918 9519 7008
2512,2632 504 1684 8233 4262 4377 10966 1649 163 2133
2513,9887 3157 1348 8748 7327 8687 10480 2521 2153 2547
2514,3025 2922 3477 128 8179 12431 6651 2519 1686 9607
2515,12432 2268 3848 12459 5023 8471 10619 4273 277 3849
2516,9391 10572 3210 769 8742 2101 2776 11905 1452 11216
2517,11097 5368 12593 10361 8080 9351 2960 6762 10528 11201
2518,12597 12599 12596 12595 7715 12598 12600 6589 6491 7713
2519,6761 7262 11358 11359 9239 9392 6759 9393 6622 6756
2520,11004 12602 3558 8168 12601 11003 14144 11042 11165 8585
2521,8999 12605 12604 12603 11304 9119 1368 837 45 12222
2522,4220 1446 796 1646 980 794 464 12403 3678 7460
2523,12606 394 629 13077 558 6118 14666 11045 6488 3055
2524,739 14852 14555 3021 15147 7113 2142 15230 3790 14136
2525,2375 2869 11347 2372 2379 2380 12607 7057 4413 2371
2526,9528 12610 169 873 9618 7768 9092 5366 2262 8337
2527,4470 11114 2839 3506 12611 3498 15261 13263 7436 11785
2528,8376 11378 12612 10075 3900 3993 2858 10708 6981 5982
2529,6140 10872 12619 12615 12617 3013 12618 12266 8902 5578
2530,4626 6556 10461 6555 8477 6360 6364 6553 3083 2889
2531,12620 11216 6178 12621 4003 635 7633 3577 127 6033
2532,848 686 2807 742 685 1404 9719 8890 10960 10435
2533,9397 9653 9988 4821 9396 4725 2721 10823 10602 3709
2534,1177 6628 2894 1837 4982 12623 2846 12622 2984 8205
2535,12624 12625 8586 4652 9110 5732 9407 13681 13954 11858
2536,11315 11306 14638 12626 13559 10251 14861 14572 8374 13558
2537,12630 3442 12627 12628 12629 7218 1317 5668 8166 1726
2538,12633 611 618 9203 10820 12586 612 3678 3195 3682
2539,3620 9216 3703 667 10505 7774 8970 11317 7505 1378
2540,10225 1388 4030 6932 6354 6938 5403 122 10364 2274
2541,3811 3977 1659 2915 4557 10652 4467 7301 12634 3501
2542,46 2117 3971 3108 4992 1281 2827 4775 1032 11392
2543,12636 12635 5103 5102 5101 5100 5099 5098 5097 5096
2544,8477 5536 1003 8443 11723 7077 4693 2887 14571 14464
2545,368 5851 367 6218 2221 5850 13198 13197 7999 13199
2546,12639 12638 2302 10201 2299 12641 2258 9578 7378 6518
2547,6162 6781 2847 14594 1665 5385 5383 8335 2849 6783
2548,7366 12642 11851 1001 6364 9192 9191 1779 2996 7427
2549,12068 12310 12649 5627 12647 1883 12648 12646 10975 10086
2550,2371 2375 1778 4060 1321 1320 1319 6362 9192 1322
2551,12651 4631 8507 6766 12650 12409 10979 7532 14644 14643
2552,11396 3747 8140 12652 8294 7656 1898 5497 6801 8291
2553,11410 12654 10881 4281 139 9179 14154 3811 6776 9392
2554,670 12655 12657 12656 672 671 2875 10090 4138 4063
2555,6214 5417 5418 5416 6056 10663 5419 5420 711 4228
2556,12661 12664 12660 12663 12662 10067 12659 12658 1714 12078
2557,12665 5105 5104 5103 5102 5101 5100 5099 5098 5097
2558,383 6005 6114 4350 12667 12666 7370 4865 4669 3796
2559,8352 6381 8935 12668 7914 6564 11243 3336 1615 1199
2560,4434 12537 12670 12669 3884 6951 876 11636 11263 4630
2561,12671 12672 5345 1475 2816 12743 8889 2814 5098 5099
2562,12291 12290 12673 12674 12675 12293 12292 12289 15253 13381
2563,688 9071 637 5498 11361 9072 1191 11407 8701 11409
2564,12678 12677 12676 13001 10845 10844 12645 13666 13877 9652
2565,5097 5305 39 5299 5096 2351 4327 3589 2493 38
2566,12683 12681 10219 8781 12679 12682 12680 14171 12520 4631
2567,12687 12686 3603 11606 806 5044 11882 1835 2806 3609
2568,12688 3978 12547 1447 3521 10674 11864 4340 9463 3382
2569,12691 12690 5104 5103 5102 5101 5100 5099 5098 5097
2570,12395 5588 6013 10555 9603 1610 223 2526 2033 9266
2571,12694 11773 11147 6674 7172 6525 6504 11692 10892 12693
2572,6596 8046 3518 8763 176 625 7696 1993 6026 9263
2573,2869 670 10090 10087 672 671 10089 10091 12657 8477
2574,3568 5328 12696 12695 2665 8213 9958 12183 8487 7825
2575,12312 12697 2238 1392 12065 11384 12996 10980 2666 8272
2576,4785 6211 1581 10796 2174 3408 11924 9402 8224 1443
2577,11715 3380 9118 442 3332 3359 14587 8349 186 13461
2578,12704 12702 12701 6816 12700 12699 12703 12705 12707 12706
2579,3234 4823 5413 11465 3378 295 9184 7499 4813 4884
2580,1833 1835 2457 6427 6176 9849 7303 1834 1831 1832
2581,12318 12709 1683 4924 11576 6885 8286 4925 2228 46
2582,611 2085 2084 11370 2083 4663 12711 12710 4653 11368
2583,7284 2917 6521 11176 14088 2925 2927 4378 2926 1747
2584,12182 12274 8757 13608 13996 6099 14795 13432 14772 6101
2585,6815 2407 1762 12713 6035 700 9219 3508 12712 3462
2586,2588 5577 12714 3467 2075 1423 11843 7001 170 1282
2587,794 10270 323 12716 12715 9619 2656 2052 476 8948
2588,12234 575 12717 8840 10034 10185 5354 574 566 564
2589,11830 1484 1750 1068 5458 1477 2360 7417 1050 8294
2590,1677 8318 7878 12925 12718 1678 5483 12466 2860 8032
2591,353 7046 6842 6085 12719 12720 5174 575 5265 9611
2592,383 4759 2067 611 4497 12253 13766 851 5070 4756
2593,12722 10726 12723 7673 12721 684 1715 12464 8088 6848
2594,12739 12733 11224 11226 3084 11816 7081 12732 11381 12729
2595,3559 7276 3162 323 11089 201 445 14666 14667 14005
2596,3213 651 611 7238 10477 3936 1476 3682 10594 759
2597,4780 3254 6348 3715 6064 10718 9480 10656 7290 5852
2598,9826 7141 5782 857 3859 10255 14064 14143 5781 230
2599,8825 12740 3804 12495 2015 6940 3012 3806 3808 6852
2600,3943 3909 7391 12741 3148 3875 4893 2810 14169 15222
2601,10340 10234 545 5947 3127 2080 8186 7989 618 14820
2602,2820 3465 2742 12745 12744 2614 2815 1166 405 12743
2603,9974 2427 8842 10151 12361 2426 2432 11681 5063 7410
2604,11147 12623 11684 8496 11758 12694 5376 11782 11773 6674
2605,9194 7065 12209 2876 9751 5690 3843 1826 4416 3667
2606,12751 12750 12749 5104 5103 5102 5101 5100 5099 5098
2607,1577 7017 4953 11392 14458 46 1576 10732 6818 11425
2608,10763 9702 10334 11329 5145 7415 12752 3549 7416 3222
2609,12753 5106 5105 5104 5103 5102 5101 5100 5099 5098
2610,12754 12755 11183 4742 6254 3103 5815 336 928 10114
2611,1354 1357 2369 1355 2886 4141 10365 9962 10366 1829
2612,2600 5196 9551 3945 7965 12759 9397 466 10254 9780
2613,12761 12762 966 961 967 336 3664 10930 12763 9880
2614,3559 11130 797 6084 12764 6029 5096 8817 12150 2957
2615,6553 3038 2880 1357 3083 1354 4133 4605 4036 6432
2616,3620 5001 11291 10909 1963 6957 667 7205 9143 233
2617,2133 8525 5725 2323 2469 13050 1206 2774 2489 878
2618,1147 12765 9939 1142 1139 11140 1150 149 1156 1151
2619,5904 7246 12085 12766 5917 5592 632 4175 10561 10169
2620,12769 12768 12767 9672 7988 2335 9675 9673 9671 5526
2621,1443 3036 1796 3698 9715 748 8768 4235 3033 598
2622,12152 7386 12781 6407 10677 11720 4557 11324 12778 12774
2623,12784 1702 469 7245 687 3257 7310 14619 14742 788
2624,821 5280 5772 4104 825 5885 10232 4627 2446 6601
2625,466 205 7918 4032 8995 476 8719 6682 1395 686
2626,9050 11231 4235 11164 12580 3024 6578 4092 6859 3458
2627,769 834 4257 1978 830 6920 1441 13193 3811 824
2628,12788 8346 12787 9942 10204 636 8364 10201 1868 9606
2629,12791 12790 12789 323 5494 3937 696 466 8297 794
2630,3280 2059 1501 6327 1161 3279 164 2470 3727 4348
2631,12792 7806 11792 4534 10788 4533 12402 12401 3889 12400
2632,6874 1296 4877 8288 8293 185 3275 8284 4880 14900
2633,8878 5090 1408 11170 838 748 6645 2930 2457 5083
2634,896 9286 11813 6470 9975 5275 2234 10505 4920 2561
2635,7955 2735 3441 4365 350 2164 3702 2601 772 4483
2636,1822 1823 1821 1827 1826 1825 1824 4456 4464 4463
2637,12798 12795 6066 12799 12794 12796 3268 12801 8253 12803
2638,8607 4865 2798 12097 4669 6898 9811 1621 2506 10435
2639,4736 687 6242 3383 9499 2211 4638 6302 425 2218
2640,1166 3465 1535 404 2820 9784 12805 405 2814 7249
2641,3415 12806 673 9553 2879 1887 9552 3414 7427 3413
2642,5401 10781 4636 3826 1022 7155 6301 4344 2469 3371
2643,12442 12445 12444 12443 12441 1721 11909 7425 12808 8152
2644,10056 6141 981 11555 3034 4533 13038 13315 4531 4535
2645,1646 10065 983 11139 3225 8361 10308 6689 9933 10307
2646,11654 1840 9226 8424 3781 2748 14227 13208 3144 7949
2647,169 149 1436 171 2838 14699 5942 651 466 165
2648,9684 9135 9587 10341 6875 11391 3867 7729 12812 3461
2649,1801 12814 2603 8270 3680 14630 14627 14629 10345 10346
2650,5151 811 12309 7231 7931 9089 4189 5201 14540 14086
2651,11283 12818 5785 10248 12816 7866 12815 4843 2926 12817
2652,323 4882 2133 5001 10916 7570 7560 12964 12163 12570
2653,3403 5096 12820 11035 12667 12821 10880 12822 13753 2959
2654,795 2521 8463 2195 4185 9922 3513 6850 1219 466
2655,12824 1665 12249 12524 9809 12248 11023 230 10867 1663
2656,406 6326 12825 14811 14812 3017 15032 14743 2465 11255
2657,3055 3723 10016 1018 5734 2480 1960 3505 4897 1965
2658,4455 620 621 5907 12039 9714 8882 12040 606 8230
2659,46 12828 10493 8829 12173 5218 10564 9243 10655 4437
2660,12232 7681 3205 5054 768 390 8795 12233 9998 9581
2661,1297 3510 2412 9656 10530 3513 6686 6404 228 11956
2662,363 12829 365 364 10905 15092 5322 8307 10904 5791
2663,1970 5089 5315 6919 828 1427 796 1439 244 3472
2664,6926 5484 6925 3469 5470 5469 1677 5483 6928 6927
2665,12832 12831 12835 12830 12834 12833 5159 6837 12329 5260
2666,662 3200 11173 466 251 8623 6682 7816 8719 8451
2667,10381 11713 4307 10380 2148 10174 9297 6970 2557 14341
2668,12836 5105 5104 5103 5102 5101 5100 5099 5098 5097
2669,12838 12837 905 1631 9470 9473 431 11737 14466 9190
2670,2540 6203 3329 11244 3316 6206 5386 5207 6205 3289
2671,7058 10099 10075 8443 11723 12589 9755 11721 11722 1828
2672,994 6522 6523 499 12324 12840 15269 1799 12434 1551
2673,8761 12842 7908 3444 15038 954 12027 7393 7333 4790
2674,10974 12843 12845 12844 8837 11139 11066 7183 3811 7913
2675,3811 765 5525 8483 2309 1101 676 9604 2319 5502
2676,12846 10219 12683 13776 8781 10027 12681 7107 11245 11490
2677,12847 12084 12087 1282 12320 5971 5038 5961 467 6216
2678,3446 11732 4723 3448 3447 3451 3450 3961 10666 8320
2679,12850 12849 12851 13885 2832 4420 11366 3280 980 4433
2680,1796 1879 2324 9715 12852 12144 7300 843 13625 4235
2681,4180 12853 10972 1095 7455 6421 5121 7504 476 4495
2682,844 11427 11426 4644 11174 5071 2897 1648 6053 4642
2683,12854 611 5998 12856 383 9694 12855 7716 2135 2240
2684,12857 32 8504 1383 2130 8382 13294 5096 5097 5098
2685,12236 1558 9323 9324 12858 12860 11862 9830 12859 1840
2686,10197 4735 10194 1365 10195 10196 4737 4734 4733 4738
2687,10506 7406 7674 11657 8322 11143 8821 10611 8385 2831
2688,4059 2666 2238 1392 8214 12996 12312 12268 10980 13944
2689,476 9527 9322 8067 12862 543 10656 9296 9273 1564
2690,4381 12863 12864 13709 11774 1524 261 1560 4382 4383
2691,7527 12030 5767 6226 11592 6479 5762 4665 3719 4651
2692,8619 7382 9849 9954 12865 5902 10113 4941 7801 14112
2693,10913 1011 4035 12866 5535 1317 1141 9547 11325 2996
2694,12869 5205 12868 11592 1451 252 3591 12867 5337 12651
2695,12870 12871 14381 15109 8617 4588 6675 5195 10678 10905
2696,8611 4278 2133 10240 7959 11469 6413 8518 7956 3916
2697,12591 12873 8519 8398 891 4022 4798 10032 4026 7169
2698,12876 12874 101 12877 12875 8999 7121 3083 3051 3052
2699,7524 12879 5179 6089 8884 12878 10195 15279 15278 4361
2700,611 74 143 2761 7724 12042 3546 2765 8561 10919
2701,1011 4138 4134 4137 12882 1354 1719 12883 7057 4132
2702,6294 6837 4281 12546 2458 1901 6597 891 246 6293
2703,775 12885 12886 7100 6123 982 167 10589 12777 146
2704,12887 12299 13250 13249 11775 12300 10971 9451 3490 1524
2705,12888 7168 1590 6946 8233 792 11986 11840 11842 12986
2706,12890 12459 5886 13377 13698 12891 13600 3814 1176 7705
2707,6846 6843 6845 6840 4379 3609 668 3492 6844 6841
2708,11303 8842 7523 10151 11591 2431 11657 9611 8843 11144
2709,12894 12897 1354 12896 674 12893 1011 1357 1829 1355
2710,10716 6244 12898 2654 12082 2995 6785 6476 5353 13640
2711,8472 2661 3982 5955 4375 9199 10729 13384 13538 6878
2712,12900 3067 12899 2404 13166 14641 4421 3065 3064 12323
2713,1354 8542 4141 1355 1357 9854 2369 2371 11778 1356
2714,6622 10766 12901 2706 3304 1744 13892 2979 11384 6476
2715,7086 12902 9431 9434 9432 9433 5108 5106 5105 5104
2716,12905 12906 9517 12903 11286 5430 12904 7986 2614 14196
2717,12907 4783 13592 13591 10031 4800 4802 312 970 4801
2718,1011 4134 9194 5876 6705 1826 1318 1777 4063 3843
2719,5299 12501 6571 6474 5989 10041 3857 8808 5305 11822
2720,8958 6803 9832 7705 7707 7706 12708 12212 1862 5340
2721,1002 11778 7056 1001 1354 2380 3666 3074 3687 1011
2722,3398 4344 1329 3826 8558 7483 1161 275 586 334
2723,7131 2258 11584 2710 5022 11750 10102 5814 13369 9227
2724,4593 12910 5819 14437 13550 11984 8887 10244 11033 12269
2725,4948 221 5380 6782 7401 6185 11648 7934 11650 10035
2726,11231 11232 11284 4840 1511 560 10056 2133 11555 3754
2727,8808 5193 10041 2816 12501 12500 5192 10733 11822 1532
2728,2614 2820 3465 2742 12480 1532 11261 5998 12911 1529
2729,3975 6727 11379 3174 7005 12016 11441 3160 11065 11067
2730,12912 12609 1145 11639 10751 12608 10246 9664 1146 4596
2731,4037 9810 6162 1522 1939 6783 1663 1665 1662 9809
2732,5044 10049 424 106 12016 3364 7906 9019 2489 10178
2733,6323 1011 4132 1317 7091 4687 4688 9756 3442 6809
2734,9125 363 11916 10458 2141 8069 5748 7153 9340 11915
2735,2295 6839 10272 7809 7814 7810 4610 6836 3112 13774
2736,1665 9810 1662 9809 6781 6780 7651 6165 1939 1663
2737,12920 12919 10365 9236 6553 1825 10366 6733 2378 11625
2738,10497 12922 5215 6300 3319 5825 3378 1548 9606 3377
2739,1826 2876 4416 3843 9850 6364 4414 5690 12209 2869
2740,8318 12925 7878 12718 12923 12466 8032 2860 6883 12924
2741,4138 1719 12929 2373 10461 9852 7067 7057 1354 4687
2742,7165 11594 5714 10000 7166 12930 12931 2984 12693 1177
2743,10995 7098 1826 4414 7099 4416 6364 5537 10627 3843
2744,12933 12934 7077 6847 10461 12935 12932 5449 13785 4599
2745,9203 3921 6863 2923 7771 9946 12633 9802 12634 3494
2746,1001 2996 4316 9636 9642 10508 1002 10818 7062 12644
2747,1011 3443 12936 7217 7215 4132 1136 5854 5687 4687
2748,2375 2371 12929 4132 4687 1778 4060 4688 1779 1719
2749,13 12 15 9759 14 8096 11 13307 22 24
2750,7169 12873 10049 7049 7691 2397 363 10725 3796 3613
2751,6172 10714 12937 10363 1851 8650 12352 6171 11649 8649
2752,6725 6717 6719 8517 693 6718 10863 3893 14652 8897
2753,12939 11733 231 4948 1041 3425 1116 4455 7478 6164
2754,6809 10953 7425 2869 3442 1826 6364 2875 7554 7404
2755,10318 12940 10319 695 2215 10320 697 2556 10315 10313
2756,12941 4807 4806 705 240 11469 11854 2266 3242 13198
2757,3079 3076 12942 4402 10858 6703 3077 3078 10626 2870
2758,967 3663 12761 966 7655 12943 12944 977 9880 2442
2759,2375 2371 1778 1321 1322 4606 1011 1319 6362 6363
2760,4581 12946 11833 966 9880 15052 15053 7655 12943 8263
2761,8882 4352 4852 10481 4455 10135 4345 6268 13018 12417
2762,1648 500 11014 466 476 1649 879 788 3100 3372
2763,7880 6165 2439 12947 6887 7858 11687 11688 7651 9660
2764,12949 8288 1544 2795 1997 14600 3572 8293 1996 6874
2765,10569 12735 7077 10461 10627 1320 11000 13785 12209 4599
2766,12954 12952 12953 12960 12957 12951 12956 10448 12959 12955
2767,2145 746 8996 5831 3214 851 3181 3735 2533 1087
2768,12962 11790 10180 5177 12961 9667 9179 6184 9668 14410
2769,5324 8592 12963 14041 6824 8487 12480 6002 10036 2610
2770,12965 1938 4358 11356 2908 1746 9652 10188 1222 12590
2771,2742 2741 1165 4516 2820 2614 3465 6000 1166 5998
2772,5041 1296 5043 795 794 3222 4877 5058 6874 8288
2773,12970 12968 12969 12971 11038 12967 12129 2663 1129 8629
2774,12973 12972 8766 9937 6516 11399 12279 8914 14013 14095
2775,383 1170 4286 3153 8715 4404 4395 4759 4497 13705
2776,3242 4204 4627 3241 6228 4569 6070 5638 10232 7859
2777,12977 12976 10860 12975 5833 3716 12974 13304 13944 3717
2778,12979 5106 5105 5104 5103 5102 5101 5100 5099 5098
2779,9972 12980 6670 14314 1196 1164 10467 6629 9290 12250
2780,6317 4820 1100 9249 9048 1901 1047 3110 12916 1796
2781,12982 12983 6397 11862 8980 6931 5889 12579 7519 8981
2782,7400 11935 11905 5397 12191 3577 11707 11669 1836 10386
2783,9996 7539 7532 7725 4631 1265 9998 2725 7536 3091
2784,12985 2284 4932 6784 10593 5881 13942 4795 1557 10335
2785,7366 4599 11528 7427 1011 12642 6804 1317 4135 11851
2786,7168 10011 12986 11840 11842 12888 1590 2391 14833 792
2787,9690 10264 11835 38 5764 1737 6336 7453 3507 9546
2788,6558 1593 9825 12988 2440 11142 5426 2413 10021 2022
2789,5998 12989 12992 12991 12165 8086 1742 3795 46 8635
2790,2820 5998 12426 11881 2742 9794 2614 12994 405 1166
2791,5604 7456 4285 738 5605 4747 4750 11047 5591 11025
2792,6971 8241 9531 2950 4484 15077 9185 350 1817 6980
2793,10995 7098 1709 7099 5537 10994 7095 4414 1711 10628
2794,4345 12996 10135 10155 8270 2238 8882 1392 12312 13877
2795,4284 5237 9694 85 3644 5236 13039 10000 10496 13224
2796,2375 11347 2379 2371 2372 1916 1778 9853 4060 1320
2797,13001 10845 12645 10844 12677 8085 9652 13000 12999 12495
2798,12479 5879 12463 11153 13004 1625 10868 6613 9205 14090
2799,2815 405 13007 1323 13006 2742 2820 3465 1166 1535
2800,3994 183 280 7369 5183 225 1041 3855 4335 1095
2801,9015 13009 13010 13011 13008 13316 13900 13410 10917 13039
2802,13016 13017 13012 12325 5415 11316 2739 13015 3488 46
2803,13018 4352 6268 12417 6269 8408 14970 9430 14329 8882
2804,13022 2804 4655 4648 4645 4650 4656 4646 4657 4647
2805,13024 5358 576 12383 12597 13023 11341 5356 5357 11129
2806,3097 13026 13025 9588 2900 12421 8565 14977 9789 466
2807,13027 8471 13028 4388 13029 1123 9403 10839 11956 7746
2808,10627 1003 8982 3667 3668 3416 10461 8542 11778 5846
2809,2086 5564 3012 14744 2093 11039 5566 5565 5563 8585
2810,3937 7283 1058 2297 4981 4049 11748 3903 3359 466
2811,11779 11856 10289 8839 13571 2921 277 10669 9829 7718
2812,13032 11029 10592 10343 11943 2446 5898 12320 11732 12047
2813,13033 12043 2290 2294 736 1192 11155 8418 7402 1091
2814,8357 4371 6525 1910 4935 5296 5695 8613 13034 13035
2815,3222 5145 7415 1054 4976 6433 1052 2733 11058 12320
2816,13038 10056 13037 8964 1529 11555 7442 6371 3034 1535
2817,7771 4841 3921 12634 2118 7304 8556 14092 9203 1436
2818,9015 13039 13040 13900 10917 13008 13224 5331 13114 7545
2819,12481 528 4933 7886 3128 8203 3500 9285 4504 231
2820,9609 6376 3538 7761 7458 11476 2736 217 5502 1098
2821,806 1835 3603 8578 1833 811 12687 12686 504 780
2822,879 871 2764 466 889 8403 323 2448 794 6821
2823,1285 1446 1617 1622 234 1620 6876 96 4863 1619
2824,570 894 7285 9921 13042 9215 255 181 9241 2574
2825,7712 11983 1176 3814 11846 5886 13045 6058 6763 7251
2826,9122 3552 9372 9680 11200 484 3868 11302 324 3946
2827,9048 3210 13047 10823 337 9653 13048 8672 4353 3120
2828,3496 1540 10931 10583 15043 15042 10930 8263 5987 198
2829,1354 2371 1001 2375 1357 1355 2886 1778 2369 4138
2830,4608 10367 7076 4136 12058 5872 13565 10576 10574 4139
2831,2821 7694 7691 5408 8058 10387 12483 2819 405 2820
2832,3222 9249 2079 10489 5742 2448 794 9648 13552 14663
2833,4705 5788 1406 15090 10941 13049 6092 6507 4706 3775
2834,8525 13050 14901 15169 14213 14214 10866 2155 14209 692
2835,11140 4486 10295 7387 4313 12765 149 12573 8113 11960
2836,2667 7562 12616 8758 418 14516 10872 8901 10976 3834
2837,2742 3262 2614 11627 2820 8892 13052 1165 405 5998
2838,10820 12822 11271 8711 10364 9592 7345 5097 6436 11136
2839,2869 4035 10071 10073 11420 8645 10072 13380 4037 1011
2840,6432 2014 4598 9853 4574 2375 1357 6431 4599 2371
2841,6938 4406 1693 11070 5403 2274 207 4405 6937 336
2842,488 1584 4236 495 10884 476 794 611 10871 5410
2843,6106 2653 2608 15248 1170 8999 2609 3190 1406 6638
2844,1354 1357 6553 4138 2369 1355 2371 6550 2014 6551
2845,8808 5193 13351 1532 2816 14328 11111 13343 14359 10041
2846,8488 2637 7188 11919 5522 14925 13612 9773 14741 49
2847,12551 1859 11120 5673 14226 14458 8477 14225 10067 13737
2848,7825 3568 9032 12173 13738 5328 8058 3564 12646 5109
2849,13056 3841 10591 14913 14519 13526 14566 11366 745 11884
2850,11627 12422 12509 11583 7675 3262 14981 13125 5195 1528
2851,13058 9563 518 2113 5460 7616 11465 5569 14206 4438
2852,13059 12745 12744 3465 404 2820 10525 13248 1166 12743
2853,1011 2996 2980 4604 8542 7423 13060 4316 1317 1001
2854,3771 5364 443 970 3132 4396 2635 14443 11711 14393
2855,10850 260 13061 10832 4537 2003 5391 6189 10849 10852
2856,6364 4134 12536 7094 1826 868 1777 6705 2864 10088
2857,7837 12360 7291 1460 3605 5548 5083 1198 5040 5061
2858,2961 2463 4857 10275 3377 5825 9719 122 4635 9861
2859,1011 11347 12332 5671 6320 10365 4141 1354 9236 1357
2860,6136 13064 8899 2787 2793 11544 7558 11202 4883 3275
2861,12685 10427 12684 1554 11689 13068 9137 11611 7650 14119
2862,6226 11592 13070 6623 2627 11177 2166 13069 12030 14266
2863,13073 9348 13072 11472 13071 2789 13946 14232 12648 2788
2864,8711 2207 10 8709 9145 5176 8710 509 551 440
2865,13076 12914 13075 4037 5449 2880 1727 9746 13426 4317
2866,11115 5205 8426 6693 5466 5204 1451 4033 11116 12869
2867,476 794 7340 8190 149 611 13077 4 618 2067
2868,6364 1001 4413 8443 12644 1826 2371 1320 2869 7426
2869,6579 7800 5299 10359 6575 6577 6030 3313 10069 5852
2870,13079 13080 12459 13078 10983 6095 11366 13074 13823 10051
2871,13082 11899 8809 12500 13081 12505 2614 10041 10734 13413
2872,1052 5505 507 7645 13083 3222 10009 10008 2391 1713
2873,2101 6151 6150 6153 5777 7266 6154 6156 6155 10572
2874,2751 8721 1750 3115 8939 2692 2754 1247 2753 1068
2875,10902 3526 11474 3541 8614 204 5236 8879 11073 5237
2876,8706 4723 5464 13094 13093 13062 13097 13098 13090 13091
2877,13100 1256 13099 987 2669 11584 5022 13101 879 10102
2878,13102 13104 12521 13103 11783 267 14182 7827 265 12611
2879,3237 3234 1371 7559 4899 7561 618 4887 4906 3238
2880,8300 2250 11088 678 5063 5726 10864 7231 8082 3102
2881,7704 11656 12138 4561 10151 2432 11566 4668 7401 11085
2882,9180 2032 10729 13105 10727 8801 2505 2490 8472 887
2883,13106 11337 5297 13107 4528 14086 1561 12496 14040 14087
2884,11347 2379 11225 11625 11224 2372 2375 10747 4145 7056
2885,9855 7206 9856 5049 7204 7203 780 4220 4126 6319
2886,13109 8518 13110 11342 7647 13108 11925 12351 9505 10240
2887,314 12816 9934 6128 3749 1342 659 9933 5940 5116
2888,8059 9655 9650 7628 7625 6252 5617 6883 6687 7294
2889,7215 10627 3083 1771 7427 14350 14349 4599 11347 14351
2890,11347 13112 13111 2375 2379 2372 7215 9853 4599 11816
2891,10085 13114 4718 8275 10976 10695 10694 5554 13900 11208
2892,2117 1017 10885 6312 9245 6377 1035 10487 2217 4725
2893,11135 2112 14888 9410 9409 460 10587 11401 3859 1313
2894,7217 12936 10807 5688 9664 1773 5854 5531 1353 1011
2895,3559 8823 9651 3162 7276 11089 11130 14005 1300 5978
2896,1711 9967 1709 12332 1151 8541 9968 5667 5129 9969
2897,12520 13116 11620 12683 14725 2839 13845 5399 12892 13641
2898,8376 9911 9901 7157 12811 5574 9927 12517 6900 9923
2899,10715 7129 7130 79 2142 14702 15230 1351 14875 14690
2900,2742 2614 2815 2820 11110 3465 13453 5998 1165 360
2901,1958 3536 13118 1885 14041 10036 8592 13907 2610 5578
2902,169 1095 4180 1252 6648 745 1519 149 3993 3994
2903,878 4249 11758 11147 1460 2133 5051 6041 1206 4031
2904,11129 13024 6389 13123 1793 12383 9150 808 13121 9698
2905,4515 9784 1532 2820 2742 8826 2614 13354 405 13271
2906,8058 5405 9199 5023 7408 7229 5431 12483 10208 7825
2907,3494 9182 7178 9409 5827 3822 2131 7138 2483 2488
2908,2695 13125 2989 4310 14981 372 12422 2988 1648 3642
2909,2820 13127 1166 2742 2614 405 3465 12426 1323 1535
2910,17 6433 5424 2071 7133 2899 175 9698 9202 20
2911,11399 8766 14199 726 4703 12973 12972 75 8411 11402
2912,794 618 3500 10017 10486 1798 10678 7320 2311 13129
2913,9441 9601 2909 1507 3314 13130 2910 2908 285 11139
2914,7855 6236 6784 9895 9830 1126 14279 4753 10986 6502
2915,12362 3114 3753 13132 578 4757 1808 9343 14616 11144
2916,170 8819 5398 4243 5577 7001 7139 1834 5210 794
2917,11586 114 10503 11070 14547 1696 3018 8999 2029 9400
2918,3443 7217 4692 4689 4132 1136 4690 12936 7215 9194
2919,9035 10806 11058 9655 97 10505 13134 3969 13135 739
2920,8999 12810 7132 7134 12384 11719 7125 6207 7116 11658
2921,12363 13137 12588 12131 12354 13138 6622 527 12587 7950
2922,13141 13142 11763 7530 1940 13771 2946 2162 12026 11764
2923,10572 5397 10571 11669 12327 13143 2101 11905 11935 4005
2924,2520 6871 2150 13752 1302 4866 9321 6114 2547 2962
2925,6429 9613 12812 2212 11485 138 5412 6424 6418 6419
2926,7783 2017 13144 8977 11256 6415 7249 6330 5570 10279
2927,13145 639 915 4009 643 642 644 645 638 962
2928,13156 13158 13157 8751 9980 13146 13159 13155 13148 13151
2929,2833 8646 13160 12172 3480 5349 6094 8244 14399 1703
2930,7774 7485 1810 13014 4377 4632 1064 7402 2369 4500
2931,13161 12853 476 4080 4131 4079 9947 6918 1431 3020
2932,98 2293 2290 2294 2067 8418 2860 12359 12801 4106
2933,11439 13163 13165 13164 11435 11438 10936 9664 11436 5440
2934,13166 9360 3067 14217 10562 8735 9802 9910 7923 14407
2935,13168 10460 11957 2687 6314 466 945 8670 2007 1588
2936,795 1219 794 4223 2933 7516 4769 9390 466 13884
2937,1581 7829 4739 13169 6406 6407 1583 1582 598 4737
2938,6685 12082 12567 8968 5157 12928 12927 10870 13170 9682
2939,42 10173 5493 10634 7613 11212 5494 12279 6699 5492
2940,10715 13172 13174 13173 9214 11963 3170 8138 1351 14702
2941,5917 5904 6086 6228 1677 632 10125 12653 5783 1466
2942,2705 5196 7001 2008 13894 8409 5577 4940 170 11574
2943,6622 2985 10767 2979 9809 6476 1665 10771 1864 13892
2944,7409 4629 13177 7541 9843 13771 7264 12809 12577 13770
2945,2869 4132 4687 1001 4688 9194 1317 1011 3083 8166
2946,13178 9661 13179 9807 6543 7934 13180 7977 6493 10106
2947,4687 4132 1317 4688 3083 7427 1777 1011 7057 2869
2948,2371 2375 2372 6361 5845 1778 2369 4606 9853 1320
2949,2820 12426 1529 13187 13189 13188 4514 1166 2614 3465
2950,529 6287 8841 538 7236 536 526 6291 11410 2614
2951,11769 12081 6772 1179 7209 12479 7802 7803 561 14384
2952,6206 13190 6207 3195 771 11479 6205 4877 6203 6204
2953,8041 8256 2156 13192 1947 11622 11978 49 1674 4023
2954,13194 13193 10930 1839 12231 12060 12322 8263 1540 4257
2955,8725 13195 10187 5347 8467 10186 7200 5094 5096 5097
2956,4132 4037 4687 4688 1771 1317 8166 1011 4138 7427
2957,368 13198 13197 13199 4806 7999 1648 12766 1347 1672
2958,3854 1878 8784 13110 2440 563 8529 8840 9874 9869
2959,2614 2742 13201 2820 5998 1167 13200 1168 405 2822
2960,4139 1321 4600 9756 11225 1778 1320 6363 2371 2375
2961,9682 908 6170 11395 62 10118 13204 12468 6782 13880
2962,13206 1123 1665 6187 6171 6173 6183 13205 4069 9477
2963,2914 13208 1115 1840 9226 9837 3980 9835 7949 13207
2964,2869 4135 10627 8982 9751 10953 6804 13209 5672 7215
2965,3412 13211 9713 13210 12990 3526 2700 11762 3612 6309
2966,13213 13217 13215 5601 13216 13214 5023 77 691 10561
2967,5694 13218 12088 5697 5693 5691 5692 5696 5695 12090
2968,8111 10064 8381 3400 707 11101 10130 1676 13989 7960
2969,5199 10157 13220 12840 13221 1983 11956 13942 10229 5514
2970,6012 5718 4872 774 3097 466 5723 2322 787 6025
2971,1352 4962 7940 1753 12461 4068 4753 6544 12460 13196
2972,13223 12334 6364 8153 1011 1826 2869 9192 13605 2371
2973,4284 13039 13224 12793 14126 13835 8382 13040 85 10496
2974,13106 4528 11337 4527 4529 4530 4524 4525 4520 4526
2975,13226 8319 569 2921 8785 4523 6464 7960 11321 5652
2976,11076 1327 6730 8478 9838 9198 12550 7803 663 4357
2977,1317 2869 4037 7366 11528 4687 1011 4688 4132 4035
2978,3811 13227 13228 4977 7913 175 17 20 12848 7770
2979,4309 5601 10105 7254 2418 12554 6774 6501 11845 2898
2980,8360 13229 8359 8358 8357 5092 5094 5095 5096 5097
2981,11964 1679 6226 1681 1680 11743 2722 9475 13639 12131
2982,787 1331 1213 797 476 466 6445 8959 7149 433
2983,2869 1719 8443 11889 1379 12929 10992 5248 7426 7057
2984,5688 9749 5447 1011 4132 4688 1861 4134 5687 7554
2985,13230 10002 13706 12861 9327 9510 10003 1861 6772 6404
2986,1532 13233 6351 13235 13234 1741 13232 2614 8906 12006
2987,7651 10719 1665 6165 10810 11533 6780 14146 1700 7650
2988,11266 9180 13236 2032 10729 2062 9045 5685 8680 7108
2989,4753 11896 1939 4964 6544 4962 7855 11005 9225 1948
2990,11020 13117 6936 14420 14890 4290 2498 1557 6392 13123
2991,10199 5447 5687 1011 7427 15017 9534 1826 10899 7554
2992,10995 7099 7098 12259 7095 7215 2881 10994 10989 10627
2993,13241 13240 13238 13239 13237 13767 7889 6943 14363 1145
2994,13242 13243 5106 5104 5103 5102 5101 5100 5099 5098
2995,12426 404 2820 1166 405 1535 13245 1532 1323 13244
2996,9755 6733 7102 1704 11723 10099 7058 8443 10075 4688
2997,1884 12997 13246 13247 1885 5407 11187 13929 7565 13433
2998,10731 529 4836 1331 538 11410 11267 4840 7236 10730
2999,7050 7929 10264 3810 5592 5580 836 5167 14356 7930
3000,13032 10343 11943 11029 6626 10592 10001 8003 13714 10724
3001,13248 10525 12745 6000 10523 2820 1535 13701 1532 1323
3002,5368 3553 954 11097 2962 10657 8058 9351 5109 10361
3003,13250 12887 13249 11775 3490 9451 1524 9454 9453 9450
3004,13255 13252 7262 13253 13254 10000 9395 13251 4551 15131
3005,12068 10086 5324 7825 12647 9032 3568 8592 12963 2093
3006,1429 7217 6363 1704 1320 9194 1321 1778 6362 4060
3007,12480 9566 7859 6824 5324 8487 7843 14164 4713 10447
3008,10413 1225 13258 14112 12865 1755 9800 9048 7698 10412
3009,4284 85 10496 15025 13224 13039 2543 9433 5191 2552
3010,1166 3464 13260 13259 2820 3463 11052 1535 3465 404
3011,9082 13261 3766 10973 512 4350 4025 1081 163 7905
3012,1918 7732 7762 7726 10140 2529 2565 2522 7923 2511
3013,625 2139 13262 7304 8604 3642 11072 4292 6972 10660
3014,2838 3942 10240 5706 11844 476 6018 8219 13264 6382
3015,9996 1265 9998 13266 13265 7171 4465 5246 6477 12281
3016,169 4441 10922 4385 2305 686 618 764 773 1404
3017,241 11652 9082 5411 13595 12104 803 6701 5790 14017
3018,11474 4008 3410 5549 8292 4007 4005 4006 5164 10902
3019,7631 9849 4127 3792 9093 4230 8619 5595 9954 7382
3020,4132 13270 2869 4688 4687 8166 9753 1354 11349 9853
3021,2741 2742 13271 5998 6416 13324 2614 2820 12426 1165
3022,13273 11115 13272 13221 10146 4913 2484 3359 4901 5812
3023,7409 683 10347 10898 619 1414 2427 3630 4629 7541
3024,13277 13276 10798 11799 2681 8541 1132 10934 7467 11961
3025,9823 13280 12519 13279 11248 10253 13278 12527 14065 13616
3026,7014 7015 13282 3486 9412 14571 7013 9406 9307 4062
3027,5863 3845 9644 7818 3844 1603 1357 4139 1011 2871
3028,529 7236 12329 11410 538 6837 12832 536 13289 13300
3029,13283 5106 5105 5104 5103 5102 5101 5100 5099 5098
3030,5880 10773 13284 10771 10778 9823 2918 10776 10768 10770
3031,12437 92 12194 15134 15064 9996 8999 7980 12297 7251
3032,2869 2371 1357 2369 1354 2375 7404 1778 5846 4060
3033,11405 4135 13286 14136 726 692 11403 14512 11402 14711
3034,7625 3671 7745 3421 9650 8059 2060 3425 7628 6159
3035,7233 149 864 486 2411 9046 10132 911 781 11652
3036,11022 642 2010 6066 2011 9814 3635 11850 13684 6110
3037,1317 4037 5667 3442 4280 7427 1438 1828 4943 1775
3038,13289 13300 13299 13303 13298 13293 13297 13296 529 11266
3039,11405 12480 3011 8212 10900 13306 3565 6824 13586 2015
3040,13 13307 11631 9759 12 8096 8095 15 9660 13904
3041,8621 9340 11917 152 4396 4869 11071 514 1367 10370
3042,4605 2891 8504 1009 11722 2957 8164 13308 4133 9639
3043,5191 5193 5192 2516 1620 1461 4284 7130 7129 5190
3044,10373 10372 155 10371 5679 4396 12165 156 9955 152
3045,5203 12573 8056 149 12765 11140 4500 8307 8305 8943
3046,13311 13309 10879 25 13310 715 3405 10123 10876 10878
3047,10411 152 8728 8528 8870 5754 11561 11556 151 7685
3048,6725 8517 6717 3400 5365 693 6719 6130 10863 6718
3049,12820 10880 13315 13314 11555 12821 528 5998 10056 14805
3050,287 2067 5229 618 7700 10347 7699 2294 794 2700
3051,13317 11821 618 3405 8577 9337 2067 3404 3403 6114
3052,2959 1381 5786 3403 12667 2652 7000 5787 7246 5186
3053,12654 4839 538 4844 10881 4281 11410 4835 4841 4840
3054,11111 8869 13321 13320 4791 13319 5935 15097 4711 13855
3055,2814 12671 1535 4514 2815 12743 405 13453 3465 2820
3056,2820 2742 1166 2614 3465 405 12426 1165 1323 1535
3057,1532 12426 7396 2745 2820 2364 13326 2614 4330 2742
3058,2742 2614 1166 3465 4515 2820 2744 13327 1532 1165
3059,1532 6993 11897 13234 13328 2614 11112 11121 8904 14138
3060,2042 2959 10732 5732 555 11392 10345 10346 2603 10344
3061,1532 13331 8904 2741 13006 13335 11754 2744 13332 1325
3062,2742 2741 10207 13233 2820 2614 1165 5998 2743 12786
3063,13338 13340 4515 13339 7686 5998 2304 937 6708 2614
3064,5998 2744 2508 873 2742 2614 11913 7686 2741 1165
3065,7229 7249 15199 13854 2959 10865 11932 5431 10208 13959
3066,8300 7824 10528 14395 1633 6789 11035 14043 14254 10570
3067,12426 2820 12744 405 12070 1323 1166 2742 3465 13187
3068,4515 408 2742 1532 2614 2820 9784 13324 15096 13271
3069,2614 1323 12816 2820 3465 2742 405 1532 12114 5998
3070,8761 13343 14328 8808 7333 9123 12271 5194 14138 9075
3071,404 1166 1532 2820 9791 405 11122 9784 13344 12426
3072,2820 1165 8904 13347 13200 13346 1167 13345 11051 2742
3073,1535 405 2820 1166 13346 13005 12426 2742 12008 11524
3074,13350 478 10280 2133 2722 583 2489 1054 11289 1752
3075,2614 2742 2820 7807 9767 3465 5998 1532 13352 1165
3076,1532 1323 8904 9784 405 2614 2820 3465 11122 2742
3077,9784 13354 404 9793 9791 1532 2820 1166 1323 14359
3078,13200 11392 1168 1167 12007 10732 46 2820 405 2614
3079,13355 8726 14785 8629 14114 5516 8729 8728 405 3465
3080,1165 2742 2820 12027 7393 1166 15038 12426 2744 1532
3081,13357 13356 12380 11788 1671 8528 2820 13629 12786 937
3082,2820 405 2614 2742 3465 1323 1166 12426 1535 1532
3083,5929 8534 15129 5935 8736 8735 14880 13321 14217 7009
3084,9682 6187 9655 3952 13358 5713 7939 9650 6687 9805
3085,11965 1475 13318 9465 4591 2314 1500 14716 11330 5345
3086,1996 9079 11714 1997 8215 13721 1635 1536 9078 9077
3087,7215 10995 7099 2881 7095 7098 10627 2869 2375 5845
3088,13363 13362 993 991 9158 9946 1965 12384 2136 1289
3089,11347 2379 9853 2375 2372 2380 4599 3083 2371 7215
3090,1665 6780 6781 13366 13365 1852 9809 7651 9810 9803
3091,5427 12180 6568 6376 11039 875 12716 12187 138 1020
3092,10444 10443 5199 6094 13368 2850 10442 7888 13942 10229
3093,13369 9552 7702 9227 786 3576 7131 15076 12013 15072
3094,3415 9664 4402 9750 10936 1154 1721 1011 7427 11435
3095,169 13371 3811 149 873 258 4385 5371 10616 618
3096,13375 13374 13376 8989 13131 3484 4569 1718 13716 13879
3097,11642 7328 3847 11967 709 4796 4275 11603 12965 13378
3098,9751 4136 10953 5367 7055 7057 8164 4608 4135 7065
3099,10357 2152 6898 4471 4256 96 6086 5959 4876 7912
3100,11212 10892 2137 42 8590 8589 11692 6434 12694 2725
3101,3388 11145 6305 11143 2174 12459 3387 9141 10909 11144
3102,1826 6364 3843 3415 4416 4414 2876 2869 1777 8468
3103,1011 13380 4039 4035 10071 5687 11537 4138 4134 673
3104,12290 12292 12289 13381 12293 12675 12291 12673 15253 12674
3105,9996 12437 12194 7725 7980 1265 9998 6057 3004 7539
3106,7527 6228 11274 7568 12561 9539 9699 1659 10256 1114
3107,13386 7350 13387 1840 10610 13360 9226 7949 6544 7895
3108,1826 5450 6364 3843 2876 4416 4414 2869 1777 4134
3109,13388 11914 11126 9610 4153 14839 14686 14841 653 10891
3110,12617 1128 5634 1883 12171 12093 11363 11211 10037 8759
3111,12769 7988 9672 2335 12768 12767 1446 12403 2344 12405
3112,8785 12490 13389 13225 11336 13094 13226 569 7964 2921
3113,2490 2559 5972 11140 4383 4766 7346 2186 7863 4226
3114,3941 2342 6371 13037 8964 7442 350 10727 4259 2588
3115,12170 2208 9822 13126 13127 14630 14627 14629 12814 3787
3116,10518 13394 13393 6354 13204 13391 8141 13359 900 13378
3117,9145 551 10 9146 2207 8711 676 1667 7840 8769
3118,11984 11766 13397 13045 13396 11967 14437 10244 13550 8887
3119,6657 6663 10647 13398 10403 6661 6667 3656 6662 6658
3120,1011 12802 4387 5687 11537 4134 7057 7784 9851 4687
3121,4973 10050 4787 11113 11748 169 13571 296 11215 2584
3122,1721 8982 7554 8152 12932 1354 2874 6805 4599 4138
3123,13030 5106 5105 5104 5103 5102 5101 5100 5099 5098
3124,13399 12998 3897 13527 10918 4909 10456 14789 3896 13484
3125,2102 2097 1083 5594 1807 10555 725 12267 13401 5398
3126,6377 4725 10487 2217 7212 2117 7187 8240 29 426
3127,2913 12168 11081 9888 6441 12862 4230 1503 1582 7291
3128,12155 13396 13405 3427 5743 9623 7826 3428 13404 13068
3129,13408 1872 10316 13407 3639 11295 8620 12252 13774 13773
3130,4447 13409 11219 10680 8316 14353 14330 4448 14196 14195
3131,13009 13010 13011 13410 13316 12903 13008 3974 1747 7249
3132,2013 4803 3113 10110 10111 5126 9940 861 6752 10103
3133,13411 5099 10915 3608 9617 8669 13412 9464 4377 7734
3134,10321 3560 2704 8184 13041 209 7144 4191 12542 4828
3135,2371 6360 2375 4403 6825 1778 348 2980 9192 1320
3136,10972 7455 3921 6421 4495 5486 5181 6619 6617 6621
3137,9405 11958 2261 3524 5147 10295 2515 2506 2514 5233
3138,9801 12583 856 328 12308 8078 6489 3587 12582 5754
3139,8176 5271 11837 4341 10855 10654 349 4830 14344 7551
3140,8190 8944 7299 4192 9993 3153 3382 8068 2700 4773
3141,7401 6836 7253 8644 11602 13360 7513 2295 12029 10634
3142,13420 11911 13418 617 6622 4550 12567 8968 7866 10870
3143,4132 4687 3083 9853 7427 4598 3415 4688 5874 9666
3144,2820 405 6941 11123 13200 2817 9784 12070 11111 2742
3145,1532 11112 8312 2614 7393 13323 8904 2742 2820 2741
3146,2631 7865 3726 12189 11976 4804 1024 5187 9932 11834
3147,5687 7336 982 1011 10199 7427 5447 7100 10899 9534
3148,798 1087 10372 10053 8190 10371 10564 8195 10373 10375
3149,1719 7426 2892 4138 2869 7057 12929 2373 1721 4687
3150,11405 3019 13424 14136 726 692 11403 14512 11402 693
3151,8253 12561 6739 9749 12798 12795 6066 12799 12794 12796
3152,10731 13425 952 1331 10730 5570 14154 11156 981 529
3153,1166 404 9784 2820 3464 1532 1535 405 3465 2742
3154,3237 3234 3239 13313 1371 7564 7326 7561 4823 2566
3155,4037 4035 13426 13380 10073 1317 10071 4034 8983 4036
3156,5565 4642 4644 4643 12992 5564 5566 13427 5563 9559
3157,8904 177 1532 7333 1323 3465 7923 2820 14324 11122
3158,13114 11208 10431 10243 10085 11190 13900 11209 8275 9111
3159,311 7730 7371 9457 9926 9028 6907 14853 188 9101
3160,5570 9238 7236 3778 13428 6724 529 8713 13314 11410
3161,6654 13429 4997 14301 12556 6869 11299 6316 11847 10153
3162,5514 13431 9372 5793 13430 5374 9836 5175 11368 482
3163,1011 7925 1935 1837 3587 4317 1113 8795 7833 3962
3164,13432 8075 2805 13608 12182 12274 13424 13433 11201 3222
3165,13379 11607 2798 3298 125 11944 5836 4987 3765 5386
3166,13435 10837 2929 10838 3648 3974 12359 11942 3404 11758
3167,4742 11183 6254 336 3103 5815 928 4091 7185 2227
3168,4862 578 4769 10432 8444 7622 8467 8795 8953 13195
3169,8796 12188 10025 552 11924 4914 3750 62 6190 10026
3170,618 5580 612 13438 15065 287 466 6002 794 4925
3171,13439 13440 13850 14884 1671 10222 9361 9375 13308 8081
3172,2779 7926 7679 3507 9049 9690 3902 8940 2774 998
3173,3945 10359 7552 476 227 13735 10356 11384 2674 6579
3174,7427 13443 4139 13442 2996 12370 6807 7554 1011 13444
3175,6125 13445 13446 13447 13449 13448 13049 5262 9446 5263
3176,1315 13450 4624 1358 4599 3083 5845 1355 1318 12642
3177,4170 621 4706 6515 3070 1125 4699 7895 6146 6497
3178,3441 3493 1970 3151 4819 6959 8549 8648 4 7955
3179,8629 13451 1634 14785 13355 1996 1636 2610 8216 11191
3180,13453 2614 2742 2814 2815 2820 3465 5998 405 1166
3181,1001 1008 1006 1002 6364 10818 7062 1777 1011 2996
3182,7152 13454 7776 506 1086 1573 4052 11861 13434 11860
3183,7249 13410 12584 1747 3974 3400 7783 8817 5365 13455
3184,6622 13458 13459 4338 2979 13457 13170 2731 13456 3522
3185,13463 13461 13462 13064 9572 4909 8899 8084 10872 11206
3186,13466 13471 13465 13470 13469 13468 10635 13467 13287 12758
3187,611 488 163 1646 3097 3225 9781 6853 96 5580
3188,13475 13476 13474 13472 13478 13477 13473 5108 5100 5101
3189,626 7946 13479 13418 21 4966 7711 12326 9398 5709
3190,2741 5430 2742 8729 3465 4516 2614 1532 8108 13423
3191,611 4759 868 4228 383 10421 11936 11939 11937 11938
3192,3464 4515 4516 1166 2820 6075 2304 2742 2614 3465
3193,13481 6086 13480 5471 11419 9140 13903 12653 5917 12399
3194,11916 13482 8480 10458 49 12169 2141 5753 363 5748
3195,2026 5281 11739 2509 2146 742 2544 2562 6898 10379
3196,8302 12585 982 4061 7100 13484 11120 12108 5673 13483
3197,13486 13084 11380 11545 12066 8759 11543 783 2792 12619
3198,512 778 658 510 13487 838 1449 5186 3930 8952
3199,5104 11031 11032 6692 1936 4696 1592 1680 12129 7261
3200,8882 7341 5385 8298 4795 10894 1123 12470 12565 399
3201,13507 13505 13509 5387 13501 13494 13497 13490 13491 13506
3202,7020 13515 200 11285 9429 4846 8190 2560 13511 3044
3203,707 10064 1169 11101 10529 8470 8931 7482 5769 14322
3204,6114 5742 11072 9648 11844 7020 9249 6345 9337 13752
3205,11560 13518 11974 7798 10790 3965 5132 152 2957 9321
3206,7938 3665 13179 2652 4939 7292 7990 5717 10701 3887
3207,7215 3083 1771 2317 9080 4138 7096 10554 3842 8580
3208,13521 7226 13520 14944 8421 7228 8428 5784 3801 7699
3209,12870 13526 13522 5195 10678 13169 6128 10905 1475 8892
3210,7427 7554 10199 10899 4599 2875 5687 5447 7818 1011
3211,8215 9079 13257 6824 8825 13527 945 9078 1536 9077
3212,8158 9554 12727 6737 2379 1354 12894 12897 12893 8151
3213,2876 3843 7554 1826 4416 3844 7427 14105 10199 7065
3214,1953 6818 9649 13529 13367 12265 6285 10456 11425 10721
3215,11116 13530 7660 11689 10929 7184 11115 2215 3866 5466
3216,1885 5329 13532 13432 13427 1958 13001 11854 13531 5330
3217,12049 13533 12448 7379 13263 11700 1728 5973 9966 12297
3218,4599 1315 11347 5845 9853 13111 2375 7427 7215 3083
3219,476 3945 466 2457 794 478 1213 14897 464 7552
3220,3489 7469 13107 11611 13106 1862 9623 3491 11610 2912
3221,13536 4171 8235 10779 5788 5900 6488 627 7567 6497
3222,13537 5614 13725 13176 7660 13848 14065 12519 14182 14001
3223,13074 10051 13080 1228 11603 10741 2280 3387 13987 5402
3224,644 11610 6346 13538 11921 14106 5255 4808 10121 2393
3225,2197 5012 217 3333 14362 13807 13805 14284 2951 13806
3226,529 9667 38 9668 538 7236 536 526 11410 535
3227,2996 7065 2888 4316 1001 9194 1321 3667 1317 1011
3228,4882 10977 7560 7559 7558 10916 12101 3573 13065 12964
3229,405 1535 2820 11749 13539 1166 1323 2742 8905 12426
3230,11477 3736 9817 12320 3737 6698 3267 9877 11476 2077
3231,13044 13541 13545 7855 13544 10557 583 13542 7085 1676
3232,3057 3059 3058 3056 3054 3053 3052 3051 3055 15001
3233,9889 4139 8982 4603 6805 3442 8272 7554 12916 5849
3234,10045 4907 12405 3614 12562 10238 10718 8559 8753 3508
3235,1008 1777 3684 1826 9645 6705 6364 1317 5843 1006
3236,13549 11764 11763 13548 6393 11888 13547 13550 5492 11021
3237,12494 13552 1658 2079 4772 3871 9678 14000 14706 14388
3238,13555 9488 13553 9253 1254 10573 8691 13554 3488 11720
3239,1317 4037 13556 4035 4687 3442 13426 4688 1011 4132
3240,2804 13022 4653 4650 4660 11370 11368 4663 4657 4648
3241,13559 11306 13558 11315 14861 7876 14860 14638 14859 8221
3242,366 6621 12321 6622 9264 553 13262 13737 6619 13365
3243,787 12034 7847 13083 5336 13181 13560 4374 10204 12447
3244,2371 2375 2891 1778 1354 4060 1322 1321 9192 4606
3245,5998 2741 13561 8904 2742 2614 12425 13201 1532 13562
3246,13047 12507 12508 9783 12510 12506 12509 2836 6571 11918
3247,9654 5106 5105 5104 5103 5102 5101 5100 5099 5098
3248,9442 11303 13564 409 2431 12424 131 13119 10156 11591
3249,13565 4608 4136 10367 10574 10576 1003 6737 8165 4139
3250,13566 6241 2169 5710 13968 6240 10251 626 5377 5375
3251,3504 6343 11323 3441 2711 206 10202 1982 7089 1787
3252,7380 9469 6147 13606 13607 1349 2291 6156 9591 5299
3253,13568 10326 13567 8233 8237 7642 4673 10325 10324 12756
3254,3735 1409 9459 1639 2556 2960 3181 13569 43 3055
3255,405 12426 2820 1323 1535 2742 1166 13346 2614 2822
3256,466 13570 243 871 323 169 879 8403 5452 516
3257,5569 13058 4438 13729 5571 5572 5573 5570 4549 4536
3258,4284 5191 85 10496 13224 13039 15025 9433 9694 5237
3259,13571 2013 2921 7718 11779 8839 2428 643 12546 2916
3260,2869 3094 13572 1826 7215 7425 14736 7426 11598 8166
3261,13573 1151 8152 4138 6738 9968 1155 11528 9967 5667
3262,544 12236 545 51 548 547 549 543 546 1558
3263,8111 3400 10130 13989 13308 8381 10064 13410 555 6725
3264,12169 49 11916 23 10293 11975 1481 10458 2270 11069
3265,9241 7226 7551 7266 7520 10230 570 7205 11291 7228
3266,2820 1323 405 12426 1535 1166 2742 2614 3465 13260
3267,1987 3413 7080 3414 14345 2260 11340 10750 673 9294
3268,7057 10953 7016 1719 1011 8164 4135 4687 2869 13723
3269,2891 5673 1007 10752 10754 1003 3667 7065 4609 14459
3270,5255 11610 2393 12552 8497 3489 2839 13268 10253 11845
3271,1071 1737 1079 9051 2291 12797 1804 7341 578 138
3272,2869 11119 3079 8982 6542 9664 10626 7222 11118 3693
3273,2614 2741 5998 2742 2820 1532 3465 1529 15152 405
3274,13580 1105 13579 13583 13582 13581 10631 9255 10017 11297
3275,3481 1882 5328 13002 3482 5326 9074 5330 1885 5329
3276,12748 11219 7986 5639 2616 13584 12817 9945 4447 15120
3277,13586 11247 11246 3565 11210 12328 3567 14664 645 4594
3278,775 10570 7956 8300 5482 4252 3681 877 794 10568
3279,13587 14826 9055 13414 8370 15061 8369 15062 7124 14578
3280,2063 3529 1035 4978 2064 2021 12280 1079 3751 7646
3281,466 3979 10170 29 4178 10209 1983 9336 788 7473
3282,2026 2234 2497 5191 742 757 4845 1087 11443 2145
3283,12873 891 8856 4026 12591 8398 4022 8519 6175 4798
3284,3083 1354 10461 4403 1357 4402 7784 4687 4138 1355
3285,12907 13592 10031 13591 4783 7809 5158 4225 10030 6839
3286,1011 2869 7215 1863 12332 4134 7427 11347 1771 10627
3287,10092 7334 11270 13593 9936 3910 13591 7333 3892 12885
3288,2780 8223 10451 9261 1574 8225 8224 9068 10452 6025
3289,6364 2371 4413 2875 2375 7218 1778 9192 1322 1320
3290,91 8999 14555 14865 14612 15079 14559 1368 14163 14166
3291,13595 10668 11652 6701 12102 12462 5790 4777 9457 10385
3292,3990 5397 13143 3991 3989 10572 11669 11935 10571 11670
3293,13596 13600 13599 13598 13061 7876 13597 7631 7610 716
3294,873 4355 686 149 1785 1204 466 775 1377 794
3295,873 686 1785 8577 12429 4025 466 14142 8189 169
3296,3718 13602 1588 14565 476 9842 466 1611 5466 15172
3297,7217 12936 5854 10807 9194 3443 5688 1353 1704 1773
3298,3288 3328 3826 138 4636 3398 650 8558 3348 4905
3299,4 1503 5360 7390 13603 9062 794 3441 476 466
3300,1166 1535 2820 2742 3464 2815 405 404 3465 12426
3301,9990 3142 6132 3190 10797 9490 243 5624 8937 1610
3302,7846 11590 12136 169 10151 5984 7849 7848 712 7847
3303,5490 4780 13604 1614 8431 6054 8070 6689 5488 5489
3304,11335 11331 10010 13605 11327 6515 2832 7672 3604 11338
3305,5173 7420 2057 176 3258 1219 2448 323 794 4821
3306,13606 13607 2291 1349 7380 9591 1350 2412 9051 4090
3307,3222 794 11727 176 10452 2448 467 1450 769 5155
3308,2628 4315 2630 4596 1146 1145 1011 15240 9553 72
3309,4339 11967 5914 7183 14481 14499 7328 14969 14486 11642
3310,11262 4334 278 4075 2942 891 10548 4283 6223 5235
3311,2375 2371 1357 11347 2014 1354 1778 6360 2369 3083
3312,13608 13609 3716 8698 8085 9074 13432 5328 3717 12182
3313,1011 4139 4599 5848 2871 9645 4596 10575 1862 9626
3314,9682 908 6181 6171 11912 399 4371 13391 11773 2400
3315,7247 203 10984 4790 7681 15038 4020 6437 205 12027
3316,12172 13613 13614 13611 8278 13612 5628 14262 14892 11470
3317,3500 1779 9192 6362 1320 1319 13052 1778 4060 2371
3318,150 11813 2037 4342 2038 9545 1869 12921 1750 2767
3319,8872 9050 3948 3879 5789 6474 10432 2068 587 8836
3320,2130 9042 10362 10174 8591 12015 2129 1367 9043 5508
3321,13616 13279 2830 9212 13615 12850 455 14065 14172 7826
3322,13618 2305 2152 1805 11809 4756 1444 11050 4352 687
3323,13619 10724 13589 11943 14818 6224 6274 6626 7735 4649
3324,9079 2797 8489 8215 1536 9078 9077 9076 3721 2795
3325,11471 9848 3782 11218 8246 5835 4901 6537 3665 4910
3326,10918 13620 6286 13256 6754 13527 14031 1883 10429 9798
3327,1855 12296 2534 7516 8444 13884 10414 5325 4925 773
3328,3085 6847 5686 4134 5688 3084 1011 2881 7077 2016
3329,2820 1166 13624 405 2742 3465 2614 12426 1535 13622
3330,2779 770 5981 3709 6645 4216 6526 3702 6053 2103
3331,2820 2742 1532 5999 2614 3465 6353 13235 405 1166
3332,5155 437 1656 3222 3277 3223 2139 769 1803 2711
3333,1684 7385 970 286 1758 10417 14443 7145 816 4285
3334,7428 8816 15207 15206 5527 11764 11763 634 3916 769
3335,1177 8291 2984 8788 4457 6613 6531 2846 10868 8294
3336,13627 8860 11948 14465 5369 14168 7993 5365 8859 6378
3337,2820 13629 1532 13357 13323 2614 13628 2742 1166 3465
3338,1892 13630 1804 1894 1893 1895 1896 1891 6749 3908
3339,1011 11347 2888 2995 11816 2372 2375 2379 12734 14283
3340,8164 10992 4605 5367 4133 4137 4597 7057 10098 1357
3341,9829 13631 6068 13634 9830 8613 11472 11779 4124 1040
3342,5711 6511 4633 4171 9652 13632 8124 7879 1938 1746
3343,1354 2375 2371 1357 2374 1355 1778 2372 2369 2370
3344,11875 2729 5255 11006 6763 2723 2900 9086 6071 4369
3345,7948 8116 6168 9809 7571 1844 12223 1665 6240 1847
3346,3083 7784 12642 2886 6321 11851 4687 1011 4688 1317
3347,9829 9495 11472 11779 13634 4388 1040 12158 13904 13073
3348,7401 8210 8649 7754 11372 1846 8650 6172 7253 14666
3349,13209 10630 5845 5846 1011 7077 4743 6739 12915 11000
3350,8808 5344 13635 6571 14877 14328 5193 12501 2614 10041
3351,788 13637 13636 2166 268 5884 1447 4788 6236 10839
3352,6483 11408 7539 11407 8605 11409 2397 637 2725 7019
3353,6623 4068 7629 10729 9225 6185 4531 7628 7940 7627
3354,13639 12131 11964 10269 1767 4388 6226 6225 3070 10970
3355,13640 9856 6499 6161 2983 13798 9306 6244 6785 6167
3356,7630 703 11131 13370 990 956 1729 13585 10059 10907
3357,13642 5288 13641 12439 13643 14356 14752 14040 14355 13741
3358,10000 1795 2984 12930 13251 1177 9395 13644 13645 13255
3359,8078 7407 10558 3661 12583 6489 12582 2421 5754 5607
3360,1354 1357 6553 1355 9235 10365 2014 2378 10366 2369
3361,7899 1260 1896 2848 13170 9229 7893 3997 1261 7262
3362,11347 2379 2372 2375 12739 11816 3083 7215 14283 2371
3363,2742 2820 2614 1165 5998 3465 2815 2741 405 1532
3364,13646 10981 14067 5431 14156 2630 12101 3050 10983 10982
3365,6849 10764 11407 8605 2437 11408 11710 6483 3877 13542
3366,2869 12334 13605 13223 3774 8153 6364 1826 13238 7425
3367,2741 2817 8907 13203 2742 12198 2820 6120 8827 5998
3368,1392 10734 1313 9053 3676 11926 2215 6876 11298 14070
3369,3083 11347 4687 2375 7784 3084 1357 4132 1721 2371
3370,12131 10867 3859 1269 13639 1366 6618 11310 9826 230
3371,13649 11876 6012 11646 11972 11915 8817 193 11644 3501
3372,5096 9024 9337 3613 5137 3405 13317 4122 9349 11481
3373,13082 8809 12500 10041 12505 10734 6571 12884 10733 9795
3374,2820 1166 3464 1535 2742 405 3465 12426 2614 1165
3375,13653 13652 15197 11105 11781 14365 1114 5923 11177 11009
3376,9623 13655 1555 7648 13654 13068 7469 12155 7515 13405
3377,1001 2870 13076 10818 1002 2996 7062 3079 2869 1011
3378,344 13656 13657 7747 638 5558 15265 5556 5557 11289
3379,13597 13658 716 3877 13542 6849 1713 6944 10584 13596
3380,1826 3843 2876 4416 3844 6364 1777 4414 4134 2869
3381,2820 405 1166 13648 1535 13203 2742 13661 2814 12426
3382,13662 1776 8822 1887 1888 9664 1723 6734 1010 10199
3383,13663 5256 5104 5103 5102 5101 5100 5099 5098 5097
3384,6814 13664 7090 4712 7386 13437 9878 2245 8802 10651
3385,2869 3083 3074 10461 3688 13665 10857 1354 1003 4687
3386,9393 8055 13666 8021 7085 8054 4971 1119 9392 4446
3387,13667 13025 5890 10104 5975 3097 13026 2900 12421 9588
3388,13668 5997 3672 279 6600 14959 2857 1707 4169 6602
3389,13669 1336 13654 4361 7860 14178 12879 10195 7530 4587
3390,4608 4136 11777 6737 8158 8165 4139 10367 10574 10576
3391,1323 12426 3464 2820 1166 405 2614 2742 3465 1168
3392,13673 4048 926 9125 13924 13647 11554 12659 708 4446
3393,9204 9315 7671 10711 1834 11045 5595 7124 7631 10332
3394,2157 10015 12096 2314 2426 10016 11965 2026 13318 2493
3395,13675 13674 12872 9594 6083 611 10893 13595 5790 6701
3396,6622 6623 11227 9805 11912 6476 12566 13892 2979 2108
3397,7552 13677 13676 3945 227 8553 3543 9171 6858 12730
3398,13547 11765 13678 11021 13679 3265 11152 11763 13549 11764
3399,10067 12660 12073 10070 12661 12664 12663 12662 12658 1714
3400,13682 9407 11022 13684 9084 13681 3483 13680 13683 2010
3401,2375 1320 1319 1778 6362 2371 6361 1779 4060 6363
3402,13034 13692 13688 13689 13687 6841 13686 12235 13690 13691
3403,13695 5818 3961 6886 13694 3763 5613 6235 10256 14138
3404,8021 11358 6058 13696 6761 9239 9393 8054 8055 5244
3405,5130 2924 3655 2925 2927 2926 1747 2916 2928 5134
3406,12890 13600 13377 13698 12891 12719 13596 13599 13253 12459
3407,13699 2834 11194 11473 113 10820 9359 10662 5096 13342
3408,8809 10734 12884 10733 13082 12500 8808 8806 12505 10041
3409,1880 13082 10734 13413 8809 6868 13129 2739 2206 23
3410,1354 6361 2371 1357 2891 1355 2369 1320 2375 1003
3411,13038 1535 405 1529 2742 5998 2820 1323 13271 6000
3412,13248 10525 13701 2614 10523 4516 6000 3465 1535 1532
3413,5431 10981 13646 10208 13959 5405 7229 5435 3384 14156
3414,1001 10627 5846 4743 8542 10630 13209 5845 7077 7215
3415,13703 13620 9708 9358 2805 8899 6286 7309 1884 10918
3416,3415 6733 8822 1887 673 9553 9755 2879 7102 9552
3417,2888 12734 10556 11816 2995 11347 1354 1011 13785 14347
3418,13571 12044 1609 4998 2921 643 12546 2428 7718 4973
3419,13704 12250 10226 6349 6622 3424 1662 2438 12890 11648
3420,2741 2742 6416 5998 2614 2743 10207 2744 12425 1165
3421,13230 13706 12861 9327 9510 9325 9326 633 4083 12496
3422,10499 2916 1481 1489 8853 7695 10132 13199 5346 1487
3423,1001 12349 4600 3694 5531 6552 3667 4413 1002 1321
3424,6060 2437 13141 6059 7539 7815 808 7255 7540 10624
3425,2741 12426 2820 2742 12425 2614 405 13248 5998 1323
3426,4381 13709 11774 261 1524 11610 13641 1560 2839 13035
3427,169 3097 10744 2950 4559 4322 7046 8667 593 356
3428,4037 12332 13711 4035 1317 13426 13981 1011 13556 11598
3429,2869 3667 3074 7065 3416 10754 1826 3666 1003 2891
3430,8647 7481 8318 7878 12925 4459 11780 9395 7796 8612
3431,13712 13713 8850 12348 8849 12377 4607 8167 11624 9645
3432,11943 6626 10001 10343 13714 8003 10724 6274 6289 11793
3433,2820 2614 1532 2742 3465 1165 1166 405 12426 12746
3434,1011 6364 3082 1013 8477 12736 4626 2889 3080 12756
3435,13715 6883 8032 7172 7878 12718 12694 14533 12466 2860
3436,13231 274 13716 273 13131 271 272 5123 13879 270
3437,10572 12327 12621 589 286 10571 2101 1103 3723 5397
3438,12805 3676 10078 9320 9321 9245 140 6310 3973 7249
3439,2820 2741 12426 2742 404 1166 405 2815 2614 2814
3440,13116 12482 13719 13718 11312 12557 12038 13934 1897 5492
3441,12905 12906 12903 11286 9517 7986 12904 5430 14007 2614
3442,7346 7006 10641 10390 2490 2559 837 5623 3635 8818
3443,13721 4892 13720 2087 11543 11368 1635 8663 11714 11367
3444,4238 13722 11953 4245 4203 4194 4227 12406 2779 4235
3445,10097 9853 7656 6809 1726 5450 1719 4420 1721 9193
3446,2262 6296 3142 5958 9954 9468 5541 4579 495 169
3447,2489 13724 4969 2124 7519 7925 13412 478 8801 9901
3448,11344 9127 12931 13725 1560 12693 12486 9659 3428 5743
3449,404 1166 2820 12742 1532 405 3465 1535 12426 9784
3450,5569 13729 10277 8058 13728 5405 731 13058 4438 9199
3451,1533 1532 11897 13730 2744 1165 4514 14324 8904 13660
3452,5886 3814 13732 10195 4731 7712 9840 11983 1176 5885
3453,1168 1167 13200 11109 1532 3465 11881 12006 12007 8827
3454,2820 1166 3464 2742 405 3465 8526 1535 12426 2614
3455,13685 9409 9410 2009 3483 13737 11186 13736 14888 2112
3456,1136 1145 1146 7099 1721 7215 1722 5686 10751 11099
3457,13738 9032 12647 12646 13269 3604 4639 12844 7825 12068
3458,2371 6361 2375 1778 9237 2370 1320 1354 4060 1779
3459,12959 10756 12954 12952 12953 3540 12960 13979 12957 14414
3460,13037 8964 7442 6371 8780 13612 13740 6940 7347 6722
3461,476 8585 2218 10841 793 466 794 478 11039 464
3462,8882 10481 4852 4352 4455 2626 15140 15139 10135 3069
3463,2375 5845 2379 2371 2372 11347 4060 1778 9853 1320
3464,10445 604 12129 8004 12937 707 2717 8138 4338 13138
3465,2437 7627 8778 4383 8259 13906 6849 7628 7629 10764
3466,1166 2820 3464 12007 2742 1535 13453 3465 405 2614
3467,7680 10307 10302 8046 10306 10308 6689 6596 10304 9169
3468,40 3644 13261 13129 4411 5237 4519 10000 870 746
3469,4139 5848 9755 9626 5849 5847 395 4608 4603 9645
3470,13742 10103 13934 12557 12038 13719 12482 10110 10111 1557
3471,10992 3082 6321 1379 5248 11889 8443 2869 2889 11536
3472,13745 13748 13749 13747 13750 13751 13743 13746 13744 5100
3473,13313 5834 3733 2821 13081 7566 525 12516 10274 4981
3474,12724 10331 13754 3580 13755 2953 10613 8398 794 2017
3475,8215 5116 9079 9574 9078 8216 9077 1536 2662 9076
3476,13757 13759 6623 4359 10810 10107 6528 13756 9971 2417
3477,1937 9650 13763 8059 13762 7745 13761 12148 6620 2108
3478,7057 7785 11890 4687 1011 1719 3083 7427 10953 2869
3479,4169 9230 6514 2861 3672 1707 7689 9656 586 5664
3480,12719 13600 13253 13766 10982 13596 13377 13698 13599 13598
3481,12850 13885 1381 326 11366 14538 10265 5267 321 313
3482,5713 7744 10122 13358 990 7746 4836 4964 9682 6187
3483,12857 2130 1383 32 8504 8382 13294 10140 2185 12793
3484,8152 13573 11578 1776 3693 3072 1721 11528 4138 4407
3485,2435 2436 2432 13769 2434 13120 13768 10145 8229 2433
3486,13406 13770 231 4667 10867 7722 11147 4666 14533 230
3487,1354 2371 11777 2375 2374 12874 7427 4687 1357 7076
3488,13774 13773 1872 13772 2295 13775 13407 7814 12550 10316
3489,323 3736 6577 4085 11759 3534 6220 6046 11477 8798
3490,13777 3491 13776 13778 8115 13779 2050 14109 13610 11642
3491,8899 11096 13064 13063 13780 10959 14041 14796 9358 2793
3492,13782 8462 8516 6129 14128 8176 2230 10653 14344 9341
3493,12986 6498 1893 6546 13709 10869 2906 4017 1896 6499
3494,2624 9194 6810 4134 1777 7216 11808 1136 11569 11102
3495,11719 7125 7116 12139 12140 116 7132 3022 7559 3751
3496,13783 9820 7910 10102 2240 6831 10458 5122 4353 1304
3497,8396 10256 2061 1071 7978 2058 12051 3213 10421 10463
3498,8655 13784 11819 10639 6066 2694 550 12771 6311 11022
3499,1320 10627 7077 13785 10461 12209 12735 11000 10569 6363
3500,13787 13792 13786 13790 13791 10997 13788 11806 1775 13789
3501,13794 3187 13795 9583 13793 1175 9205 13550 2760 13046
3502,7659 10982 3862 10445 3864 7744 230 9228 9957 7489
3503,13797 6777 10553 13607 13258 8170 2658 12622 10634 275
3504,3943 4286 239 13889 3662 4962 3148 250 6826 8715
3505,13803 13801 13800 13802 10079 11680 10605 1634 7757 8629
3506,11042 5409 11040 11039 5556 8585 13402 11038 12187 134
3507,13806 13807 13805 2951 13804 3333 9306 9208 14120 1328
3508,13815 13811 13812 4056 12992 13810 1996 8629 13814 10079
3509,3896 13819 8087 14775 8093 9558 4594 14770 10976 4356
3510,13820 13821 5579 448 9576 13066 4252 2953 8105 6332
3511,9752 13185 4139 6806 7427 9645 8847 1011 6810 8000
3512,7365 12430 2105 11064 10167 3468 11551 2210 11584 879
3513,1523 7233 3428 1119 3857 9393 11690 8021 4971 1122
3514,11340 7101 11325 14345 3413 3414 10750 1720 10752 11056
3515,6849 3877 13542 13597 716 4434 13823 6095 10584 13658
3516,13824 5079 3267 3266 9390 3268 3016 1967 2468 3361
3517,2707 12669 13825 13890 4797 475 14878 9216 4497 4865
3518,1357 7554 6432 4598 6446 1354 7427 6553 2014 2371
3519,611 10421 3213 2061 12051 11936 11939 11937 15020 11938
3520,2588 5555 3701 2349 8668 4015 1733 2342 1282 3773
3521,7760 667 5838 2350 11291 6560 7322 975 9143 10247
3522,10715 13827 1509 179 7117 7122 1588 7775 12165 13826
3523,405 2742 2820 404 1323 1535 1166 2614 1532 3465
3524,10636 6472 1486 9613 1652 7828 83 7463 5161 7654
3525,5215 187 4636 2037 4991 7561 5633 3319 5821 4884
3526,13830 11872 13829 13828 2650 1673 876 11871 7941 10943
3527,1181 5502 12201 1101 12337 3811 11920 8411 3405 9024
3528,13831 9245 2246 1035 5632 1017 348 2137 1045 7193
3529,742 7727 13177 2543 9164 9771 12100 10132 737 13080
3530,5515 13832 10126 13487 5514 15026 476 2301 14281 8409
3531,13833 13835 6168 9950 3669 12354 1615 13834 6296 12793
3532,9519 13836 4875 13312 3257 4350 2598 8427 22 10210
3533,7827 12680 2842 13837 1557 13279 13778 12926 1933 13278
3534,5264 13563 2657 5265 5174 2013 4021 10581 8005 6771
3535,6097 1784 13840 7674 11650 6499 13839 9941 6498 10506
3536,13564 7230 9768 11908 13842 7656 7704 13841 8030 14533
3537,1126 3428 12947 13843 13844 8016 5249 14692 14533 13770
3538,13845 13116 3858 8688 12859 13846 12715 9371 14177 9695
3539,2820 4515 2742 2614 405 1166 3465 12426 1532 1535
3540,13847 3174 8778 3160 11379 5023 8239 3975 7350 7005
3541,11718 1368 3749 10459 5047 8999 14560 14851 13015 3960
3542,13337 13390 3587 12797 7703 15268 3588 3585 3586 14810
3543,13848 13617 13278 13537 13725 9555 13654 5695 14593 11620
3544,11366 6657 13885 692 14915 6658 5267 14486 12850 2282
3545,13850 10730 2959 5998 13439 1331 10731 12667 3403 1529
3546,2130 4024 85 10889 11972 2543 2466 5187 2551 1289
3547,4132 8166 5667 10988 4687 1772 4688 12726 2869 13270
3548,11090 876 12019 6087 2278 12361 12670 3579 994 3578
3549,2614 1323 3465 2820 4516 2742 1532 405 5998 12426
3550,5998 2614 2742 2741 1529 2820 405 3465 15152 12426
3551,1354 1357 1355 2369 2886 4141 6550 2371 8163 6551
3552,13705 4404 3789 8256 678 12219 9371 3858 8259 8251
3553,466 7551 10531 6870 705 8457 5271 3242 10670 8401
3554,9077 3275 12171 9076 12615 3274 8902 9078 3721 1536
3555,10918 13527 5517 6063 13399 12998 8663 5634 1886 8416
3556,5673 13852 11120 10217 13878 14459 14996 2887 12551 886
3557,795 2933 736 1219 9390 466 3033 794 2781 7516
3558,3811 323 2232 780 10884 7970 774 3290 4000 2520
3559,2869 2372 2380 2379 2375 11347 14736 9853 1354 4609
3560,4424 2760 53 12031 14163 100 0 771 3222 13794
3561,7249 13854 12070 1324 8731 7229 14800 6415 2742 405
3562,602 603 13856 7250 7104 7585 8432 7643 83 10183
3563,620 1429 621 8230 4455 9714 6379 5907 13706 12496
3564,13865 10778 13857 13866 13869 13874 13870 13871 13867 13868
3565,4594 4641 4884 7561 6795 7559 9558 9559 6797 4644
3566,8239 9661 13204 7350 13847 9807 72 7934 9880 7260
3567,12850 12404 1317 11890 4687 2869 3044 4688 8166 10992
3568,1721 10716 12334 5367 8152 13223 4407 1145 1155 8164
3569,7911 2080 3055 10650 6560 8693 10247 7186 5163 3807
3570,5360 7087 618 5541 6834 4726 1104 846 9314 8577
3571,12617 12171 11211 10789 8759 5370 13877 9566 6412 12619
3572,1836 5594 4191 5592 15181 127 209 14162 1204 5593
3573,6597 4696 10809 6598 1592 2267 1936 4848 3651 1191
3574,1513 2432 10716 6181 6246 10842 2433 9443 4668 11622
3575,13878 11120 5673 2887 12756 14226 14459 14464 8477 14678
3576,13879 716 9892 13597 13716 9895 13131 7264 10584 9894
3577,611 10421 383 11936 11939 11937 11938 488 6825 9781
3578,13882 6685 12263 5353 13881 6257 10914 2654 6170 13880
3579,3135 4406 3201 3183 242 6575 4482 11139 6375 5341
3580,1918 9282 9904 9284 5309 7726 9920 7732 2559 10140
3581,7401 231 8144 11568 4480 6506 4073 13950 5638 4948
3582,7409 9843 7541 4629 13177 14174 14507 13986 14173 8218
3583,626 4966 5709 9365 8397 5113 15100 10337 5377 3982
3584,1011 4132 1721 4687 4407 4688 13573 4138 8152 7057
3585,1896 6909 7466 6616 7892 1946 6949 14729 7455 33
3586,7516 13884 4925 9390 795 4769 3033 5082 2534 12296
3587,13885 5267 11366 12850 14491 14479 14488 14506 5266 14496
3588,13886 9060 3444 11836 4003 1250 2072 4408 253 1949
3589,649 8146 1205 3621 319 650 12776 3628 342 11864
3590,5788 6778 1115 1855 7292 11913 12720 13196 12296 4544
3591,12945 961 9880 9893 9966 661 966 11140 9879 938
3592,3823 9804 11622 10446 9659 8209 7259 8035 6945 231
3593,405 13200 1168 1167 2820 12007 1323 2742 2614 3465
3594,1721 1136 4037 4036 1145 1146 11325 4035 1317 12548
3595,1166 3464 2820 13576 1535 405 13650 2614 404 2742
3596,3085 2881 5529 12736 12377 4607 2869 1318 2889 4603
3597,10038 10039 6217 10037 10036 11314 7915 11313 3097 11759
3598,4350 578 8397 13312 4025 6077 14419 6178 2453 464
3599,12459 1176 3943 4333 7705 755 11603 8844 5886 11983
3600,1513 9227 9443 13369 6181 2432 786 13884 6246 10716
3601,1746 13888 1938 1748 9652 4358 2908 6118 1747 14275
3602,2742 405 5998 2741 2820 2614 1535 1323 3465 1532
3603,2707 13890 13891 15276 2154 15255 7128 12669 1367 8413
3604,6622 13892 2979 13893 2108 11384 6476 1864 8575 6619
3605,13838 5516 13895 692 13894 12340 14114 14208 5521 14472
3606,142 11751 5544 9882 1686 476 3740 6046 8129 10176
3607,6670 12864 13530 12863 10467 9290 4381 1560 13725 14085
3608,10121 11019 13899 7688 14223 14106 6346 14160 12134 2058
3609,1354 1355 1357 5686 2369 2371 4141 1136 4138 1356
3610,9015 13900 13040 13114 13039 10917 5331 7545 3824 14075
3611,1119 1127 8021 7643 13715 12948 284 13536 8410 9393
3612,7215 12332 10088 11347 2869 1136 4134 1771 1011 7427
3613,4357 6548 1327 6897 7980 6549 9838 8786 7967 3261
3614,13902 9587 5105 5104 5103 5102 5101 5100 5099 5098
3615,13903 5335 5625 1263 5471 13429 4787 657 4345 5584
3616,1222 13905 7936 4358 13998 11711 1837 4670 11241 9495
3617,13906 13630 7627 1985 2928 7746 4836 1892 5522 3470
3618,2928 3470 1985 13906 1747 2925 2927 2926 2916 2924
3619,5365 13723 4698 3403 560 5367 15264 4137 7057 7249
3620,7533 4442 5114 5500 3260 3984 4585 426 1188 14289
3621,7469 1862 12547 1011 9623 9754 6542 8151 6245 13981
3622,1317 8164 4605 4687 7057 3001 6364 9751 4133 4132
3623,4126 5639 7771 4841 5170 5163 3921 2118 15100 12634
3624,13103 13104 12521 13102 267 11783 14182 7827 265 12611
3625,11303 10764 8843 11144 11129 3753 409 11690 9442 13564
3626,9880 966 961 9879 4086 967 938 4589 2442 12760
3627,2067 13000 1394 6822 12311 13995 2294 2290 794 13001
3628,46 873 557 1785 2314 4474 4282 6214 1963 2306
3629,10359 10356 13735 5195 3945 11627 3262 5176 509 5361
3630,8226 11871 6942 3393 5622 3391 380 13908 10880 12817
3631,2741 3046 2742 6416 3045 1529 5998 2614 2743 10207
3632,7330 4813 12336 4884 12185 4823 3234 9493 7326 3239
3633,5879 10154 9971 7410 2426 7704 10152 10147 10153 8842
3634,6360 2369 1355 1354 1357 6550 2014 6551 9851 2371
3635,8376 13909 3485 9532 1499 146 5455 1865 8667 6453
3636,8472 13384 575 2288 2661 5955 4375 3982 9199 10729
3637,3043 3468 10267 3044 1752 2560 11975 2270 4865 5132
3638,7725 1419 3727 11642 11193 6306 12706 198 5836 11198
3639,8477 4608 11850 4136 10368 10574 9647 10576 5839 6737
3640,10627 7098 7099 10994 10628 11382 10995 10991 11000 10989
3641,13753 7798 11035 3403 2135 10124 14395 1633 9321 5809
3642,1011 9236 3083 11321 10365 7784 12282 2371 2373 4138
3643,13912 7124 11444 1589 5219 6877 8500 7006 101 8073
3644,7427 10199 5687 5447 10899 2870 1011 7554 4134 2875
3645,4235 9715 3358 1796 3528 2697 4238 8704 3713 3712
3646,114 7122 10430 13913 12710 3111 1055 10100 10631 13135
3647,8553 7394 12714 3307 3201 7552 3543 3135 9171 7104
3648,9077 9076 8105 8090 13914 13821 5228 9078 9079 13915
3649,12479 4273 12557 5282 11769 12038 2268 13719 4596 561
3650,6284 12904 8909 14744 2086 8910 8911 8912 8908 6415
3651,3012 13528 7903 13916 3011 2015 13222 8825 3775 14622
3652,1003 2891 3667 7065 1354 7078 3688 2875 8477 2371
3653,6577 1442 4500 10859 2774 3509 15113 101 13071 14898
3654,2741 8526 6352 2742 11755 6416 2614 13932 5998 12426
3655,6173 5145 7174 11134 7415 11218 14511 3549 6476 4976
3656,5341 5250 4406 13918 4333 505 7174 4244 2423 13543
3657,7927 8245 1952 2140 12201 6075 5632 13919 11242 6074
3658,9784 11122 1532 2820 3465 404 11121 1166 13354 8904
3659,4085 1660 216 1993 3222 14861 585 4766 651 11759
3660,6836 9260 13805 13913 9209 12428 13920 7509 9227 1026
3661,13922 11024 5881 4794 2284 1263 10033 13921 10005 1632
3662,6725 10863 12885 6717 693 8517 6719 13593 9704 12281
3663,7101 1709 11056 10752 1828 1720 4603 10097 13911 10987
3664,6411 6296 370 8490 794 11759 6293 3964 6294 1219
3665,10694 10677 13924 12814 13923 1129 10085 10695 5805 11554
3666,8526 2824 13926 11755 13932 15096 14331 1166 12426 13353
3667,1166 2614 404 2820 3464 5193 2742 3465 1532 405
3668,679 10591 13927 8350 3943 2538 3177 46 4297 9474
3669,5379 10361 2986 13930 13928 6118 1746 4754 13929 5365
3670,8164 4605 4133 7016 7015 7014 15238 13665 4287 859
3671,2742 1166 3464 2820 2815 2614 3465 405 1535 1165
3672,8338 225 8329 8328 8341 8331 8330 8332 8327 3634
3673,2442 4589 8814 8813 966 4590 9879 967 9880 12761
3674,5586 8606 5467 10400 3372 4879 8952 2240 1648 2408
3675,2741 11755 13932 12746 8526 2742 13931 6416 2820 2614
3676,13933 4963 5561 10529 4964 4350 7239 9505 6495 4474
3677,1557 10254 7662 13934 10103 2992 10104 13742 14039 14890
3678,1866 7144 3846 12809 12577 10843 3688 1354 4329 1003
3679,6148 6156 6153 6700 6147 6154 6151 6155 6149 6152
3680,2139 9286 11258 1207 896 3575 1072 612 8500 7044
3681,8999 3019 13891 15276 7121 2154 7128 15255 1367 15148
3682,476 13935 1686 7768 1831 5544 466 1984 794 478
3683,3176 10968 10566 951 8567 9024 7373 4813 11364 15228
3684,11700 8740 5273 1728 13937 6802 5294 7402 10981 10100
3685,715 153 2497 10290 2575 8792 12404 4293 7052 11241
3686,12854 13939 13133 8985 13938 12856 12855 11555 383 9694
3687,2342 11551 4259 2282 8618 6119 1282 2588 3941 5169
3688,2742 1323 2820 2614 405 3465 1165 13327 1166 5998
3689,10373 10372 12165 155 10371 9955 3595 4396 611 10370
3690,8971 4353 1803 5956 9061 3134 1732 618 8742 10340
3691,644 4808 10338 643 642 6346 645 639 4945 638
3692,11642 8885 8115 9650 11877 9836 5452 10473 8030 7747
3693,4924 4423 10061 6576 2735 2225 7299 7775 4353 2333
3694,1345 11821 1346 7334 7333 3892 12167 7508 3317 4357
3695,13587 13940 14826 9055 13414 8370 15061 8369 15062 7124
3696,12577 7144 13177 12809 13078 1866 14311 7264 13770 4629
3697,11112 1533 1532 12271 11524 13188 11752 2820 2614 12426
3698,13943 11888 2730 13942 10109 6397 13122 13046 6393 478
3699,13945 4654 7556 8088 13257 11716 9959 13944 8238 6101
3700,3699 2057 7758 1503 7372 4924 9921 6899 392 7697
3701,11410 10131 5570 14154 7236 529 14444 10731 8713 10529
3702,1379 8443 10992 5248 11889 10818 2869 4413 1719 1001
3703,11366 10468 11853 11604 11605 11588 12010 13634 13948 8227
3704,11099 8536 10819 1136 10627 7095 1354 1145 8539 8538
3705,3055 13952 13953 1367 108 3019 7123 44 11045 7132
3706,13894 11574 2705 5666 380 1206 9492 1684 1098 10237
3707,2739 3043 10279 7249 71 381 12666 3044 6868 1752
3708,8514 11857 13955 3874 12904 4073 4048 5896 7630 1346
3709,5112 13957 2354 13113 4292 6104 15179 2859 5103 5102
3710,12850 9790 8356 13885 4430 715 12716 13958 10112 378
3711,7229 10208 5405 5431 13959 15199 8058 6352 10865 14387
3712,2742 3465 2741 2820 1165 2614 1532 404 1166 11112
3713,9682 7107 8968 12082 9805 12566 6476 12567 12846 6244
3714,10009 10008 7646 5775 7527 3611 10548 4792 11204 8932
3715,13191 8114 13961 6226 4962 9841 1700 9804 13208 6476
3716,4962 10490 13841 4753 5355 9288 10489 9782 6729 6544
3717,12460 13962 11007 10714 6262 9104 10363 9103 4948 6782
3718,13845 3541 9695 13846 2865 1942 3088 5605 3231 8966
3719,2741 4516 2742 1534 2614 13561 5998 1532 6416 3465
3720,1684 1758 5414 3181 5773 834 7930 5092 12167 769
3721,1357 4135 1354 9646 6553 2369 4139 1355 2014 8164
3722,10729 5639 3852 2032 9180 3849 3851 11219 7986 13584
3723,3465 2614 2820 2742 1532 13482 1166 1323 405 6417
3724,2820 4515 10206 2742 360 2817 405 2614 1166 3465
3725,13767 13239 7107 6943 12860 7889 11988 7935 9827 6240
3726,2371 7554 2375 6553 7015 7014 1778 9853 1726 9625
3727,8318 7878 12925 12038 14134 8532 12718 14135 617 13765
3728,8226 5363 12286 4775 9510 11871 5622 10625 380 3109
3729,13964 13966 13965 13967 13963 13707 6751 632 5917 5904
3730,4450 13968 8122 13566 5788 4448 14153 9657 10009 4449
3731,12417 8295 13969 6269 13975 6268 13018 4352 7868 2664
3732,13548 5964 13972 13970 13971 6589 5707 7532 13726 9806
3733,12135 6835 8004 8859 1877 4410 7999 13759 14623 6838
3734,13681 576 13695 553 13262 9407 13737 13365 366 5732
3735,10780 13973 379 1160 2546 9476 9496 2496 9000 14617
3736,13974 2636 13969 13975 12601 4909 12612 2567 4714 13809
3737,10780 2546 3676 2496 9476 9496 9000 13973 379 2527
3738,11192 13977 1951 10904 4888 12770 5712 11149 14299 14430
3739,11038 8142 67 10654 12405 767 11647 12971 13402 12970
3740,4132 8166 6809 11777 5447 2875 10199 7554 4687 4138
3741,4403 9625 10069 12917 13519 4139 7554 10068 11910 3083
3742,6392 13980 13123 13979 13942 13978 3265 6389 14420 12879
3743,7215 5449 7218 10627 1771 2869 12332 2881 1136 3443
3744,7784 4624 12642 3083 1011 13450 11851 4687 4688 11768
3745,1354 1355 2888 1357 2369 4141 1356 2371 2378 11347
3746,13573 11528 4138 8152 3082 13982 13621 11571 12243 4036
3747,2875 2871 12078 7818 4139 2874 7554 4132 2873 1354
3748,8152 1721 13573 8160 3693 7554 11528 1776 8151 4407
3749,1826 3843 4416 10199 5447 2876 4414 6364 15017 3416
3750,12661 1317 12663 12662 12664 10067 12660 12079 12078 12658
3751,1011 3415 5863 5687 7427 1357 4139 673 7057 4134
3752,4138 1719 12929 7057 12349 2373 8541 4687 1011 670
3753,10098 8164 4597 4132 4687 3094 4688 4605 4133 15238
3754,1003 3083 13983 10814 5844 13984 13911 1146 6556 1354
3755,7427 4060 3415 6361 10899 9237 1778 1320 2375 2371
3756,7065 3666 3074 13911 3688 2999 13985 3667 11778 1354
3757,13426 1727 13076 4037 4317 13237 2880 12332 12914 5839
3758,12332 9967 10088 1709 7215 1711 1011 8541 4037 11347
3759,12965 9965 4697 11356 1938 4358 6622 11384 1125 1522
3760,9134 5859 2479 2206 7297 5234 9133 9215 2784 15067
3761,9659 11896 1948 10557 13986 8207 9127 14185 14187 14188
3762,13988 12343 13987 7568 3862 230 231 11786 14528 10051
3763,8999 7121 15148 11185 14163 1368 9054 91 14166 7124
3764,13990 13308 13989 8111 14336 14884 1671 10222 9361 9375
3765,7543 10892 13758 7355 13757 13991 3593 7254 6398 11692
3766,13992 12866 1859 11776 1317 14038 12147 1141 11120 5535
3767,13994 5106 5105 5104 5103 5102 5101 5100 5099 5098
3768,2371 1721 11347 8982 2375 1778 4407 1354 1357 7554
3769,8882 4455 4852 10481 4352 620 10135 4345 621 12939
3770,4596 5686 4688 4132 4687 1145 1136 1011 5447 10751
3771,1522 6515 4170 4697 6513 628 13979 621 1125 6497
3772,6102 13247 13997 9025 6100 9948 1883 6101 13996 13515
3773,13905 13998 4670 14137 9495 1302 13759 14623 7999 12564
3774,1896 9682 4561 9805 12566 6616 6476 7892 1946 6949
3775,11734 133 9197 4182 14001 8390 8012 10982 5053 697
3776,11956 13221 13464 7173 12840 3594 7746 1947 8965 1800
3777,14003 5106 5105 5104 5103 5102 5101 5100 5099 5098
3778,12850 13885 11366 13606 14004 14441 4430 14538 13607 5267
3779,2820 2742 405 7249 4515 2614 1166 3465 1535 12426
3780,8526 13932 11755 2741 14122 2824 1166 12746 1533 13931
3781,3464 5998 13622 13701 13235 1166 2742 2815 8906 2820
3782,14005 6126 1300 3559 9241 5978 5213 98 4023 12205
3783,9340 8811 12764 11917 8621 152 4396 8805 4869 12130
3784,1896 33 4947 1946 11686 13416 7261 7892 1046 10769
3785,7254 11845 5255 10105 6397 2898 2274 11610 2393 12982
3786,4139 11625 5848 11624 1859 11225 5849 4608 2377 4603
3787,6837 12832 12329 3578 12835 12830 12834 12831 12833 3579
3788,9179 12962 6184 11406 9175 9178 5126 9650 10881 9392
3789,4664 6167 4656 13634 1999 947 4765 293 6165 476
3790,12905 14007 5189 12906 5998 10127 12903 11286 2614 9517
3791,11120 5673 9220 5110 13878 9895 9894 14459 2887 12551
3792,13191 6226 6476 9841 9804 11592 4962 6622 13961 12082
3793,12162 14008 15262 11988 572 14206 1491 2108 9563 1215
3794,7083 14009 1702 8220 341 10114 14575 10113 6581 5960
3795,4073 5896 4964 10224 8787 369 11568 12036 9807 5895
3796,4138 673 4039 1719 1354 13573 7065 2371 2373 4132
3797,1011 4134 9192 5876 6705 2883 9194 1826 1778 1779
3798,3896 8093 8087 14775 8102 14770 9558 4594 9077 12647
3799,4273 4596 5447 11712 10199 7978 5686 5282 12479 1011
3800,13544 13459 2979 13044 13541 13545 7085 583 13457 1676
3801,14011 2175 1948 5918 9659 11896 10583 10557 5906 5917
3802,13690 4567 9713 14012 13069 1783 6538 6498 3996 11621
3803,12869 10447 2263 1677 10446 12867 2273 12868 12339 11592
3804,6623 13070 6170 11177 908 2627 11592 6226 14237 6163
3805,9823 5880 2918 1677 7999 13950 14013 12960 10773 10286
3806,12622 3793 6319 5975 10620 7255 7251 3647 10670 563
3807,1011 2875 6323 9645 9628 7818 7554 7427 4693 2871
3808,2742 1529 2614 2820 6352 3465 5998 2741 2815 1165
3809,405 404 2820 1166 1535 13576 8730 1323 13651 2742
3810,6000 6001 2820 13323 13628 1166 2742 3464 12426 1535
3811,3067 13166 10260 14217 10562 8735 2820 12900 14407 3065
3812,2741 7249 2742 14015 2820 13854 5998 405 2614 6416
3813,2614 1165 2742 2820 8892 1532 3465 405 5998 1166
3814,8376 3403 10595 3816 10124 13753 15264 7208 12667 2204
3815,1527 13324 5818 13513 10657 11832 8402 11267 1532 14138
3816,13339 13660 14016 3465 5998 13186 4516 1533 7686 12426
3817,1532 2741 2614 2742 11112 2820 8904 405 3465 14138
3818,4358 7106 13396 1847 2654 1268 1938 6240 13880 7947
3819,2741 6353 2742 2614 12301 4516 2743 1532 6416 5998
3820,1532 1475 2614 11880 2820 11112 405 2742 12535 8904
3821,1475 12535 8808 11880 12501 5345 14844 1535 2820 10733
3822,14017 8610 10672 7442 10671 11652 9532 13037 8964 6371
3823,13142 12026 13733 1590 6389 8978 13643 2946 9997 4748
3824,1443 748 6813 2138 2928 6636 10469 1408 838 769
3825,1050 9956 222 4975 8294 3758 2826 3757 3759 4976
3826,9102 11362 11945 14019 1950 11428 14025 13925 1954 13364
3827,8861 11757 14028 14027 5659 8680 5647 5650 5644 5649
3828,2820 1166 1535 405 2742 3464 13731 12426 2614 3465
3829,8575 6520 2798 2321 12779 12572 10810 6476 6886 1287
3830,4272 6396 9824 7536 10109 9823 10895 12194 2137 609
3831,23 11192 5621 1880 14953 7398 10183 5612 1297 1291
3832,9179 11406 9650 5126 12962 9601 9441 716 6184 8059
3833,8389 6286 14031 10918 13620 6276 11385 7785 14791 12227
3834,13184 11590 4410 13535 5896 4966 12136 4964 560 7846
3835,3465 2820 2614 2742 9074 13007 1166 405 1323 1532
3836,2457 4045 5414 4871 11133 476 5090 5225 14893 1758
3837,5299 1738 2448 8671 133 5528 3552 8404 8580 1100
3838,12499 10450 11075 6883 9229 9543 13979 10244 7518 6885
3839,3749 5180 14032 9789 6329 7489 12363 14916 14917 6335
3840,10407 14034 6818 11688 9958 13400 6819 12366 11425 10967
3841,12029 956 3852 5485 10907 8210 11354 3849 990 3851
3842,4829 11634 8387 13559 14861 11636 11306 11633 11635 4831
3843,10576 9612 4608 10574 4136 10367 13565 5949 540 1422
3844,6162 5699 2849 9810 12718 8016 5385 5701 5702 5383
3845,1532 2869 2614 11112 14029 8904 2742 11121 3465 405
3846,10715 1351 14163 14702 52 8999 2142 7130 7129 13912
3847,2739 49 3404 2490 34 1839 11876 10278 1880 3403
3848,1317 14038 11776 12866 13557 4687 13992 4037 4688 1011
3849,10845 10844 13001 12645 12677 9652 8085 13666 12495 13000
3850,3667 7065 1003 2891 7078 9536 1007 1009 3688 4600
3851,9784 2365 360 1532 2820 15093 4515 13354 2614 404
3852,13617 13278 13654 5695 9555 14593 12928 11620 13848 3582
3853,7285 2100 4235 3713 3210 9048 6025 1732 2806 1754
3854,12149 5104 5103 5102 5101 5100 5099 5098 5097 5096
3855,384 1409 4393 388 375 389 387 385 377 3973
3856,14033 5105 5104 5103 5102 5101 5100 5099 5098 5097
3857,3996 9824 10108 11293 13768 9398 1896 7432 7869 6498
3858,10205 6510 11849 11840 11841 11842 11839 6513 6785 9808
3859,13641 3428 14040 13642 14086 5288 9256 1561 14087 13725
3860,4445 9435 4444 4443 5107 5106 5105 5104 5103 5102
3861,8761 7333 7334 3892 6940 5571 2614 8489 9123 529
3862,9932 3095 8203 8868 13042 4147 4411 3534 3691 7140
3863,7556 8592 1885 10036 14041 2610 1958 11362 9158 2611
3864,10080 8582 3572 11040 6136 8089 2087 6139 13915 3462
3865,1916 2372 11777 2375 2379 7358 11347 1915 4036 12896
3866,1535 404 14044 12743 1166 13672 2820 405 2742 1323
3867,12290 8629 12289 13914 13381 12292 8638 8628 12293 12291
3868,14046 14045 640 11635 13957 5651 6281 15179 10168 11633
3869,10224 14047 14048 10220 6059 11869 4748 12880 6060 11796
3870,3793 7532 7536 3591 6398 13796 7539 4272 7543 7534
3871,1532 2741 6993 8402 13234 13200 2614 12006 2742 8810
3872,13839 9841 10150 7524 3591 6061 8240 6494 1467 14723
3873,4962 4753 10112 13196 10785 3669 5639 7643 7649 2060
3874,4497 900 8677 102 5338 11142 383 10021 779 6638
3875,7825 1894 2899 13738 9032 3568 1895 9202 9698 12173
3876,908 6782 6170 7935 13880 4948 3671 11912 6240 13962
3877,9308 7147 6356 12079 12078 9302 7215 4311 14445 15156
3878,13615 7214 10924 13534 7669 13616 5882 1873 7213 1677
3879,8251 10412 4570 2065 3751 1112 8259 8580 12512 3800
3880,12427 7118 14049 11444 7114 14163 14555 7111 4426 58
3881,13715 12622 13696 1874 9973 13139 13887 12864 11911 7934
3882,9226 7629 9841 9842 10122 9225 6253 5897 1840 7628
3883,5299 14052 11258 14053 13851 8747 14054 9607 11706 7730
3884,5163 14055 10050 10784 8870 4045 102 7854 8513 2288
3885,7920 13438 3041 8857 3278 7856 7622 7514 2709 252
3886,13697 8320 14058 14057 6403 12984 3446 10432 11658 1472
3887,4814 11716 5824 3317 8544 3835 5834 1295 13944 12647
3888,14061 14059 14060 14062 273 6852 316 5945 337 274
3889,1201 1578 3254 6516 7197 5090 2457 4219 1766 4868
3890,2614 11899 1532 2820 3465 5998 2742 11441 12186 1323
3891,873 9249 4821 7310 14063 2324 3222 686 2448 794
3892,9784 2820 13354 2614 1532 1166 3465 405 1323 2742
3893,12009 10255 8423 13387 14064 5783 6854 3070 607 2683
3894,9074 5328 11942 8698 1882 13002 8386 5327 5326 3482
3895,12519 12263 14065 13280 13279 12926 13068 14531 9556 7660
3896,14066 12967 10979 9772 14797 13462 14781 12617 8899 13063
3897,14067 2630 13646 14943 14536 10981 2629 2628 5091 5092
3898,1011 7964 14069 13225 5687 4134 11537 7784 7057 7427
3899,14071 12091 8543 8363 14783 11200 10456 12253 12999 14076
3900,4809 9448 4275 4274 6944 8518 9823 11733 5793 2287
3901,3296 724 2080 2676 5185 4369 4297 12127 11830 9475
3902,3072 14072 7073 5690 12209 9850 3071 2379 11924 2375
3903,14073 12153 2698 6815 4318 2407 5611 1369 5275 1371
3904,14074 9015 14075 14077 14076 13813 12841 13900 14783 10917
3905,11447 2924 9849 5134 4045 2955 5175 296 8266 1195
3906,323 12331 9251 11836 9148 12034 11012 13781 12629 1994
3907,1317 7218 1777 1826 6364 2881 12630 4687 4134 3442
3908,13361 8739 15167 13306 1636 14798 14451 11944 11544 1637
3909,4355 4406 292 494 1199 5140 12204 5622 1735 5773
3910,9472 13715 162 14951 4162 9054 8999 14166 12622 8032
3911,404 1475 4516 1166 2820 13188 11524 1532 12426 405
3912,5215 10666 1074 9051 12766 7914 8446 187 9933 3420
3913,476 488 10054 794 466 478 5414 464 495 1686
3914,2820 6000 1166 2742 405 2614 3465 12426 6001 1535
3915,14080 9818 9819 9821 8587 14081 15287 9119 3457 9820
3916,14082 2501 2657 2547 1918 188 2514 10094 13172 1880
3917,5929 8736 15129 7009 9808 8735 8738 8739 8733 1737
3918,8513 6806 14083 8514 5163 5094 5095 5096 5097 5098
3919,2820 2742 1166 12426 13187 8727 2614 3465 405 1165
3920,405 10679 1323 2820 14084 10680 1535 10963 2742 2614
3921,14086 14085 14040 13725 14087 5297 1561 12486 5151 13901
3922,6309 11762 3612 13211 3412 13210 9713 3611 12990 13783
3923,12290 13381 12292 12289 12293 12291 12675 12673 12674 15253
3924,405 4516 1528 12509 2820 1535 1323 4330 2742 2614
3925,10456 14071 11200 8363 10721 1953 3775 12265 754 6819
3926,1616 10423 1615 1617 1605 1607 235 1609 1612 1599
3927,9055 14088 13587 12651 2391 14558 12513 4426 3019 1392
3928,3677 7750 7751 13336 1475 7752 8832 8334 7749 3689
3929,1351 10909 12286 10715 7920 740 13912 14307 7124 8999
3930,12499 10450 7518 10244 14091 12498 14090 5878 11075 7998
3931,4964 4753 560 4962 13184 13535 1855 11568 4073 5896
3932,318 344 12640 6358 6357 638 5558 15265 5556 13656
3933,2391 10011 12651 11602 9055 10009 10008 1713 10010 5505
3934,12879 10195 7530 4361 1669 6392 13142 13141 14093 4362
3935,13354 2614 2820 1323 3465 8727 13187 13959 9784 404
3936,14094 14522 577 5077 5103 5102 5101 5100 5099 5098
3937,6668 6659 14098 14097 14096 109 10394 6667 14301 14302
3938,2820 12426 405 1166 2742 2614 3465 1323 1535 13187
3939,10715 4964 4753 4073 4962 1855 4551 5896 7649 14100
3940,2742 2820 1535 14015 405 1166 2614 1165 12994 3465
3941,6172 10714 12937 9697 9810 5782 3423 10363 8650 6238
3942,10051 3387 13987 2280 14102 8884 5402 7706 1876 3829
3943,10868 3541 3540 3537 6613 12373 3526 11153 13971 2274
3944,13141 1940 7530 2162 13142 5276 6062 11885 7666 12879
3945,1115 2907 5967 12155 11885 9708 2726 11886 1113 1107
3946,12459 3654 3656 2991 14450 5599 3646 1176 10405 8844
3947,2820 2742 3465 1166 4516 13187 3464 13452 2614 6000
3948,1826 14105 7427 3846 2876 3844 3843 4414 4416 10815
3949,13124 11702 183 11595 13584 14106 836 6346 9275 3273
3950,14108 12668 14210 5092 5093 5094 5095 5096 5097 5091
3951,14109 8358 11773 12694 13779 8359 2050 8360 13777 13778
3952,12290 12293 12675 12673 11186 11630 12292 14111 12289 12291
3953,10369 3016 11174 8671 10227 4943 844 11427 11426 10462
3954,13885 12850 11366 14488 5267 5268 5266 14131 12298 14500
3955,6165 14112 4601 7651 6780 1665 12865 10413 6167 9800
3956,714 4997 2450 3554 4888 1349 7390 10494 8054 13606
3957,10161 14113 7490 3100 3678 4230 8577 504 10164 7421
3958,9223 205 349 8795 11815 351 4830 8176 771 203
3959,14114 3676 10270 5823 8790 5516 12805 3973 13355 1079
3960,1778 1320 6362 1319 4060 1779 6363 6361 9192 2375
3961,1880 7157 7734 6868 2206 7156 2739 7726 15147 13413
3962,7250 11141 2182 4399 811 7773 12358 8225 1693 5918
3963,7006 2498 8499 837 11223 8463 10018 2026 5415 2493
3964,13641 12685 12520 12684 10427 1554 14040 13642 5288 9137
3965,14116 13358 14115 5713 4358 7950 1222 2909 5676 7104
3966,12892 902 266 14118 11782 14117 7180 11684 8737 5695
3967,13401 11670 11935 7400 14120 5593 13143 12438 11905 9186
3968,2820 12511 14123 2742 14124 13931 405 2614 3465 1323
3969,7215 2373 11346 4606 10088 2375 2371 4138 1778 1719
3970,4052 7152 13454 1086 7776 506 1573 12543 7697 3538
3971,14125 2563 3459 1090 2156 3460 1018 1099 7461 343
3972,4223 753 733 1503 6088 11158 8516 1519 12213 1219
3973,2597 160 2221 6433 11529 689 8172 2598 2596 2594
3974,14126 1995 8 12793 13224 13835 8382 3403 1997 1996
3975,10124 5229 5452 14127 5615 7684 71 2296 1740 13753
3976,3083 10627 6579 10069 1318 4403 7215 3074 11890 1771
3977,383 5222 13461 4056 13451 13818 11631 4057 4059 4058
3978,1354 5671 1357 5672 1355 2369 2371 5669 4141 4138
3979,10148 8119 2903 13726 13564 2924 5251 8787 10151 8842
3980,2210 10464 8098 11157 5746 8285 5408 1282 12430 11064
3981,11405 726 11403 14512 692 14136 11402 693 14383 8562
3982,14129 2770 11932 11084 14382 4950 10060 7229 12483 9486
3983,12850 13885 5266 11366 14538 5267 10611 14498 14486 4862
3984,11366 13885 12850 5267 692 14488 5266 14486 10328 14131
3985,1475 14132 8892 11737 11230 8454 10413 5345 14466 1535
3986,5601 5967 6392 12081 9998 6389 13951 4699 9657 6508
3987,14080 8310 6409 630 5210 3374 3899 9041 7140 499
3988,11873 64 8258 1337 6982 1269 4933 10558 8322 5121
3989,4024 10480 9920 1918 3402 2547 9914 2511 2559 2543
3990,1172 755 1174 7293 813 8439 4869 6790 1426 8821
3991,7878 12925 14134 8532 8318 13765 14135 617 12947 7624
3992,1357 4139 4608 8164 11624 5863 1828 4137 2377 1354
3993,1668 7705 8958 12212 12909 7707 9832 6803 7706 1667
3994,1529 13324 12426 8526 1475 13323 4514 1533 2820 13271
3995,1447 9319 7186 3105 14493 12875 1553 8479 9306 794
3996,14136 14137 11405 692 13998 693 14208 11402 13838 14497
3997,2820 3464 2741 1166 12426 404 2742 13343 2614 405
3998,6532 8306 3662 9203 10608 2079 208 5739 2081 3904
3999,13919 685 10564 14141 14140 12545 1701 2074 15281 46
4000,1501 1161 3834 3280 137 2474 5209 2470 5207 119
4001,4962 14144 11189 13753 6489 8785 10124 3959 3403 4753
4002,6622 2979 6476 1864 6004 5145 4976 12522 8305 2268
4003,11120 14148 5673 14147 14829 14209 13483 2887 14861 12551
4004,2614 8694 1303 12067 3465 2820 2742 1532 5998 1529
4005,404 8907 14151 14138 14150 1532 2820 1166 11753 13348
4006,10373 10372 155 10371 4396 12165 156 152 10370 4869
4007,6186 7574 11912 11227 6782 5157 5947 887 7436 7435
4008,13046 12456 13023 11895 7532 12957 11978 8126 11153 10868
4009,12748 11218 11219 14153 6537 10701 13834 14181 15120 10062
4010,1894 2899 13738 7825 1895 9202 9698 8474 1893 1892
4011,3482 3481 14155 5332 5327 5328 1882 5326 5331 5330
4012,12162 11988 572 7889 13767 14206 13239 6943 4707 7107
4013,14156 11002 8476 12101 2378 11703 9173 10981 2869 12297
4014,2742 2820 405 5998 2614 4515 7249 3465 1166 1535
4015,405 1529 7249 2820 2742 2614 1535 1323 12426 3465
4016,2614 2742 2820 1166 3465 1532 5998 405 3464 1323
4017,8887 7657 13783 14093 6950 1669 8886 7530 14090 10184
4018,13537 13725 13848 14085 1560 9557 5614 2866 12486 13176
4019,11384 14157 14159 7581 14158 1131 14160 11746 14304 8734
4020,9650 9682 11232 13763 12148 1937 7745 8059 13762 12566
4021,9056 8588 3906 9260 14080 8587 14430 8586 8581 1374
4022,110 14930 14166 14427 14931 14937 15244 2203 2189 14867
4023,14114 1885 2082 12019 6063 971 518 7252 4164 5538
4024,12480 4713 6788 14164 11187 2567 9571 14377 4718 8274
4025,11221 6173 1522 6775 13424 1939 9810 13183 14462 14461
4026,5415 8816 7428 13012 11764 11763 2739 1806 14419 1483
4027,8999 14166 91 7121 9054 1368 14163 7124 14929 14555
4028,13725 13537 13848 9557 1560 14085 12486 5614 14086 13176
4029,1561 12486 6669 14085 14446 5297 266 13725 14086 14040
4030,4962 12682 14002 4753 6544 13196 13841 7940 10490 13191
4031,1357 6360 4605 2014 9851 4133 8164 1354 6553 2369
4032,5580 466 618 4925 1690 7929 249 836 13438 3097
4033,12748 6497 12496 606 621 13490 620 5788 4170 10262
4034,13642 13643 12439 14752 13726 13741 12522 7940 5288 13641
4035,14167 4171 13389 8786 12236 4170 13536 6488 8235 6497
4036,2742 1323 2820 2614 13187 405 3465 1166 12426 1165
4037,2742 1166 2820 1535 3465 1165 3464 405 2815 2614
4038,1893 2230 14168 3088 1895 1894 1892 1896 1891 11709
4039,4962 3943 13889 13191 14169 10425 5021 3993 12588 10426
4040,13616 14172 455 14171 10252 14065 7826 11610 10253 9668
4041,14173 6435 2419 11978 14174 14507 13986 8218 9843 13760
4042,6586 14104 14175 2905 13281 9542 3091 2728 8430 10153
4043,13116 13107 2912 13535 13610 14176 7869 13184 1697 6828
4044,11723 12725 12839 8443 10099 10075 7058 9755 11531 11721
4045,1166 1323 2820 405 8730 3464 1535 2742 404 3465
4046,2741 1526 8907 2742 5998 6416 2820 2614 1532 2743
4047,8033 13069 13901 11978 13466 13471 13465 13470 13469 13468
4048,14180 8362 5998 13055 2614 12843 11555 5430 12820 14330
4049,6869 13408 14175 8620 11295 10153 2429 1265 12555 12456
4050,12685 12684 9137 11611 7650 2840 14181 10427 6298 10757
4051,10158 2538 7730 9910 7758 9121 12110 1316 9901 3461
4052,11770 12319 2843 2446 12320 11732 640 11772 1728 12047
4053,2614 2742 5998 2820 3465 1532 405 2741 1529 1323
4054,2820 1166 3464 404 13271 6001 6000 9791 13323 13628
4055,14178 8264 12518 12926 13254 6479 11219 3665 5923 10609
4056,9807 11114 7934 9661 12036 6251 10224 13178 2422 6543
4057,12242 11226 5367 11225 12239 4137 11816 3084 12240 12241
4058,14185 14187 14188 14189 14186 14133 9231 14192 14190 9659
4059,3609 4379 668 6846 1460 3492 15194 2839 3407 11311
4060,1532 11879 12882 11112 9794 11755 12994 2614 14044 2742
4061,12683 13845 13846 14177 8781 10219 12681 8688 12859 13116
4062,12323 13039 7237 2819 13659 14194 14195 14196 10127 13409
4063,14198 9201 14197 14525 14395 2904 9220 2931 9218 4569
4064,1885 12997 13532 1884 8323 585 13432 5407 11187 14031
4065,14129 5405 11084 8058 14382 9199 5431 10208 13959 4711
4066,3896 352 14200 14775 8087 12276 8093 14398 119 5822
4067,11405 2600 12868 14136 726 692 11403 8977 11402 14512
4068,4766 10962 2807 4085 1993 585 6576 11429 894 14617
4069,12251 5725 14209 12252 2133 7776 10316 10584 6728 5640
4070,14205 14204 14202 14203 7581 8423 13183 11384 14069 14425
4071,3160 5233 12110 13216 8460 7371 188 3174 2538 1018
4072,12524 12263 9556 12824 12249 10322 13858 12525 4629 12248
4073,14207 1560 6669 13725 12486 14085 4368 12693 12931 11344
4074,14208 10168 14046 9131 692 14417 6608 13182 13838 14889
4075,4135 9751 8164 4605 3679 7065 2869 7057 2875 10953
4076,4413 12349 5689 8443 6364 1001 4605 5845 1721 2371
4077,14209 14208 14596 13736 692 14595 13680 12440 14286 15169
4078,1317 4688 2375 4687 4132 4135 2379 8152 2371 3083
4079,9920 11644 12692 4024 10480 1918 5187 2518 15084 2493
4080,4962 13191 10426 10425 6226 4753 13889 6544 3943 13196
4081,13463 8084 11206 13064 13462 9572 13461 2746 4909 11208
4082,14120 3955 8775 2464 13883 15245 15116 1456 12011 8708
4083,14212 14211 415 2490 11949 13167 8067 3943 15227 10293
4084,14213 8020 14214 14209 2651 15169 13050 692 8525 9749
4085,13771 14215 13767 12142 13141 4629 12248 13142 13239 7889
4086,2820 1323 405 2614 2742 3465 1166 12426 1535 13187
4087,12265 9959 14024 6819 9960 12366 5329 3775 1953 6818
4088,14217 8734 10562 14216 1520 5494 6827 12777 471 9270
4089,11907 9973 9387 11908 9380 12860 9323 9384 9377 9379
4090,2375 2372 2379 2371 11347 1778 2380 9853 4060 1320
4091,12082 12987 6172 1111 6244 6476 8650 6185 8968 9682
4092,5260 2156 2290 4933 5159 4267 10405 2294 12835 12830
4093,9052 14221 4437 10921 6622 3890 14220 8195 6785 12566
4094,11384 5788 692 12065 6622 553 14205 13262 13737 14380
4095,13388 75 3063 11126 8587 11914 9610 8999 4153 10715
4096,6183 1700 2981 1846 14146 8114 1864 13961 7940 2008
4097,14224 14222 14223 14415 10121 14106 14538 4861 14952 13836
4098,2869 11120 14226 5673 14225 12551 14459 2887 13878 8477
4099,14065 2839 14171 12519 11610 10253 455 5614 7826 14172
4100,6477 2731 9213 13460 14227 10337 7649 12881 3522 11152
4101,14209 10121 14596 6331 14595 12188 13680 12440 14286 14458
4102,405 1166 3464 2820 1535 1323 2742 3465 12426 8603
4103,2742 4516 2741 13187 13452 2820 8727 2614 2815 3465
4104,4138 9195 7080 10818 11691 1013 11624 13984 1001 1354
4105,13641 14230 12527 12715 12526 14229 11147 13171 13175 12525
4106,7065 3667 7078 4600 9536 10953 1003 1007 11896 9537
4107,9960 13073 14232 12649 12266 14233 8099 12594 9813 12003
4108,1721 4413 7426 4605 7057 8164 9851 6364 3083 10246
4109,12553 14152 1625 14235 8126 6062 12957 4327 12954 12952
4110,7014 14236 4062 7015 4063 14571 7013 12657 8708 8164
4111,1166 2742 3464 2820 1165 405 6000 9794 6001 8727
4112,10251 6240 14237 8967 6174 6241 11796 9104 10250 1268
4113,2820 2742 1535 1166 13187 405 2614 12426 3465 1165
4114,8687 13644 8921 12492 1845 1510 6247 10194 8684 8683
4115,5788 7253 13616 4450 6497 9657 7678 11384 9331 7401
4116,1438 8485 3728 206 2696 11088 4280 4943 9564 5667
4117,14238 489 14260 14638 11315 14575 11306 6581 14572 14574
4118,2130 8591 10382 10383 8 10362 9042 8999 3375 2564
4119,14239 14244 14251 14248 14249 14250 14247 14246 14245 4
4120,4301 5829 5607 378 890 4886 13645 65 3339 3831
4121,5786 5787 7000 3177 10564 1619 3178 131 12666 6434
4122,692 11405 14136 11366 693 11402 11403 14208 12386 13838
4123,443 8823 705 3242 9884 4568 9072 10232 12698 1589
4124,12985 1557 13942 6498 6097 6546 8515 6784 5199 10229
4125,14244 14251 14248 14249 14250 14247 14246 14245 14243 14239
4126,6613 7643 10868 8788 7649 621 628 4388 7804 1127
4127,4507 11252 3483 11082 2011 11251 2010 13736 6110 13684
4128,538 4844 536 4839 14808 6820 5751 529 525 531
4129,13782 12138 9650 7401 12148 10119 11085 7745 11656 8143
4130,171 2326 4364 2767 4468 4774 9604 12163 7327 11803
4131,2665 3564 3568 8593 7321 14023 3569 3565 2086 3566
4132,2156 88 184 3860 9669 7283 12018 2473 1296 5135
4133,14254 14253 7239 195 873 13524 11579 5755 2465 14358
4134,6905 3387 10125 8884 3396 7809 10051 2280 5402 13987
4135,14126 7630 10370 10728 7795 3981 12793 13224 8382 13835
4136,5142 11993 5794 5801 5796 3137 5800 13560 2938 1520
4137,5502 10236 1101 7021 12201 1181 3811 3300 7369 3468
4138,8458 14217 4569 2323 10914 5660 10915 466 9284 2216
4139,46 6825 6787 241 11392 611 10732 12205 4925 4924
4140,870 139 5041 5437 1646 476 466 7958 5043 11938
4141,6824 9101 14255 311 8487 14076 12480 5324 8095 3561
4142,3359 3119 9669 9118 10295 4320 3282 3317 186 88
4143,11119 6542 3079 2869 9664 8982 9754 8151 1862 11118
4144,8848 8850 13713 9645 4607 8849 7427 12348 12377 13712
4145,8077 14257 7739 11963 7658 11163 4651 4665 12030 9190
4146,7910 3903 7452 5952 1058 13783 9820 5287 10102 6831
4147,13193 4257 11139 3038 14258 4489 11706 13194 10930 12060
4148,10001 10003 282 1971 10181 1861 6772 10002 11943 6626
4149,3055 1351 13454 11073 2556 9974 549 5550 2656 10544
4150,7441 7331 7329 8957 5996 4984 4653 295 2804 4904
4151,4865 3150 7391 3043 2519 383 5308 2493 5818 2270
4152,489 14238 14260 794 466 826 7051 658 5075 14638
4153,1011 1721 1727 7572 12146 4407 1145 8152 1723 14345
4154,12005 4762 5818 769 170 14063 176 14261 514 6031
4155,11157 2210 5746 5408 8098 8285 5747 8700 2 10464
4156,2026 1798 2548 1961 2146 2544 2131 3213 2574 2518
4157,1532 14262 2614 11112 8904 2742 11121 3465 6940 405
4158,8999 5488 5527 15148 15207 15206 7121 9706 11185 7580
4159,2666 1392 10980 12312 2238 12996 8392 4059 9812 1543
4160,3077 6703 3076 6704 3079 2616 3075 11057 3078 2870
4161,4828 1621 10212 10886 648 7758 10550 8972 7727 5568
4162,1676 11101 10064 7651 1934 1678 1675 1677 1665 9333
4163,385 134 2241 10432 13130 13402 386 2333 383 6679
4164,12813 9545 1074 4920 3497 12193 5306 9802 8499 7494
4165,5155 3222 4181 3223 690 769 1568 2448 437 12023
4166,14266 4530 4524 4529 11592 8016 4527 4528 4525 4520
4167,466 7037 7845 4861 10373 10372 4396 1413 155 3960
4168,4036 14267 9951 9192 4609 3442 4037 10752 4138 10843
4169,4498 2672 4312 7977 9991 2671 2945 4222 2239 4474
4170,2256 4351 239 9613 7941 7946 8028 10183 765 2257
4171,324 6792 4920 11166 3169 8616 6384 3637 10669 6385
4172,257 6094 5920 5349 14399 2833 7916 10529 14887 14417
4173,14268 5226 11253 8454 11366 3116 14396 4576 11630 5097
4174,1177 2984 6613 10868 7804 2846 8788 7894 5285 12930
4175,8474 9427 52 2899 9202 8475 9698 8466 10715 1351
4176,1011 14269 2871 8847 8000 9752 7427 4139 8850 9645
4177,10820 11914 1297 3720 1620 5793 12200 11129 8521 4856
4178,5563 11371 4656 5564 4664 5566 5565 9560 4644 4642
4179,3602 3348 3834 10976 2488 4992 185 7048 4993 14516
4180,6046 3740 11751 11713 8129 6041 3736 12022 547 10018
4181,14273 14271 6041 8453 14272 9069 10586 1660 487 10274
4182,12069 5723 8714 13063 3712 25 14796 9571 8899 13809
4183,14136 14208 11405 692 11402 693 13182 13838 11403 10168
4184,6725 693 12281 9704 4937 14390 6717 11405 692 10863
4185,4096 9167 5412 775 9090 9886 4220 8744 1229 4217
4186,11378 11379 8376 10075 10708 3160 6981 3174 3975 7005
4187,14274 12714 4346 3541 12620 7394 7395 7396 8553 3307
4188,13560 6615 711 11993 11567 2938 11568 4073 6622 10115
4189,4660 11368 4663 11370 2804 4653 4650 11369 4657 4655
4190,2525 1831 10137 1686 6043 6318 8704 3468 476 10288
4191,685 195 6822 787 6445 4233 790 7149 433 466
4192,14206 323 12162 2108 1491 9563 1215 764 5247 11360
4193,1532 14138 8402 2614 15257 11112 11121 8904 2742 3465
4194,244 7831 12549 10043 10487 3172 4725 2655 6377 2024
4195,13725 4458 13537 1560 14085 6145 13848 12486 6144 6670
4196,1684 4862 171 764 964 6198 1443 4468 1688 757
4197,13588 4953 14279 14278 8820 611 14277 11053 13033 14276
4198,1452 2024 8742 8653 1427 1568 2756 12042 11950 769
4199,1160 11151 7286 1161 10078 8631 8439 1300 4064 268
4200,9826 10867 14281 8227 1269 230 3859 10870 6476 15026
4201,794 8390 839 6411 5581 11320 163 170 8391 9511
4202,5003 2498 159 7113 10406 14890 4290 3438 1557 11563
4203,11347 6805 14283 8982 9173 7554 2375 4599 3083 1355
4204,1475 11848 731 14284 2166 11409 3138 9911 9912 5345
4205,476 466 11243 3811 2448 775 879 3139 323 453
4206,14286 12440 14209 14285 15173 14596 14595 13680 14458 14213
4207,2930 1408 748 838 6645 11170 1252 1443 8878 510
4208,2764 9439 2826 9518 6380 1050 3372 3748 2825 2827
4209,467 14287 1423 6216 3222 794 10454 12847 4468 12087
4210,6667 14290 6662 6666 14291 14294 10397 14292 14293 14289
4211,232 14175 10485 10153 11292 7195 6667 233 6869 10406
4212,8999 13725 14085 1560 6670 12486 13537 14086 11344 14207
4213,9051 2291 4090 7848 10078 2287 10270 2290 14940 13606
4214,14295 12513 3498 11229 14427 14930 14088 14931 14937 15244
4215,794 618 5417 6063 971 6005 7633 612 476 287
4216,4426 13587 7115 2326 15045 14826 6148 7124 13016 9055
4217,10731 14154 11410 6129 13856 12587 9945 1331 9533 10730
4218,12670 2130 323 881 14298 3193 13722 5508 14055 5938
4219,870 8106 14299 3276 3956 7958 476 5366 3980 466
4220,10400 10401 6652 10405 10394 7368 10392 10404 10402 10403
4221,14301 14302 14097 12556 14096 10392 6654 10394 6659 6657
4222,7632 3160 7109 11230 7310 8690 8391 3471 611 12803
4223,8999 14163 9054 5415 7121 14951 10715 14555 7124 14166
4224,11384 14303 13652 5516 14304 2623 6574 9827 9945 692
4225,7719 9143 6766 15260 14674 14886 14470 3729 14894 9158
4226,10278 14305 9762 12352 3449 8488 10432 1839 12176 9763
4227,3500 4669 4031 2493 2155 4965 2106 4760 8500 63
4228,13587 9054 14826 7124 14555 9055 14551 13414 8999 8370
4229,9054 739 14306 14555 14852 14551 7124 8999 3021 15076
4230,8999 7124 9054 14166 2156 13912 78 14951 14555 5335
4231,740 14979 14907 1351 14348 14163 12084 11818 4847 15190
4232,9570 2235 7235 10462 3576 735 11363 3016 2709 1071
4233,14308 11955 10076 405 14562 5998 14331 13926 13730 14802
4234,1806 14311 32 323 13741 14310 4601 9902 11969 9906
4235,14312 5106 5105 5104 5103 5102 5101 5100 5099 5098
4236,2739 5415 13015 6868 11482 13017 13012 13016 3471 14560
4237,4359 240 10746 14313 5010 8527 11447 9085 5619 2856
4238,13669 7773 14100 5567 5233 9904 11646 9266 4494 10015
4239,13481 13480 5471 6086 5105 5104 5103 5102 5101 5100
4240,13666 11152 6617 2731 13267 6069 13951 9213 6513 7891
4241,12980 1196 14314 12250 13029 6670 13040 15047 14146 1700
4242,13245 13628 13576 13650 404 13271 2820 13323 1166 13244
4243,405 3465 1323 12426 2820 2614 2742 4514 1166 1533
4244,10397 14290 6655 13849 11389 6667 6661 6662 6666 6664
4245,1532 5998 13329 2614 2742 11112 2820 405 3465 8904
4246,14315 5563 5516 3067 14316 13310 13431 6792 1632 13904
4247,12420 7731 11069 5543 2123 5097 7727 11481 7726 5096
4248,9340 14317 11429 11917 8621 152 4396 4869 14617 11071
4249,14318 8509 14058 11585 11579 11582 11580 11581 8320 3720
4250,1761 6327 13571 1304 12342 2059 1515 6331 10631 12200
4251,692 14208 14320 693 11403 11366 14383 11405 14136 12386
4252,14321 12195 8976 9508 413 3155 7952 9600 5106 9246
4253,3403 14322 10064 8523 8484 7671 11790 10191 11066 11035
4254,11917 12855 6023 9340 8621 12854 12856 7716 383 2240
4255,9024 2957 12666 374 11480 733 12918 13373 5809 12667
4256,8760 14319 7781 8747 11952 7782 7946 11026 1904 8807
4257,14311 6232 13898 12577 13741 1302 213 6233 6229 6230
4258,11555 14323 11554 2614 13924 13315 10127 10056 8362 5998
4259,2741 12425 14138 1532 14324 13189 7686 2742 14308 8827
4260,1531 14326 1330 11394 1525 1530 13672 2820 1323 3464
4261,1532 4515 3465 2614 2742 2820 8830 405 8904 9784
4262,3465 13349 4514 2814 13734 12302 2820 2614 13189 1533
4263,8808 13343 14328 12271 5194 14138 6353 1532 5193 13351
4264,2820 13344 1532 2741 11122 10208 9784 11112 13329 6352
4265,2614 12905 3465 2820 2742 1532 5998 11286 14329 13409
4266,2741 14014 2742 13323 12426 2614 2820 5998 6416 1532
4267,11560 3507 14199 11974 13518 7798 10790 3965 5132 152
4268,2614 3465 13578 1529 2820 2742 1532 5998 1323 405
4269,2614 13578 3465 5998 1529 6352 2820 2742 1532 1323
4270,405 11955 2820 1323 1535 13332 14562 2742 1166 1532
4271,8892 12070 6990 11111 8893 4514 14803 4791 405 13854
4272,13248 13672 3463 2614 3464 1535 1166 2820 12426 3465
4273,2820 1165 2742 1166 405 12426 13926 3465 14331 2614
4274,2822 13201 8907 2820 13202 2614 13347 12426 405 2742
4275,13244 13245 13128 1535 6000 13248 1528 12509 8892 1323
4276,2742 1166 2820 3464 2614 1535 1165 405 3465 2743
4277,9784 4515 1532 2820 13354 2742 2614 14359 2365 405
4278,405 1535 2820 14332 1323 1166 13661 13203 2742 10411
4279,2614 14323 5998 11555 2742 2820 3465 15152 1532 13924
4280,5998 11112 2614 1532 2742 2741 13319 1529 2820 405
4281,2742 2741 6996 1535 11112 2820 2743 2614 405 1166
4282,5998 14007 2614 2742 10127 14323 2741 1529 2820 405
4283,14336 9784 14335 13990 11112 407 2816 14326 2820 13672
4284,405 1535 2742 2820 1166 1323 12426 2614 1165 3465
4285,1323 10963 2614 13330 3464 8906 13931 10679 2820 9791
4286,2742 1165 2741 13629 2820 3465 2614 2743 1532 1166
4287,1535 13926 14331 10410 405 2820 14122 1166 13260 8730
4288,2820 405 2741 5998 2742 2614 1166 12426 3465 1535
4289,2742 1323 2820 405 2614 14122 2743 3465 1165 14326
4290,2614 11112 1532 2742 2820 3465 5998 1529 405 2741
4291,1166 3464 2820 13731 13187 2742 1535 2614 3465 404
4292,1529 2741 4514 13423 2814 2614 3465 2742 2820 12426
4293,3464 2820 1166 1530 11394 8907 4516 3465 2614 2742
4294,2614 2742 2741 2820 1165 3465 1532 5998 12380 405
4295,1367 2029 5547 15276 7128 2208 13891 2085 101 11954
4296,14339 14338 12628 12627 12632 3486 9421 12630 5668 12629
4297,6784 12985 12025 14340 9807 10986 11661 7855 1174 1126
4298,7401 4755 11872 13830 13829 14451 7253 11568 4948 1846
4299,4138 1719 2373 12929 1354 7057 2371 4687 4132 7067
4300,6685 12025 8372 6097 13644 6616 1786 12567 6622 1896
4301,3083 4687 4688 7784 13785 4132 12209 1721 12734 3084
4302,8029 8026 1122 8024 9128 8885 8039 8041 1119 8038
4303,1354 10199 11777 1357 1355 2371 5447 1826 2875 7427
4304,7427 7554 12370 10088 10749 7095 7785 10198 10987 10199
4305,14181 10351 14342 12536 14153 8454 6298 10349 13207 10353
4306,3083 1315 12211 7784 4687 11347 1317 4599 10627 10461
4307,4403 13519 12917 1317 12077 11387 4599 4687 9195 7818
4308,11265 576 14064 5782 10255 8423 7625 12048 5783 5781
4309,7436 12891 13258 15261 5985 11114 6186 13263 4045 11785
4310,2930 14344 9688 8176 5862 4568 705 3242 14227 11260
4311,7427 4599 7077 7554 10899 10461 1315 10992 13111 7215
4312,7702 13557 10911 13556 11612 11613 3486 11614 9307 7701
4313,1011 11537 12607 5687 4611 11536 8541 9534 2893 13983
4314,2869 7215 11120 4403 10992 1318 7064 4599 7096 3083
4315,7427 4402 4599 7554 1011 7498 10199 10899 5687 4037
4316,4437 3980 11949 5421 10706 2739 8748 8106 380 2490
4317,6849 13742 10195 3877 13542 12879 10764 10197 4361 7530
4318,1778 1011 2372 2375 7215 1317 11347 4687 2371 9194
4319,4350 3428 3429 9256 3427 14419 13312 6178 11978 1119
4320,756 2953 6332 14111 5579 1204 478 655 14896 10476
4321,12332 11347 7215 2869 10088 4134 1011 10072 2372 2864
4322,691 13215 13214 10561 14721 14147 12085 13213 705 13217
4323,1709 8542 4461 10994 10990 4145 10998 7098 2880 10627
4324,11347 4687 4132 3083 9850 4688 2375 5690 1317 1011
4325,12036 9807 2422 10224 7934 12035 9661 2421 6251 4073
4326,740 14348 8479 11818 4847 14979 11863 14907 15154 1351
4327,7215 14350 14349 11347 14351 1771 5875 14843 10627 3083
4328,13776 14117 1524 10969 13034 12846 13778 13777 11774 8115
4329,11249 11620 7714 4373 11248 12527 12159 14161 7801 4731
4330,10627 11099 7095 7215 3083 1771 1136 7099 7427 10628
4331,14206 6537 11218 2108 6623 5788 7625 6163 1592 4550
4332,618 612 5782 11963 10388 7377 6605 9942 13138 1852
4333,2840 1947 1360 14352 6231 9659 13176 12486 9127 14394
4334,14353 7242 7244 7401 7571 4447 11219 2661 7382 4943
4335,11840 11842 7168 11841 11839 10658 6510 6513 12888 12986
4336,14354 10216 10219 10218 10217 3004 5195 14738 14056 14845
4337,1136 1145 5686 3003 10751 5857 6847 1146 4596 1721
4338,5288 14356 2729 14355 2274 4589 13642 4582 13641 6744
4339,3075 8167 6704 8166 3079 3083 7221 8848 3077 12209
4340,2820 2742 3465 2614 1166 1165 405 8727 12426 8906
4341,7217 2891 12936 1003 9194 1353 3667 7065 2371 2869
4342,13604 7506 4567 6226 10271 11592 1448 5575 4270 9577
4343,9309 3555 4196 3222 8704 2448 5419 3711 2761 167
4344,11626 3667 3666 3074 7065 11892 7078 1003 11778 3688
4345,13823 12831 5625 6095 12835 12830 12834 3877 12833 13542
4346,7057 1719 4607 4138 2869 12929 1011 4687 7427 4132
4347,14358 14254 14357 873 13524 2465 13525 11579 14253 10058
4348,1317 4413 10627 6804 13723 13209 3083 10097 5845 10990
4349,3465 8906 2820 2614 2742 1532 1323 14359 3464 1166
4350,7682 12142 13122 6939 13771 11888 14215 8576 14056 13767
4351,13785 1317 2881 5449 6847 7077 2880 8542 4461 1314
4352,4132 3667 4687 4138 1719 4688 10199 2373 4600 7065
4353,5012 14362 14284 5042 4736 10491 2197 11848 8058 12483
4354,1354 9554 14363 1136 6364 1357 11099 1355 2369 2372
4355,11019 2058 5795 13305 7688 10121 13899 2061 13289 13300
4356,9650 13763 7745 12623 6685 14027 10870 4350 9999 14002
4357,6729 5355 13841 10432 7544 10490 13715 4463 12285 11453
4358,12987 11665 5352 6185 1837 6541 14219 399 6240 6785
4359,7186 7270 4484 2950 9319 7820 8837 3223 715 11623
4360,8210 11019 9199 7688 5405 8058 13899 10121 14666 10941
4361,1011 1354 11777 1357 2371 1355 4138 2369 4134 2378
4362,1374 56 2958 13413 9359 9206 3906 2959 14166 11473
4363,6173 1392 10463 10256 2023 13767 285 1895 8505 4872
4364,73 11632 2585 7220 14364 15189 10265 5278 1381 9284
4365,4139 2378 11808 5849 11805 10069 9626 5848 1354 6432
4366,14109 4527 5354 8231 1125 13710 4172 5907 9857 3492
4367,2928 6143 8762 13906 1747 2925 2927 2926 2916 2924
4368,5151 2582 811 12309 2583 2581 7931 14086 9089 14040
4369,1447 344 12916 9319 3105 15265 638 5558 7186 13656
4370,8144 11115 7529 13696 10052 6693 12588 10184 1762 9806
4371,2375 11347 2372 2379 9853 2371 3072 2380 13111 5690
4372,1174 12985 11983 10644 3854 6784 13942 1557 7712 1173
4373,9100 7009 14010 10429 9798 8736 10428 7556 7008 7007
4374,13307 9759 13 8095 9796 12 8096 13382 15 4565
4375,692 11366 659 12386 14136 8250 11405 13838 693 15082
4376,14367 5106 5105 5104 5103 5102 5101 5100 5099 5098
4377,2428 10985 1506 643 486 13571 12546 8 3134 154
4378,10900 14373 8712 10081 2663 10223 4057 3566 3563 8901
4379,14374 14375 14376 2365 15093 9784 5093 5094 5092 5096
4380,5998 7752 3368 2041 4984 7565 10674 2614 2742 7750
4381,14378 7935 10125 9650 14219 5904 5917 6240 9809 13880
4382,14313 8383 11794 5731 9611 6876 775 4085 2781 7369
4383,5294 10958 5555 5642 10862 1301 2202 2868 10861 13912
4384,2742 405 1323 2820 12008 1165 2614 3465 1535 1168
4385,2820 13421 2614 3465 13453 12426 1166 2742 405 1323
4386,4196 3276 2185 9309 3555 5777 10140 1383 3705 1984
4387,11412 11411 11413 11414 6069 7640 10024 4709 11417 11416
4388,4515 1535 4591 2742 2820 405 1532 11899 14716 1166
4389,692 11366 14380 14379 5519 693 11384 11405 14136 8250
4390,14129 14382 10060 11084 4772 5405 4711 4911 10061 10391
4391,692 14384 14383 11366 6228 12081 693 11403 12386 14136
4392,14385 5106 5105 5104 5103 5102 5101 5100 5099 5098
4393,7427 4599 10899 11850 2375 1721 1344 5687 1011 7554
4394,2742 4516 1165 1535 2820 2614 3465 1166 405 2741
4395,2687 2951 14386 13168 13807 13806 13804 10670 13805 3333
4396,5016 8995 589 625 8704 176 5507 2508 10572 6596
4397,2814 13672 14326 13453 1535 2815 2742 4514 2614 2820
4398,11405 14387 999 14389 14388 14136 692 726 14512 11403
4399,2820 2614 2742 3465 1166 405 404 1532 12426 1323
4400,7631 4230 3792 9093 463 1187 5544 12019 794 3100
4401,3943 8140 11809 3263 3260 1270 7993 14436 13889 13618
4402,13064 13067 2793 11208 13066 12618 10431 8899 10082 10959
4403,14393 3134 3895 13930 14693 4298 2678 3771 14955 8971
4404,1947 13221 5743 8965 9127 8035 4524 2944 14394 8041
4405,611 10369 10920 1491 4238 11317 9007 5155 801 3014
4406,14395 1633 11035 14254 8300 14525 14253 3403 3510 7248
4407,2582 14185 11599 2583 14187 14188 14189 14186 14133 9231
4408,3811 1101 2309 14893 9604 5502 2755 1875 10347 1457
4409,1572 170 14396 2448 1732 651 8705 5547 141 5538
4410,1532 2742 3465 2614 2820 13327 405 1166 1165 360
4411,12290 12291 12289 12292 12293 13381 12674 12673 12675 15253
4412,5264 1679 11964 10272 6850 13563 2657 6226 5265 5174
4413,2457 548 10784 2855 6264 545 543 547 51 476
4414,1532 405 1323 8904 2820 2614 14122 2742 3465 1535
4415,7860 3805 13669 7970 14178 11938 476 14707 7864 6329
4416,9077 9076 12647 8093 14399 8102 352 9078 13945 14398
4417,46 14400 2308 11392 4925 6825 10732 4924 12545 1576
4418,6799 4659 383 4658 2604 14402 2837 12740 10836 2615
4419,12440 612 14286 7915 618 14209 14285 2448 8693 2139
4420,645 11406 7049 9179 14853 14986 5126 9650 7169 14997
4421,1611 4975 3819 3544 3546 1888 1887 7369 5491 13759
4422,2614 1532 5998 2742 3465 2820 404 405 15152 14079
4423,9276 10061 12308 6064 702 7275 856 5736 7299 9801
4424,46 10370 2677 11392 4925 10732 6825 10371 4396 4924
4425,8999 14406 7121 3903 1216 2951 7325 11185 3899 7135
4426,14217 3067 13166 8735 10562 14407 5929 8734 15129 3068
4427,14410 14409 12961 13101 4034 12760 137 5092 5093 5094
4428,13718 5273 2269 12879 8144 13217 10052 12351 14729 6909
4429,10148 8119 8787 2903 10151 8842 13564 13726 2924 10782
4430,7719 6766 9158 3729 9143 3470 14674 14886 13524 15260
4431,7504 757 1198 889 10762 3748 10517 879 4180 3255
4432,12678 13877 14399 1742 12996 14413 10243 13484 4594 2094
4433,7065 1136 1146 1145 10843 3667 1003 1354 2875 9194
4434,1665 9810 9809 6781 1662 12987 1939 6506 7651 14219
4435,13719 12038 12557 12482 13934 10868 1897 13742 5492 13941
4436,5283 7235 11745 7841 12005 10482 2130 1047 1403 4351
4437,7804 6613 13979 14414 3540 12959 6547 1893 12373 13971
4438,1028 3180 14415 11230 1397 9244 14720 14721 14719 15085
4439,14416 10259 4840 11261 12410 12504 13342 4359 13813 14440
4440,405 1323 2820 12426 404 1166 403 5998 2742 1535
4441,14417 9131 2291 714 257 10168 14208 8054 9051 2412
4442,10056 3034 11747 1576 11555 11392 13038 13315 14805 10732
4443,4350 6178 14419 3308 8139 13312 13012 14675 9519 4128
4444,7166 10000 3086 7165 2050 3644 13255 5237 1795 9395
4445,10517 1686 1732 6328 1198 13048 1661 476 2781 466
4446,6392 13117 5255 13123 14420 12437 7356 11020 2425 13980
4447,2741 11283 2742 6416 5998 2614 12818 2743 2744 5785
4448,14423 14422 2699 11238 7527 5197 3602 249 1385 11409
4449,14424 12779 10163 5519 13570 14873 6520 8575 2798 2321
4450,692 11366 12386 3771 11405 14426 14136 8250 13838 15082
4451,5929 13430 15129 8736 8735 14217 7009 9808 5107 1737
4452,8983 1826 12487 4035 1777 4605 2886 12349 6364 3843
4453,8999 14166 1368 3031 14427 8786 8226 14929 13134 5368
4454,2086 6102 13307 14428 2486 1301 9076 12316 8097 11154
4455,11405 1475 12669 14136 726 692 11403 14512 11402 14711
4456,13807 13805 14120 9306 8581 3333 13806 13804 9208 12689
4457,13000 1886 12612 14164 12963 12092 12311 13001 13995 12645
4458,10871 14431 12462 5069 4255 5982 2066 2106 5474 3700
4459,4603 5686 6364 4596 7554 2888 1724 2877 3085 1136
4460,2108 10821 6622 14206 12159 14959 6620 12162 1491 9563
4461,10150 13221 14221 1467 13839 4437 9841 9052 1263 13464
4462,5788 6884 12155 6885 11978 3428 6497 4450 4530 9657
4463,2278 10276 6978 6087 2283 2292 11090 2289 2291 2290
4464,14434 6493 8890 4927 6451 9995 8517 4451 14228 6505
4465,1277 1081 12152 1274 1279 1278 1281 1280 1276 1275
4466,11038 7236 12971 12970 12968 12969 529 13402 9202 12187
4467,10986 13898 10427 9291 10252 7999 12864 8781 13368 5909
4468,230 7978 10256 11869 10488 3862 9826 3859 231 6173
4469,4350 8940 14185 5881 2100 13312 14419 6178 3308 14187
4470,14172 13103 14182 266 265 12681 455 10253 14171 4373
4471,5206 8004 2259 3369 8604 8001 8000 11238 8003 11731
4472,8887 14437 11984 13550 4593 14050 11885 8886 12910 13397
4473,12644 11805 7451 11348 12238 13702 10198 13060 11922 12589
4474,6814 1604 13437 13664 7090 7185 5294 6348 3548 1614
4475,5782 13998 7742 14137 10255 5781 13905 7625 11265 4670
4476,14443 14442 7527 15015 970 5683 764 773 782 2699
4477,1436 2729 5276 3372 3090 14699 664 4841 14356 169
4478,4665 12030 11592 7739 13706 4651 12496 6479 1877 4962
4479,4034 12760 14409 137 12761 14410 9879 4590 14445 4589
4480,740 9106 14979 14348 14907 1351 12084 11818 14163 14089
4481,1817 6980 11905 8957 2950 4484 11935 11670 2101 7400
4482,14444 11410 5374 6115 5368 5371 1473 14154 5377 5378
4483,14445 12632 7013 7014 7015 9308 14571 12803 14038 4034
4484,11620 11249 14119 1554 12685 4731 5297 14177 1561 14446
4485,1678 10189 9103 10185 8001 4518 906 7949 1675 10034
4486,11076 8478 12550 1327 9198 6730 9838 663 7803 5899
4487,4964 8144 12522 12523 11525 5896 10122 1872 11887 4073
4488,3090 12910 4041 5276 2729 1436 4593 3372 4046 4044
4489,7749 2170 10973 7750 7751 7752 3766 10333 512 1081
4490,13015 14851 14560 11718 3960 11045 8999 3471 5415 2739
4491,6667 7526 14289 7533 6662 6666 3652 6665 6664 6655
4492,312 1578 14447 1201 12668 11671 2320 502 14295 5721
4493,693 11124 9522 12103 14448 14205 630 692 9116 11405
4494,13943 7699 14563 13892 13350 7700 8421 3801 287 11888
4495,9784 2815 2820 2742 1532 13354 3465 1323 4515 2614
4496,5222 12649 8103 8903 3318 12310 12068 5627 13461 1911
4497,7843 12480 7842 7844 14447 2015 911 11367 5336 3838
4498,12722 10726 1715 12723 7673 12721 12464 684 8088 1717
4499,3579 9254 876 3578 11977 6332 994 383 8499 385
4500,7704 2431 6978 2432 4561 10151 11566 4668 2426 13564
4501,8000 4389 10700 8004 9752 9645 8001 4139 1011 4394
4502,6668 6659 14098 109 6667 14097 10394 14096 6662 6666
4503,8758 11203 14018 5472 10975 12676 13031 14066 6852 5
4504,726 11880 11405 7676 12535 1475 8562 12650 13804 13852
4505,13182 8144 13183 7521 13178 10707 14462 14461 14460 12588
4506,692 14208 11366 14452 626 4966 14136 13838 11405 693
4507,12992 9071 8393 13222 688 8086 9072 12165 12991 8635
4508,8215 14454 12969 12970 14453 12968 1743 9001 12971 9079
4509,14388 14456 14455 8428 14706 8061 12494 1008 14950 10759
4510,2820 405 2742 1323 12426 1535 1166 1532 13271 8727
4511,14209 14458 14596 14595 13680 12440 14286 14213 990 1859
4512,10373 10372 4396 155 10371 4869 152 11071 9340 10370
4513,5673 14459 11120 13878 2887 12551 2869 12756 1003 10067
4514,13183 14462 14461 14205 11221 14460 13424 11384 692 14889
4515,5998 9775 14463 13974 2614 12619 4356 5403 1335 2742
4516,495 6155 1440 6427 488 4579 2262 794 464 12015
4517,10715 1351 14702 14875 14163 52 7130 14690 7129 8999
4518,1354 1357 2369 6550 6551 14464 1826 1355 6553 2014
4519,10826 10827 10825 10828 10830 10829 7476 6243 5098 5097
4520,6432 670 11808 6431 6364 4598 11028 12332 672 671
4521,6806 5688 11850 1353 13185 5857 1706 12378 7217 5447
4522,4772 12280 4776 2220 11193 4774 7266 10060 11190 12494
4523,794 476 5980 8936 3222 6411 149 4230 464 7580
4524,14465 12837 11737 14168 14466 3884 3883 15187 14652 13627
4525,9034 14468 14370 14369 4566 12181 5572 13382 14317 13222
4526,2435 14469 13219 11232 2434 2432 2433 2431 2429 2430
4527,9129 8885 6401 6514 4337 9542 2900 2901 3091 12464
4528,7015 7016 7014 14571 7013 10832 8164 2003 4133 4605
4529,2215 8467 4067 13195 5347 8832 10934 2721 11116 3670
4530,14136 14208 692 11405 13838 693 10168 11402 6608 13182
4531,149 14472 169 6605 5521 794 476 873 466 6606
4532,6663 6763 6661 14473 13849 7210 2281 10579 6657 6667
4533,11405 11403 14512 692 14136 726 859 11402 693 6877
4534,11366 13885 12850 5267 692 14488 5266 14486 14131 5268
4535,12850 13885 11366 14488 5267 5268 14131 5266 14538 14506
4536,14476 14475 12390 14923 8272 9263 1993 6596 15007 14162
4537,13885 12850 11366 3665 10701 2652 15120 14488 13179 7938
4538,12850 13885 11366 9357 5267 5268 14488 14538 14131 5266
4539,11366 13885 12850 692 14488 5267 14486 5266 14131 14491
4540,11366 14456 13885 12850 8428 14455 14972 14068 15193 14944
4541,11366 13885 692 5267 14486 12850 5266 14404 14477 14481
4542,12850 13885 11366 14488 5267 5268 5266 14131 14538 14506
4543,11366 13885 10200 13511 12850 14478 14487 14565 3898 692
4544,13885 12850 11366 14488 5267 5266 14131 12298 5268 14491
4545,12850 13885 11366 5267 14488 5268 14538 14131 5266 14506
4546,11366 13885 12850 5267 692 14488 5266 14486 14131 5268
4547,11366 13885 12850 5267 692 14488 5266 14486 14131 5268
4548,12850 13885 11366 5267 14488 5268 14538 5266 14131 14506
4549,13885 12850 11366 14488 5267 5266 14131 12298 5268 14491
4550,12850 13885 11366 14488 5267 5268 14131 14538 5266 14506
4551,13885 12850 11366 14479 5267 14488 14491 5268 5266 14131
4552,12850 13885 11366 5267 14488 5268 5266 14131 14538 12298
4553,13885 12850 5267 11366 14491 14479 14506 14488 5268 5266
4554,12850 13885 11366 5267 14488 5268 5266 14131 14538 14506
4555,12850 13885 11366 14488 5267 5268 5266 14131 14538 14506
4556,13885 12850 11366 14488 5267 5266 14131 12298 5268 14491
4557,11366 13885 12850 692 5267 14488 14486 5266 14131 14491
4558,13885 12850 11366 14488 5267 5268 14131 5266 14538 14506
4559,13885 12850 11366 14488 5267 5268 5266 14131 12298 14500
4560,13885 12850 11366 14488 5267 5266 14131 12298 14491 5268
4561,6196 14482 13025 14496 11366 4028 8340 5890 13026 3097
4562,11366 692 13885 12850 5267 14488 14486 12386 5266 14479
4563,11366 13885 12850 5267 14488 692 5266 14486 5268 14131
4564,13845 8688 12859 12715 12236 1558 3858 9324 9323 13846
4565,692 12850 11366 13885 12386 14136 8250 11405 14538 13838
4566,13885 12850 5268 11366 14488 5267 14131 5266 14506 12298
4567,13885 12850 11366 14488 5267 5266 14131 12298 5268 14491
4568,11366 5267 14131 13885 692 14491 14479 14486 12850 5266
4569,11366 12850 13885 692 5267 14486 5266 14131 14404 14496
4570,11366 13885 692 5267 14486 12850 5266 14404 14477 14481
4571,13885 12850 11366 14488 5267 5266 14131 12298 14491 5268
4572,14429 12850 14483 12787 8575 366 4399 13885 11366 6622
4573,11366 12632 11273 14445 13885 692 7013 5267 12850 14486
4574,14486 11366 5266 14485 14481 13885 14491 692 14913 12528
4575,11366 13885 5267 12850 14491 14479 14488 692 5266 14486
4576,10200 14487 13511 5019 14565 14564 11366 4756 14227 3898
4577,13885 14488 12850 11366 5267 5266 14131 12298 5268 14491
4578,13885 12850 11366 14488 5267 5266 14131 12298 5268 14491
4579,11366 14489 13885 692 5267 14486 12850 5383 5266 14404
4580,11366 13885 12850 692 5267 14488 14486 5266 14131 14491
4581,12850 13885 5267 11366 14491 14479 14506 14496 5266 5268
4582,692 12850 11366 13885 12386 14136 8250 11405 13838 14538
4583,12850 13885 11366 14538 5267 5268 14131 12134 14887 7177
4584,13885 12850 11366 14488 5267 5268 5266 14131 12298 14506
4585,11366 13885 12850 5267 692 14488 14486 5266 14131 5268
4586,7719 4532 14492 3445 14674 9143 14886 6766 14575 14470
4587,11366 14130 5267 12850 13885 11266 2062 14491 14479 9045
4588,11366 13885 14130 12850 5267 692 14488 14486 5266 14131
4589,11366 13885 12850 692 5267 14488 14486 5266 14131 14404
4590,11366 13885 12850 8042 14131 681 5267 692 14488 14486
4591,11366 13885 12850 5267 692 14488 14486 5266 14131 5268
4592,13885 12850 11366 14488 5267 5266 11608 14131 12298 5268
4593,12850 11273 9307 13885 13557 11366 3486 15106 13101 7014
4594,11366 13885 12850 5267 5266 6785 14491 14479 7527 14488
4595,11366 13885 12850 5267 692 14488 5266 14486 14131 5268
4596,11366 13885 14137 12850 3815 692 5267 14488 14486 5266
4597,13885 14495 14494 14131 14432 12850 11366 14488 5267 5266
4598,11366 13885 12850 14496 5267 9026 14491 14488 15175 692
4599,13885 12850 11366 14488 5267 5268 5266 14131 14538 12298
4600,14498 14497 11366 5266 13885 12298 14897 14574 14137 14486
4601,13885 12850 11366 14488 5267 5268 5266 14131 14538 1910
4602,11366 13885 12850 692 5267 14488 14486 5266 14131 14491
4603,11366 692 13885 14486 5267 12386 12850 5266 14479 14136
4604,11366 14481 14499 14486 4339 15176 13885 692 5267 5266
4605,11366 13885 692 5267 14486 12850 5266 14477 14404 14913
4606,11366 13885 12850 692 14488 5267 14486 5266 14131 14491
4607,13513 10330 3990 15277 14577 14576 3991 3989 1527 1670
4608,14085 1561 12486 266 14446 13725 5297 14086 14040 14087
4609,11366 12850 14500 13885 692 5267 14486 5266 14131 14538
4610,7804 2725 8676 14501 12880 5426 6613 7539 10892 14118
4611,12850 13885 5757 11366 553 5758 14538 13262 13737 14488
4612,14503 6479 14502 607 12466 5707 6226 14178 3070 13639
4613,11366 13885 14131 12850 692 5267 14488 14486 5266 14404
4614,12850 13885 11366 14488 5267 5268 5266 14131 14538 14506
4615,11366 13885 12850 5267 14488 692 5266 14486 5268 14131
4616,13885 12850 11366 14504 14488 5268 5267 2201 14131 5266
4617,7855 4753 9830 10986 11896 14279 10941 6784 9331 7678
4618,12850 13885 5267 11366 14506 14491 14479 14488 14496 5266
4619,6623 11912 1864 1510 11227 6622 6476 13070 6782 5157
4620,1166 2742 1535 5998 2820 13187 2823 405 2614 3464
4621,2614 2742 2820 3465 5998 1532 2741 6352 405 1165
4622,12850 5267 13885 11366 14491 14479 14538 14506 14496 5266
4623,12081 5196 10464 13458 12623 13457 13253 13832 5899 5197
4624,5793 10764 6227 6483 9835 431 14507 8605 11407 4749
4625,4068 3887 13889 2265 14235 238 7940 2264 12156 11642
4626,14508 15177 12338 7937 14860 5090 5092 5093 5094 5095
4627,14509 13227 15191 5972 13228 7913 175 9602 8268 3811
4628,8999 13282 7121 3486 15148 14545 14163 1368 91 9054
4629,4953 14510 14458 13414 14578 7017 14607 14824 1577 8376
4630,14381 9430 6003 14970 14329 13018 15109 10484 8408 8617
4631,1337 11873 6982 4933 1269 14511 5260 1340 1596 5675
4632,10870 5527 7626 15207 15206 7428 7628 7629 12567 8999
4633,726 14512 11405 2657 11403 8562 10094 12650 13804 13852
4634,14513 14478 14277 14848 11405 14204 14610 14706 8547 13420
4635,740 14979 14296 14907 1351 14348 14163 12084 11818 4847
4636,4016 4074 8182 14055 11260 3945 611 8846 12434 12435
4637,7844 11367 14165 7842 14447 11368 7843 58 8663 3055
4638,4382 11367 14432 3536 5026 2836 4383 11030 7244 4381
4639,2210 14166 10464 14929 9052 8999 8098 3021 11157 14514
4640,10542 13000 14413 14683 1869 4815 1162 3237 4901 88
4641,14516 10976 10872 10874 3834 10873 12616 14412 2099 1298
4642,1721 8152 4407 3693 9664 13573 8982 1776 10246 11435
4643,13 9759 8096 8095 13307 15 12 13382 4565 12049
4644,7643 3895 14517 1127 7649 12470 8397 7888 12129 14393
4645,11366 14486 13885 692 5267 5266 12850 14481 14913 14477
4646,3462 12713 3629 612 8582 6815 9905 10978 11824 14975
4647,14422 11238 14423 3369 8604 5206 11732 11733 6780 11731
4648,10591 14519 320 13056 3841 15247 14913 15011 12877 11366
4649,235 1617 234 1618 1619 1622 1621 1620 11814 2959
4650,9251 539 9412 4076 10180 11784 4285 8 14708 7014
4651,13430 5107 7109 3751 14952 8251 14224 11668 12803 1112
4652,13723 560 7057 4137 5367 1011 7784 8164 12655 3083
4653,14156 10981 12101 11002 13646 10977 4416 12077 5431 6811
4654,12297 13036 13408 7251 14520 14521 12437 3855 7210 5973
4655,7776 8892 12251 11861 11860 13454 475 7152 11859 1086
4656,577 14094 14522 712 3600 731 14095 15026 11405 13286
4657,2820 3465 2614 2742 1166 405 12426 11122 1323 3464
4658,9830 5485 8244 10986 7678 9331 3480 956 7855 8646
4659,2742 5998 2614 8727 2820 13327 2817 1165 3465 405
4660,4515 13324 13271 2742 13628 13323 2820 1532 1529 9784
4661,1166 12426 13187 2820 13660 2818 8830 1535 3464 11524
4662,405 8904 11112 1532 2820 1323 1535 2742 2614 3465
4663,2820 1166 13187 3464 2742 1165 13452 12426 3465 2614
4664,11384 14222 5518 692 14581 6622 12065 14205 14538 14415
4665,6057 6764 12881 1376 9147 12194 14523 12233 3004 4480
4666,14204 14513 14478 6606 14581 4549 6605 5518 14848 11405
4667,11405 13053 14136 726 14512 692 11403 11402 14200 14711
4668,14205 13949 7381 14873 11384 4960 13183 14462 14461 8145
4669,360 14524 13831 14426 14142 1532 14586 2820 2742 13920
4670,14525 14198 9201 14395 14197 1633 11035 14254 8300 2904
4671,14204 6606 6605 14523 14581 14846 13183 9258 5518 625
4672,11405 13266 14136 726 6476 692 14512 11403 11402 13207
4673,11384 14380 14379 693 692 11405 14383 11403 12065 6725
4674,4757 12013 14526 3576 9227 13369 786 495 7131 15076
4675,1181 7663 14527 14528 2591 11786 12201 5502 9964 12337
4676,692 14530 3801 11366 14441 14004 12386 14961 14529 13520
4677,1907 14531 5674 10565 1908 1909 12519 444 1906 14065
4678,173 5216 61 14539 478 6833 8950 7198 2250 3945
4679,11289 7581 2591 14159 14157 15265 344 5410 2598 2596
4680,14212 13167 14448 14211 9522 12103 415 11124 693 630
4681,11366 13885 692 5267 14486 12850 5266 14404 14477 14481
4682,7844 1180 2303 1170 58 11367 3055 7842 15072 12862
4683,13272 13756 237 6387 13757 13759 10810 4359 6528 9971
4684,2321 6077 11144 6076 11303 6075 594 6072 11129 6073
4685,10868 12373 3537 3540 6613 3541 11153 13971 10869 9205
4686,8892 7384 12989 13335 8893 8894 1535 13248 1475 405
4687,14532 557 9217 558 556 11366 2904 555 9220 2931
4688,12898 6484 1846 6183 2627 1864 5715 6485 1700 14146
4689,8164 4605 1357 4133 15238 13665 1354 5673 6553 7016
4690,2820 1529 2614 3465 2742 12426 1166 405 3464 1535
4691,13606 5352 7935 14495 13607 1349 2291 7380 14494 9591
4692,7648 10254 14039 10593 10253 8686 12486 12716 11610 12719
4693,7863 3993 14534 9339 5210 1095 3994 482 3662 4351
4694,8164 11120 5673 4133 4605 10818 12756 12551 2887 13878
4695,12577 14311 13741 12809 7144 13177 12333 13078 1806 7408
4696,13846 12566 6785 12567 2979 6685 6349 13459 6524 10870
4697,13900 9015 13114 10917 13040 10085 5331 14075 14077 11208
4698,1884 10542 7565 1885 12997 5407 1882 11187 13929 3237
4699,2742 13353 14331 13926 2815 2814 10076 2820 2824 2614
4700,5514 9114 5515 15163 8452 14224 4861 12009 11405 12840
4701,7050 5592 14356 1836 7246 5288 4175 15000 10264 7929
4702,6909 7466 9238 9960 7455 1886 1896 3055 5869 9959
4703,4073 5896 12263 11358 6761 9239 10112 4964 7343 10782
4704,7427 5687 6806 1011 10199 4599 7554 10899 9534 8513
4705,14240 7268 14535 8871 11124 11481 2324 13933 5375 6411
4706,12850 14537 13885 14536 11366 14943 14538 5267 14067 5268
4707,3771 924 5369 14660 259 15008 6329 14393 11711 14693
4708,14131 11366 8517 13885 12850 11405 14495 6934 8042 14222
4709,14540 14541 7231 4066 10048 412 2919 2916 2013 15145
4710,626 8397 9365 6488 4966 5709 6118 5377 3980 1746
4711,14542 5337 7946 4788 5710 5979 5339 4126 5338 2673
4712,12850 13885 12298 11366 14538 14497 5267 14971 5268 14131
4713,13885 12850 11366 14498 5266 14488 5267 14497 14131 12298
4714,6729 9563 14543 4595 14566 5355 14206 7544 10432 13841
4715,9406 14545 13282 3486 9422 11725 9412 14764 9307 2853
4716,12850 14538 13885 14264 14973 14938 11366 14222 14415 553
4717,1721 6553 1357 1354 2369 2014 6360 4133 3083 6550
4718,14538 12850 14264 14973 14222 611 12134 14938 14415 7229
4719,14538 12850 14264 14973 14222 14938 611 12134 14415 7229
4720,13652 11009 5516 14303 11384 9827 2623 14304 1615 9945
4721,11405 14512 11403 692 726 693 11402 14136 14383 11404
4722,11405 726 14512 11403 14136 692 11402 8562 693 14711
4723,14545 9406 13282 3486 9422 11725 2853 15145 9412 14764
4724,12850 13885 11366 14538 5267 5268 14131 12134 14887 7177
4725,12850 13885 11366 14538 5267 5268 14131 12134 14887 7177
4726,12850 13885 11366 14538 5267 5268 14131 12134 14887 7177
4727,3500 2957 5751 1779 5752 7798 11560 3403 5753 3402
4728,101 14264 14547 8999 2774 14898 1808 3219 15013 14163
4729,478 14548 149 476 466 794 14539 775 494 4177
4730,101 1808 14898 2774 15013 3219 14578 14579 15233 8999
4731,10977 12101 12134 7560 7559 10975 9342 10976 4882 3834
4732,58 11126 9013 14824 14163 15285 14742 12427 14980 4426
4733,1001 10818 2887 12756 1002 11768 2996 8443 7062 2893
4734,14557 14551 14553 14552 14556 14558 14555 14081 14554 14166
4735,1166 4516 1165 2820 2742 3464 3465 1535 2614 405
4736,12850 13885 12134 11366 14538 14887 13899 5267 14696 14697
4737,14490 13885 12321 14674 14470 11217 14417 14142 5091 5092
4738,12426 3465 2820 2614 2742 405 1323 1166 1529 1532
4739,692 14561 11366 12386 14136 8250 11405 13838 15082 693
4740,12481 1173 8997 2009 11055 1174 5024 7886 10497 528
4741,692 11366 4465 5197 12386 14136 11405 8250 13838 693
4742,9682 5383 2438 1655 1939 5384 6162 8335 5385 1663
4743,14404 5787 5786 7000 11366 3178 3177 12667 1381 2959
4744,14563 12465 13350 13943 12468 9603 3222 12467 867 11949
4745,14565 14564 4756 5019 10200 13511 13602 625 15180 11026
4746,13838 14213 692 10591 12340 14209 14208 13056 14214 5521
4747,1001 2893 11768 1011 1002 9968 10818 6703 2996 7062
4748,3841 11884 14566 14543 9300 13056 11883 7678 15007 10591
4749,13896 13897 13894 1858 15195 14285 692 11574 9492 2013
4750,383 692 4497 14316 11366 4759 13766 12253 900 8677
4751,6583 14567 13058 2013 692 6582 6044 6046 11159 6584
4752,14268 8454 11630 5226 12536 14181 14132 11253 11737 11230
4753,12339 14569 8250 2273 2263 14575 6581 12338 6303 14574
4754,14570 14241 14316 15060 14244 14251 14248 14249 14250 14247
4755,3180 330 6036 10709 8669 2254 1028 11302 8692 7337
4756,8477 2887 5689 14464 14226 11120 14571 7450 13878 5673
4757,692 14573 8250 14572 11366 12340 14964 13838 12386 14569
4758,692 14575 6581 8250 14574 14009 14492 14238 12339 11366
4759,692 13558 8250 11366 12340 14572 14964 12386 13838 14569
4760,14209 14596 13680 14595 14458 12440 14286 14213 11120 12251
4761,14082 13172 2501 2657 13174 13173 10715 9214 3170 8138
4762,14577 14576 10741 15277 13513 13074 451 1880 5344 8811
4763,2391 11883 12025 12651 11884 10011 7678 9055 15163 10009
4764,53 14578 12877 7124 3055 14826 14825 13587 15013 14320
4765,2230 7944 13192 14128 9341 10653 14344 8462 8176 3691
4766,101 14579 14503 7223 14898 2774 15013 1808 3219 14578
4767,8591 10382 10383 117 2325 15029 3662 15028 8999 494
4768,4755 4434 14582 6951 14451 15099 12537 4630 12670 5559
4769,9202 13999 6618 7351 15133 2899 12991 9698 8474 11038
4770,6797 10115 8128 6795 4594 5564 4641 6796 2805 6798
4771,11426 11205 11947 11427 844 11948 4644 11174 5071 7755
4772,12427 14583 14584 113 14585 11458 14163 13587 14555 4426
4773,10035 5620 5380 1889 8025 5612 1297 5621 357 5619
4774,11622 908 6181 6483 6170 9804 3823 8035 6782 8209
4775,12318 6885 6884 12709 1683 4924 11576 9891 4554 12317
4776,3190 14319 426 6022 11048 8760 9990 1343 10797 1170
4777,4755 14451 14587 5559 14582 15099 4434 1636 13361 15167
4778,7556 12648 10456 13946 10407 11426 2789 10431 14234 13914
4779,5998 2741 2742 2614 9793 13574 2820 15152 3465 6416
4780,7648 12892 8688 14039 10253 10254 10593 8686 7649 12520
4781,8164 4605 4133 15238 13665 1721 9852 1357 7016 2881
4782,6622 14281 6520 8575 7639 7853 10810 7855 6476 13457
4783,13726 12216 8410 5964 12215 5707 9806 8144 10148 12439
4784,13653 11781 14365 5923 11177 15197 13070 2627 11592 6226
4785,2636 12612 12092 1996 13974 13969 13975 1997 8215 8545
4786,11366 5226 13885 14268 692 5267 14486 12850 14477 5266
4787,14110 9022 9021 9023 5329 9011 5020 15005 46 14149
4788,2650 13828 6537 6487 13830 12536 13829 12748 11872 12303
4789,12850 13885 11366 5267 14488 5268 14538 5266 14131 14506
4790,11366 13885 12850 692 5267 14488 14486 5266 14131 14491
4791,7402 12981 13679 7272 12055 9689 11647 3265 7401 14738
4792,14589 12772 9675 4084 12782 581 7386 11609 4440 12152
4793,1475 11759 5345 14844 1535 11880 1529 2741 13336 2820
4794,5814 5 8324 5759 12093 14453 1128 7131 13936 12274
4795,3720 6984 5525 3986 14958 14957 3985 4588 11582 11580
4796,12850 13885 11366 14488 5267 5268 14538 14131 5266 14506
4797,1949 13079 8580 11366 9060 12512 13080 3800 8926 13078
4798,726 8590 11405 8589 8562 12650 816 14511 13804 13852
4799,11405 14591 14136 726 692 11403 14512 11402 693 14711
4800,5929 4424 2951 15129 13513 13017 8736 8735 13806 13804
4801,9106 14592 5383 14821 726 1605 740 11405 9594 15252
4802,1475 13336 3677 8832 8334 5345 14844 7751 7750 11880
4803,553 13737 13262 13681 14538 13365 6622 11384 366 12850
4804,4351 6004 7941 2415 3662 3993 1734 8028 2979 1864
4805,11880 8832 12838 11877 4074 1475 13336 10934 2215 12535
4806,13617 9555 12928 14593 3582 2978 13278 3588 3585 12927
4807,5729 14594 2847 6162 6097 6781 6096 1898 6503 9828
4808,10820 4016 6105 714 9203 14055 11188 11260 4856 11365
4809,2152 13435 3542 13618 2305 8852 12233 11809 1805 4756
4810,11405 726 9106 14512 14136 11403 692 11402 8562 14711
4811,11405 726 9106 6719 14512 14136 11403 692 6725 11402
4812,611 6474 593 10421 383 488 11936 11939 11937 11938
4813,14301 12556 6654 14302 14097 14096 10392 13429 4997 6667
4814,9655 6687 7689 9650 6187 8059 3672 4169 1707 6252
4815,14596 14209 14595 13680 12440 14286 14458 14213 11120 14285
4816,8999 7121 13680 15148 14595 14596 14163 11185 1368 9054
4817,13013 14597 1483 1485 5415 1487 13012 14870 7153 1489
4818,2614 405 2742 12426 2820 2822 1323 3465 1535 1532
4819,5998 2742 2614 2820 3465 2741 13327 405 1532 15152
4820,4550 13417 14598 617 4151 13420 13418 11911 12567 13419
4821,2614 5998 3465 3046 2742 2820 2814 1532 6352 1529
4822,8397 6488 9365 626 6118 5131 1127 578 8574 629
4823,12949 14600 1996 8629 1997 13815 11191 14372 11203 3274
4824,2291 7341 2412 9051 13606 4090 13607 1349 7848 11759
4825,1989 6702 1491 4946 8670 6147 8070 13645 11017 8671
4826,3237 54 2031 1988 11444 11440 3234 4901 7564 47
4827,9150 11388 9825 14450 3656 808 11389 3654 11129 5599
4828,14602 5182 14601 12163 7765 4773 4418 9582 12776 589
4829,8020 14009 14214 13736 14211 15169 14213 7083 8525 692
4830,5415 14603 8798 1496 7158 13012 7159 7157 2507 1806
4831,58 14605 14604 14080 100 7324 8802 15287 14163 11126
4832,14606 12235 10252 10250 13034 13692 13688 13689 6841 13687
4833,6622 7352 7350 2979 7351 13892 2108 11384 6476 10609
4834,2574 9921 13042 181 570 7285 87 2506 894 2026
4835,476 14607 3365 14307 9399 176 9342 9350 2448 2129
4836,3242 705 4568 989 2930 5862 6563 3397 11260 12941
4837,9910 14608 14355 3663 10158 9802 1538 4454 7758 938
4838,938 2441 12762 12761 966 9880 961 3663 967 977
4839,14223 10266 14610 10121 14106 14222 6346 14160 14415 14224
4840,2026 14611 195 10261 10263 2518 10886 11807 10422 3000
4841,9650 8059 10151 1926 7434 9655 11701 13763 7745 6252
4842,10867 8967 7106 10870 1268 11621 13762 6174 1847 6240
4843,7698 340 5631 6817 3196 931 8878 12347 3036 11738
4844,12786 13233 12380 5194 2742 6351 13235 2741 13357 10207
4845,6917 10539 291 2464 9479 130 6882 10159 10550 5312
4846,230 14613 14614 7586 280 13205 2592 12522 9212 3134
4847,8074 821 107 1216 5512 14297 634 3306 5488 5490
4848,12028 1480 13577 5261 4439 5911 6242 3410 7647 6039
4849,6572 8071 10790 7389 6570 137 4363 7120 12877 8494
4850,488 13603 495 10884 611 476 1584 4236 6339 794
4851,3350 12316 1944 11094 11717 10486 11096 11095 1997 1941
4852,786 167 1047 145 6575 2460 215 13369 9227 476
4853,379 3228 14617 10780 3227 3232 3231 3233 3235 3234
4854,7051 466 794 658 169 489 462 686 476 4260
4855,7803 7802 12081 2728 6146 7801 5899 11769 2898 14384
4856,14367 5106 5105 5104 5103 5102 5101 5100 5099 5098
4857,6809 9757 10814 3442 4132 4688 7404 9753 6811 1003
4858,8892 8893 8896 8894 2599 6004 8483 8889 5372 8888
4859,4668 10151 11566 4561 7704 2432 8842 2426 7410 10154
4860,3972 8902 14544 3274 12785 3275 5607 1537 3583 14317
4861,488 5410 12044 3743 11289 1518 8515 495 10884 1686
4862,651 12845 13264 3213 10484 3222 216 10594 3936 478
4863,14619 14618 14550 1702 3916 2262 611 788 12421 169
4864,14621 611 242 578 3956 169 14620 385 11213 8182
4865,1910 6467 2310 3510 12602 11165 9995 5557 1161 8602
4866,4599 13556 10911 7427 1315 13557 5845 7702 4693 13212
4867,8325 11265 4902 13826 2287 2716 1276 11264 12280 10255
4868,14623 13759 7999 4670 1611 1602 12135 3410 12296 6773
4869,14624 9813 12594 5252 9426 9960 1129 9814 13073 2613
4870,611 2061 3213 12568 364 13039 3872 12051 9694 10421
4871,11878 2822 11110 12426 1535 2820 2814 405 2742 1166
4872,4861 690 9255 14224 5514 11405 466 14893 7875 5155
4873,12311 14076 13611 13000 13995 12253 14783 311 9101 383
4874,6108 5289 5338 3547 1053 5339 2673 5294 733 5727
4875,1365 14625 14626 14640 11419 9140 12653 12399 7259 6599
4876,10484 12845 8408 13132 2956 14616 14970 9430 14329 13018
4877,3916 8200 4575 4741 760 14619 14486 3931 5090 6373
4878,12814 12170 14630 14627 14629 14628 3787 1801 8270 3680
4879,14632 5887 1585 7233 5986 1893 3837 8515 5237 6263
4880,634 8074 14297 9706 5488 107 6689 1216 821 5512
4881,9292 6096 1264 1262 7886 7887 2451 1548 6559 13417
4882,794 7580 5488 476 7577 7578 3222 5490 7579 6411
4883,466 10424 5062 163 8453 3026 2711 1460 6953 5082
4884,8397 6118 1746 14275 2256 3980 6488 629 6330 7852
4885,14635 7359 5481 4956 8737 9443 5484 8700 3993 7364
4886,14636 5740 10968 3765 11550 2309 7232 3272 3271 3270
4887,586 14637 10834 9495 10507 882 10633 5986 11259 15196
4888,11315 11306 14638 14238 14572 13559 12626 8374 8250 14964
4889,1282 4850 3500 8195 1905 5351 12847 2588 2342 12087
4890,1572 3153 2332 324 3398 7388 8063 3192 10760 2337
4891,4416 73 1102 14639 2704 2748 2876 1826 3843 1306
4892,4507 11082 11252 3483 6442 6443 6441 6440 4241 4769
4893,14640 14625 14726 9436 13457 13459 7085 14626 1365 5093
4894,2795 10242 12696 8213 3568 13907 1958 5578 2797 638
4895,9655 9650 6187 8059 6687 6528 9826 7689 6252 11406
4896,3009 14641 10344 2404 2603 10346 3005 12899 10345 2042
4897,3749 9912 1029 10737 4907 10459 9523 659 11848 9933
4898,9089 11323 2116 7836 2943 1047 7708 811 2255 5151
4899,611 3214 14621 11483 10421 385 383 10893 3471 242
4900,83 8434 7822 8432 6054 8433 8431 7429 10308 599
4901,9540 7427 7554 10199 2875 11569 1828 365 3415 5447
4902,224 4120 8898 12652 14611 223 221 222 12297 7251
4903,476 10126 3811 2739 870 4862 10017 466 228 6868
4904,11366 692 13885 5267 14486 12386 12850 5266 14477 14479
4905,13162 7986 8035 9128 13069 8751 13691 6482 8271 7851
4906,1660 3945 4419 15096 11720 7552 8616 476 227 3637
4907,323 7683 10181 7996 3930 347 11134 7763 10573 11720
4908,8572 13017 14979 13016 12325 5415 740 3488 12347 2739
4909,10193 1003 9535 3667 2891 3074 3688 10857 8167 7065
4910,9397 796 1452 7348 3253 4821 2938 12852 6025 8223
4911,188 10883 7371 549 12433 10915 1018 8724 10547 6913
4912,1083 8047 3624 8243 7397 5083 3250 5027 11083 4127
4913,8363 14071 11200 10456 8102 10789 8543 12091 11163 11717
4914,2821 7691 5408 8058 12483 8098 10387 7694 11157 2819
4915,1354 11777 2378 1357 1355 2371 2369 4138 4141 1356
4916,466 12650 8507 14644 14643 14642 13739 13602 8576 3259
4917,4577 8341 5711 3905 13342 8869 192 2808 6114 5195
4918,3443 12376 1136 3003 10246 7215 1011 4692 5686 1145
4919,7697 232 7196 162 7195 2829 2448 668 985 1452
4920,1474 6380 5958 6383 6595 2428 1656 12295 5082 11760
4921,5570 13314 8713 6415 13144 10731 8710 6284 4840 8316
4922,11315 11306 14638 8374 13559 14572 12626 14238 14861 13558
4923,169 2133 2748 149 1569 10832 12094 466 165 5984
4924,14646 14645 5780 13919 14304 10441 5781 5782 13419 11214
4925,3510 10840 4236 586 11316 8591 13013 1485 3149 11481
4926,14650 14649 14651 14648 6465 5670 14653 14647 13523 7082
4927,4726 6434 2472 2956 383 118 117 6263 5311 476
4928,8838 3241 5498 9133 12132 8570 10281 2187 3958 8964
4929,12840 11836 3662 11849 10672 12034 12103 389 4408 9808
4930,9373 9374 3888 3393 3392 8977 7234 11717 12226 335
4931,645 6477 6823 5866 8836 14853 8561 10599 14986 74
4932,578 6849 10267 2453 3877 13542 8397 1737 7453 10764
4933,14654 14862 692 5104 5103 5102 5101 5100 5099 5098
4934,13186 14655 14309 13660 405 1533 8730 13717 14015 14599
4935,14645 1655 14656 5382 8298 8372 5384 1094 13823 13419
4936,2820 2614 3465 14139 2742 13187 2745 2822 13540 1166
4937,2614 12426 1323 2820 2822 3262 2742 405 13201 3465
4938,1535 405 12426 2820 4516 2814 1166 2742 9786 2822
4939,2741 4515 2742 13628 2820 1532 2614 13271 2744 5998
4940,2614 2820 2742 3465 1532 2822 405 1166 5998 2743
4941,5998 1529 10730 13850 2614 2742 2820 3465 12426 1331
4942,2820 5998 12426 1529 2614 2742 405 3465 1166 1535
4943,4516 12426 1535 2820 626 405 1166 14657 2742 1339
4944,2614 1323 13330 1529 405 2820 2742 3465 1532 5998
4945,2614 1529 11393 2820 3465 3464 2742 1532 5998 13578
4946,3602 1752 2699 3043 14729 3044 3909 7139 5273 3584
4947,12911 14315 11261 13904 12480 2614 13431 14316 1632 5516
4948,14107 1493 10158 1481 1489 8802 1487 1497 7315 5567
4949,12440 8693 5498 14286 1262 1979 9242 7495 12133 14209
4950,235 2959 234 11254 1617 1618 1619 13850 6716 1622
4951,14659 12480 14658 3894 14043 13020 5559 12366 5565 14164
4952,1160 665 10245 3369 1161 11545 10430 1162 11377 8604
4953,14660 9799 259 924 15242 5094 5095 5096 5097 5098
4954,11079 2901 5766 14175 6060 5764 9542 2905 6059 9129
4955,506 1943 5573 5539 6919 796 880 1197 4180 8984
4956,10491 14284 13312 14507 9519 14362 5012 14174 14173 13986
4957,3663 1538 938 14608 12762 977 8695 7039 12761 1539
4958,6517 14661 9090 1194 4096 3773 1069 7145 1198 784
4959,7249 14662 7236 6726 14330 2742 14183 13854 529 6353
4960,5277 12160 8313 1028 3171 2807 5653 8757 8311 4736
4961,9693 2352 9253 2249 2078 2952 3192 5814 8196 10700
4962,3222 8075 14663 11201 9352 1742 5808 794 1646 10509
4963,2823 13260 9793 14139 13187 1535 1166 2820 10410 13259
4964,12366 13072 14034 6819 10407 14024 10967 8698 11425 14664
4965,8363 8102 10789 14071 8093 5370 9077 9076 3953 12647
4966,14666 14667 13077 8210 7276 394 8133 12606 558 3559
4967,5351 8376 4850 9590 12421 8195 11143 7208 14619 1282
4968,14668 13412 8872 9215 3428 12420 6589 1686 1479 2309
4969,5452 2296 11483 7499 2151 3824 5229 10124 7684 5615
4970,8999 7121 14163 15148 1368 91 9054 14166 7124 10715
4971,10237 1085 1484 10235 3605 11746 8347 1611 2607 3624
4972,1806 5577 13012 1483 14419 32 5415 9902 9906 1026
4973,1820 1732 347 6825 502 13722 4479 10166 8651 7399
4974,3663 73 14534 13721 967 945 3626 4305 1539 8898
4975,13651 405 2820 13332 2742 1166 1532 1165 11524 2614
4976,4818 11461 2754 1202 4820 4061 2809 10066 7723 10275
4977,5788 5287 2108 1896 13951 12159 7172 11357 7878 12207
4978,3222 1734 10787 794 476 1646 10509 8075 15245 2448
4979,3375 14518 2130 12132 9248 1854 8286 6822 6882 6832
4980,1347 10909 3955 7920 5053 4071 7149 6441 5911 8415
4981,467 4363 1381 3510 10547 447 8722 1453 10265 14287
4982,6068 13631 337 10666 9829 8350 6069 1292 13714 8348
4983,6679 134 2333 13402 12187 14622 11038 11042 11040 13528
4984,6836 3906 5785 14278 13588 15181 1374 14166 3222 9260
4985,11777 1916 7358 1354 2371 1915 10072 1913 1914 9192
4986,3222 651 6577 216 794 1646 2448 4085 478 10509
4987,14673 14671 11577 13488 9172 14672 13956 8833 13585 9174
4988,1011 7217 1773 5255 1353 1704 1774 10936 12936 1770
4989,8555 9976 2710 8056 6782 7405 304 9233 11711 14342
4990,11366 13885 692 5267 14486 230 12850 10867 5266 14477
4991,5829 3831 3339 9576 5220 3316 3359 5388 88 10874
4992,9140 11419 14626 12653 12399 6385 10381 1365 7259 10983
4993,14674 14470 11217 7719 14886 14490 14417 14142 13949 6589
4994,1880 12574 6868 2739 15147 7726 13129 10965 23 2549
4995,3222 13055 5299 7397 10452 2448 8705 1574 9314 9469
4996,7400 12185 10305 11935 11905 7330 4813 9493 12336 4884
4997,1011 11120 4062 9853 4063 14236 1769 5876 7014 5846
4998,6785 13640 6244 12082 13798 10716 6476 9306 6520 6539
4999,10077 14676 10266 14675 8815 8754 10340 10885 4815 4905
5000,3270 3271 3272 2794 5740 3269 3955 9305 2362 6872
5001,3549 5145 7415 7416 6477 5790 11589 11074 5968 4748
5002,1778 2372 6432 2375 9851 10626 2371 11808 1320 6362
5003,13236 5685 8680 10808 14677 7108 1712 12913 5444 11722
5004,13666 10845 10844 12677 13703 12676 13001 12645 14679 11355
5005,10367 5848 12375 5843 12374 13444 396 5847 12145 13789
5006,611 14680 2750 3909 5016 4848 2313 10421 383 11936
5007,2011 2010 11252 11251 14681 6110 11368 11370 13684 642
5008,14265 14064 9826 6540 12472 3425 6171 9806 6476 12223
5009,11188 10084 14145 11365 6105 7227 10081 10083 4053 692
5010,4624 13983 11386 4611 5844 13911 1011 4615 12642 4619
5011,8181 3863 290 1451 5988 6526 6104 4546 11023 5837
5012,2875 12259 5857 6067 1705 14682 7554 1136 12261 1354
5013,780 89 10929 7735 7737 2363 7968 821 476 2249
5014,14684 13307 10524 5998 14683 8427 12172 10809 12911 13904
5015,14121 12621 14258 1834 5623 3989 5398 1811 11904 2102
5016,53 14579 10820 13513 14578 7124 3055 13991 12877 15163
5017,13559 4073 10821 14685 14259 8921 13928 1808 9267 11306
5018,8999 7121 11185 15069 15148 91 823 14163 7124 1368
5019,13692 10951 3069 13034 13688 13689 12235 6841 13687 13686
5020,5210 10798 7139 6786 2227 14534 170 8310 1411 3602
5021,4313 10591 198 7380 3553 1765 6603 13056 3841 4121
5022,8471 13637 10839 13027 11398 788 13028 6610 2166 4238
5023,13231 5123 274 13716 8659 7248 9667 8716 2601 8555
5024,9511 14687 6202 10836 8221 4871 10834 10833 10835 740
5025,6836 8190 12886 14452 13884 3222 9260 59 14865 9227
5026,14688 14689 10384 6581 14887 5595 6836 15254 14905 1618
5027,8999 10715 14690 101 14163 1351 7121 13912 15148 7124
5028,5788 14691 11397 6489 14492 5708 14949 12950 6497 4753
5029,4532 11962 10516 1697 1752 11961 12276 287 169 873
5030,7229 14694 7244 14693 14539 9486 9244 11932 14393 15199
5031,3969 5950 7176 3455 5612 1292 3970 3968 3228 3967
5032,466 14695 8348 1684 1204 11159 5049 2753 3117 893
5033,12134 14696 14697 13899 12850 14887 12574 14538 10977 1518
5034,14698 5106 5105 5104 5103 5102 5101 5100 5099 5098
5035,14699 1186 6191 664 1436 5059 10700 1620 5466 9349
5036,14700 15289 11045 5093 5094 5095 5096 5097 5098 5099
5037,7554 9753 6323 4132 4688 7427 6809 2875 1011 9628
5038,71 2834 2129 2532 5789 2514 4095 3818 3607 2338
5039,10715 14702 14703 8376 14100 1351 14220 3021 106 740
5040,643 13571 2428 12546 644 645 642 638 4111 639
5041,8334 13336 3677 1475 8832 13346 13232 405 12426 8329
5042,611 2075 10421 383 11936 11939 11937 11938 488 6825
5043,14706 14705 14707 8428 1885 13430 7545 3805 971 10369
5044,692 12340 8250 13838 14572 14964 11366 14573 14569 12386
5045,14708 12565 7205 9845 9251 11291 9143 233 12600 9241
5046,14304 14646 13919 14163 5780 14158 14157 8734 14645 10564
5047,8576 14710 11189 14709 12886 7945 8640 12269 8944 11865
5048,11384 10441 6484 14316 9113 692 12065 6622 6779 14570
5049,101 2498 11148 8272 1696 11563 14547 5003 8999 159
5050,692 11405 14136 11366 11402 693 14208 12386 11403 12497
5051,11405 14711 1627 14136 1628 726 14512 692 11403 11402
5052,12850 14538 13885 12134 11366 14264 8200 14973 14938 14887
5053,2556 11574 6202 7438 1410 11241 3738 4864 10836 90
5054,14163 8999 10715 58 4426 1368 14668 7121 91 14612
5055,3464 1166 2820 14712 11111 11109 3465 13348 3463 1323
5056,4020 6411 2748 753 2318 3049 163 794 13923 769
5057,14511 11089 11134 4939 8590 8589 3559 3162 7276 5798
5058,3457 9943 9979 5459 13139 131 9820 9821 5023 9819
5059,8031 8730 11895 8042 11894 3002 9198 7078 1007 10750
5060,12668 11671 14295 5721 2320 502 312 6088 14298 14310
5061,58 11126 14163 14824 15285 14742 4426 12427 3055 8050
5062,14669 2438 2360 2358 7140 113 9367 10664 3525 8310
5063,794 488 3266 1686 10884 775 9250 476 6870 11924
5064,2614 9374 11717 7 11425 13367 14587 1134 1883 5329
5065,11654 14227 2930 10200 10102 4474 10625 7012 11260 5862
5066,5087 6527 3216 8963 3682 5091 298 2066 5095 10597
5067,3811 11958 7385 363 3833 3613 3050 370 7996 10294
5068,14319 8760 8747 7781 11952 5299 14052 1419 14053 11258
5069,11303 3753 11144 11129 12362 10764 9442 3114 9327 9325
5070,7960 2607 7961 3624 5950 10134 6400 3725 10235 10237
5071,6327 2059 12200 6331 15127 12090 12089 6844 7782 1761
5072,5161 9557 14715 2409 13690 8024 1486 10636 1652 7463
5073,14416 4359 14440 2830 11137 7857 4840 212 13108 10782
5074,9088 11466 4075 10985 2928 8 9030 3134 154 15185
5075,11478 10612 8367 14701 14899 15285 8480 6523 6522 1880
5076,14108 12668 14210 10541 6881 11671 2320 502 1396 15118
5077,2428 486 643 12546 13571 2411 3584 9877 10914 5660
5078,2820 12426 2742 7396 1166 405 2614 13235 3465 1165
5079,6493 14717 14716 6505 13178 5788 6543 9661 8890 4700
5080,8780 13513 1670 14036 14718 14997 14986 10330 15277 14577
5081,10346 2811 6754 13485 7347 7224 10345 10344 2603 7748
5082,9660 2800 11586 14413 7880 11688 11687 10678 12336 3717
5083,692 3903 7452 11366 1058 12386 14136 8250 15082 11405
5084,12290 12292 12293 12675 12289 13381 12673 12291 12674 15253
5085,7971 7453 3542 4210 8303 11063 3539 3543 1737 2718
5086,1351 14721 14720 1028 14719 4671 7967 13947 10715 13215
5087,11355 13666 11988 12683 10254 265 710 6069 11353 11152
5088,8166 8167 10461 7784 3083 2399 4132 2869 4688 1317
5089,9807 7934 10027 9661 10982 1178 12858 6251 13178 6543
5090,13777 13779 13778 14109 2050 10869 13776 2728 3491 8115
5091,7853 14722 7855 14281 8136 6520 8575 6476 10870 10810
5092,14723 10229 7712 13839 2726 14724 7713 7715 7714 4728
5093,12846 13776 10027 7107 14725 13778 13777 3491 11245 8115
5094,14640 14726 9436 13459 13457 7085 14625 2979 13458 6622
5095,13796 14728 10104 14727 2992 7471 12650 6397 13769 7662
5096,6503 14598 8206 8204 1942 8205 8208 8209 5729 7172
5097,14410 12961 14409 13101 15106 12962 15235 11790 10180 15156
5098,14173 3387 14174 14507 13986 8218 9843 13760 2419 6435
5099,8218 14173 14174 14507 13986 13760 9843 7522 409 2439
5100,231 13950 7107 230 13988 7568 9682 10257 5638 1837
5101,5387 13254 13505 13507 13509 13501 13494 13497 13491 13502
5102,14721 691 9718 8716 9264 13215 13214 9717 9716 14555
5103,798 12055 12682 12981 4658 4645 4659 713 12463 3055
5104,1784 14437 3798 2434 2436 11984 13550 8887 2435 2430
5105,7057 11346 1719 1011 4687 10953 4138 2869 4132 10088
5106,11620 11249 14161 12159 7801 9857 4731 14119 14177 1554
5107,2959 5818 9024 12854 13081 383 13850 14138 3403 1532
5108,11984 13396 10244 1120 1119 8055 8021 10116 8 12948
5109,6614 14731 14730 9555 12833 12254 12164 12651 8136 6168
5110,12037 7302 5107 5105 5104 5103 5102 5101 5100 5099
5111,14733 5759 9828 5729 3469 6607 10714 13962 9126 5716
5112,13116 14725 13845 12520 2912 7869 12846 6828 13776 13535
5113,7222 1863 3077 3079 10626 6703 3076 2616 1721 7076
5114,13705 12219 4404 3789 8256 678 3453 8437 371 218
5115,13777 12389 13418 14169 4706 4707 5124 12926 12827 1126
5116,1846 6173 10714 8649 13962 5716 6490 12928 12927 9104
5117,13571 3977 9 2921 643 2428 12546 2915 10652 7718
5118,9308 1321 6356 1778 6363 1320 2375 2371 2998 4060
5119,230 13988 7568 231 3862 13950 12981 3753 5614 229
5120,14735 11486 2140 2559 2200 1507 7727 9914 2552 549
5121,7065 3667 3688 1003 7078 3074 2891 9536 9194 4138
5122,2375 1001 9853 2379 8982 3083 3667 2371 9850 9194
5123,1354 1355 3416 4141 11778 9236 9237 1357 1358 2369
5124,1532 3464 1166 2614 2820 5193 2816 11899 13351 405
5125,2372 12332 2375 14736 11347 2379 2869 2369 4609 10752
5126,4275 14737 10156 4274 2287 9823 4809 9448 6944 11733
5127,585 1204 873 466 14158 1213 1885 6638 686 9424
5128,9194 12209 8167 7065 5690 2874 8166 10461 9751 2876
5129,1001 7062 2370 9640 2374 1002 10818 1320 2996 9194
5130,2371 11777 2375 1778 1354 4060 1320 1321 1322 9192
5131,1777 1826 1012 9640 6364 9194 1008 6705 2371 9192
5132,3083 7784 2371 11777 7093 1357 13683 1003 7057 4413
5133,1011 4687 4693 4132 4688 11387 1317 7817 7818 4138
5134,3435 14739 943 3431 3430 3434 3432 3433 4309 6774
5135,3843 14105 1826 2876 11382 4416 3844 5876 4063 7554
5136,7554 5447 6806 6555 10199 7427 8513 4139 2875 5687
5137,10115 10416 13560 7179 14822 10834 10833 14821 11731 14592
5138,4327 5097 3589 2351 6062 14096 2281 9462 9461 4722
5139,2820 11122 1532 11121 1166 404 3465 6417 2742 2614
5140,1136 1145 7215 1146 4596 5686 1721 1722 3443 10751
5141,6660 4276 14099 6667 6662 6666 3653 3652 10397 6665
5142,9308 12079 12078 6356 7147 4132 9302 14445 4311 7215
5143,9682 6476 12082 6244 6785 10716 9805 6520 8575 10810
5144,6332 13768 10108 7869 13119 7432 764 14742 6849 3993
5145,8058 2821 12483 10387 14284 5405 7691 5408 10113 4941
5146,2086 14744 6284 2093 11039 12904 8585 3564 11003 8909
5147,2869 7215 5673 7057 5845 12933 14459 11120 12934 1826
5148,4037 4035 2880 14745 4039 13426 13380 1317 1011 10071
5149,10568 14748 14749 14747 12807 14746 12942 10570 14750 5668
5150,4035 4036 10073 13426 1316 4037 673 13982 1011 1344
5151,643 13571 12546 2428 4111 2287 9657 7718 2921 639
5152,101 14898 2774 15013 3219 1808 15233 14578 14579 15270
5153,1011 14751 7817 10246 12376 4407 1862 9625 9851 12757
5154,4403 9195 11724 12917 13519 7080 4138 4599 1317 11691
5155,12846 11245 11490 14365 6090 13776 10027 11489 7107 11781
5156,10316 10110 13760 10111 5126 4803 9940 861 6752 2013
5157,14062 3091 2730 2896 14061 14059 14060 273 6852 316
5158,6614 7913 12833 2581 5467 2927 5468 12848 14730 14731
5159,1354 4138 13573 1003 1357 1355 2371 3846 11528 2875
5160,14752 14352 10560 12439 13642 13643 13741 7264 12522 7940
5161,5399 12892 12300 12520 1933 12682 10971 6748 7648 1561
5162,12657 4062 7014 7015 14753 4063 8708 6361 670 14571
5163,1181 14723 14527 7952 14754 13121 275 3861 5614 7715
5164,1317 7426 4687 4132 4688 3083 1777 2996 4138 1354
5165,1837 7936 4851 1222 4358 6240 1847 7947 7948 11711
5166,14281 11712 8135 8136 10867 9826 15026 2301 8227 8409
5167,11620 11249 13617 12520 12159 14161 6069 7801 4731 12685
5168,14752 14352 10560 12439 13642 13643 7264 13741 12522 7940
5169,1001 3083 1002 9173 8932 9174 2869 7784 4687 8476
5170,10293 12764 67 2490 11916 12169 11949 49 415 2270
5171,10035 8025 5620 5380 1889 5244 11357 5243 6131 5896
5172,14756 12503 14707 14755 11046 12507 14706 3805 13350 8428
5173,5671 5669 9665 1917 4608 1914 4136 1915 1357 1913
5174,9124 11660 13881 995 704 5938 9123 614 6158 9314
5175,9950 9952 1344 9951 9948 8382 9949 4599 7427 10899
5176,2858 12379 559 4860 3294 12380 11378 5152 193 953
5177,13548 6589 7532 13970 5964 9126 13972 7719 14674 12653
5178,6048 11589 1547 2054 6051 6050 3745 4366 1545 1546
5179,1119 3429 8016 3428 5248 5247 1122 9239 9393 8021
5180,2614 1532 9784 4515 1323 2820 8526 2742 3465 405
5181,10104 5975 13667 12985 13796 7662 12622 14728 1784 5890
5182,12892 12682 1561 6748 266 12486 14085 902 15267 5399
5183,4132 14759 14758 14760 14761 14270 4687 4688 9758 9753
5184,9127 14394 9659 1947 7259 8035 11344 11622 12693 12931
5185,5687 1011 11107 10199 2618 7427 5447 10899 9534 1729
5186,13557 3486 14764 13556 10911 7014 9307 14762 14763 7015
5187,1011 6360 9851 12895 5687 1317 1357 2371 7057 11537
5188,1498 5219 315 880 8577 10019 11038 9286 4976 5218
5189,2665 8593 14023 7321 4755 13814 5254 8216 2746 7748
5190,14664 13318 12328 11965 9465 2314 4591 1475 11246 11247
5191,12740 12495 6940 1630 10262 8825 2604 6799 12496 8761
5192,13000 12311 13995 12253 13611 383 2636 13001 14796 8544
5193,14768 14766 14767 12317 9891 4554 744 8044 12318 3111
5194,14770 14769 9558 4594 3896 13907 5578 5258 4654 10242
5195,12182 12274 8757 14665 6099 14773 14772 13996 14451 3073
5196,6136 13003 7309 7563 2787 2793 3275 6139 6279 13064
5197,14774 5106 5105 5104 5103 5102 5101 5100 5099 5098
5198,13032 11943 10343 6626 11029 10001 8003 13714 4369 10724
5199,337 10666 13714 11732 3961 8350 1292 8348 8349 3301
5200,4766 6576 11429 14617 14664 7248 1993 585 4085 10962
5201,9575 9572 13019 11095 13463 12618 13064 4909 13822 12614
5202,10696 14775 4654 13019 13945 3896 8087 14769 8088 13907
5203,9077 8487 10696 9076 9078 13945 1536 9079 8215 6824
5204,13402 11038 11042 11040 12187 134 5409 11039 12971 12970
5205,13816 14776 6672 5564 2439 3878 6187 6251 6679 7796
5206,4056 2665 13944 4058 2663 8214 4057 4059 8216 12268
5207,2614 11717 11163 13400 11980 1134 12311 12003 9374 14071
5208,1997 12092 1996 8594 13818 11095 12949 12612 11096 8215
5209,5328 5330 14370 5329 5326 5327 1882 3482 9074 3568
5210,1130 8814 14600 2665 9610 7565 12003 8813 12949 4882
5211,12480 5324 6824 8487 11365 6002 7395 14782 8592 7843
5212,13 8096 9759 1298 12314 15 8095 5254 12 13382
5213,13461 3380 14587 14779 10872 13463 9027 12184 5222 4564
5214,6268 8211 13927 14019 14658 5556 9112 4657 13018 4655
5215,13 11427 13740 8096 9759 12 13307 11426 15 13382
5216,1883 14454 8631 6099 9026 12617 14496 13256 1544 14022
5217,13461 8903 10975 13975 5222 9573 10872 3318 9027 13463
5218,14066 14781 13019 14769 12967 14795 14770 6101 9575 11203
5219,13114 14780 12614 6139 10085 11208 14515 9575 8275 13900
5220,1884 13432 13433 13247 12997 14031 1885 13608 9760 13246
5221,5564 13816 2795 14782 5563 5565 4644 4642 5566 13301
5222,14453 12093 1128 5 12274 13936 11844 14454 8215 1743
5223,1883 9015 14783 13900 14076 7909 6099 12091 12999 9026
5224,2086 9077 9076 2093 11039 14744 14784 8585 6284 9078
5225,5565 4643 4642 9083 4644 14659 5564 12366 5563 5566
5226,1884 5407 11187 12997 13929 14392 14785 10976 1885 13246
5227,6099 1883 6101 13433 12997 6100 11166 6792 8757 12182
5228,4064 2664 14026 5328 13307 8095 5326 6269 5327 12417
5229,2830 13567 6333 7695 5346 4282 13616 7694 2831 11033
5230,8102 5258 14373 8099 8100 5578 13907 8363 8093 4654
5231,10497 5413 5024 8389 1369 3368 8210 12481 1082 14787
5232,9576 10874 3831 10873 3339 3834 10872 14516 5829 10976
5233,5253 13954 293 5732 9407 13681 4398 12624 14985 294
5234,12969 14454 12968 12970 12971 11038 12129 12967 8631 1883
5235,8617 14035 13383 4718 12601 7443 13780 14788 13720 14784
5236,10872 14779 13974 13461 12618 9027 4715 14587 10874 12619
5237,1475 13900 14377 14783 7746 14392 11284 8416 5345 9015
5238,13399 10918 13527 12998 14789 3896 5517 1886 8663 5634
5239,5328 5327 3482 3568 5326 1882 7562 5330 5329 8631
5240,13822 13019 1636 12963 9079 2795 10086 11095 9575 13720
5241,8488 13612 7188 11919 2637 5522 14305 9762 10278 12352
5242,12182 12274 8757 2805 14772 4643 13020 13608 13432 6099
5243,12618 9576 11191 12999 2793 13067 9669 10874 4715 9575
5244,4594 6795 9558 9559 4641 4644 4642 9560 14770 9350
5245,11096 14233 14780 14515 10978 13531 12094 14034 13780 14370
5246,740 1351 14089 10715 636 15273 15274 14979 14307 14348
5247,13781 12331 14018 9708 8100 8759 8758 5472 13703 9148
5248,13304 9353 13529 9772 6139 12977 9352 4814 3884 3727
5249,14794 5106 5105 5104 5103 5102 5101 5100 5099 5098
5250,14787 13099 5377 615 5785 13118 626 12649 13100 5375
5251,12182 12274 8757 6101 6099 14795 14066 14781 14233 1294
5252,11096 14369 3480 11095 1997 14370 14780 14664 11094 8901
5253,12647 2636 8544 14796 13995 11206 2989 8545 12068 2988
5254,11210 5374 6115 14128 11209 9111 14444 11247 11246 11208
5255,14797 9575 14515 7443 8101 1074 12614 12618 12619 10978
5256,12601 4714 11202 13974 4718 13969 13975 2636 13383 7443
5257,2636 8545 12316 8544 12612 12092 12601 5559 13974 13969
5258,12182 12274 13608 13432 8757 13424 13433 13609 14031 2805
5259,13946 12648 2789 7556 13073 9348 13072 11472 13071 6796
5260,5332 6788 6 3482 5331 2567 7702 14164 4713 7701
5261,2567 13974 6788 4909 13969 13975 14779 14164 12601 4713
5262,14399 9896 5349 6094 2833 7916 3113 9077 9076 10322
5263,4644 5565 4642 5564 5563 5566 8634 14659 4594 9559
5264,13486 8759 11543 12066 13916 11211 2792 12619 14798 11093
5265,6102 6101 6100 6099 13247 1999 13996 9948 13997 4664
5266,2611 2612 2610 2613 14041 8592 10036 9426 8629 1885
5267,1166 404 2820 13059 3464 1535 405 1532 2742 3465
5268,2614 13731 1529 2820 3465 2742 3464 5998 1532 13578
5269,2614 3465 2820 1323 2742 1532 405 13578 6417 1166
5270,2614 1532 13326 405 4515 2742 14079 2820 14457 13333
5271,405 13052 13708 5998 11112 2742 2614 2820 1532 14053
5272,2614 2820 5998 10730 13650 407 2742 6868 2817 13628
5273,1535 1165 2820 2742 4330 1166 14326 405 13323 1325
5274,405 2820 1323 1535 12826 2742 11403 1166 12426 1532
5275,2614 14800 2820 2742 3465 7249 1532 5998 13854 1529
5276,405 1535 1166 2820 1475 2742 1323 8892 12426 3464
5277,12426 8526 1166 1165 2820 2742 8727 405 2817 1535
5278,2820 405 1323 14801 12426 11899 2814 2614 1166 9784
5279,1165 11112 2742 1532 2820 2614 6989 2741 1166 405
5280,405 2822 13201 6351 1532 2820 2742 11112 2614 1323
5281,2741 9784 1165 2742 2820 2743 1532 2614 1166 12426
5282,2820 2742 1529 12426 13202 2822 1535 2614 405 13232
5283,2614 1323 3465 2820 2822 2742 405 1532 12426 5998
5284,14599 2820 11051 13347 13346 13005 2614 12426 6352 13717
5285,14308 13730 14802 13245 8831 14124 6350 13357 9115 13128
5286,2614 2820 2742 1166 3465 13327 404 405 1532 2816
5287,5998 1532 2742 2614 2820 3465 405 2741 15152 11112
5288,5998 2614 2742 15152 1527 14007 12905 13315 1529 10730
5289,2742 2820 2614 1165 3465 2815 5998 405 2741 1166
5290,2742 13325 1165 13659 13235 2820 2614 13327 1166 2741
5291,2820 1532 405 11899 8301 2614 2742 1165 1166 3465
5292,2820 1166 12426 1165 404 13625 403 2742 405 9791
5293,2742 1532 2614 2820 1165 3465 405 5998 2741 1166
5294,2742 1532 2820 1165 12426 404 1166 2614 13187 405
5295,5998 1535 404 13187 1166 2820 2742 405 8730 2614
5296,1166 2741 6416 2820 2742 1165 4515 3464 1535 405
5297,4514 14803 11822 12070 11111 4791 6990 8808 408 1529
5298,2741 6416 5998 2742 2614 1529 12425 2820 10207 3046
5299,1532 405 1166 2820 404 12426 9794 1535 13188 2742
5300,10260 13727 14804 14327 8828 2614 1532 2820 7767 13651
5301,2820 4516 1475 2614 1166 2742 3465 405 12426 1535
5302,1532 405 2820 2614 2742 9784 1323 12425 3465 13336
5303,11555 13315 10056 14805 12854 12820 8362 14323 11231 5998
5304,2741 9784 11112 1475 1532 2742 2614 2820 13333 14806
5305,2741 2742 6416 5998 2614 2743 10207 2744 12425 3046
5306,2741 2742 12425 6416 5998 2614 10207 2743 2744 1532
5307,5998 1529 2741 12426 2614 2742 2820 4516 405 15152
5308,405 1323 14807 2820 13562 2742 2614 1535 3465 12426
5309,1532 12426 2614 2820 13188 405 2742 11754 11112 3465
5310,11555 13315 14323 12905 8362 10056 14805 12854 2614 12820
5311,2741 2744 2742 6352 1165 6416 2614 5998 2820 1532
5312,12748 11219 11041 11218 10062 8057 13834 6537 10701 4447
5313,538 4840 14808 4844 536 2811 529 4839 14416 526
5314,538 529 536 14808 4844 526 531 535 533 537
5315,11355 12885 11288 13593 710 10863 13666 1415 4871 12035
5316,6789 14045 14809 7824 14043 14046 13342 11824 12418 10012
5317,12885 13593 7208 10863 10092 6725 8376 11270 11355 11288
5318,4844 538 578 6820 14808 536 9656 4839 531 529
5319,5998 14007 2614 2742 10127 14323 2741 1529 2820 405
5320,5325 9467 10432 9773 12822 11953 5744 11069 10211 49
5321,3403 12667 13373 1995 11919 13753 5809 10175 9094 6005
5322,2614 3465 2820 2742 1532 5998 12905 1529 1323 14196
5323,2614 14590 8110 3551 8108 3465 2820 2742 1532 5998
5324,5998 14330 12820 14180 13409 12821 2614 2742 14195 11098
5325,3771 5036 14393 692 11711 14693 2678 924 3772 8993
5326,1617 235 234 1618 1621 1622 1752 3044 2556 1619
5327,11790 12962 5177 10180 9667 12961 8523 8484 10064 11066
5328,7486 6129 12823 3190 7473 8986 2042 7479 9533 7485
5329,11871 5615 8226 5622 4753 380 3391 3393 5229 6942
5330,2614 5998 14180 2742 2820 3465 1532 15152 1529 13578
5331,8111 13308 13989 13990 3400 10130 14884 1671 10222 9361
5332,2820 14811 14812 3465 1166 2742 2614 405 12825 12426
5333,6380 1575 985 2764 3372 4324 3629 9905 6383 11155
5334,14813 14814 5208 4983 187 7306 3607 2115 7307 7308
5335,14818 6224 14816 14817 14815 9776 7735 14679 13589 9765
5336,14540 7231 5634 8075 5151 14541 7232 12309 811 3168
5337,14819 9620 8047 1935 10494 14574 171 774 11280 11279
5338,10407 14034 14317 12366 14024 6819 10967 13072 8698 14370
5339,8518 6103 11132 6152 7996 11862 7809 7518 6838 10240
5340,8940 548 6264 2100 2779 3609 3605 4497 2457 4944
5341,476 8440 7687 13126 12150 13604 3882 3245 3391 14253
5342,14307 1351 10715 14163 52 15273 15274 10171 740 15074
5343,1297 3891 6210 5612 228 5620 357 5621 4045 5619
5344,7945 14709 11049 7943 7260 9661 8576 5137 6854 7543
5345,14820 8186 8187 5092 2458 2749 4214 788 8185 2460
5346,625 7863 482 5088 8522 2479 178 2220 12178 11190
5347,11835 5677 13798 13654 9393 6011 8688 7523 13763 13762
5348,7155 5401 6391 10781 2507 7159 7158 4426 7157 7156
5349,7504 9367 6053 4180 770 4704 1977 3610 1401 2133
5350,476 10561 13214 14147 12085 6090 3004 13215 466 794
5351,4406 1374 2548 7734 8195 8504 5989 9582 3213 3906
5352,11405 14200 14136 726 14512 692 11403 11402 14711 693
5353,14821 14592 14822 1605 10834 10833 10115 11731 15252 1615
5354,383 13766 4360 7250 4759 12253 4497 851 5070 8203
5355,12165 6399 9263 14161 10373 10372 286 9253 1993 9552
5356,9682 9805 12566 10263 13838 11143 14009 6476 13893 7107
5357,12850 13885 13616 11366 14538 1558 13279 5268 5267 14506
5358,14826 13587 12875 14827 14825 14824 8873 13414 14578 14493
5359,6785 5255 2729 11729 3091 6498 8045 13733 6244 11610
5360,692 11405 14145 11366 14136 12386 11402 11403 693 14512
5361,8541 5689 13277 11799 9748 9747 13276 8540 4401 12332
5362,1778 1319 6362 4060 1320 1321 1317 6363 2375 1779
5363,11977 6614 6227 6332 3579 14731 383 8499 14730 385
5364,7966 5224 12966 9044 6075 10076 8009 240 6021 5225
5365,11384 5757 692 12603 553 6622 12065 14205 5788 13262
5366,5690 12209 3072 9850 2996 14072 9194 2876 4316 3083
5367,6537 3665 11218 11219 6163 6245 12748 2650 6173 14206
5368,2590 3765 10244 11765 11764 1067 5862 11763 1283 1278
5369,726 13804 11405 816 8562 13852 14199 14996 13806 12650
5370,7719 14674 6589 14886 14470 9143 15260 6766 13548 6491
5371,3270 3271 3272 2794 5740 3269 3955 9305 2362 6872
5372,11306 11315 13559 14638 14861 13558 12626 7876 14860 14859
5373,12694 11692 10892 11773 6674 2725 11147 11212 7172 6504
5374,14813 14814 5208 5092 5094 5095 5096 5097 5098 5099
5375,1880 10741 13074 451 14434 6868 1948 2739 15147 10051
5376,12625 4594 12624 11858 6795 6797 4652 13427 9559 9111
5377,14148 14829 3864 11120 14147 10779 7489 5180 7659 12051
5378,14830 13281 6774 7018 4300 2729 12889 2633 9556 6589
5379,14831 14832 5572 13144 11266 4905 4638 9545 4991 3868
5380,14394 11622 8978 1925 8035 11077 9696 11359 1267 6589
5381,11405 14224 5514 4861 7875 14136 14512 14952 14200 726
5382,10011 14834 14833 14436 11400 5709 2391 5788 12986 7168
5383,58 11126 14824 14163 15285 14742 4426 12427 14980 3055
5384,726 8562 11405 13852 14199 13804 14996 3031 12650 14512
5385,611 10421 11936 11939 11937 11938 15020 383 488 11230
5386,731 14522 14095 11848 15026 9912 3138 9911 2166 14284
5387,8145 4417 10821 14205 11760 14959 692 311 10165 10166
5388,7730 4524 9188 10648 4529 4530 174 9910 9926 14266
5389,6622 5383 3955 10414 8372 13892 2979 11310 5385 8335
5390,1559 14101 14836 12707 14167 12700 12699 12703 12705 1556
5391,14838 6604 3457 13139 14366 693 3171 8399 13838 10619
5392,699 13937 692 702 706 709 708 707 15059 13388
5393,12683 12520 14171 8781 10219 12681 12682 12679 13666 11355
5394,13388 8999 14839 14686 14841 653 14639 9830 11126 14840
5395,7946 14542 4126 7711 12326 9398 11708 6058 2256 7781
5396,13547 11763 11765 11764 11021 13678 6393 8816 2590 3765
5397,14351 14843 106 14350 14349 3093 5875 14449 11347 1771
5398,14844 10731 5570 13008 13039 936 14021 6721 1331 8713
5399,4516 3465 6417 1532 2742 10523 2614 13452 10525 15257
5400,13697 2391 8112 2046 680 4463 10441 11366 14057 14527
5401,11365 11188 6105 7395 4053 2741 11112 6824 5324 14145
5402,13505 13507 13509 5387 13501 13490 13494 13497 13491 13502
5403,14845 14738 3813 14056 3004 13679 3265 14737 13758 14724
5404,1523 14847 3428 12893 12892 5249 6435 6531 13403 9393
5405,2116 1686 13041 7763 1881 11974 1734 656 4348 3690
5406,1354 7065 9192 9194 1916 7546 2371 1779 7554 1858
5407,3955 3149 131 1333 1384 7182 4437 1957 9316 15254
5408,3717 2254 4553 10728 11977 12341 4350 730 8397 12447
5409,11405 14478 14513 14848 14706 14136 726 14512 692 11403
5410,771 14849 9223 15029 15060 4424 4964 100 53 14163
5411,14555 14850 14851 9510 15288 14852 9054 14449 14560 7124
5412,1471 13847 14221 2410 12137 8325 14734 12800 14738 3542
5413,311 14853 9101 14076 9028 7730 9926 9457 7371 9023
5414,14329 14854 8408 6270 13018 10484 14970 13132 9430 6043
5415,8999 14070 9053 10786 7121 15148 9054 14163 1368 91
5416,1766 1295 5836 2471 3312 1419 3298 4291 1285 4867
5417,14856 6977 3453 1763 6816 38 3292 14855 4928 9142
5418,3236 4887 9719 4815 3641 4897 4891 6791 7561 4909
5419,1222 6483 12928 11407 8605 7936 4358 11408 12927 9555
5420,9192 1779 4138 7065 4036 1916 1320 8541 1778 1319
5421,466 10440 14857 12805 12429 11735 11476 5364 3714 8462
5422,383 851 2859 709 3397 7480 42 14734 578 7477
5423,11168 10227 7361 4206 1242 3139 8651 3696 12166 775
5424,8541 5689 11799 13277 9748 9747 8540 4401 12332 8477
5425,10701 3887 12156 3665 12748 13887 8409 5717 15120 13179
5426,13559 14861 11306 7876 14860 14859 11315 13558 14638 7875
5427,14465 13627 8860 14168 5369 15187 14652 11737 14466 12837
5428,7209 14864 14863 11769 9615 7204 7203 4126 6319 2954
5429,13737 13276 2681 553 13262 13365 13681 366 11384 6622
5430,6863 7777 3020 8427 9946 5335 3494 14259 5828 9203
5431,14824 14163 14870 8999 12434 12436 14869 15269 12427 14868
5432,4380 14872 14871 1452 4383 4382 4381 10854 10856 176
5433,1332 3093 6306 7580 3092 106 5817 630 12547 6220
5434,14873 13949 4960 2835 1078 11217 14517 14946 12901 10906
5435,10168 7336 7164 14208 9131 14046 6027 14276 15108 14790
5436,10715 3055 14875 52 14307 716 14100 1351 15273 15274
5437,11124 5759 14733 9116 8324 9522 11125 14240 3798 8871
5438,2081 2304 9429 2079 5607 10680 9081 9680 10679 6532
5439,1443 6211 1969 11017 6143 3188 579 8877 162 11843
5440,14185 9659 9231 14187 14188 14189 14186 14133 14192 14190
5441,11887 12523 8770 12522 4964 4524 4151 8144 14437 12142
5442,5437 7305 476 139 6860 10601 5041 870 575 789
5443,4514 2814 14877 408 13635 1529 13453 3465 5190 8808
5444,8110 1909 14590 13908 8108 9763 3551 2614 9482 8109
5445,14878 13825 2225 7767 3123 9050 2962 3024 12669 3023
5446,5664 6754 10338 922 11685 8056 13485 3994 10346 7248
5447,1475 14844 5345 6933 13336 1535 11880 12535 1529 11965
5448,9197 11734 9947 8012 4182 133 14001 5386 10982 4876
5449,10784 14734 6663 5911 2122 5134 4283 5664 10329 2186
5450,13865 11456 14258 11457 11451 11449 11452 11454 11450 11455
5451,3253 5001 10019 7348 5064 2548 10532 7726 6968 6960
5452,1534 14879 13910 13269 13561 2614 2815 6353 4516 7686
5453,8240 2137 1036 4217 11212 3692 6377 10487 2217 4725
5454,5199 13942 10229 5901 12985 14723 10157 5201 1557 13943
5455,8534 14880 8361 6337 1237 6986 5935 10065 5929 983
5456,8802 2084 2083 2085 111 1367 11061 12711 7121 7324
5457,2811 7224 7748 12748 11529 9790 2812 13485 10346 7228
5458,2828 1311 14845 12387 3263 14738 3004 12388 3813 14056
5459,3398 1161 506 9591 1501 3280 1160 7286 11165 8558
5460,13879 7264 13716 13131 9892 716 9895 10560 13177 14752
5461,692 14136 693 11366 11405 14208 12386 13838 11403 7457
5462,1011 4138 4036 3442 10192 9751 10072 7065 1317 4609
5463,607 5354 6486 13843 1521 4709 13029 7744 14692 6497
5464,4073 5896 7401 5708 7342 12263 6131 11358 6761 12948
5465,7124 13912 14559 14555 8999 9054 53 12877 14578 13587
5466,14884 13693 6355 14883 14882 8081 13456 1671 6338 13308
5467,6622 13892 14885 2979 2108 11384 6476 8575 6619 13365
5468,8144 14886 13696 13220 1311 12351 9806 7719 14674 12588
5469,14887 257 6094 5920 14417 14688 258 12574 12134 12850
5470,14080 9056 8588 15287 1500 9260 14605 14604 100 15205
5471,10911 13212 4229 6260 13557 14762 14546 13556 14764 15156
5472,1617 1618 14261 1620 235 234 1649 1619 1648 2311
5473,3665 6484 1852 10679 8454 6779 7938 2627 7573 6485
5474,11405 14208 14889 692 14136 11403 726 11402 14512 693
5475,12178 794 5974 3962 11383 3595 9273 5972 1565 1564
5476,231 1837 13950 4851 7940 5157 6170 7936 6240 4068
5477,1936 4696 1592 14588 5104 6692 12129 230 1680 7106
5478,8581 8588 14891 8272 14430 14102 10667 4934 9056 8587
5479,4515 4516 5193 3046 2742 2614 1532 14892 5852 8826
5480,9957 11227 7940 10982 5157 4068 11912 6782 7659 1846
5481,2448 182 7915 176 3222 476 6217 11759 879 9318
5482,13388 11126 11914 9610 4153 10891 14839 1367 14163 14686
5483,550 2782 6055 3341 8223 2024 11819 9983 3495 1416
5484,4964 5896 4073 5895 9944 7583 14556 4752 9228 2277
5485,626 5250 9365 5377 4966 5251 8397 5375 5378 5709
5486,4861 14893 4961 14224 14983 14874 4871 5514 11405 7875
5487,3993 2415 1734 4351 8028 3662 9510 6532 9443 7941
5488,14689 5595 10384 6836 15254 14905 14688 1618 235 14543
5489,10012 14771 1544 14045 4656 11427 11042 9770 10456 4657
5490,14894 7953 6766 5261 11296 10522 15073 12196 7719 2859
5491,1847 7937 8081 7106 4358 12338 6785 7947 7948 13396
5492,9973 9323 9380 12860 9324 1558 12236 11907 9387 13767
5493,4138 7065 12656 10754 1354 1719 13573 3667 2371 4132
5494,14862 14334 714 14742 11308 3152 14654 8581 8054 11307
5495,3928 13401 1812 6974 811 1071 8046 2781 852 3912
5496,8577 420 1504 14142 14113 1498 13831 880 8464 1785
5497,4426 6785 13016 15045 14163 12427 15263 58 7124 8999
5498,14498 14897 11366 476 5266 3126 5170 10434 14497 202
5499,3019 7121 8474 52 10651 11313 8999 14100 10715 2203
5500,1445 12491 4544 3460 1099 3459 343 661 10669 11768
5501,12266 3722 13609 14900 3721 8902 12619 13608 9960 8099
5502,611 9955 10373 10372 383 10371 3595 1622 155 1621
5503,626 4966 14699 949 5709 5113 15100 10337 664 7302
5504,13050 14901 8525 14213 15169 14214 692 14209 8020 15086
5505,14425 14463 9011 14202 8423 3840 14933 14505 9775 9021
5506,10865 680 15199 8184 7229 12020 14304 8112 2046 14955
5507,14904 11310 14903 13920 5183 14426 14389 14941 14862 9056
5508,10412 13428 10875 2920 6710 3678 2435 5640 12901 14469
5509,27 3365 3214 2309 12005 4230 2428 6198 14261 817
5510,8581 14430 9299 14102 4934 8272 8588 8009 14862 14933
5511,11124 3885 7438 9116 9522 3888 11125 3887 3798 14240
5512,7643 9970 14905 5608 9056 15254 1127 7649 12470 1618
5513,14907 14906 740 15190 1420 15123 14979 1215 14163 10294
5514,13521 14004 14909 14908 14441 3801 14944 8428 13520 14942
5515,13805 11550 12320 6216 13936 13807 13806 3333 13804 2951
5516,10715 1351 14163 14702 52 8999 2142 13912 7130 7129
5517,3476 839 14063 9459 3223 611 14261 5042 3962 871
5518,12546 10111 1677 1183 643 10110 13571 5882 1184 9940
5519,14911 4656 10604 2982 6793 4657 6288 6087 923 11977
5520,14092 4841 1436 14163 14550 585 7115 14865 1873 9511
5521,7663 13207 10496 9964 1018 14858 12247 7163 4284 14528
5522,3055 11126 13626 4820 6791 15247 53 3056 3059 3058
5523,11366 14496 6196 9026 15175 13885 5267 14491 692 14486
5524,11366 13885 12850 14479 5266 14488 5267 692 14486 14491
5525,11366 14497 5266 14574 13885 14486 14498 692 5267 12298
5526,726 11189 13956 8988 11405 8562 13488 14671 13852 9172
5527,11366 13885 692 5267 14486 12850 5266 14404 14477 14481
5528,14801 14912 8429 6489 11899 2814 13923 7442 1525 9784
5529,11366 14498 5266 13885 692 5267 14486 14497 12850 14897
5530,13885 11366 12850 5266 14488 14498 14497 5267 5268 12298
5531,13933 6764 11739 14461 13370 14462 13183 2725 14460 4480
5532,11366 13885 12298 14497 12850 14488 5266 5267 14971 692
5533,11366 14488 13885 12850 5267 692 5266 14486 14131 12298
5534,11366 13885 692 5267 14486 12850 5266 14404 8609 14481
5535,11366 13885 692 5267 14486 12850 5266 14404 14477 14481
5536,11366 692 13885 12386 3857 14486 5267 7643 14479 15082
5537,11366 13885 692 5267 14486 12850 5266 14477 14404 14913
5538,11366 13885 692 5267 14486 12850 13928 14477 5266 14404
5539,11366 13885 692 5267 14486 12850 5266 14404 14477 14481
5540,11366 9424 13885 692 5267 14486 12850 5266 14404 14477
5541,10441 14645 8335 14646 8112 12576 5780 6484 11384 9113
5542,13885 14491 11366 14486 12850 5267 14479 14496 5266 692
5543,11366 13885 692 5267 14486 12850 5266 14404 14477 14481
5544,11366 14913 10591 12528 13885 13056 14486 692 14838 5267
5545,11366 15150 13885 692 3828 5267 14486 12850 5266 14404
5546,11366 692 14479 5267 13885 14486 14491 12386 12850 5266
5547,11366 13885 692 5267 14486 12850 5266 14404 14477 14481
5548,13885 14480 12850 11366 8031 14488 11894 11895 5267 8042
5549,13885 12850 11366 9424 14222 14488 14131 14415 14985 5267
5550,11366 13885 12850 692 5267 14486 14488 5266 14404 14477
5551,692 11886 11366 4746 12386 11260 14136 11405 8250 4745
5552,11366 692 13885 12386 14486 5267 14479 12850 15082 15083
5553,11366 12850 13885 692 5267 14486 5266 14477 14404 14496
5554,11366 692 13885 13895 14486 12850 14488 5267 14479 12386
5555,11366 13885 692 14913 14486 5267 12850 12528 5266 14404
5556,11366 12850 13885 13895 14222 5267 692 14486 5266 14131
5557,7876 14222 13559 7875 14861 14860 5407 14859 8374 11306
5558,11366 13885 14131 12850 14222 14488 5267 13895 692 8042
5559,13885 12850 14500 11366 14488 5267 5266 14131 12298 5268
5560,11366 5266 13885 692 5267 14486 12850 14498 14477 14404
5561,11366 13079 13885 692 5267 14486 12850 14477 5266 14404
5562,11366 13885 692 5267 14486 12850 5266 14404 14477 14481
5563,11366 5267 14479 14491 13885 12850 14486 692 14496 14506
5564,11366 13885 692 5267 14486 12850 5266 14404 14477 14481
5565,11366 14486 13885 692 5267 12850 5266 14481 14913 14491
5566,11366 11359 13885 6761 692 12162 5267 14486 9239 12850
5567,11366 14481 5266 13885 14486 15176 692 14499 5267 12850
5568,11366 13885 692 5267 14486 12850 5266 14404 14477 14481
5569,5267 11366 5266 13885 14491 14479 12850 14486 10611 14498
5570,11366 13885 692 5267 14486 12850 5266 14477 14404 14913
5571,12748 14153 14181 13968 13566 13207 6298 14006 8122 8123
5572,11366 13885 692 5267 14486 12850 5266 14404 14477 14481
5573,7526 6658 14915 6667 5179 12484 14289 805 6657 7466
5574,11366 13885 11359 4350 692 5267 14486 13312 12850 14477
5575,11366 13885 692 5267 14486 11893 12850 8405 14477 5266
5576,11366 5267 14491 14479 13885 692 14496 14486 12850 14506
5577,11366 692 13885 12386 5267 14486 14479 14477 12850 5266
5578,11366 5267 13885 14491 14479 692 14486 12850 14496 5266
5579,11366 13885 692 5267 14486 12850 14477 5266 14404 14913
5580,11366 13885 692 5267 14486 12850 14477 5266 14404 14913
5581,11366 14477 13885 692 5267 14486 12850 5266 14404 14481
5582,13885 14490 12850 11366 12321 14488 7847 5267 5266 5938
5583,2604 12485 2605 6799 4658 4659 4647 10836 12740 14401
5584,14497 14137 11366 12298 13885 14574 13998 14498 5266 14486
5585,7244 14790 11190 3886 14276 15108 10786 13257 14777 2149
5586,8143 11006 11007 8034 11005 4753 6623 9578 11564 6621
5587,11405 14136 693 692 11403 14512 726 11402 14200 14711
5588,14204 625 6606 6605 13183 14846 14581 9258 5518 14462
5589,3771 11711 3486 10508 13282 14393 14693 692 2678 11402
5590,14032 14916 14917 14919 14918 6334 3749 5180 12363 9789
5591,13388 11126 11914 9610 4153 10891 14839 1367 14686 14841
5592,169 8550 9703 149 2346 466 165 2960 5984 1460
5593,14167 12236 1559 7544 9365 1558 626 9324 9323 1556
5594,14920 5919 9209 5094 5095 5096 5097 5098 5093 5100
5595,6849 11143 11260 5351 14055 4016 3877 13542 10764 2930
5596,512 8407 4350 5312 90 3223 10495 510 1449 838
5597,9144 14921 7109 12803 4756 625 5552 9143 7697 2067
5598,3665 6537 11218 11219 2652 7938 3887 6163 2650 13179
5599,14486 3771 11366 4575 692 4741 14481 14491 5266 8200
5600,739 14852 14555 3021 15147 7113 2142 15230 3790 14136
5601,14307 1351 10715 14163 52 15273 15274 10171 740 15074
5602,6785 366 6244 13640 553 8575 13262 13737 12566 13365
5603,14923 14476 8272 12390 14102 14475 4934 8581 12065 11384
5604,7124 9054 13912 14555 8999 14559 14166 13587 12877 53
5605,8473 14926 1301 6079 4033 7711 2262 2049 169 14299
5606,2834 11084 14129 13699 13342 5405 2835 14983 14874 2836
5607,5163 5170 9472 7543 11391 5172 12554 10615 14951 4126
5608,2200 4474 10183 5113 7977 4074 8037 4350 11654 14953
5609,876 12670 3579 4474 3578 994 11090 12537 881 12019
5610,14449 14927 14555 14843 14404 5092 5093 5094 5095 5096
5611,2687 13168 10670 14386 10460 10669 9560 6792 466 2951
5612,14163 8999 58 10715 14668 4426 12427 14866 14865 3021
5613,4426 15045 9055 13016 14163 13587 15263 12427 58 7124
5614,908 9299 12264 6170 11622 6181 6622 6782 14430 8581
5615,8581 10897 14102 4934 8272 14928 14430 9299 8009 14862
5616,3021 14166 9052 14427 14929 12513 14930 13134 110 15244
5617,14449 14404 14843 11366 14555 14927 14351 15228 106 8377
5618,8581 14162 14396 14709 1396 4191 14933 747 14430 15118
5619,14936 14924 13455 1533 6992 1532 8810 2743 4515 8907
5620,9054 14824 14555 14551 8999 7124 15076 14951 14166 78
5621,8999 7124 4426 13912 7121 14163 10715 9054 15045 1351
5622,685 14937 11259 787 4233 790 6445 7149 433 466
5623,11654 13191 13208 7115 10106 8782 12012 10909 14227 2932
5624,14939 4758 10321 14391 5037 8748 5712 11149 1951 8521
5625,14709 14910 14699 2595 5137 9278 10690 15009 664 14926
5626,7632 8690 8391 1845 8272 8282 7633 12876 14165 7631
5627,3471 14550 3470 14552 611 3469 14557 11230 14851 13015
5628,7848 10833 14940 10834 7849 7847 14822 6202 9051 10115
5629,14163 58 7115 11737 1493 1485 4426 12427 11126 14824
5630,14162 14941 5581 3793 13752 13920 14904 5183 14426 14389
5631,8428 14705 13521 14942 14706 14944 14972 14068 14456 11287
5632,14067 14536 14943 2630 14537 13646 12850 5099 5098 5100
5633,6836 360 11027 1532 2820 2742 14524 10206 2614 3222
5634,12784 14742 58 1702 12689 7245 15088 11271 625 469
5635,14853 645 311 14986 14997 643 642 8780 644 9023
5636,1523 11401 11135 12640 11402 11403 11404 3771 11405 692
5637,14946 10333 709 10638 11784 11779 8985 12342 6562 10113
5638,9960 9373 9374 14947 5329 9959 3888 13073 9958 12266
5639,13935 14672 1686 14671 476 7630 10435 13585 13488 9172
5640,7229 13033 5726 7249 15199 10865 9486 5431 10208 13959
5641,14484 4028 14482 8340 1539 6270 2283 12538 1784 5259
5642,14673 11577 8833 14671 13488 9172 13956 14672 8834 8835
5643,10820 714 8054 11307 14102 14417 8456 12633 4934 9203
5644,14948 14435 5106 5104 5103 5102 5101 5100 5099 5098
5645,6836 14452 10124 13335 6489 13753 13884 3403 3222 9260
5646,6761 11358 11359 9239 1379 1380 9392 9292 5244 1124
5647,650 10679 11812 649 3316 3288 8954 5212 10680 5220
5648,11366 13885 14491 692 12850 5267 14488 14479 14486 14496
5649,12828 14949 12950 14691 10493 5218 11709 13577 12371 6613
5650,14388 14951 14950 14706 8061 12494 1008 4162 9472 9054
5651,4426 13016 15045 14163 58 12427 7124 8999 13912 10715
5652,10381 2319 14952 14341 11235 3811 516 14224 2148 10380
5653,4426 8935 2290 769 4090 3930 3221 4175 4777 15045
5654,3055 14471 14714 13430 14483 11126 11391 11390 13626 14429
5655,14224 13836 9583 14952 4861 5514 11405 2598 14157 5107
5656,14224 14157 14952 5107 7581 14158 14159 13836 4861 5514
5657,160 9430 4738 2597 14970 14329 13018 10484 8408 6128
5658,4426 13016 15045 14163 58 12427 7124 8999 13912 10715
5659,14129 11084 4711 14382 5405 15097 13320 14183 8869 13855
5660,337 1292 10666 8350 4536 13714 8348 8349 3301 3970
5661,23 14953 10183 15185 1880 7946 2256 765 1291 10654
5662,5107 11668 14224 14157 14952 7109 13430 3751 5113 5106
5663,7109 14921 12803 9144 5107 13430 3751 14445 14244 14251
5664,11213 14695 8182 14621 242 5465 578 8348 10656 9322
5665,10238 14705 14574 14706 6902 9203 3624 44 771 28
5666,14955 10566 14954 3176 951 10968 14393 8567 9024 7373
5667,11405 577 13286 14136 726 692 11403 712 14512 11402
5668,8866 14505 2128 12254 7470 12164 14425 14202 8423 11575
5669,9490 5026 10743 10985 8 3134 154 9030 2216 3403
5670,14864 9615 14863 7209 9618 7439 5187 6522 2139 9363
5671,14304 14157 14158 8734 7581 12032 14159 14952 14224 8735
5672,14304 10865 14158 12020 14157 8734 919 14960 14646 14848
5673,1885 8323 5572 11968 7349 4701 5759 585 1884 11969
5674,14932 3261 5287 1311 4357 9543 3263 4551 7910 3260
5675,3720 14958 14957 434 5525 6984 15070 3986 3985 4588
5676,12281 14390 4121 6725 9704 4937 693 4313 2405 9996
5677,1746 1938 1748 9652 4358 2908 6118 1747 13888 14275
5678,13424 11221 13432 14462 14461 13183 5521 14472 13608 13838
5679,14132 7229 6610 14527 13697 5016 11398 13637 11737 7249
5680,14276 14790 15108 13257 14777 7336 8237 13810 8456 7444
5681,11366 13885 692 5267 14486 12850 5266 14477 14404 14913
5682,14205 14460 9590 13183 14462 14461 7126 11384 11221 5351
5683,3068 3064 11401 3065 3067 3066 8735 8734 1523 11402
5684,11405 14136 692 726 11402 14512 11403 693 14704 14711
5685,9682 9805 13838 12566 14009 10263 13893 692 12340 6476
5686,692 14205 11366 8145 311 14889 12386 14462 13183 14461
5687,692 11366 12386 14136 11405 8250 13838 693 15082 14208
5688,11701 11702 1926 11232 7962 11700 3781 9275 183 13124
5689,2986 14227 8979 5708 6105 11654 10214 74 5379 10361
5690,14637 14823 15196 692 14612 15079 14559 10834 586 1368
5691,14873 13949 4960 12779 14946 2835 1078 14424 10163 6520
5692,14304 14961 14960 14848 3801 14158 14157 8734 14478 13943
5693,14691 14949 12950 11397 12828 5708 14492 6489 5788 5092
5694,6476 6484 5923 6622 1864 12082 9682 6485 6244 11781
5695,14963 14962 11229 7664 5937 4959 4958 11652 8177 10655
5696,6622 13892 6685 2979 12567 11384 2108 6476 10870 14885
5697,13838 692 12340 12778 14208 5521 14472 6608 8250 11221
5698,5514 12009 12059 4968 5515 15163 14202 14224 8452 4861
5699,14202 8423 14069 14425 4968 3840 12009 11428 7964 8117
5700,5514 8452 12840 11956 15163 5515 7344 14224 12009 4861
5701,13838 14472 11221 5521 2835 692 13424 6608 14208 12340
5702,11366 692 13885 12386 14486 5267 12850 5266 14479 14477
5703,692 11384 11366 14964 12386 8250 14136 693 13838 11405
5704,692 13838 14136 11366 12340 11405 14208 12386 8250 693
5705,692 11405 14136 11366 11402 693 12386 11403 14512 14208
5706,13949 11217 14426 14873 4960 14674 14470 11219 14517 3771
5707,6622 13892 908 2979 6170 6476 2108 11384 8575 6189
5708,14729 8326 5273 6909 3602 10169 14091 13004 5102 5103
5709,692 11384 11366 13183 7663 14462 12386 14461 14205 693
5710,12009 4968 14202 8423 14069 14425 8117 5514 3840 12011
5711,692 14366 14838 693 13838 6604 11366 7256 14136 12528
5712,5215 187 4884 14858 3319 2037 4636 4991 5633 7561
5713,692 5521 14472 14208 6608 11366 13838 12557 6312 12386
5714,13673 12333 9961 13647 9235 13924 11554 4048 12385 12659
5715,14208 692 10168 6608 13838 13182 14136 1701 11405 14320
5716,692 14208 13838 6608 11366 12340 5521 14472 14136 12386
5717,8581 14102 8272 4934 714 5734 12031 14923 12065 14430
5718,8233 1680 12161 6226 6497 7485 12162 4170 3999 504
5719,6622 7936 6620 2108 2979 9614 13892 2337 11384 6476
5720,12392 14615 14968 11354 10565 1003 14579 12391 10508 6852
5721,7940 6183 8114 1700 4068 1846 14146 1864 13961 6171
5722,11221 13424 13191 9226 6494 6495 10836 14462 14461 7528
5723,7782 11172 12090 12089 6844 7781 8339 7780 11017 3560
5724,7663 14528 11786 13988 8992 8268 9964 7664 7401 1846
5725,4700 13359 13378 6487 4963 11642 10518 6493 4706 6251
5726,14885 14706 8114 14705 1700 13191 6183 13961 1846 9808
5727,6183 13943 14706 7740 14960 1700 14705 14563 8114 1846
5728,11384 14205 9965 13838 692 6622 14889 12065 4046 9963
5729,14531 12519 14065 7660 13368 5614 13405 13280 13537 7826
5730,9249 14663 11289 14057 682 191 372 15265 2079 3222
5731,9106 5383 9594 5385 8335 6162 726 14489 740 11405
5732,611 9594 10893 12872 13675 13674 6083 10421 15254 3213
5733,3055 11126 11424 13388 58 14984 9594 15285 13626 15247
5734,8190 14579 11959 8944 1500 7954 6836 101 14615 4192
5735,14733 8351 7320 5759 7398 3924 9828 9221 9284 6607
5736,383 4726 2956 117 118 4759 12253 13766 4497 611
5737,11654 7012 4964 5896 9228 4073 14227 5895 4474 7744
5738,6768 7844 2957 10249 4031 7917 195 4978 7226 2535
5739,12574 14606 5678 5676 14971 12235 10252 12298 9175 14887
5740,14969 7183 4279 1575 3943 4339 11967 6342 2685 10625
5741,8702 12483 1988 11932 8058 10387 2821 7229 9486 10668
5742,5972 7170 12633 6267 15191 14509 794 787 8408 9203
5743,14538 12850 14264 14973 14938 14415 14222 12134 553 13262
5744,14538 12850 14264 14973 14222 14938 611 14415 12134 7229
5745,8428 14972 14068 14456 11287 15193 14944 13521 14705 14974
5746,726 11405 8562 13852 13804 12650 14199 14996 14512 816
5747,14538 14973 12850 14264 14938 14222 14415 12134 553 611
5748,14538 7229 12850 14264 14973 15199 14938 10865 7249 14415
5749,8577 14142 13831 1498 880 14524 1785 686 873 11038
5750,14538 12850 13623 14264 14973 6071 14938 14222 14415 12742
5751,14538 14222 14415 14223 12850 14264 14973 10121 14938 14160
5752,1616 8425 10423 1615 1617 235 1605 1607 1609 1612
5753,14542 7946 5337 4126 5104 5103 5102 5101 5100 5099
5754,14513 14610 14277 14478 13420 8547 14848 11405 13418 11911
5755,14163 1697 8999 58 14668 10715 4426 14523 12427 14866
5756,10715 1655 1351 13584 8298 14702 14163 52 8999 2142
5757,611 14538 14264 14973 1621 12850 14938 1622 10421 14415
5758,14974 1697 1904 14975 1695 8459 14163 8123 10608 8428
5759,14974 8428 14975 10608 14972 14068 14456 1904 1697 11287
5760,12134 13764 12024 14976 11575 14593 1754 12626 13899 14887
5761,8988 2220 726 482 11189 13956 11190 9274 3935 6869
5762,14974 1904 1697 14975 10608 8428 5093 5095 5096 5097
5763,14974 1904 1697 14975 10608 8428 5093 5095 5096 5097
5764,14977 13026 14978 13405 14656 12525 59 12155 13396 5743
5765,13056 11959 3841 10591 14427 14931 14937 14930 15244 2203
5766,1367 36 11404 15276 7128 3055 11126 13891 58 10891
5767,9300 9851 9749 12551 1011 6360 1357 5688 8477 5673
5768,10497 9606 12788 12922 1548 5024 8346 12787 5413 9942
5769,11405 726 14512 14136 11403 692 14200 14711 11402 13852
5770,11366 4745 13885 692 5267 11886 14486 12850 4746 5266
5771,726 12650 11405 6852 8562 8507 13852 14199 13804 14996
5772,58 14980 14979 740 14013 8935 14163 11126 15285 14824
5773,363 14981 365 364 13125 12422 10905 8307 10904 12829
5774,14616 13365 8081 6622 13262 13132 10484 11384 553 242
5775,13350 14756 14563 13943 12503 14707 2489 14755 2133 583
5776,14579 14615 12392 8190 101 14968 11632 15189 11959 7223
5777,9467 14804 9300 13727 9773 14327 5752 7248 10260 8578
5778,2210 14393 10865 14955 12020 15199 10464 14304 14693 15108
5779,14580 8281 13268 11630 4449 13577 12552 8258 10620 9017
5780,2449 6943 5670 1947 8041 2451 2450 13767 13239 7889
5781,11253 14268 3116 5226 1742 8454 14396 4576 11630 5315
5782,14209 12251 14596 14595 13680 12440 14286 14458 14213 11120
5783,13896 14285 14286 13897 15173 12440 1858 15195 14209 2013
5784,10541 6881 1287 14210 7898 2798 15074 14564 8992 5971
5785,11322 10414 14714 7175 1855 5325 773 11321 14471 5383
5786,1655 11309 11565 1656 2438 5384 9682 1939 5383 8298
5787,8590 8589 11212 14511 10029 6548 726 42 11134 11089
5788,14983 14874 4961 2834 14982 14893 13699 4861 13342 2835
5789,14203 6609 5373 13535 5377 5375 14204 5378 14202 14205
5790,14862 8586 5945 14654 8581 12625 12624 8587 14334 13920
5791,626 8397 7544 9365 6488 4966 578 5709 5377 5113
5792,692 11366 12386 14136 11405 8250 13838 693 15082 15083
5793,714 14984 3152 8054 10820 11307 11126 14334 8272 14102
5794,9424 11630 9781 14985 3152 11310 11186 14819 12293 12673
5795,692 11366 12748 11405 14136 8250 12386 693 13838 15120
5796,692 14580 8250 11630 8281 11366 4449 8258 13268 11310
5797,692 11366 6583 14567 13058 11405 14136 12386 8250 693
5798,692 11366 11405 14136 8250 12386 693 13838 14208 11384
5799,8250 692 14569 12339 14572 14964 12340 6581 13558 14575
5800,692 11384 11366 12252 12386 12065 693 13838 14136 8250
5801,7527 2699 6785 8576 14423 14056 5197 14422 10009 10244
5802,13559 14861 11306 11315 8221 13558 14859 14860 7876 7328
5803,8250 14964 14572 692 6581 12340 14573 14569 14575 12339
5804,14692 7696 13843 9466 176 6596 8994 871 11383 7697
5805,11405 13395 10093 14888 4954 14136 11230 726 692 11403
5806,476 13487 3874 4574 9094 165 2134 466 794 478
5807,14861 259 14573 14660 13559 924 4085 11306 11120 7876
5808,4085 14861 1993 13559 585 4766 216 259 14573 11306
5809,11630 14574 14819 9620 14575 14497 11366 8047 11186 6581
5810,14209 14458 14596 14595 13680 12440 14286 14213 11120 990
5811,7876 8374 5407 11187 13929 12997 11306 7875 13559 1884
5812,11120 14861 5673 13559 13483 14573 259 14209 2887 14464
5813,14202 8423 14425 3840 14069 4968 14505 14933 12009 14463
5814,10701 3665 3887 12156 12748 13179 15120 5717 2652 13887
5815,6617 7169 3747 12083 6619 5486 6621 6622 10049 12873
5816,53 3061 14840 3062 14988 14989 14990 14993 14992 14991
5817,12748 11219 12304 4447 11218 6537 10701 15120 5639 7986
5818,10420 10897 10653 9347 9423 14128 4552 2230 787 7958
5819,8408 10484 14854 13018 14329 14970 9430 13132 14616 14526
5820,11405 14136 6113 726 14512 692 11403 11402 14711 14200
5821,14204 14581 5518 6606 6605 14478 14513 14222 4549 5519
5822,1627 1628 8411 14711 11405 11920 12201 3405 9024 15064
5823,12841 14074 13813 13997 7463 1551 2018 478 287 1545
5824,11384 9836 692 6622 12065 14205 5788 553 13262 13737
5825,13276 2681 13277 13737 10798 2713 2714 2712 2710 2076
5826,6342 7183 1575 2685 14969 11902 6380 4279 424 985
5827,3801 8421 14961 886 7699 13520 14441 14530 5784 14004
5828,14757 5106 5105 5104 5103 5102 5101 5100 5099 5098
5829,8979 5670 10214 2986 2449 13523 6465 14650 14649 14651
5830,7124 13587 13912 14826 14578 14555 13414 9055 9054 4426
5831,10921 14995 5971 7898 10215 14221 6881 4437 9052 3890
5832,4756 13511 14565 10200 14564 625 5552 5019 13618 9144
5833,14689 5595 6836 10384 15254 14688 14905 1618 235 14543
5834,12805 9245 2246 13831 3676 5632 1035 1017 7249 1535
5835,14102 14721 4934 8581 8272 13570 9938 714 12031 2280
5836,8421 7699 7700 3801 13520 15009 5784 14910 287 8407
5837,726 13852 14996 886 11405 8562 14199 13804 12650 14512
5838,7457 12059 8299 12009 630 12547 6220 5514 4541 1332
5839,10625 12541 4279 5363 9510 715 14969 10633 2581 2706
5840,8421 14388 7699 7700 15009 14910 287 3801 281 8407
5841,14565 14564 11994 10200 13511 4756 5019 13602 11026 6881
5842,14986 14997 8780 645 15246 4956 8873 14853 14718 5682
5843,11405 726 14512 14136 11403 14200 14711 692 13852 11402
5844,4865 8190 713 14140 1499 14718 663 10522 3043 8873
5845,14157 5515 2985 8013 3673 7581 14158 14159 5514 14304
5846,12810 7116 11719 3751 7157 8798 7132 12384 11658 11814
5847,14998 5105 5104 5103 5102 5101 5100 5099 5098 5097
5848,11405 14512 11403 11402 726 14136 692 693 14200 14711
5849,8408 13018 10484 14854 14970 14329 9430 7381 7170 13342
5850,726 11399 14199 11405 75 4703 8411 8562 13852 13804
5851,11405 14136 7229 726 14512 692 11403 11402 14711 14200
5852,8892 8893 11655 1535 13248 1475 8894 6000 405 12406
5853,9423 10897 4552 10420 10653 9347 6897 8581 2550 7748
5854,7583 365 12487 4397 364 363 3891 8983 9517 2402
5855,6622 7017 9226 6484 9841 309 1840 6476 6818 7949
5856,15000 7050 10171 5592 14307 15074 11914 14356 4191 1204
5857,1277 1916 11777 9554 7358 1081 1274 1915 1279 1278
5858,2742 5998 2614 2815 11493 13672 10932 2820 3465 405
5859,2820 405 2742 1166 13651 1165 3465 2614 1535 12380
5860,1260 1261 1259 1266 1264 4457 8291 13170 1265 2848
5861,13587 3053 3052 14583 14584 3057 3059 3058 3051 3056
5862,58 11126 14824 14163 15285 14742 12427 4426 14980 3055
5863,8039 12897 8029 8038 6982 8011 4746 8037 8028 5138
5864,2741 13561 1534 4516 2614 2742 13910 5998 6352 13351
5865,3465 1166 2820 2744 3464 2742 2614 405 1535 1165
5866,611 10421 11936 11939 11937 11938 383 488 6825 9781
5867,14586 11440 2659 14524 10912 11718 471 5784 10776 9407
5868,15005 10603 14514 13883 14149 8097 13512 8411 8480 11920
5869,14475 1091 15006 14476 12390 9263 1993 6596 3821 14585
5870,15007 14475 13920 14476 12390 14566 14904 5183 14426 14389
5871,5369 15008 11332 924 3771 13627 14465 14168 8860 13580
5872,5016 4316 8691 2996 9642 9636 14527 8995 14132 13697
5873,879 6821 466 889 502 871 2448 323 794 3711
5874,14458 990 4953 14209 1859 13737 10095 7019 10907 7677
5875,15009 14910 8421 8407 10495 7699 14926 14891 14299 10667
5876,2820 2614 3465 405 2742 1165 1166 1323 1532 12426
5877,2820 2823 3045 13187 13540 2614 1166 12426 1535 1323
5878,8074 5490 5488 6689 10304 5489 9706 14297 10308 107
5879,577 712 3600 15147 11395 13286 1490 7301 2206 1880
5880,15011 15022 15247 14519 12877 5092 5093 5094 5095 5096
5881,2816 12671 2820 8889 5193 405 1166 8808 12672 13187
5882,10647 13398 3656 6657 6663 3654 14450 10403 5599 4876
5883,4519 9588 2569 7373 851 8391 13129 3181 3735 2199
5884,6004 6002 7941 4351 2979 1864 6476 6622 8893 2599
5885,3055 53 14578 11126 13626 15163 7124 14826 14320 15247
5886,9241 7520 570 10230 7205 11291 9143 233 12600 10247
5887,46 11392 10732 1577 1576 8336 8314 12205 6002 4925
5888,14837 13103 265 12926 267 10253 14087 4373 10705 14171
5889,14856 6977 1763 6816 3292 4928 38 3453 14855 9142
5890,2448 15014 8705 3033 6967 1382 1231 2765 7697 3697
5891,4924 5455 4742 12318 11862 12343 1949 2676 3296 12709
5892,4553 7398 7691 339 11151 3924 9221 9284 5408 5621
5893,14442 15015 14443 7527 5093 5094 5095 5096 5097 5092
5894,1320 9192 1319 1001 6362 4036 1779 1778 6363 2375
5895,4139 4603 2875 10988 9647 5667 9758 6555 8159 2874
5896,3839 12204 10406 9518 3714 1116 13991 2670 383 5044
5897,12850 13885 11366 14488 5267 5268 5266 14131 14538 14506
5898,7014 7015 9412 4062 14236 12143 14571 3486 9307 7013
5899,11366 13885 12850 5267 692 14488 14486 5266 14131 5268
5900,349 4830 8176 351 2428 10102 9223 14344 2790 350
5901,4596 9664 10574 11891 1145 5686 12726 4407 1146 1136
5902,3663 15016 962 963 938 977 1538 14608 967 13556
5903,611 14971 14903 4861 5216 10832 8578 8 12298 5678
5904,14752 14352 10560 12439 13642 13643 13741 7264 12522 7940
5905,14789 14155 6273 4356 15198 9761 6350 5554 12027 13614
5906,1011 15017 10199 5447 6356 2996 5687 7427 7554 4134
5907,7129 7130 79 11045 12434 5191 12436 12435 3598 6522
5908,14609 11859 11861 7776 475 11860 5991 9782 5095 5096
5909,6267 7170 14719 7967 8408 14720 7547 14721 6785 14854
5910,1484 3267 3027 12057 3506 73 3029 10181 2696 72
5911,5266 4862 10611 11366 13885 14498 14486 12850 476 14497
5912,6622 15018 4697 12039 11575 12129 12264 1125 12024 6131
5913,6686 3676 4559 7104 10078 9591 341 8232 7224 1600
5914,2371 2375 1354 11347 7215 4413 5845 8164 4134 4414
5915,13959 14387 5431 10208 5405 7229 14389 362 13562 3465
5916,1206 8768 3209 1981 9987 1982 4157 1552 9469 1962
5917,1602 7898 8468 6881 10509 3222 5971 10710 10921 15074
5918,9686 11930 12128 3923 7389 15019 8071 6572 10790 1323
5919,7341 10968 2306 2412 2291 3176 11759 2448 9318 10566
5920,7719 6491 14674 9143 14886 6766 14470 15260 6589 3729
5921,1826 1777 4134 6705 6364 1008 5876 3843 9194 4626
5922,5003 3200 3438 159 15065 2498 618 6941 662 3441
5923,611 15020 10421 11936 11939 11937 383 11938 488 6825
5924,2798 1287 9273 10541 9610 13379 11607 5517 125 3298
5925,466 10168 6027 476 167 6821 879 2312 686 6682
5926,8218 2597 14298 14174 14507 14173 13986 9843 13760 7522
5927,7014 7015 9307 11273 4062 3486 14236 13557 14571 7013
5928,1295 8248 2471 3312 2474 5836 6876 4341 6878 2476
5929,13957 15022 2096 15021 6065 9115 62 1300 15179 15011
5930,13695 6073 9966 13681 6077 5818 6886 3961 3763 6076
5931,3726 36 3179 11976 7865 12189 2631 5187 4804 1367
5932,11937 11936 11939 11938 14898 15023 14603 13571 2266 13514
5933,13753 1291 381 3403 10124 14144 3043 2509 71 12666
5934,10796 3408 4785 9402 2174 10793 10791 10794 10795 10792
5935,8582 3462 10978 14975 11824 14809 12991 9102 919 12713
5936,8413 10111 12853 2154 15255 13891 12546 10110 5126 4803
5937,10595 2498 12634 7189 3456 12667 7800 5751 10886 3404
5938,7563 13803 7309 6136 11680 10079 13801 13800 13802 4887
5939,11256 6330 2017 2925 13881 10459 9523 2927 2926 6331
5940,1011 13983 5844 13911 4611 12607 11537 5687 10814 13984
5941,6099 2095 4892 4717 10967 11171 1883 9494 6101 11368
5942,6100 13809 13975 14377 10057 11544 6138 12069 8295 4713
5943,4882 10916 12964 14600 12288 7560 13432 7559 7558 10977
5944,8760 14319 11952 8747 7781 11026 1904 8807 8805 3882
5945,15024 5105 5104 5103 5102 5101 5100 5099 5098 5097
5946,2762 8242 4770 5088 2294 8418 1417 2239 2290 3541
5947,692 476 11366 12325 12386 14136 15082 2566 8250 15083
5948,3699 4762 7403 6026 3705 585 6596 6038 794 3222
5949,11938 7970 10820 3021 11440 3742 12326 11936 11939 11937
5950,7401 4948 576 7866 8424 10955 5356 5357 5358 7253
5951,11748 10910 11215 3359 10050 3317 7283 1836 5508 9741
5952,15025 4284 9433 5792 5791 9431 9434 9432 85 7086
5953,2375 2371 1320 9192 1778 1779 6364 4606 6362 4060
5954,10042 2925 5143 9442 10763 6103 8052 2918 10210 2927
5955,794 5419 821 9263 9250 128 6411 1646 163 11761
5956,101 740 14979 14163 14898 14348 2774 14907 1808 15013
5957,715 7047 1760 10664 8748 2201 7820 14504 8837 11623
5958,4305 13958 3479 4946 4776 11298 2118 1834 7190 7286
5959,15026 14281 8409 6620 2301 13832 637 14095 14522 8701
5960,11780 13597 716 9805 6623 6484 6476 6944 1713 6349
5961,1282 4201 1212 661 9248 2457 10471 4850 795 1610
5962,46 7385 1206 6468 2200 8142 6969 10893 3597 7832
5963,710 11355 1222 4358 1896 7936 2908 1938 9652 11353
5964,2516 2532 9164 1395 9906 1190 742 2543 9917 2553
5965,49 1374 7346 8874 3599 9773 3906 11919 2149 12666
5966,6178 4128 2307 2107 793 10607 6176 3945 4496 11194
5967,4037 9194 13380 5449 2880 8848 12914 1711 4039 1011
5968,8215 13072 2662 13073 8214 9348 11472 13071 8216 12366
5969,342 1205 11864 12776 9142 6981 1748 8374 2804 8141
5970,4201 12862 6999 6047 10418 141 5553 1212 9248 1582
5971,9443 3993 8700 7430 7364 10304 5481 9370 5747 5746
5972,1282 2342 2588 4850 12847 11551 12087 8669 8195 5038
5973,13388 9610 4153 1130 3051 3052 11126 11914 3053 10553
5974,5580 11654 1346 2277 711 466 14227 618 4925 4474
5975,11385 12227 7754 15027 14791 12935 4037 6276 9289 10819
5976,15029 10382 10383 15028 8999 8591 14163 466 12875 2711
5977,13312 4350 9519 14419 6178 3308 13836 10491 578 4875
5978,2614 12507 15030 2820 8480 12503 12506 2742 4791 3465
5979,14811 14812 15032 6325 5299 10494 406 14054 361 12502
5980,15033 5105 5104 5103 5102 5101 5100 5099 5098 5097
5981,2371 2375 4138 1001 7215 3094 3001 5686 1778 6847
5982,1317 4687 4132 3684 4688 2719 10494 9886 2987 3083
5983,7719 4884 14321 3236 4045 4392 2483 14252 12410 5828
5984,4068 12939 14313 11265 7940 4948 1041 11733 1116 8325
5985,12748 10353 8997 10701 11219 15120 12481 2009 12304 2015
5986,13777 13610 13778 7138 8115 13776 13779 3491 12389 14109
5987,2820 2742 2614 1165 405 2822 1166 3465 2815 12426
5988,2820 1166 3465 2742 2614 405 3464 5999 13651 12426
5989,3465 2820 2614 2742 12007 1168 12744 1532 405 1323
5990,2820 1323 3464 1166 14712 13661 405 2742 3465 2614
5991,2820 13623 12742 405 14806 3465 1323 10206 12032 14879
5992,2820 12746 12426 1535 2742 1166 13518 2822 11880 2744
5993,1011 2371 10192 6360 1357 9851 1354 2375 7554 5689
5994,1145 14363 1136 13237 14440 11350 11891 1146 2096 8741
5995,14113 3406 9595 2409 10657 11919 4302 9177 11918 5418
5996,1011 5687 9534 7427 10199 7057 10899 7091 5447 9540
5997,512 90 5312 8407 510 3223 1449 838 4350 7438
5998,499 3365 12916 470 2224 1642 768 6702 2231 6575
5999,248 12176 8888 244 238 8986 250 249 2740 2042
6000,10529 6094 707 10131 5650 9894 14657 11493 12984 6130
6001,10059 9533 15036 7630 6129 8986 11098 13585 14154 2042
6002,182 6471 3310 9530 10300 7723 2448 2103 2107 3362
6003,3393 13593 10092 421 12885 11270 3391 3392 9936 555
6004,15038 12842 12027 7393 8761 7908 4790 1740 7333 12028
6005,5186 4406 11139 6375 9441 5622 10433 9601 13193 476
6006,7552 8553 3543 9171 4139 4606 13677 7062 13676 6858
6007,1011 12656 7554 8982 9084 10246 10627 12376 7817 6805
6008,5791 8307 715 27 363 9252 5750 10230 3035 5792
6009,4179 5155 1835 8349 4496 11317 811 873 1478 1198
6010,4020 13923 708 8429 13647 13673 7247 2106 7681 149
6011,15040 15039 14282 12759 2600 5196 3945 2115 489 5051
6012,383 7913 1301 12848 3983 4759 4497 12253 851 13766
6013,2575 3367 9467 161 166 10891 5541 12573 8422 5655
6014,11735 46 4220 5462 10671 197 6406 5460 2225 885
6015,15041 14682 10258 11074 1774 1704 6447 5854 5688 2876
6016,4516 14127 13452 3465 2614 2742 13187 2820 3464 1166
6017,5199 5901 2859 3847 10154 13634 13942 10229 7953 3849
6018,14163 4424 53 3222 12020 12031 100 0 771 14210
6019,2579 47 2504 87 10017 54 2543 2555 96 2583
6020,13905 1302 9495 13998 4670 13904 2645 13752 2520 1222
6021,771 9223 15029 14849 15060 4424 4964 100 53 12031
6022,1475 8889 11583 5345 14844 8892 1535 1529 11880 2741
6023,12559 10883 6015 1536 2526 7135 10893 15043 9159 15042
6024,14844 6933 1475 13008 936 13039 10731 5570 6938 5403
6025,11718 11440 10776 1368 14586 14560 14851 13015 2659 3960
6026,420 1641 6382 11658 149 11574 1814 2645 6853 5577
6027,4660 4663 11368 11370 4653 2804 4650 4658 4659 11367
6028,9249 9372 3821 3304 6489 5742 2079 9648 13431 10766
6029,10901 8104 14358 3394 9814 10900 11230 1752 611 3471
6030,8768 15044 14280 10667 372 12741 12307 5026 14891 14910
6031,14163 14307 10715 8999 58 14668 740 4426 12427 14866
6032,323 176 6411 873 4468 794 4821 1564 2448 7420
6033,467 12752 14541 6400 11406 6312 13124 7049 15046 11361
6034,1351 5858 242 10390 10715 13912 740 7124 1350 15273
6035,2283 1784 4028 1539 12538 5259 1305 14484 11161 14482
6036,4413 6360 7096 8443 6364 2371 3083 9851 2375 5845
6037,2741 11881 2742 6416 5998 2614 2743 12994 10207 2820
6038,14752 10560 7264 14352 2635 12439 13642 13643 13177 13741
6039,11545 13486 11380 11543 13084 1160 11544 9358 2480 783
6040,1011 7366 11528 5535 1317 13573 5687 4035 4134 4138
6041,3717 5116 314 9934 16 3749 3138 659 3716 968
6042,1354 1355 1357 2369 4141 2371 1356 2378 4138 2886
6043,2309 14636 11550 10968 3765 3811 5740 2755 1875 3176
6044,560 11231 13723 5367 4137 7057 11232 11284 13238 4840
6045,3465 3464 11121 4514 1166 2820 1532 2614 14799 1529
6046,9784 14803 11111 1532 12070 14359 11822 4514 2820 6990
6047,4642 4643 4644 5565 5564 4594 5563 9559 9558 9560
6048,12283 3914 12284 4160 4155 988 4156 4164 4161 4167
6049,8846 12435 12436 7374 3015 8499 4957 6898 6025 11954
6050,12250 15047 9984 6349 2438 13704 12980 1662 3424 450
6051,1721 4407 3080 1776 7215 6219 2881 10246 14438 5686
6052,8452 6034 9390 6968 7044 6035 1584 3041 3020 4761
6053,1512 3957 4017 6498 6546 6373 6499 1292 3970 3969
6054,4344 2799 4906 1371 3398 6301 3381 3624 10327 7559
6055,9390 9048 5076 5079 7516 5082 13884 6879 14112 795
6056,2225 6378 8198 3023 3024 15082 208 15083 8146 2249
6057,2488 11970 7321 3348 7048 4992 185 4993 9182 2483
6058,15048 12783 15030 5818 14151 12506 9244 2109 5188 11111
6059,3553 2962 10657 14878 1527 13752 11267 1302 2520 10963
6060,15049 1709 10716 4596 7065 6360 4072 3667 8477 9851
6061,4117 4116 4118 11707 11673 15050 203 4581 12763 4120
6062,9784 6990 1532 5190 11111 2820 6995 13354 4515 404
6063,3160 11954 6908 1960 4370 8503 9911 1367 6899 46
6064,9805 7740 905 6228 3423 10322 7487 5247 12566 9682
6065,13047 12508 12507 15051 8023 15241 15168 9048 10823 5376
6066,9880 966 9879 4589 12946 967 12761 961 12760 2442
6067,9880 12946 7655 12943 15053 15052 8263 1540 966 15054
6068,6391 586 9053 3881 4355 6402 7869 4843 10439 7961
6069,11634 6109 6065 9847 13948 12158 15022 2096 9115 13957
6070,3383 5812 3148 3350 6322 5078 3368 10660 10715 3359
6071,6095 13080 13823 13079 3877 13542 13078 6849 10983 13074
6072,13342 5607 2402 6789 8408 10259 2834 4577 12797 7824
6073,1537 10066 3025 6369 12127 11298 6306 4902 5817 8902
6074,5011 5414 5730 420 3195 1641 7921 2126 6033 9166
6075,15055 2990 1979 6148 3678 668 323 4167 887 864
6076,1404 4861 2117 14265 11293 12197 1419 8748 14224 8673
6077,4718 11036 4713 14377 8274 1541 10085 13114 13383 7443
6078,12480 7843 2015 5336 3838 911 4645 6824 5324 3011
6079,11368 4660 4663 11370 4653 2804 4650 11369 11367 4655
6080,8591 10382 10383 117 2325 15029 15028 8999 3662 494
6081,625 8239 14585 12178 9296 4756 6596 7304 3222 5552
6082,149 13673 13647 708 12659 169 13924 11554 794 4048
6083,14163 8999 58 13919 3021 14668 14929 4426 10715 12427
6084,4757 10920 425 1666 11643 9000 944 10369 476 12362
6085,14713 15057 14585 11662 7223 4816 4591 11460 9779 13390
6086,9367 2659 10263 11391 12800 1044 9667 3503 9 10659
6087,7014 7015 9412 9406 9307 3486 14571 7013 14545 4062
6088,15058 2865 271 11156 13425 8512 2286 7105 6084 7166
6089,2869 13682 10095 9407 2374 14616 10912 9410 13684 8997
6090,8702 12483 1988 14220 4805 1028 8701 8700 4661 6799
6091,15059 699 1394 13930 15168 13937 13000 6822 7977 15119
6092,8999 3053 3059 3058 3057 15063 3056 8370 3052 3051
6093,14306 1858 12206 11126 15195 6106 10215 14320 13897 3055
6094,14891 14910 10667 15009 12065 8421 15044 14280 11384 8407
6095,3405 9024 12201 8411 11920 771 15064 2129 13310 1627
6096,3801 13943 14961 12324 11087 14441 14563 8421 14530 14004
6097,12574 14887 1880 12134 5678 14606 14971 5676 5076 5100
6098,15065 14550 3471 618 3200 4841 14619 1436 1702 2262
6099,101 11125 10053 9777 11124 14240 15067 1569 14639 9009
6100,14163 8999 58 9300 10715 14668 4426 12427 14866 14865
6101,3903 8241 2764 6971 10173 11257 7452 8798 5540 2021
6102,10715 8474 52 14875 1351 15273 15274 14307 14100 7117
6103,14951 8999 9054 4162 9472 14166 14950 14929 15148 7124
6104,14209 3153 14213 14596 11043 14595 13680 14214 12440 14286
6105,14088 14558 12513 6521 14166 14427 14930 14867 7115 14866
6106,625 13517 12178 9296 4756 6596 7304 3222 6836 2139
6107,12338 7937 14860 14508 15177 7876 13559 14861 12717 14859
6108,2084 2083 7177 4423 12711 9113 2085 3022 15002 7113
6109,12134 13899 11019 14887 7688 12850 12574 14696 14697 10121
6110,8408 13018 14854 10484 14329 14526 7170 14970 9430 7381
6111,176 488 2448 879 3711 3713 4761 11070 9299 7723
6112,876 578 3587 5140 328 12868 5313 12819 12670 3579
6113,14652 13627 14958 15070 14465 15187 8860 14957 3720 434
6114,11195 8560 11695 11696 11698 11697 9494 6306 9027 158
6115,232 2829 11299 10153 229 10485 11292 7195 14175 231
6116,6869 13429 10153 11299 11847 6316 14473 14096 8560 6306
6117,3841 13526 8256 13056 10591 11884 14566 13705 14543 9300
6118,1907 5674 10565 12387 11894 11354 1908 5675 1909 14531
6119,14450 5599 3656 3654 13211 7450 7449 3646 2991 13398
6120,8871 14240 11124 287 2324 6411 14535 13933 8872 5325
6121,7002 12811 14620 8690 12689 11563 1500 15072 13949 14143
6122,74 2986 5415 541 8561 10026 6823 8562 3031 13017
6123,15075 12017 15074 14092 6881 14564 740 7898 1444 8992
6124,6596 12178 4 11459 9262 625 6374 794 176 9263
6125,10559 10483 14529 9060 1949 12512 3055 4417 13847 8969
6126,13369 9227 15076 14792 786 14296 3576 15072 7131 12013
6127,14255 8095 1886 3561 7962 13929 2015 4564 8096 4565
6128,2781 13560 2938 11993 1206 3931 1732 2933 3253 7973
6129,11096 14780 13917 8901 11095 1997 14664 14515 14369 12094
6130,5928 12549 11934 5028 7433 3100 4230 504 794 769
6131,46 2277 9683 11392 4925 6825 10732 4924 12545 1576
6132,14080 15287 1500 14605 14604 9056 7324 100 8802 58
6133,5329 5330 14022 5327 1882 5328 3482 5326 13256 9960
6134,15077 14781 9573 7240 6971 14066 9575 13019 14795 6101
6135,12995 3019 9132 7370 2571 7726 6914 3738 2585 2123
6136,11654 6543 6495 4474 14227 7012 10106 6544 13178 9226
6137,12290 12293 14631 12289 12292 12675 13381 12291 12673 12674
6138,12277 8087 2089 12613 14371 13969 9566 8101 1637 10133
6139,11836 8196 12852 8580 12512 3800 15019 4570 2781 2016
6140,3214 15078 2309 374 4519 27 746 2569 851 40
6141,3055 15007 13603 15013 611 14578 101 4426 8050 15002
6142,2086 8921 2093 14744 1173 11039 8687 8585 6284 6347
6143,12328 11246 11247 4594 14664 645 11210 14076 5563 1883
6144,14307 1351 10715 14163 52 15273 15274 10171 740 15074
6145,14559 15079 14612 14163 14823 8999 14865 1368 91 8413
6146,10134 7960 2607 9092 2929 5688 5036 2252 8851 9297
6147,13388 11126 12689 11914 9610 13937 4153 3055 14839 14686
6148,10696 13945 2717 4654 8088 9077 13914 6796 14234 12648
6149,3691 5823 6812 3676 383 1305 14128 2230 8176 14114
6150,15013 14578 101 15270 15002 3055 611 14407 4426 3735
6151,14223 10121 14106 14160 6346 8737 6614 11019 7688 13899
6152,794 12386 476 3222 6411 149 7580 4230 464 775
6153,2828 12387 12388 9343 1311 14845 8458 9526 9523 9525
6154,200 14703 195 204 205 202 203 207 206 201
6155,15081 14840 3061 3062 14993 7129 3060 13388 15012 14988
6156,13527 1883 8663 10918 5634 1886 8416 12104 12993 1544
6157,3441 1798 6964 4215 6366 4 6963 7955 6959 2735
6158,3548 8666 656 15182 13208 2598 7256 3163 6816 2250
6159,4238 13637 11398 6610 7632 10839 14132 788 4194 4227
6160,692 15082 15083 11366 8198 12386 14136 8250 4406 13838
6161,13215 13838 14721 691 692 13214 12340 14555 14720 13213
6162,14826 15060 13414 13587 15134 4754 4964 15063 5896 14320
6163,12134 13899 14887 12850 12574 14696 14697 14538 10977 1518
6164,6836 14689 5595 8272 14543 4349 10384 7631 11045 7124
6165,58 14742 8050 11126 15285 14824 14163 14980 4426 12427
6166,6099 1883 6101 6100 11166 6792 13433 8757 12182 12274
6167,14555 7124 9054 13587 15079 8999 15288 13912 14296 14559
6168,1456 14120 14299 15245 15116 11087 14926 12011 8708 10904
6169,7723 182 2103 2107 2748 580 11461 2949 15113 2448
6170,798 12463 713 12055 3055 1087 12308 5736 10053 8190
6171,1028 15085 7440 1238 12313 14721 3180 14720 1351 8508
6172,5452 4973 2653 1304 3411 11733 6558 11665 2296 7499
6173,12966 6881 10637 3821 625 5376 10339 8007 9207 15006
6174,6785 7170 8081 6244 13640 12566 7219 6267 7527 9808
6175,15086 13538 12653 4375 6228 9214 14890 14213 15169 14214
6176,794 383 9319 1553 7223 8483 12983 15056 518 11653
6177,14268 14396 4576 5226 15107 11253 1572 9895 9894 14144
6178,9056 8588 15072 9260 14080 3055 12689 14430 3906 8587
6179,8904 1533 1532 14324 3465 1323 11112 2744 1165 4515
6180,2317 749 859 9947 11196 8184 466 774 11734 9197
6181,11157 7393 5746 5850 5747 8700 12027 2 15038 8098
6182,12828 6613 13577 11709 12371 12950 14949 7804 10493 5218
6183,7380 11073 14215 13771 13606 13607 1349 7828 2291 13767
6184,12719 14039 7648 11610 12520 2839 7528 10253 10254 12282
6185,2133 2774 4 2779 14898 6826 10138 101 6255 4031
6186,8999 11632 12237 7572 3504 10798 45 10508 15148 7121
6187,6329 4265 8960 413 8225 11089 624 5798 7141 3198
6188,14482 4028 8340 6270 14484 11690 14329 8843 6043 6318
6189,11405 11402 14136 11403 692 726 14512 13182 11401 11404
6190,4700 4963 12385 13933 4964 6495 7408 5561 12565 10529
6191,405 13932 6415 2820 1323 1535 11755 2742 1166 12426
6192,9964 7663 14858 12247 7163 1018 4450 9963 14528 10547
6193,8376 2204 14703 10715 14702 106 14100 2031 3021 7208
6194,13556 14764 15016 962 963 5058 3006 8296 3663 14762
6195,478 5438 1004 651 15088 14548 476 1069 466 794
6196,352 12276 15089 14398 10695 6268 6276 11654 10085 10694
6197,9071 10281 11272 1252 688 3811 12992 648 9072 1191
6198,1752 2240 2930 1747 3043 5132 12667 3044 2560 4568
6199,2556 12087 11480 12847 5038 1410 1919 11574 3738 1282
6200,14180 5430 5998 2614 12843 8362 13055 13409 14330 3465
6201,14416 4840 13813 538 13613 11284 14262 14074 11470 10259
6202,15090 4705 5747 5746 8700 11157 2 1406 4706 3775
6203,528 12820 13315 10880 11555 8507 8506 5998 10056 4836
6204,2614 2820 1532 2742 3465 2365 9784 1167 13200 405
6205,2742 5998 2614 2820 2741 3465 405 1165 2815 1532
6206,13244 1528 13128 6000 405 2614 13248 1535 1323 12509
6207,405 1535 2820 1166 2742 1323 2815 12426 3465 2614
6208,404 13271 1165 13628 2820 1166 2742 13650 13327 12426
6209,2820 2742 405 1323 3465 12426 6001 2614 11418 1166
6210,1880 177 7923 13129 6868 6399 15147 7922 9773 2549
6211,12502 13422 6326 12826 6867 15164 9791 3464 1166 406
6212,14374 14375 14376 2365 15093 9784 5093 5094 5092 5096
6213,3464 1166 2820 1529 2815 2742 3465 8904 2614 405
6214,2820 2614 1166 3464 13187 2742 3465 12426 405 1323
6215,12826 12475 14122 403 13345 15164 12502 405 1323 2820
6216,1166 3464 2820 1535 405 3465 2742 3463 11052 2614
6217,14015 405 1323 13562 13346 8730 13005 13186 2822 2820
6218,14811 12502 14812 12826 15164 14408 11123 15032 406 12825
6219,1166 3464 6867 13422 9791 404 2820 9792 3465 1535
6220,1532 2742 9784 2815 2614 2820 11112 3465 405 1165
6221,14812 9792 14811 15091 15032 12825 9794 9791 12502 406
6222,405 1323 13562 2820 404 1535 2614 2742 12426 1166
6223,14655 14029 15032 15091 14812 14309 14811 12825 14122 1532
6224,5998 14562 3465 11955 2614 2742 2820 13327 405 1532
6225,2742 1165 12426 2820 2614 1166 405 3465 2741 1535
6226,1532 1535 1166 13625 2820 404 1165 405 4330 9784
6227,9784 2365 15093 14374 14375 1532 14376 2820 13354 4515
6228,1532 2742 2614 13423 13651 2741 2820 1326 5430 14327
6229,2742 5998 3465 2614 2822 2820 2815 405 14881 13201
6230,13731 3464 1324 2741 3463 11052 1166 2744 1165 2820
6231,12426 2820 405 13248 6351 1323 2742 1166 1535 2822
6232,1323 405 14662 2820 14183 2614 2742 12426 3465 1535
6233,1532 2614 11112 2365 2742 8904 11121 3465 2820 405
6234,2820 2614 405 1530 12743 1323 3465 11052 1330 1535
6235,1533 13660 13932 13186 8402 13700 1168 12006 13628 5475
6236,2742 2820 4515 1535 1165 2744 405 1166 2614 3465
6237,1532 405 3465 362 13562 11121 2820 13959 2614 9791
6238,405 4515 2820 2744 2742 1535 1323 1532 1166 3465
6239,13671 15095 13348 1166 14325 405 3464 8731 14799 3465
6240,2614 3465 2820 2742 5344 1532 13339 5998 7686 1323
6241,3465 2614 2820 15097 2742 1532 6417 1166 1323 405
6242,5998 11112 2614 2742 1532 1534 1339 2741 6991 1529
6243,6353 14655 4516 14335 2742 2614 1532 3465 12301 2743
6244,2614 3465 5998 2742 2820 1532 12425 13339 2815 8904
6245,2741 2614 2742 6416 5998 2820 1532 3465 2743 11112
6246,13806 2951 13807 13804 13805 3333 5094 5095 5096 5097
6247,1532 1165 14138 2742 2614 2820 8830 15257 11112 11121
6248,4516 8907 4330 3465 1532 4515 2820 2741 2614 2742
6249,2820 12426 1529 11418 13188 2741 13187 2742 2614 1166
6250,2820 11899 2614 408 405 1532 1166 2742 12426 3465
6251,404 6989 14150 1166 2820 1532 9791 405 11121 12426
6252,2741 8907 2742 5998 6416 2614 2820 2743 1532 11112
6253,2742 1165 2741 2820 2614 1166 3465 405 5998 1532
6254,2741 11898 6994 8907 2742 8830 1532 5998 2820 2614
6255,1381 10790 4315 6109 10265 6572 2585 5278 9284 2497
6256,2498 14890 1557 4290 6923 15098 11782 14446 13117 11684
6257,14120 5359 14674 7719 14470 15245 1456 15116 14886 8708
6258,6162 13070 1844 1874 5385 5383 8335 14588 6623 5699
6259,11620 6069 10254 1912 7571 11249 11412 11411 11413 11414
6260,12494 14000 1658 947 11011 13552 14706 14388 2079 4772
6261,11153 10868 6613 13004 14090 1669 13046 9205 2946 5970
6262,10184 13765 6090 7529 8887 14134 8532 7878 617 14135
6263,2614 13452 13482 2820 3465 2742 8869 14657 1532 4516
6264,8647 11780 4459 7481 7796 9395 8318 6944 1713 8612
6265,1133 12559 10866 8486 9287 8525 4550 2670 9288 10883
6266,10376 10377 9712 5111 12924 7764 10378 743 2358 3525
6267,11537 9547 1011 9666 4598 9548 12607 4611 1135 1141
6268,1684 478 286 10417 4285 10818 816 14548 7385 476
6269,4755 15099 968 5728 8038 10838 14451 14582 3717 4434
6270,10911 7014 4450 14546 14762 7015 2009 13212 13557 14764
6271,12332 6432 12934 10461 15027 8164 12933 14736 12935 12932
6272,1018 1226 7474 10785 1117 6159 9964 7663 14858 1707
6273,8164 4605 4133 11120 15238 13665 5673 10098 1721 1357
6274,9249 14226 2079 9372 5742 9648 3222 11844 6175 8704
6275,7827 12611 14182 1748 13103 267 12333 13647 6842 13368
6276,1011 2874 1861 13483 5687 4134 4693 7817 4687 4132
6277,4599 2014 9851 7427 6360 1357 2375 1315 5845 11347
6278,14729 3602 5273 6909 10169 14091 13004 8326 13718 15192
6279,13142 10519 2946 7018 2418 12959 5287 6884 13141 10521
6280,13238 560 6548 4523 7628 7253 13605 14170 11642 4357
6281,6782 8555 13459 14342 9233 11912 11227 5157 6170 908
6282,14237 13070 6228 6163 12765 6225 12229 6623 6226 1253
6283,900 9807 9661 3878 12025 6251 7934 2439 4497 13178
6284,6174 1268 7106 13880 7948 6510 1847 4358 4851 7947
6285,14533 11908 13770 1126 14006 8032 13841 10490 4458 13406
6286,14146 1700 13961 13893 14314 14002 2008 5714 1846 6183
6287,21 12196 7953 2859 24 13479 22 23 20 17
6288,14731 6240 6168 6479 8136 12748 11219 1665 14730 11529
6289,12432 8144 6781 1844 11648 7938 6162 2268 3848 1665
6290,13285 7302 127 133 1836 12037 292 4966 4127 10123
6291,8516 13782 3862 8462 4223 1519 1441 230 7401 11085
6292,1532 2820 11112 2614 11418 2742 405 3465 1166 11122
6293,6548 8590 4357 10029 6549 8589 7980 6897 13238 1327
6294,13184 5895 5896 4964 14091 4073 9228 13535 4966 7744
6295,11273 7394 3947 9183 9307 12632 390 12233 9581 9998
6296,13537 14182 14001 7660 6669 13725 5614 13368 4368 14207
6297,11996 15101 13665 11998 12000 7823 11999 11997 11994 12001
6298,8335 10441 5385 12576 6162 5383 8112 14645 2439 2438
6299,9795 12500 10041 15102 13441 13082 8809 8808 12505 4514
6300,14353 7401 7571 4447 7253 11219 11568 4948 1846 1111
6301,1011 4035 10073 13380 10071 4037 13426 8983 5687 5535
6302,13692 7571 9803 13034 10951 13688 13689 12235 6841 13687
6303,13519 12077 11387 12917 4403 4687 4688 4132 4693 12071
6304,7702 13556 12147 11612 11613 10911 11614 13557 7701 4037
6305,14085 10986 13725 1561 12486 1560 9830 14086 266 6670
6306,13585 1752 3044 14672 7630 10435 1751 3043 2560 11675
6307,2820 1166 2742 2614 405 3465 12426 1323 1535 1165
6308,3092 10282 3093 1257 4558 4557 106 3769 4556 5731
6309,15104 15105 13108 7857 15159 10642 3097 1473 13438 1471
6310,13697 14057 10941 9683 9199 6486 11190 8320 5405 6403
6311,2869 1001 1002 1145 1136 1146 1826 3083 1011 7215
6312,9194 7217 6363 7065 12209 4134 1321 12936 1320 4060
6313,5129 11025 1772 4285 2885 5667 9967 9968 9969 5125
6314,12802 4387 1011 12798 6066 12795 2700 12799 12794 12796
6315,1354 6360 1357 1355 2378 2369 2371 9851 4138 2014
6316,5673 1003 14459 11120 2891 13878 4430 3667 1354 12551
6317,8476 11703 2869 11002 3083 12297 2378 8166 6550 10191
6318,8210 13728 14666 8649 7754 7401 14667 5024 7276 13729
6319,2014 10365 9236 1357 10366 6553 2378 1354 9851 1355
6320,6526 8181 11469 3676 9260 8475 8396 6530 12941 6677
6321,9510 5363 14740 10625 14721 1527 3197 15034 2415 14850
6322,11054 4752 12568 7623 12717 13105 15202 15164 2596 15171
6323,323 370 13741 13668 9965 576 13105 11117 2592 12717
6324,12719 12499 13600 13171 13795 13253 10450 2839 13766 11610
6325,4672 11248 10488 13793 13848 14229 10490 9288 10489 13794
6326,4605 2875 4135 8164 4133 4139 2881 9751 4138 4693
6327,8541 9748 9747 11537 11799 8540 4401 1011 11648 11797
6328,13766 14115 4360 383 7250 13600 12719 14116 13253 13358
6329,1354 2371 4138 2375 1357 1778 1355 11777 2369 13573
6330,2725 10892 7539 6764 14118 1809 10251 7804 11692 8676
6331,5006 5007 5005 5009 5008 5010 5092 5094 5095 5096
6332,5452 13567 14057 9085 2296 6333 7499 2151 13697 2830
6333,12565 12470 4700 7408 1127 14311 14739 13741 7643 4963
6334,14764 2881 8296 7014 14762 11273 13212 15156 14546 1317
6335,5793 102 8844 574 2287 4809 9448 4275 6944 4274
6336,7960 102 2023 11477 3197 12221 2607 4497 2288 9175
6337,4576 15107 14396 14268 9895 9894 14144 11004 11042 8585
6338,10435 10786 9053 4787 1672 14070 2149 11675 6911 1419
6339,383 12253 12311 4045 8386 4759 4497 12091 13766 851
6340,6596 14162 1993 625 9263 14475 12178 9296 7697 2311
6341,3055 1367 7121 8621 11126 8999 15276 514 11185 15069
6342,7441 12975 7225 7443 12976 12977 10860 150 4640 164
6343,12617 10037 1883 10038 13381 12289 12293 12171 12290 11211
6344,4657 4655 9361 4656 11368 4648 4645 4647 2804 11369
6345,2093 9470 9473 2086 6347 10086 12838 6053 10240 826
6346,2093 2086 6347 10086 416 14744 12068 11039 8585 11003
6347,1996 12949 1997 3572 1998 13065 3573 8214 2663 3571
6348,11038 9202 12565 2899 14708 13402 12971 12970 9698 12470
6349,13257 15108 14790 14777 14276 13810 7444 7336 8215 10037
6350,13721 1635 11714 13811 4892 13720 13812 13815 2087 13810
6351,6136 7309 7563 13003 9358 8899 13703 2805 9708 7558
6352,1884 12647 13703 1885 12068 12997 7565 10086 5407 1882
6353,5374 5364 6334 2635 6115 5377 5375 5378 443 2169
6354,6303 7230 7248 2273 8690 2263 8578 12339 922 11037
6355,15109 3716 3784 6111 10084 8636 9004 14381 3717 3138
6356,12182 12274 8757 1956 13608 13432 6099 14772 13996 14795
6357,14031 13432 10918 13433 9760 12172 13532 14809 12997 13527
6358,4056 3572 2663 8214 1997 12949 3566 1996 2662 8215
6359,8617 14381 15109 6128 14035 12870 6003 9430 3784 3716
6360,8096 13382 9759 8095 13 15 4565 12049 13307 12
6361,8617 14381 15109 12870 14035 12871 6128 3784 6003 3716
6362,9027 14428 9494 11165 147 158 8560 11198 6306 3233
6363,4651 3451 12740 3448 3447 7739 12495 3446 4647 4658
6364,11366 12183 4056 12544 12977 13944 1635 2663 13817 8215
6365,10259 11261 12410 14416 13342 12412 7767 12416 12408 12411
6366,12949 14600 11191 1996 1997 12092 10083 15110 8629 14372
6367,3804 6852 13904 14061 14059 14060 9495 273 14062 3806
6368,14032 14916 14917 14919 14918 6334 3749 5180 12363 9789
6369,13461 10872 9027 14779 13463 14587 5222 10874 10873 14516
6370,8899 12069 13063 14796 25 3712 9571 13064 14041 14797
6371,12877 15112 14578 11184 7124 53 15247 15028 7113 8999
6372,6577 15113 13071 2311 7723 7225 580 3222 182 13073
6373,14706 14388 12494 14705 13552 14950 1658 14000 14885 11405
6374,3222 794 612 3596 4762 170 6198 611 9781 10919
6375,6874 14900 5116 1956 8293 8288 4877 1296 8284 185
6376,15115 15116 15117 8708 15245 14120 3222 4788 2626 13594
6377,4217 5758 2761 1247 8918 8240 3222 3692 795 9886
6378,4426 15118 1396 12668 10415 13016 15045 6047 11671 11960
6379,14396 1489 1488 13848 14891 8572 14937 14278 1481 1487
6380,14320 10215 14306 8999 5971 7898 10921 9052 10078 14826
6381,10095 6280 14582 13682 9407 2869 14458 1859 13737 10934
6382,9350 11631 6795 4594 2787 9660 6269 12417 4057 9012
6383,7993 14436 8140 14834 8860 14833 11400 5709 12412 5365
6384,363 4180 3791 1797 365 364 10905 3792 3790 8307
6385,6522 6523 5044 3309 15269 12434 9924 12436 12435 5567
6386,12233 13435 8852 8083 9147 390 8795 9998 9581 6057
6387,4451 14434 14228 8890 4927 6493 6451 9995 9660 10741
6388,4031 3367 6701 12097 8201 3167 3860 13595 5056 9590
6389,14307 11914 1204 15074 10171 4191 7579 744 13388 15181
6390,7145 13364 11317 9267 970 1069 10718 10303 3773 3041
6391,12748 10701 15120 11219 8057 5717 8409 12156 10353 14153
6392,11873 10558 881 8322 12708 3805 2912 2867 979 9427
6393,7326 4348 4900 4985 10675 1371 164 4901 3234 4891
6394,3811 7344 1796 8452 5834 1101 2309 466 1452 10176
6395,692 15121 15124 15122 15123 11366 7002 12386 14136 11405
6396,9853 2380 12238 2379 2375 2372 4599 11347 2869 11778
6397,10050 12973 11249 11856 14095 14013 4731 11620 12972 11748
6398,1665 11908 9810 9809 2979 10441 2438 5385 5716 1662
6399,14776 2439 6187 3878 12208 7796 6251 4971 12938 12924
6400,1119 8885 8041 9128 8024 8029 1122 14050 13673 1947
6401,12361 4769 5063 11681 3936 4503 9974 12053 805 4490
6402,879 12043 2672 1804 5325 2133 3033 1217 894 323
6403,4424 12031 53 100 0 14163 771 3222 2760 11147
6404,13879 13716 13131 9895 9892 9894 13375 13374 13376 9220
6405,2614 8489 8761 6940 7333 5571 7334 529 2820 3465
6406,3266 1499 1047 1901 8403 871 3267 3268 13909 6317
6407,13821 3561 6137 8105 8090 14255 8095 13820 1886 7962
6408,10369 8671 3016 11174 10227 4943 9007 4238 1491 801
6409,1166 1535 2820 405 3464 2742 12742 5194 13623 404
6410,8428 14944 13521 14972 14068 14942 14456 11287 15193 14705
6411,7611 209 6961 5074 2987 4422 10645 6963 2055 5400
6412,11366 13885 692 5267 14486 12850 14477 5266 14404 14913
6413,618 15065 3200 612 287 5580 13438 5003 10340 1099
6414,4909 13462 9566 12593 12649 8100 158 3330 13463 9572
6415,14986 258 15246 4956 14483 12568 8027 14997 8780 645
6416,4424 11147 53 12031 14163 100 0 771 3222 2760
6417,4132 9308 4687 9406 4688 4311 9302 14545 6356 7147
6418,9111 11210 12649 11209 14787 9110 7 9354 11208 11207
6419,15125 2982 5198 14911 11274 10604 10716 1269 4656 6793
6420,5358 5338 13642 1621 12439 13643 8398 14754 13024 7682
6421,15060 4964 5896 4754 4073 5325 771 9228 4710 5895
6422,12713 3902 9901 12517 9585 5574 9586 8724 9312 9310
6423,3811 14893 4871 1101 11353 2309 9604 5502 2755 1875
6424,11126 12877 3055 13388 14578 58 15285 7124 53 1367
6425,15060 14570 14826 4964 4754 15134 15063 5896 5325 4073
6426,7992 26 2340 2117 5225 8693 6178 8224 5224 4467
6427,2201 14504 715 2457 13805 7904 15072 12668 2415 5140
6428,11787 15126 9852 14225 6360 4036 9192 13568 2887 4133
6429,6327 15127 2059 12200 6331 1761 12090 12089 6844 7782
6430,836 138 7462 5167 7928 7930 7929 7538 5580 11485
6431,9306 4757 13640 13798 9299 11863 11462 15154 8479 8581
6432,10210 8427 12546 10111 5882 15128 8921 8695 4572 3257
6433,5929 15129 8735 14217 8736 8738 8734 1737 8739 8733
6434,13255 13252 15131 13253 1788 9232 10000 1789 14340 12693
6435,625 3407 12178 9296 4756 13517 6596 7304 3222 6836
6436,2139 7399 4237 9064 6999 8450 1807 458 5523 1391
6437,13548 9126 12653 13024 11884 11783 14117 8613 14521 9713
6438,1665 9810 9809 13070 1522 7651 2627 11177 1939 6887
6439,611 4020 5 12093 12032 14453 13936 8324 1128 13923
6440,2319 516 11235 3811 10381 14952 466 323 243 1649
6441,4688 4132 4687 2369 11537 1317 1354 1011 9753 3083
6442,12298 14971 14497 13885 12850 11366 5678 14903 5216 4861
6443,11120 8141 10622 5673 8374 13483 14861 14209 2887 14464
6444,9393 4971 11358 7796 9392 6761 9239 11359 5244 2439
6445,12877 4363 8494 7113 7120 137 6990 81 6572 2155
6446,3017 14743 3210 406 11255 13741 13366 14040 14811 14311
6447,13587 9055 14826 13414 8370 12651 15061 15062 8369 13940
6448,14997 8873 14718 5682 1480 14986 8780 12875 645 14493
6449,14299 10042 10904 571 14926 1456 10210 2918 14910 2595
6450,13430 5107 7109 14471 3055 3751 14714 5929 14483 14707
6451,13957 10746 15179 3437 15022 2096 9115 15021 6065 62
6452,14555 7124 13587 91 14306 9055 14865 14559 8999 9054
6453,11167 14142 15132 13831 8577 9544 12383 4199 9527 3517
6454,13999 15133 12991 10429 9798 8582 10428 9100 3462 8086
6455,5783 10255 5781 5782 5917 2287 1253 6623 6228 1845
6456,15134 15060 8999 15064 92 14826 8587 53 5093 5094
6457,8999 14826 15134 53 7121 14578 14320 8587 7124 13414
6458,12134 14886 1518 13899 7719 14674 14470 14887 12850 12574
6459,14930 2498 1385 13937 5545 6902 14427 12513 110 14166
6460,5430 8108 14196 2669 13409 1785 3171 8110 2614 3465
6461,2626 10481 15116 8708 10287 15140 15139 15137 15117 15138
6462,10481 12469 2626 15140 8708 15142 15139 15143 14855 10287
6463,6785 9826 3859 230 6244 13640 10867 12041 12566 2845
6464,7249 6415 2958 10277 405 13854 13144 8713 5570 13932
6465,15145 14541 4066 10048 2013 412 2916 2919 7718 1594
6466,11319 11318 12756 2887 13878 10818 11120 5673 6364 13568
6467,6780 8057 15101 10813 1665 13366 7651 11996 10701 10810
6468,14824 78 58 9054 14555 14166 14163 14558 14868 93
6469,9511 7845 14931 15146 14687 15244 14937 14427 2203 14930
6470,739 15147 3790 14852 14555 1880 1490 7301 3600 3792
6471,3021 3160 14427 13033 14929 14166 12513 14930 13134 14163
6472,8164 1721 4605 4133 15238 9751 8477 9625 7554 7015
6473,8999 15148 7121 11185 14163 1368 9054 14951 15069 15248
6474,1883 12617 7909 14783 6099 9026 14066 14797 5634 12091
6475,11405 3019 14136 726 14512 692 11403 11402 14200 14711
6476,15149 5106 5105 5104 5103 5102 5101 5100 5099 5098
6477,1532 7993 8860 6378 5365 2614 13627 15264 11112 14436
6478,3828 15150 11366 3835 1181 3834 3836 3824 3833 3832
6479,11904 11669 10910 12191 7400 11935 5397 11905 3989 11748
6480,7855 6784 1126 6502 13416 12985 6236 10986 14533 9830
6481,14128 8176 14344 2230 10653 8462 3691 9341 2189 349
6482,7002 15059 15119 14143 14911 15168 6622 15121 15123 7171
6483,2614 5998 15152 2742 2820 3465 1532 1529 13578 14323
6484,15027 14736 1724 2869 6432 12332 12934 11385 10461 7785
6485,12648 13914 10696 14234 6796 10874 10873 14467 7759 11210
6486,10701 8057 8409 14616 12748 15120 10813 5717 15026 12156
6487,6788 2567 4909 10080 14413 14164 13974 4713 11187 12480
6488,1532 9784 2614 15153 2820 11112 404 3465 405 8904
6489,8899 13064 9348 10959 13067 12618 9574 2793 13916 13463
6490,1436 14699 664 1620 8798 11080 15021 5276 2729 149
6491,4437 4978 15057 4199 2063 380 10606 2739 8748 14221
6492,5896 4966 13184 4964 4073 5895 626 9228 10337 15060
6493,1516 11424 859 8038 9497 5972 1517 3055 11126 419
6494,12748 12717 7937 12234 11219 10701 12338 8840 15120 575
6495,15101 13685 6567 3483 11186 13737 13736 9410 9409 2009
6496,8479 5281 2643 4288 11148 8419 9774 8195 6872 14348
6497,3573 13065 7560 4882 7558 3567 9372 10242 3565 5221
6498,15106 13101 2869 13557 15156 3486 15155 9307 11273 15235
6499,11382 14218 10999 10998 11000 10952 5845 11350 11028 11987
6500,5552 2709 9779 4756 3711 3249 625 11462 3255 784
6501,4909 13399 13484 13462 13463 8302 12585 6788 982 12998
6502,14775 3896 8087 10976 11042 14770 13819 8093 8101 9558
6503,5084 8453 6381 2767 6959 1567 10471 458 11934 1238
6504,1880 6445 6473 1033 499 3500 2241 3037 2547 3402
6505,9367 4406 9779 1989 10039 11461 11462 2936 9071 1992
6506,9348 11544 12066 14377 13073 13064 8899 14798 13072 11472
6507,1665 6781 9809 14219 14732 14340 13887 9803 13617 9810
6508,4736 5042 9319 5012 8757 6636 3186 2021 2566 7332
6509,323 1028 11328 466 794 1206 128 30 3811 31
6510,8591 10382 10383 3662 117 2325 15029 8999 15028 2130
6511,3055 11126 13626 4820 6791 53 15247 3056 3059 3058
6512,1047 2168 5618 5612 1297 6020 357 8288 5621 5620
6513,1583 4295 6962 4828 593 598 1581 1582 1580 1579
6514,5246 12928 11475 6513 12927 14732 7171 13951 11152 13267
6515,10373 10372 9323 1558 9324 155 12236 10371 12860 12165
6516,10821 12159 13286 11249 14959 11620 2108 7801 14161 8145
6517,8526 3040 10898 11755 13932 1166 9287 1133 12426 9288
6518,2457 1201 5090 4219 1206 5225 4223 7054 128 3916
6519,10917 9015 5331 5332 13900 13040 3482 13114 14075 14077
6520,12655 12211 7784 4597 11721 3083 4137 1011 13621 7058
6521,11813 1870 6470 150 6275 3289 11016 2037 2038 4342
6522,13954 5253 14985 11254 6716 5732 9407 13681 4398 12624
6523,15162 15161 3074 1799 274 4306 7096 568 7952 4300
6524,49 10086 10407 7844 13051 11945 14025 12068 12647 2093
6525,13954 13681 5732 9407 12624 4398 2010 2011 5253 3005
6526,13590 3442 2881 8164 7057 3083 6553 6360 8166 4134
6527,4973 11113 13571 296 10664 7184 2584 56 38 82
6528,12875 14493 9319 9306 14718 2206 8873 14827 13640 11863
6529,6103 15128 1187 11132 6152 8518 6104 5837 7996 4230
6530,1636 5222 2793 12171 637 3274 14451 14780 2480 11544
6531,53 15163 11883 11911 14578 11884 12877 7124 3055 5514
6532,1166 3464 8526 2820 11755 1535 2742 3465 404 12426
6533,11257 8554 3808 10494 4011 1102 9986 3809 4077 11146
6534,12470 12129 7643 1554 1874 1127 7649 7888 12565 12685
6535,13108 7857 3097 15159 10642 1473 15105 1471 15164 1472
6536,12620 14274 12689 11271 15088 11865 11216 12784 635 4003
6537,11384 12385 14956 12741 14169 13673 13647 12333 12064 9961
6538,1367 2804 1496 15276 13022 4653 7128 4660 13891 4650
6539,115 1901 82 8695 871 868 1047 1900 1390 857
6540,8948 1613 3395 796 1732 7972 1219 5202 1131 794
6541,1456 10310 3696 3473 3206 8975 600 2780 2773 1574
6542,6789 12418 1796 6576 7824 11824 14809 14043 14045 13342
6543,11405 14136 692 12497 11402 14512 693 726 11403 15230
6544,794 149 476 3574 4462 5581 3222 466 478 6411
6545,15051 15119 8130 15168 5376 13047 15059 7002 2393 8137
6546,11124 9522 14361 9116 12103 14146 693 11125 15175 14240
6547,2741 6120 12198 2742 6416 6124 5998 6121 2614 2743
6548,9143 9241 7205 12600 15046 11291 10247 233 15260 7719
6549,9348 14377 2788 4713 13073 8274 4718 13072 11472 13071
6550,618 385 3144 612 2313 611 383 287 5580 386
6551,2597 7687 14628 160 2598 2596 2594 2593 2595 2304
6552,6280 15166 14371 11197 14658 14164 15165 13160 10095 15110
6553,13703 8899 11128 2805 9358 9708 7309 14795 9101 1544
6554,4594 14770 9558 3896 9559 6795 9560 4644 4642 14775
6555,5565 14659 12366 4642 4644 5566 5564 5563 12365 3894
6556,13361 15167 13306 1636 14451 11544 14798 1637 11944 13809
6557,5332 3482 5331 10917 5327 5328 5326 3481 9015 6
6558,14453 12093 13936 1128 12274 5 11844 12182 8757 11363
6559,14783 12091 14076 12999 7909 12253 9101 1883 14075 14077
6560,10542 14683 10872 8295 1869 4815 1162 3237 4901 88
6561,13256 1883 14022 6796 1544 8420 9026 10918 6099 10012
6562,9814 11850 2010 642 2011 11022 9426 10899 9960 1129
6563,12182 12274 8663 8757 12993 8634 13608 13432 6099 4892
6564,11427 13382 11199 11426 844 4644 11174 5071 2897 13
6565,12748 2015 10456 10701 15120 11219 14153 12304 10353 11218
6566,13944 13817 14624 11165 5557 12967 9772 13818 13814 4056
6567,4594 6795 9350 2787 9558 9559 4641 6797 14770 4644
6568,13399 10456 12998 13527 10918 10721 14071 1953 11200 14789
6569,5351 11143 9590 12421 8376 2174 4850 11145 8195 7406
6570,7699 8421 3801 13520 5784 7700 14961 14441 14530 15009
6571,15168 15059 15051 5376 15119 1394 13930 7002 699 5101
6572,3061 14840 3060 14578 3062 14993 15013 15012 3057 3058
6573,6622 8575 7384 4671 6476 6520 13892 2979 13365 2108
6574,11120 11776 12866 12147 13590 14038 13992 5673 1317 12756
6575,1778 1320 2375 6362 9192 1779 11352 1319 4060 6363
6576,3723 11837 2945 10016 1103 10572 12327 2101 4498 5271
6577,8491 8596 14892 12582 13002 12198 5326 5982 12200 4356
6578,771 15029 9223 14825 14668 14849 14163 5517 15060 14578
6579,11373 11378 11377 8501 11376 2507 8793 11375 7769 174
6580,4035 5535 1140 1148 4037 1011 5530 5532 1141 10073
6581,1532 14262 13613 11470 4840 14416 2614 14892 11112 2742
6582,871 7696 5732 11383 3015 14692 1901 176 879 8403
6583,611 618 578 3213 287 8397 1374 5601 6002 7865
6584,4956 14635 8737 14986 7359 7531 8661 7082 225 1737
6585,4426 15045 13016 15263 14163 12427 58 7159 7124 8999
6586,8935 6084 9834 8352 11960 3930 2290 6381 3221 4090
6587,3141 15031 4712 2959 12503 14408 11868 11046 12783 10657
6588,10931 1752 5987 10930 2735 4225 4568 1521 779 40
6589,2869 2875 4139 2881 5447 10199 2883 1826 7554 4132
6590,8479 14669 2310 11863 14348 11818 9306 15154 4847 740
6591,8659 7040 7311 4232 5074 8865 452 1201 6215 6222
6592,14384 14383 12081 6228 692 5091 5092 5093 5094 5090
6593,692 13050 14213 14214 15086 8525 14209 15169 11366 14901
6594,2442 4590 4589 9879 967 7654 966 12761 12760 9880
6595,5466 5205 476 7409 5795 11973 11481 11602 10225 9284
6596,9390 5079 1685 1568 8742 4353 6964 579 12533 5076
6597,11384 12065 14891 12312 8272 10082 13 12697 692 6622
6598,2614 1532 2820 3465 2742 5998 8869 1529 1323 7224
6599,15100 4126 4752 15171 9842 11054 4966 5709 15172 5113
6600,12850 13885 11366 14538 5267 5268 14506 14887 14537 14131
6601,6617 1840 13214 6621 9226 11567 6619 5486 10561 6622
6602,2705 8409 6160 10701 5196 2008 15026 8057 7001 2301
6603,1011 10091 4616 3085 14269 7099 6739 13981 11102 8849
6604,14764 9406 8296 14762 2881 3486 14545 14763 15156 13556
6605,14688 14887 6581 10384 12574 14689 12134 12850 257 7177
6606,14887 14688 12574 12134 12850 257 7177 5101 5100 5099
6607,5917 10125 633 5904 632 9327 9325 9326 4083 14378
6608,3403 15000 5225 2498 7631 1395 3405 1463 14718 7398
6609,4742 8238 5499 13057 14502 14967 15172 8614 10558 562
6610,12850 13885 1061 11366 5497 14538 8693 5267 7462 7463
6611,8999 7121 78 14163 9054 14166 91 15148 7124 1368
6612,12254 12164 7470 5788 11575 14505 13761 14671 6935 8866
6613,8769 11300 3939 5888 551 1667 6682 7840 1657 7211
6614,14986 4956 15246 14997 8780 645 258 7082 225 14635
6615,4557 14996 7841 13852 3977 1257 10652 2915 886 4467
6616,9051 2291 4090 6902 7717 7848 2294 846 2290 10078
6617,14299 14910 14926 15009 2595 14388 8421 8407 10904 6079
6618,14209 14561 14276 12206 8456 15173 14596 14790 14286 15108
6619,9588 9789 10169 4519 5180 7373 2569 7489 851 4411
6620,3578 3401 5764 3579 6837 12832 876 9364 12329 7293
6621,15174 5106 5105 5104 5103 5102 5101 5100 5099 5098
6622,7014 7015 1709 14571 7013 4062 7016 14236 14445 8164
6623,12850 13885 14887 7177 11366 11767 14538 7179 12134 5268
6624,1532 12825 14811 3465 8904 14812 15032 2614 2820 11122
6625,478 14539 173 8950 476 14548 466 14694 1213 794
6626,1452 1796 12320 11758 14140 1397 126 9265 176 794
6627,8971 1732 9061 3134 12144 10517 848 2781 5956 4353
6628,4447 11219 14353 13409 12748 6537 8316 11218 12304 6245
6629,4434 6951 4630 12537 4755 14582 12670 3877 13542 12669
6630,1390 868 1901 871 4 3441 1900 1570 3440 3439
6631,5938 7847 12321 14704 9989 15175 10552 7849 7848 9242
6632,5938 10552 12321 7847 2332 11366 6834 15175 9221 692
6633,12321 5938 7847 14704 15175 10552 7849 14490 7848 995
6634,11366 5938 12321 13885 692 7847 15175 5267 14486 12850
6635,15175 5938 14496 12321 7847 14361 14146 10552 11366 14704
6636,12321 5938 7847 14704 15175 7849 10552 7848 14490 995
6637,14496 9026 1883 15175 11366 6099 14491 6196 5267 13256
6638,11366 13885 13079 692 5267 14486 12850 5266 14477 14404
6639,15175 14496 11366 9026 14361 14491 14146 5938 6196 5267
6640,11366 14477 13885 692 5267 14486 12850 5266 14404 14481
6641,15175 14496 11366 9026 14361 14491 14146 6196 5267 5938
6642,5267 14491 14496 11366 14479 13885 15175 9026 14486 12850
6643,11366 14496 14486 13885 9026 5267 14491 15175 692 12850
6644,15175 14361 14146 14496 1700 13961 2008 5938 14002 11649
6645,11366 13885 692 5267 12324 14486 12850 14477 5266 14404
6646,15175 14496 14146 14361 5938 11366 14485 14486 14481 5097
6647,13885 12850 11366 14480 14488 5267 5266 14131 12298 5268
6648,14481 11366 15176 6077 14486 4339 14499 5266 6076 6072
6649,13885 12850 11366 5266 14486 5267 14485 14491 14498 14479
6650,11366 5267 13885 692 12850 14486 14491 14479 5266 14496
6651,11366 14532 13885 692 5267 14486 12850 5266 14404 14477
6652,11366 14491 5267 13885 692 14486 14496 14479 12850 5266
6653,5267 10210 8427 11366 3257 14491 4875 10042 14479 2918
6654,11366 13885 13697 692 5267 14486 12850 14477 14527 5266
6655,11366 1181 13885 692 5267 14486 12850 12337 12201 5502
6656,11366 692 10552 13885 12386 5267 14486 14479 2332 14477
6657,11366 12528 14913 14486 14838 13885 5267 692 14366 14481
6658,11366 14481 15176 14499 13885 14486 692 5267 5266 4339
6659,15177 14508 12338 7937 14860 5090 5092 5093 5094 5095
6660,15178 15144 4066 10048 412 2919 2916 15145 14541 2013
6661,10552 6834 2332 11366 692 5938 14485 4324 9221 6204
6662,15179 13957 10746 15022 2096 9115 15021 6065 62 3437
6663,5163 4126 5170 8513 9427 8514 15171 14897 7204 7203
6664,4016 11260 14055 2930 5862 5163 4568 705 3242 10050
6665,11366 13885 692 5267 14486 12850 5266 14404 14477 14481
6666,11366 13885 692 5267 14486 12850 5266 14404 14477 14481
6667,11366 14486 14481 13885 15175 14499 692 5267 5266 14485
6668,11366 14485 15175 13885 692 14486 5267 14496 12850 5266
6669,11366 14486 12785 13885 692 5267 7716 6903 5266 12850
6670,11366 13885 692 5267 14486 12850 5266 14404 14477 14481
6671,11366 14485 13885 6834 692 14486 10552 5267 12850 5266
6672,11366 14897 476 5170 5266 3126 14498 13885 202 692
6673,11366 13885 692 5267 14486 12850 5266 14404 14477 14481
6674,11366 11050 13885 692 5267 14486 12850 5266 14404 14477
6675,11366 692 13885 14486 5267 12850 12386 5266 14404 14479
6676,11366 13885 692 5267 14486 12850 5266 14404 14477 14481
6677,11366 13885 692 5267 14486 12850 5266 14404 14477 14481
6678,692 11366 5266 14491 12386 14136 8250 11405 13838 693
6679,11366 13885 692 6467 5267 14486 12850 5266 14404 14477
6680,11366 13885 692 5267 14486 12850 5266 14404 14477 14481
6681,11366 14486 13885 692 5267 12850 5266 14481 14913 14491
6682,11366 13885 692 5267 14486 12850 5266 14404 14477 14481
6683,12850 13885 11366 14486 14480 14538 5267 5266 692 14481
6684,7115 11059 3019 9223 11366 1755 6259 5347 108 13587
6685,8882 4345 10135 12429 4852 10481 4352 4455 13903 12996
6686,7233 1585 8891 1523 10658 5986 7232 11690 3168 5887
6687,11405 693 6725 692 14136 11403 14512 11402 726 6717
6688,14959 279 6345 11237 13640 10821 7020 6114 13798 8145
6689,11124 9116 3798 11125 11126 9522 8871 2430 14240 3885
6690,14835 11700 8221 1728 6202 10836 12049 9511 7379 10834
6691,14564 15180 14565 6881 15074 7898 8992 10200 13511 4756
6692,14233 14042 2089 14515 9960 12094 10978 13073 14232 11096
6693,13207 14193 8564 1379 1380 10496 14153 14181 6298 13266
6694,14555 14449 15288 14927 14852 9054 7124 739 12427 14843
6695,14555 14721 15288 14852 9054 14449 7124 739 12427 91
6696,14941 3793 13752 14162 1302 2520 13920 14904 7251 7252
6697,15181 4191 13588 1204 14162 14278 10171 14307 15074 11914
6698,14162 14941 4191 9263 1993 6596 5581 14475 14933 14709
6699,14166 9052 14929 8999 3021 9054 3906 1374 14427 14930
6700,14706 14705 8428 14707 14942 12494 14388 14885 3805 7545
6701,9055 12651 2391 13587 10011 4631 12409 10979 8507 6766
6702,9197 11734 8012 4182 133 9947 14001 10982 8460 11156
6703,8666 15182 2598 3548 13836 2596 2594 2593 2595 2597
6704,9014 11973 776 4468 3952 794 4406 9349 1182 6958
6705,4591 14716 14141 11965 13318 12837 9465 15281 7141 4515
6706,10210 10042 2918 8427 2925 14299 3257 5143 9442 4875
6707,11654 14227 4474 6495 7012 6543 2930 1306 10106 13933
6708,13836 2598 22 15182 2596 2594 2593 2595 2597 14224
6709,14925 2637 14741 8488 7188 11919 5522 6153 2118 8280
6710,7124 13912 8999 1351 10715 4426 14559 9054 14555 12877
6711,14821 14592 10833 14822 10834 10115 11731 15252 6202 10836
6712,1855 6544 8444 12296 4753 4962 4964 2534 6543 1840
6713,8143 9578 14970 11564 1665 8034 11007 9430 11006 14329
6714,9055 8413 8762 2154 15255 13587 13891 12651 2391 14865
6715,8999 14555 15184 14620 91 11820 14081 15288 14166 14550
6716,5412 138 11485 9613 4384 4729 12822 4863 15229 323
6717,611 8335 10421 11936 11939 11937 11938 15020 9955 383
6718,3548 8666 15182 656 13208 7256 3163 2598 6816 6815
6719,14163 4426 58 8999 10715 12427 13016 15045 14668 1368
6720,14834 14833 14436 5788 11400 5709 10011 7993 8140 626
6721,1885 8323 5572 1884 11968 7349 585 13532 4701 1882
6722,15185 14953 10183 23 10985 8 3134 154 2216 9030
6723,12875 14493 14718 9319 9306 2206 14827 15029 14825 494
6724,14132 13697 14527 5016 14057 11366 6610 8995 14723 9683
6725,6780 8575 9803 1665 10810 7651 6520 6622 6781 7384
6726,14522 15026 14095 2301 731 14281 8409 13832 6620 637
6727,641 614 610 6509 9790 7748 604 643 10349 642
6728,13924 13673 11554 12659 13647 14323 4048 11555 708 12664
6729,692 11405 14136 693 11366 11402 12386 11403 14208 13838
6730,13943 13892 14563 6622 13350 11888 2730 13046 6397 10109
6731,6622 6761 9239 15186 11358 8016 11359 9392 15070 1124
6732,11405 13182 14208 11402 692 14136 11403 726 693 14512
6733,8016 9239 11358 6761 15070 15186 14266 6622 11359 5244
6734,12254 12164 6614 14502 7470 11575 14731 14730 14505 13761
6735,14329 9430 14970 13018 8408 10484 14854 13132 14526 14616
6736,14465 15187 14652 14168 11737 12837 14466 13627 3893 6717
6737,4964 9228 5896 4073 5895 7744 7745 7012 645 15060
6738,8007 8133 8132 8027 14666 5376 9190 14667 2393 8137
6739,14209 15188 14213 4450 8459 14596 8127 14595 13680 14214
6740,13265 13690 15186 5161 1783 9713 2409 13069 4567 13034
6741,14008 5352 15262 13694 12162 10716 11665 12987 12590 6185
6742,14209 7256 14596 11962 14595 13680 12440 14286 14458 14213
6743,6622 2108 6761 6189 1380 2979 13892 6615 14206 5486
6744,1379 13207 1380 5248 10992 11889 8443 14193 1375 6761
6745,8666 3548 13208 7256 15182 2598 2914 11962 1115 10106
6746,3019 7115 108 11405 45 9223 6259 11059 3240 3055
6747,10821 8145 14959 279 14205 13286 11237 12159 6345 2108
6748,14563 13943 13350 13892 11888 2730 478 6397 13046 10109
6749,6622 6617 6619 6621 5486 2108 6616 6615 6611 6620
6750,14213 6991 14209 8020 15169 14214 13050 692 8525 1339
6751,3771 14517 13949 12901 7984 10906 14873 8134 4960 14393
6752,5788 8145 12474 4450 6497 9657 10821 12473 12471 14205
6753,10786 2149 7497 5897 3886 49 7494 14070 12352 10122
6754,15189 11632 14579 7220 14364 1845 11796 7528 12237 8999
6755,14143 10011 14667 14911 7002 857 14666 2391 14833 14834
6756,14528 7401 1846 11786 6171 7664 1111 11649 1700 11593
6757,9842 15100 15172 13602 6952 14565 15171 5709 5113 4752
6758,6516 8914 3254 1201 8220 7083 8556 1552 8927 8919
6759,7222 10626 7253 3079 1863 6887 3077 9235 12333 13483
6760,15189 11796 1845 11632 7528 11912 14579 11911 9808 717
6761,13388 11126 11914 9610 4153 10891 1367 14839 14163 547
6762,740 14907 15190 14906 14979 14348 14163 1351 12084 11818
6763,8999 7121 15148 14163 11185 1368 9054 91 14166 7124
6764,8617 14035 13383 7443 13780 12601 13720 14381 4718 15109
6765,14660 259 924 14573 14861 5369 3771 9799 9778 9777
6766,12850 14711 13885 11366 14538 1627 5267 11405 5268 14131
6767,1694 14883 14229 1695 1699 1698 1697 1087 1696 14884
6768,10701 5717 13179 12748 3665 15120 7938 2652 8409 7990
6769,9989 14704 10380 9242 1500 15287 7847 14080 5938 10381
6770,12850 13885 14538 11366 14938 14264 14973 5267 12134 5268
6771,7719 14674 14886 14470 9143 15260 6589 6766 11217 14490
6772,14509 15191 5972 13227 794 9497 787 463 1516 4764
6773,871 1901 857 868 8403 1900 1047 1390 879 115
6774,12850 13885 11366 14538 5268 5267 14506 14938 14537 14887
6775,10169 15192 12085 14729 5273 9588 12084 12064 5049 6836
6776,14329 13132 10484 14970 9430 13018 8408 14616 242 14854
6777,14538 12850 14264 14973 14938 14415 14222 12134 553 13262
6778,8428 11287 15193 14972 14068 14456 14944 13521 11288 14705
6779,8397 7643 1127 7888 12470 7649 6488 12129 1125 578
6780,8999 15134 15064 92 15148 7121 11185 91 14163 1368
6781,93 7572 14618 14558 14547 14866 14163 12305 6097 6779
6782,7229 11932 12483 5023 9486 10668 15199 14694 5405 8058
6783,12850 14538 13885 14938 11366 14264 14973 5267 12134 14222
6784,14306 14320 10215 1858 12206 5971 8999 7898 14826 14869
6785,5107 11668 11666 14224 14952 14157 13430 7109 5256 5976
6786,2804 8374 8141 342 13022 4653 4660 4650 11370 11368
6787,3213 10893 14620 7230 611 2131 2548 1618 235 651
6788,14565 13602 11026 14564 10200 13511 9842 4756 3718 5019
6789,58 11126 14824 15285 14163 14742 14980 12427 4426 14605
6790,7898 14564 6881 15074 740 8992 7865 106 5971 10541
6791,8999 14320 15148 7121 11185 14306 14869 10215 14826 14163
6792,7898 10215 5971 6881 10921 149 14995 15074 14564 5541
6793,3616 3617 15054 3912 3615 1171 8020 9084 12561 961
6794,14974 1904 11026 1697 8760 4336 1576 14975 11027 10608
6795,9056 14904 9300 8588 9260 13920 5183 14426 14389 14941
6796,15173 14286 14285 12440 14209 13896 5190 14561 14276 8456
6797,1697 8459 8123 14974 8121 14163 1695 10516 1694 4532
6798,692 11366 13896 13897 12386 14136 11405 8250 13838 693
6799,15194 4379 11311 11314 11313 3097 11312 3609 668 8455
6800,1858 15195 14306 13897 13896 12206 6106 11126 7065 9192
6801,1858 13896 15195 13897 14306 12206 14285 692 13894 2013
6802,91 2083 2084 12711 2085 8999 1367 14555 14865 11370
6803,1858 13896 13897 15195 14306 12206 14285 692 13894 6106
6804,692 15196 14637 11366 14823 14136 11405 12386 8250 693
6805,2013 13896 2134 4803 5265 7467 7718 5174 10110 10111
6806,9698 2424 2899 9202 8474 17 2397 12650 8507 8128
6807,14561 5683 782 14443 692 177 5682 14276 970 8456
6808,8054 714 11307 8456 8055 8021 10820 14102 14417 4934
6809,14074 12841 13813 14075 14077 14076 14416 9015 2018 13997
6810,15134 15060 14826 4964 8999 4754 15063 5896 5325 15064
6811,6622 2108 13892 2979 6476 14206 5486 11384 6619 6189
6812,6622 7002 14143 14911 13892 2979 15121 11384 2108 6476
6813,15077 6971 8241 2950 9531 14781 9573 4484 3541 7240
6814,15197 13653 11781 14365 5923 11177 13652 11105 5101 5100
6815,1222 7936 11711 4358 11241 1837 710 11574 4851 3771
6816,13699 11473 5096 10820 113 9359 10662 5097 3613 9337
6817,9220 5110 9895 9894 9462 9461 4722 11120 5673 5103
6818,1855 5325 10414 773 12296 14714 11322 4964 14443 15060
6819,7002 14143 14911 857 15121 6622 15123 7141 7171 5246
6820,7002 14143 14911 857 15121 6622 15123 7141 7171 5246
6821,4591 12837 7141 14716 857 11965 14143 12838 11737 13318
6822,10765 12083 7271 10766 6222 7277 10764 6831 3730 10763
6823,630 1332 7457 12547 6220 4541 12059 7580 8299 13808
6824,15198 10028 14789 7809 10031 10030 6839 5158 10033 4225
6825,9666 4598 9547 9548 6432 5535 7785 3415 1011 5874
6826,7229 15199 10865 7249 9486 5431 11932 10208 13959 5405
6827,8299 7457 12059 630 12547 12009 6220 4541 1332 13943
6828,14276 14790 15108 7336 13257 14777 13810 7444 14955 14561
6829,58 11126 14824 14163 15285 14742 12427 4426 14980 8050
6830,771 9223 15029 15060 4964 4424 100 14849 53 873
6831,8272 12689 14493 8581 14102 4934 11384 12065 14923 11271
6832,14565 10200 14564 13511 4756 5019 14487 13602 15180 3898
6833,11054 15202 15164 2596 12826 12502 4752 2598 2594 2593
6834,3771 14393 14693 2678 14955 11711 14694 692 11402 3895
6835,5788 10986 7678 9830 9331 9999 11884 11883 7855 4450
6836,8407 10495 15009 512 8421 14910 1102 4011 8554 9986
6837,3801 14441 14004 14530 14961 8421 13520 5784 7699 14909
6838,15203 5106 5105 5104 5103 5102 5101 5100 5099 5098
6839,3061 3062 15003 9818 14840 9819 14993 3060 9821 15012
6840,9052 12015 14166 14869 10078 14320 9054 14221 4437 495
6841,14209 14596 14595 13680 12440 14286 14458 14213 11120 12251
6842,14596 14209 14595 13680 12440 14286 14458 14213 11120 14285
6843,14596 14209 14595 13680 12440 14286 14458 14213 11120 12251
6844,11549 15067 36 1367 13013 5787 3178 9134 9311 9310
6845,14840 3061 3062 14993 3060 15012 15003 14988 13388 14989
6846,14586 14524 471 11440 2659 13831 14426 360 8693 2340
6847,611 6825 10421 46 11936 11939 11937 383 11938 15020
6848,15204 7313 15084 15007 14272 13412 9920 1918 8048 12514
6849,11147 5376 11758 11140 12694 15051 15168 11773 6674 13406
6850,11863 9306 8479 15154 15205 9319 1500 13640 13798 14348
6851,3744 4894 4988 3186 9495 4717 338 9494 4922 9493
6852,5222 11190 10356 12277 10603 6140 8903 3318 10359 13735
6853,1160 3288 650 1161 3328 3826 3359 2484 649 138
6854,1963 6050 853 6051 4366 169 803 2652 6049 5073
6855,14363 10554 6339 1145 13237 11350 1136 4596 11891 11434
6856,15207 15206 5527 7428 8816 8999 5488 9706 634 4816
6857,7697 12543 7152 3538 7907 4052 1452 5739 2448 2777
6858,14764 12632 14763 15209 15208 15155 2443 12760 8269 4991
6859,1456 235 234 1619 1618 1617 11087 14120 14299 1622
6860,6143 10404 1505 8819 10158 4276 12050 3653 10397 3988
6861,8808 1475 14877 13635 15210 14662 13441 10733 14328 12883
6862,10524 10525 12584 10523 1532 13904 14684 8427 12172 688
6863,12689 15088 12620 12784 11271 11865 14274 14742 14430 13388
6864,1917 10905 9526 661 3132 363 9665 5669 1914 10904
6865,9991 666 5960 10470 2182 5025 7243 4186 4335 3976
6866,5244 5243 8025 11357 11358 11359 6761 9392 9393 1124
6867,1987 9294 9458 2260 3413 2259 7080 6970 1273 1638
6868,14443 782 5683 764 773 970 5898 14967 14561 14442
6869,3055 8999 3053 3059 3058 3057 8370 3056 8369 15061
6870,6725 6717 3893 15187 14652 6719 8517 6718 6984 8897
6871,14810 15216 12797 13337 13390 3587 13342 1071 1079 1737
6872,1001 2876 4416 3843 1826 9194 7554 6364 10818 1002
6873,3667 7065 7078 2999 1003 9193 3074 9536 3688 3666
6874,14283 11347 6431 4661 3001 1355 1354 2615 1357 2375
6875,14388 10537 6762 7965 8061 1008 2028 10759 4344 5838
6876,9249 4985 6675 11044 2079 9372 5742 6637 9648 6175
6877,9532 973 3800 146 13909 12512 1865 8376 3485 8580
6878,10275 4818 2809 5825 9719 122 3377 4635 2961 9861
6879,2875 12261 15049 1151 11102 1711 1723 6067 12146 1709
6880,888 5613 277 11856 10022 228 13130 3970 8259 12423
6881,560 1145 13723 1136 3842 4137 5367 7057 13238 1146
6882,113 7123 1351 7117 15273 15274 13699 11473 14307 7127
6883,1572 1943 506 9491 13454 170 11269 7152 14396 3398
6884,101 3219 14898 2774 15013 1808 14578 15233 14579 15270
6885,15218 15217 15170 15169 13736 15219 9418 11252 8525 15220
6886,6550 8253 10192 1357 2369 12561 6551 1354 6360 1011
6887,1532 14359 9784 13711 13482 8808 11111 2614 12744 11112
6888,10085 10695 10694 14770 13114 12276 8275 9558 4594 14398
6889,7065 3442 1317 12629 6809 3667 15220 4138 9194 12630
6890,12212 6770 701 12909 8958 7705 4309 9832 6501 7707
6891,3148 15222 5540 8697 3811 3943 11273 10512 10511 6684
6892,5786 4636 5787 7000 3237 4992 4885 4991 11868 5215
6893,14752 14352 10560 12439 13642 13643 13741 7264 12522 7940
6894,4085 2798 9715 7398 9265 1759 1287 1993 14861 9273
6895,3903 7452 1058 7910 692 3347 10500 5952 3899 3907
6896,2614 15224 15223 3465 2820 2742 1532 5998 1529 1323
6897,11713 547 2063 7646 10891 13388 1367 10715 11126 12931
6898,6596 176 7696 14692 7697 1452 2448 8704 8994 3711
6899,10007 5703 5384 1211 13392 10441 9218 2439 5701 5702
6900,1957 4452 7182 3149 6002 2321 3213 46 7181 640
6901,15225 5106 5105 5104 5103 5102 5101 5100 5099 5098
6902,5322 994 12829 15092 6984 12324 6580 5324 7913 11364
6903,611 9781 10421 488 383 6825 3213 11936 11939 11937
6904,1949 9060 8926 10559 10483 4417 8969 1865 8131 12560
6905,1532 1533 2614 13329 11112 2597 8904 2742 3465 405
6906,2404 14641 12899 4421 11941 12276 8084 2403 12900 2401
6907,1345 11821 3150 1346 6713 7334 7333 3892 8398 12167
6908,3613 13783 9337 13317 5096 5137 9024 7657 14093 9820
6909,14986 4956 15246 14997 8780 645 258 12568 8027 14483
6910,11804 6381 9529 1967 5083 420 3678 2937 6920 2778
6911,6622 11384 14889 14205 13892 553 692 2979 13365 13183
6912,3055 14430 13977 9056 12689 3037 14933 8588 14210 771
6913,769 2448 4020 770 2106 7680 176 2771 476 3222
6914,13535 11221 613 9393 5373 284 13184 560 4964 13424
6915,101 1367 13414 15226 7128 14898 7159 15276 7123 114
6916,585 11985 245 6638 1732 1581 1095 1024 7931 6365
6917,13850 13439 10730 2959 13440 5104 5103 5102 5101 5077
6918,5579 5578 2953 6332 13907 5258 5580 4925 1690 466
6919,13408 13972 11295 8620 6869 10316 14175 1872 10153 12297
6920,1859 1860 14458 13737 10095 2379 1863 13992 12551 2375
6921,466 2024 10294 3104 3196 4221 607 6854 476 2168
6922,8704 9313 7763 6831 8716 3468 7448 3135 4712 8194
6923,5502 226 3551 1101 1181 12201 3811 8110 14590 2736
6924,1443 1460 6963 3441 8070 1638 3196 6961 815 8768
6925,9222 1463 3754 8260 11815 14928 10666 15227 3755 2317
6926,11043 12467 13069 10960 11047 9705 12468 10218 11046 9603
6927,8661 8737 7531 8662 163 8660 7340 6033 5247 8738
6928,5594 7394 3942 1836 6191 2102 2097 2122 3500 6638
6929,169 46 2960 149 466 5984 165 712 15254 14905
6930,10640 335 14857 7234 8977 9373 9374 9375 321 313
6931,8999 14404 15228 8377 7124 3176 3177 13912 53 3178
6932,8494 15043 137 4363 7120 12877 81 7113 15042 1540
6933,12941 705 3242 11854 240 11469 4807 2266 4568 6563
6934,5791 131 10547 5792 67 3501 8307 9252 27 363
6935,1544 3332 1623 13256 1883 10012 14022 6796 9770 8420
6936,13002 5328 5326 13054 12198 13485 2833 12200 12582 14892
6937,15204 15007 14566 14543 7313 15013 14475 101 15002 13920
6938,8702 1028 12483 1988 14721 3180 14720 1351 14220 4805
6939,15229 14418 383 3471 11485 1660 6523 1204 4660 2130
6940,1532 1533 14324 8904 11122 2614 13329 3465 11112 2820
6941,1839 10278 3404 13194 12322 14305 3393 3403 9762 56
6942,3500 2304 9802 14419 2191 9928 3308 105 325 7126
6943,6622 7628 7625 9965 11384 2979 5446 7629 2108 13892
6944,692 14904 13920 14426 14941 14862 5183 12388 14389 13670
6945,14136 15230 739 3021 2142 13670 7113 14852 14929 5516
6946,13037 5109 8597 14881 14857 13371 8964 7442 6371 8058
6947,3112 6870 1097 6910 3739 2323 5411 9081 2304 7814
6948,1320 1319 1779 6362 1778 9192 6363 4060 2375 1321
6949,15231 15232 4462 9697 7466 1898 6297 1942 1896 6909
6950,12519 11611 5696 3489 14065 9137 12684 12685 5697 12263
6951,12182 12274 8757 8964 15005 13608 13432 6099 13037 14772
6952,6415 13144 8713 5570 10731 13314 4840 6284 8710 7249
6953,4350 1463 15227 14419 13312 6178 3308 578 9519 1465
6954,15234 15233 14163 101 5104 5103 5102 5101 5100 5099
6955,15235 13101 15106 15156 13557 3486 15155 8848 2869 9307
6956,7099 7100 7070 7098 10995 982 10589 7095 8302 12585
6957,4901 4913 4905 9499 4891 3236 3237 233 4813 4887
6958,1638 5524 223 6963 224 3441 222 4220 221 1443
6959,11112 8892 1532 11880 2614 2741 1475 1535 405 2820
6960,13669 7860 14178 7773 12926 12518 8264 14100 7970 4494
6961,4132 2876 4416 3843 4688 1826 4687 6811 7091 12071
6962,9392 9393 6761 11358 11359 5244 12948 9239 4971 1124
6963,3486 13556 9412 13282 7014 13557 9307 9406 10911 14764
6964,7014 7015 14571 7013 4062 7016 8164 14236 9412 14445
6965,13557 3486 9422 9406 10911 7702 9307 13282 15106 13101
6966,7293 6790 8439 3578 8821 1300 411 14947 13904 7916
6967,1011 11598 4037 7498 1862 6245 13981 12332 7469 4035
6968,10715 10766 870 12429 1902 82 1351 9582 14702 466
6969,14339 14338 12628 12632 12627 12630 14445 5668 12629 7218
6970,4314 2712 4313 4311 4312 2713 2714 4310 2076 2710
6971,11199 15167 9769 14772 11427 14451 13361 13306 14798 1636
6972,9308 15156 6356 8296 12079 12078 13212 15106 13101 7147
6973,13170 13456 6622 4710 4338 13459 13457 3522 2979 2731
6974,14286 5190 12440 14285 15173 14209 9935 4832 5193 5192
6975,884 11149 6812 5712 1951 8521 3811 3771 4385 6638
6976,3407 3602 258 2928 4326 2344 11030 3439 12320 4821
6977,15054 12763 15053 3617 9880 3912 967 966 15052 7655
6978,5415 5004 9320 8348 10373 4726 155 2794 6522 10372
6979,1367 91 87 11443 6916 12420 2547 3270 12222 2554
6980,3153 346 2012 4295 451 3910 968 4046 1802 10741
6981,14764 8296 15156 13212 14762 14546 2881 10911 7014 13557
6982,4743 7070 5846 5845 10630 10996 7077 13209 10589 7066
6983,14080 12440 15287 14286 1500 14209 14285 14605 14604 9056
6984,6899 6889 1373 9903 10537 7758 281 1090 8972 9915
6985,625 9296 12784 12178 4756 13517 6596 7304 3222 8995
6986,311 14076 9101 12977 7759 14853 14783 9028 7730 9926
6987,2741 11879 2742 6416 5998 2614 1532 11112 2820 2743
6988,11368 11370 4660 4663 11369 4655 11371 4650 4653 4657
6989,11671 2209 3299 11952 8973 88 2191 8660 4255 3821
6990,4132 4687 4138 4688 1320 1779 1321 2375 1778 2892
6991,12190 11160 1021 3187 3373 10736 13794 5121 13795 9583
6992,6406 6407 7829 9130 1213 1215 3908 1300 1426 11735
6993,2508 2232 12782 2744 8995 5016 625 8704 176 5507
6994,14288 6664 14290 6667 6662 6666 10397 6655 3652 14291
6995,2869 12332 5449 7215 1826 11598 1011 14736 10088 7425
6996,12085 330 12543 10169 10561 3180 13214 10709 6036 321
6997,6773 5468 1183 6501 10782 10746 5886 13759 8787 14623
6998,4608 4136 8165 7498 10367 13565 6737 10574 10576 4139
6999,5035 7369 6987 507 2323 9953 1540 2148 11161 1051
7000,6476 11647 9182 13365 3822 1960 2243 8493 9185 8177
7001,8164 4605 15238 4133 13665 7016 1721 10098 1357 4287
7002,1737 2527 1373 2758 2546 8738 2234 196 1071 1918
7003,2371 3674 9192 1778 4060 6364 13984 1777 1322 11625
7004,2371 2375 1778 6362 6361 1320 1319 4060 1779 4606
7005,2375 2379 2380 2371 13878 2372 11347 1778 7449 4060
7006,13139 8399 1684 3171 8670 3170 3457 10619 5778 10472
7007,12332 8541 5689 11598 12377 1011 1711 11799 1709 2869
7008,14661 7145 1069 11608 1452 10452 10303 10823 3773 1243
7009,7545 13040 3824 14215 14314 8999 13771 7499 12980 5452
7010,8576 14056 12867 13121 7714 5969 7527 6060 354 13122
7011,11120 5673 8477 2887 10067 12551 14226 13878 14459 14464
7012,6360 1721 4133 5689 9851 2887 4605 8164 1357 12075
7013,1452 167 3222 176 6596 2761 7697 786 6030 1047
7014,15162 15161 3074 1799 274 4306 7096 568 7952 4300
7015,618 287 363 12434 12436 14870 2130 15269 13129 40
7016,612 1880 14717 618 2139 8500 6868 6198 3596 3222
7017,2869 7427 7217 6363 4606 1320 1778 1321 9194 9192
7018,3055 2342 7186 8044 6309 11126 12002 12579 9420 11762
7019,9165 13415 5779 13129 11445 11446 269 9404 15261 11114
7020,12423 888 5545 6953 14391 796 5613 8257 214 8259
7021,9996 7725 3091 13842 1265 9998 7539 7532 12437 12194
7022,7215 1136 3443 1145 1146 4689 10626 1771 5686 10088
7023,8999 3055 15226 9519 9426 13312 11126 5460 7121 15148
7024,12756 13568 13590 11319 2887 11120 10818 13878 2881 5673
7025,3153 9887 6214 10618 243 8146 722 6192 4774 6132
7026,6897 5424 7133 6895 6433 17 2071 7726 3528 4357
7027,9850 11028 7960 11798 5636 3458 5690 12209 11808 6432
7028,7217 1353 12936 9194 1006 1773 1704 5854 2891 1011
7029,7696 1798 3556 6053 2754 1836 8047 2758 7510 2932
7030,3237 4913 8349 4891 4901 1163 4887 1371 3234 8350
7031,8709 12114 8711 12816 6417 8710 3465 12112 12126 12120
7032,2133 2652 7727 1291 12106 2516 2794 5097 5748 11069
7033,14120 12011 1106 10142 15245 15116 1456 8708 8775 3222
7034,15096 2824 1660 408 13926 14331 13575 13353 10410 14044
7035,46 6341 10376 10377 3742 8376 10378 2130 6727 7764
7036,9340 8832 2837 11917 8621 152 10934 13336 2215 4396
7037,11405 14131 11366 14136 726 13885 692 6934 14512 11403
7038,8195 3 4850 1282 5351 14979 14163 3500 9341 4845
7039,2375 4060 2371 1778 1320 1321 1779 6363 6362 1319
7040,1532 49 2614 2498 11112 2742 8904 11121 3465 405
7041,2362 14520 2363 1088 12297 7251 4810 4811 13036 7210
7042,2371 2375 1320 9192 1778 4060 1779 1321 6362 1319
7043,5328 640 4452 15005 9074 5326 3568 5327 14046 3482
7044,8999 8591 10382 10383 7121 14163 15148 1368 2130 91
7045,8802 7758 6899 8972 5498 9921 14605 14604 9901 100
7046,8999 611 9054 3021 14929 10482 15148 10483 14166 14951
7047,12512 3071 3800 8482 8580 4570 15019 11836 2016 6966
7048,6613 10642 7863 2927 2277 11466 7804 9088 10868 11153
7049,14801 7442 8429 13923 14912 13037 8964 6371 14017 8610
7050,15123 10294 14907 7377 11485 15154 1420 1215 1698 1490
7051,4580 13853 11794 2981 3789 4587 4586 967 4087 966
7052,12905 12906 12903 11286 9517 14007 7986 12904 2614 5430
7053,3222 794 176 795 2448 2777 1646 5041 10919 467
7054,7249 15199 7229 13854 7675 10865 2742 6415 2820 405
7055,11121 6352 1532 3465 11122 2820 13007 1166 2614 2742
7056,4132 4687 7057 4688 1317 1011 4138 3083 8166 2869
7057,3464 1529 1166 2820 3046 2614 3465 3463 13731 2742
7058,2820 1166 3464 3465 11122 14712 2742 405 2614 11121
7059,2820 6000 6001 1166 2742 405 2614 3465 12426 3464
7060,1532 3465 11121 11122 404 2820 2614 6417 1166 9791
7061,8904 1529 1532 11121 3465 2820 11122 2614 1323 14324
7062,12426 1529 13717 14599 2364 13186 2820 2614 13005 13346
7063,1532 405 1166 3465 2820 404 2614 2742 1529 1535
7064,2234 10140 9282 5187 2518 2528 11644 1918 2527 2514
7065,1438 206 2696 11088 2702 11323 9816 8485 2711 3728
7066,4753 11871 11397 6231 4964 6544 4962 6750 11005 11896
7067,4313 9440 15240 10065 9519 9607 2952 9680 3029 12781
7068,14137 13998 13905 14497 4670 14136 3815 13885 11366 7742
7069,2804 13022 4653 11369 4660 11368 11370 4650 4657 4663
7070,1219 8179 8286 4223 1683 5591 2228 5586 4250 3478
7071,297 13976 5421 11953 2271 10123 4634 13129 2316 10612
7072,15241 8023 13047 8038 8039 8011 4746 6982 8037 8028
7073,4712 207 1545 7386 7090 205 2018 7463 1547 1551
7074,3528 5858 5424 2318 189 3358 2697 3453 3035 8449
7075,9880 2441 12763 966 961 9879 12761 938 12944 2442
7076,727 11341 4120 996 4497 6103 375 5583 584 10434
7077,7925 4845 13724 4207 6466 2910 13412 8801 11045 2124
7078,11364 9188 5322 7918 10006 4909 466 11699 4920 4984
7079,10056 3393 15242 10278 13125 7071 14981 3404 12422 9799
7080,4814 3727 2290 3884 9352 15243 3320 9353 9096 9347
7081,3222 9072 4974 5292 6402 1191 6767 794 10509 15245
7082,8376 2204 7208 11378 5351 13909 146 12811 9532 12517
7083,7662 10104 1784 5975 2992 1557 10254 10103 13667 13551
7084,12017 740 5282 1493 1488 12497 8651 4273 15075 1489
7085,13282 3486 4399 14545 9406 9422 13557 9421 12627 7014
7086,716 13597 10584 3877 13542 6849 6944 1713 11780 13658
7087,769 3709 1973 1230 794 3309 834 2448 4257 176
7088,8993 1088 5346 2449 5347 9993 3876 5772 1947 501
7089,13808 13891 101 13913 9319 1287 10651 15276 9227 7128
7090,466 476 3599 11960 3595 879 3596 6052 3594 734
7091,11550 14710 12347 3622 5852 9033 4780 3313 6579 6575
7092,3348 12108 10356 5361 3680 13041 5803 13735 8669 10359
7093,13193 13194 10930 1540 12060 8263 1839 12231 15043 4257
7094,9799 15242 14660 3393 10056 13125 10278 7071 5094 5095
7095,2562 6914 2536 2551 2505 2503 2490 2549 549 3402
7096,14155 6350 4356 9761 5554 12027 7333 14892 8486 13614
7097,11120 5673 14209 13483 2887 14861 12551 14464 13878 8141
7098,11937 11936 11939 11938 15098 611 14898 220 8998 424
7099,4344 7561 7048 3312 1163 6928 8481 4636 3237 2488
7100,611 11937 11936 11939 11938 15023 14898 14603 13514 2266
7101,10102 6651 6954 10567 12021 8188 3362 8704 3253 9820
7102,4510 11216 12360 3702 2711 4227 9593 2467 1987 12018
7103,5514 15163 5515 5513 11883 5516 53 14224 11911 8452
7104,5673 13878 14236 11120 2887 14678 12756 14459 4062 7014
7105,3547 1053 6108 5185 4369 1076 4297 12127 2676 3296
7106,11156 15058 13425 7623 8512 4044 6084 2286 3980 5982
7107,3019 9055 13587 7115 108 12651 11405 45 9223 2391
7108,1880 6596 6041 6046 4863 10018 12022 8971 4249 2560
7109,4009 13145 915 639 5104 5103 5102 5101 5100 5099
7110,14298 45 7263 10158 9910 10547 11376 10342 1018 11969
7111,2079 2081 9680 9249 3222 3552 12494 10489 6532 3662
7112,12669 8085 7911 10961 13825 13001 12645 2707 13609 154
7113,1354 2369 1357 1355 6320 2371 6550 6551 4141 2372
7114,8802 4423 4422 13808 8199 6929 10651 14605 14604 7324
7115,5210 14534 12571 7139 170 8310 12569 1411 630 3602
7116,14789 15198 10028 14155 6273 13527 10918 13399 12998 3896
7117,6332 5579 2953 11977 3579 383 13768 756 13820 6331
7118,7071 14347 14265 4605 14064 15242 6540 1013 10626 7076
7119,83 1868 4442 7822 8432 7533 7429 3602 5114 5500
7120,782 1568 4004 3487 4929 4488 10742 4181 3976 5155
7121,88 2470 9493 4911 11974 11676 2209 2191 4901 466
7122,2614 2815 2742 6352 3465 2820 13701 1532 5998 13578
7123,920 7146 2688 10864 2717 2258 8619 8301 3560 2710
7124,12435 9349 8846 12436 12434 11481 15269 5096 611 6522
7125,10964 10963 2113 5104 5103 5102 5101 5100 5099 5098
7126,7121 2085 2084 2083 8999 45 9457 6677 7458 11185
7127,4235 11550 6053 7245 2767 8223 2103 2782 9069 6643
7128,2428 2790 6220 2750 643 13571 12546 486 3110 8553
7129,771 9203 13412 6902 44 10238 28 8872 9223 12633
7130,12941 240 705 3242 11469 2266 7966 2264 4568 2930
7131,8553 3110 2790 7552 3543 9171 2428 738 4820 2750
7132,4717 9494 8457 4029 4178 4031 3409 2219 2490 3645
7133,1011 6432 4036 2880 14751 3038 4598 9666 4609 4037
7134,7504 871 10762 3748 3255 1551 1103 2826 879 1050
7135,4933 8800 8461 9692 5260 2156 1337 2290 5159 2253
7136,8561 74 6823 3803 8388 9770 7082 8562 3031 2986
7137,3811 1252 11272 10281 648 4405 1101 2309 14893 9604
7138,12469 15142 15140 15143 15139 10481 14855 15141 8708 2626
7139,8585 11042 2611 12268 2612 11039 2613 2610 14144 11040
7140,3055 11126 13388 14988 14989 14990 14992 14991 3061 14840
7141,1319 1320 2375 6362 2371 1778 1779 6361 9192 4060
7142,2996 11626 4316 1001 1321 1317 9636 9642 1011 6804
7143,10428 9797 9798 10429 9100 13620 15133 14010 13999 7009
7144,14896 466 6872 1204 10476 8463 478 1213 494 4191
7145,10498 14534 6701 6560 4315 1029 2652 11643 11739 73
7146,14986 15246 4956 14997 8780 645 258 14483 12568 8027
7147,3222 250 3132 4350 1646 509 10432 11587 1212 4241
7148,3707 2694 984 3708 3704 3706 231 3705 3699 8744
7149,14163 14979 740 3615 14907 8143 8195 46 14980 4400
7150,6269 12417 12291 12290 2664 7868 13160 11426 12179 9350
7151,3055 3019 13016 11126 15263 4426 13626 108 4820 15247
7152,14383 11403 693 14384 12081 6228 692 5091 5092 5093
7153,1255 44 1256 1254 1253 1252 1251 5094 5095 5096
7154,14163 101 15233 15234 8999 58 4426 10715 14668 740
7155,9056 9260 15205 4788 5608 8588 13884 6526 6836 14905
7156,3055 58 15069 11126 7844 11404 15072 10203 12862 13937
7157,3771 13847 5023 2320 9491 917 12512 11711 14393 14693
7158,10592 3028 3097 4076 6463 9884 9219 13263 9295 10472
7159,12360 7290 3095 7291 7837 9428 7287 3715 5852 5630
7160,4553 7448 5630 7423 9428 11151 3717 2254 6258 730
7161,9209 14920 5919 13913 13808 13891 10651 1287 101 2904
7162,14163 740 14547 14618 14866 8999 14979 14612 14867 15079
7163,14977 13026 59 12525 14978 14656 13405 13884 13025 14865
7164,58 11126 14824 14163 15285 14742 14980 12427 4426 8050
7165,14163 14555 9054 1498 14868 78 3021 8272 15288 8122
7166,8301 7146 3560 11931 6419 11324 3785 3418 11899 13310
7167,15081 14840 5105 5104 5103 5102 5101 5100 5099 5098
7168,11061 111 7127 7119 8802 108 7116 7120 7126 2142
7169,8999 14547 611 4727 10503 1696 15148 11586 7121 14618
7170,2739 10159 6868 5479 1880 4437 380 6800 12014 870
7171,14543 14566 15007 3841 11884 6729 9300 15204 14163 15013
7172,1367 15276 7128 13891 11954 2085 2084 2083 10891 11126
7173,8669 2254 3180 11302 7337 7386 5610 8692 2588 928
7174,15011 15022 15247 2096 9115 13957 15021 6065 62 14519
7175,7129 79 7130 14840 2142 10715 13891 15081 3061 3062
7176,3612 13783 3611 6309 11762 13211 7657 14093 9820 6950
7177,12877 15011 15247 14519 13626 14578 7994 7124 3055 53
7178,2375 4060 2371 2380 1778 1320 5846 1321 1779 6363
7179,8999 15276 7128 7121 15148 13891 1367 91 11185 14163
7180,58 11126 14824 14163 15285 14742 4426 12427 14980 3055
7181,2777 7697 5739 6473 1452 2448 3222 794 6596 176
7182,9821 9818 4426 9819 9119 611 1368 45 2739 728
7183,8735 3068 8734 5929 14217 3064 3067 14158 8738 1737
7184,8999 15248 6106 7121 15148 14163 1368 11185 9054 91
7185,740 12084 5641 866 14979 14348 14907 1351 12847 14163
7186,3055 11126 13626 15247 4820 6791 53 7994 3056 3059
7187,13388 11126 3055 11914 58 15285 14984 9610 1367 10891
7188,1001 1013 10193 10818 1002 2996 6364 7062 11768 12644
7189,9680 3552 3161 12063 3153 9033 484 9372 9122 11200
7190,3055 13626 15247 7994 11126 14519 15011 4820 9957 14875
7191,3989 11930 1738 12128 9686 3923 3990 7389 3991 12621
7192,3222 10509 1602 10710 10641 3337 5061 2784 4229 794
7193,1352 7940 1753 4962 5104 5103 5102 5101 5100 5099
7194,6657 14302 14301 6663 14097 14096 12556 13398 10392 10647
7195,15045 4426 5106 5105 5104 5103 5102 5101 5100 5099
7196,11549 8999 15190 15249 15068 14597 15067 13173 13174 2325
7197,13132 10484 14616 242 14329 13262 8408 14970 9430 13018
7198,7129 79 13891 7130 2142 10715 15276 7128 2154 15255
7199,15168 15051 5376 15059 11147 11758 15119 13047 8007 12966
7200,5516 13355 14114 8726 14785 5513 5515 8629 5514 2082
7201,14862 8581 14654 14334 14102 4934 13920 14904 8586 714
7202,7844 7843 14447 11367 7842 7849 14165 7848 11368 7847
7203,9054 12015 14551 14555 9052 8999 7124 15076 14951 14166
7204,46 1883 12977 11205 9026 11392 6099 10860 13304 10732
7205,71 2575 7911 10279 381 3043 9337 9426 3205 12666
7206,9610 1130 10553 2160 13388 4153 1287 8999 8086 3051
7207,11166 13427 12277 9111 9354 6792 6099 12613 8087 14371
7208,14821 14592 15252 14822 10834 10833 10115 11731 9106 1605
7209,4060 6362 1779 1778 6361 1320 1319 2375 9192 6363
7210,12290 12289 12292 12293 12675 12674 15253 13381 12291 12673
7211,12479 11769 561 7209 4273 12557 12081 11744 6772 11743
7212,8655 13784 6311 10639 9552 12641 3802 11819 15240 9553
7213,15254 14905 14914 1618 14689 15064 611 235 2960 9056
7214,15255 2154 8413 13891 5092 5094 5095 5096 5097 5098
7215,14165 14555 9054 14486 14166 7632 14824 91 11367 14930
7216,14295 3498 11229 12668 11671 5721 2320 502 1118 611
7217,740 14979 8572 14980 14163 14907 58 14348 8195 9341
7218,1011 7221 3075 6324 2870 3079 7546 12237 2616 7076
7219,12383 15132 9544 13024 12597 5358 576 11341 13023 11167
7220,3149 6468 7965 13514 6261 9316 4437 1957 8748 1333
7221,14955 14393 1204 15108 4940 3615 9618 14693 14790 2678
7222,9781 10381 15074 1988 1589 14341 9780 9587 611 14564
7223,13764 12024 12626 11575 14976 1754 12134 11315 14593 12254
7224,14555 7124 9054 15288 14852 14449 13912 8999 14166 14850
7225,399 12578 14793 6477 8803 13319 6969 2614 6185 14337
7226,11379 3160 3975 3174 7005 11441 12016 11378 6727 3172
7227,855 7520 6443 1441 2775 4257 2255 7836 775 8442
7228,8100 8099 14373 8102 8094 8092 5560 8091 8089 8101
7229,2876 6364 4416 1826 3843 9192 1777 2371 7554 4414
7230,13976 10975 13051 2271 10977 297 10123 5421 2316 11953
7231,4117 15050 4118 4116 4581 12763 203 12946 4120 3040
7232,2614 13701 6989 13960 13352 4516 7686 12301 1534 6353
7233,3465 4516 6353 2614 5430 2742 2820 1532 1339 6417
7234,2614 1532 4516 3465 2742 6353 2820 5998 405 7686
7235,2614 1532 4516 7686 14084 1534 3465 2742 2820 13960
7236,5998 3465 4516 2614 13339 2742 2820 14016 15152 405
7237,14014 14325 13323 13575 2741 13348 405 8907 2814 1529
7238,4515 13323 13628 13271 2820 2742 1532 13324 9784 2614
7239,2614 1532 8904 13960 7686 3465 2820 2742 11112 13352
7240,4516 13561 6352 2614 3465 2741 1534 2742 10208 13452
7241,1532 6992 4515 2742 1533 11112 8904 13455 8810 2743
7242,14044 15096 8828 1532 12743 404 408 1660 2824 13672
7243,1532 14138 15257 5818 2614 6417 11112 11121 8904 3465
7244,4515 4330 5194 1532 2820 2742 405 6995 9784 8907
7245,3213 2131 2548 6002 9182 651 3982 11588 10421 2488
7246,14753 5991 2302 5992 5994 5993 5826 11861 5988 8477
7247,14811 14812 406 12825 15032 12502 8904 10494 6325 3017
7248,12826 15164 12502 15202 11054 12475 2596 13422 13345 14812
7249,6868 1880 2739 15147 7301 407 10965 6897 4437 13129
7250,13932 14122 13421 11755 405 1323 8526 2820 13700 14029
7251,1323 3465 11121 2820 14044 13421 2614 405 8727 14123
7252,2820 3464 13731 1166 12742 3465 2742 2614 405 12426
7253,1532 1166 1535 11121 1165 13244 2820 2742 8727 405
7254,2820 1166 3465 11121 2742 13931 2614 11122 3464 405
7255,404 13259 1167 1166 2820 1532 405 3465 2614 9791
7256,1166 3464 2820 3463 3465 1535 13731 2742 404 2614
7257,2820 13624 405 1166 1535 13347 8730 2742 14457 12426
7258,2614 1532 14405 11121 1529 2364 11112 408 13334 3465
7259,2614 2820 12426 3465 2742 14599 405 1323 1166 1532
7260,6417 11122 1532 2742 11121 3465 6351 15257 2820 2614
7261,359 15258 361 15094 14333 15259 12098 360 362 10494
7262,3465 6417 15257 2614 2820 2742 11122 1532 11121 6351
7263,359 14333 15258 15094 361 15259 12098 362 360 5103
7264,359 15258 15094 361 15259 12098 14333 362 360 5103
7265,15094 359 12098 15259 362 15258 14333 3465 361 13562
7266,3465 4516 2614 13701 5430 2820 2742 1532 6417 1166
7267,2101 10142 13401 4005 11904 1830 6861 10572 2102 11935
7268,7719 9143 15260 6766 14674 14886 14470 6589 7205 11291
7269,13902 9587 9780 9781 7732 7460 3598 2516 3226 4220
7270,11407 8605 6483 11710 11408 6849 11409 2397 637 10764
7271,12268 8214 13944 4059 2662 3830 3716 7916 8275 8216
7272,4594 6795 9558 9350 4641 9559 2787 4644 4642 6797
7273,8592 13257 1954 14777 5324 14041 11362 15108 14790 13810
7274,8899 12617 13462 14066 14797 1883 13063 9772 14041 13064
7275,1742 7017 6818 8487 11425 2801 6819 8712 12266 13367
7276,2086 8585 11039 14744 2093 11042 5409 11004 11003 6284
7277,14664 4719 11096 13063 14658 3274 10874 10873 14020 7759
7278,8393 13222 6099 12992 7903 4655 2012 945 8215 8216
7279,13721 11714 1635 1636 2662 2663 13811 4056 11715 1634
7280,12290 12289 13381 12293 10037 12292 14777 12675 147 12291
7281,14888 9409 9410 2112 460 10587 13685 3483 13395 2009
7282,6099 6792 11166 1883 9354 9111 10669 6101 9012 9560
7283,5563 9560 4644 4642 4594 6792 11371 5564 5565 4656
7284,14787 5785 13118 13099 3536 615 11283 12818 1958 5377
7285,8105 13821 8090 13820 3561 6137 5228 13914 13915 9077
7286,6622 11274 11232 12566 10716 2982 2979 6228 6528 5157
7287,12253 12091 10527 14783 383 12311 12999 14076 7909 8386
7288,8058 7825 5109 5368 9032 5405 3568 12173 9199 12483
7289,13 9759 13307 12 8096 8095 15 14684 10524 8427
7290,12290 13381 12289 12292 12293 12291 12675 12996 8270 15253
7291,7824 6789 14043 14045 14809 13342 6790 12418 5607 1955
7292,5788 4450 9657 4448 6497 7678 9331 11978 8235 10986
7293,13355 14785 8629 8726 13451 1634 1996 2610 11191 14600
7294,8663 12993 8903 11368 5222 11367 13527 1886 11366 5634
7295,12290 12289 13381 12292 12291 12293 12675 12674 12673 10037
7296,13381 12292 12618 2793 9669 12978 12290 8899 12289 9772
7297,14771 11942 9074 5328 10012 8698 1544 9770 8386 14045
7298,13907 5578 14769 4654 10242 5258 7916 4738 1958 13945
7299,12290 12293 12292 12675 12673 12291 12289 13381 12674 15253
7300,8103 1911 1890 8899 14041 12268 3011 2665 8592 3274
7301,5349 6094 14399 2833 7916 3113 10322 903 8646 8214
7302,14752 13642 12439 13643 13741 7940 12522 14352 10560 14311
7303,4964 4753 6544 5896 4073 4962 4754 1169 1855 9228
7304,11219 6537 7264 6171 11218 12748 4447 10560 6245 11593
7305,15261 11114 11785 15101 14968 9403 13177 13938 9691 9846
7306,12333 12577 906 9235 14311 12809 1011 7222 7144 13177
7307,5601 1265 10756 9998 5967 9996 4699 13951 6508 6392
7308,5929 8735 14217 15129 8736 8734 10562 13166 14471 8738
7309,3094 9439 5778 13572 2869 601 3028 10308 8658 83
7310,14008 15262 5352 12162 13694 5105 5103 5102 5101 5100
7311,10054 3237 7564 4901 4884 5215 14252 3236 6300 9499
7312,4964 5896 4073 9228 5895 15060 4754 7744 4710 5325
7313,14122 14029 14359 13320 1532 1323 405 13932 2820 8869
7314,11912 11227 6782 5157 7574 4948 6623 6170 908 2060
7315,6990 11108 10563 6995 12070 4791 11111 9788 4329 4514
7316,7124 5595 11045 7631 9204 9207 15289 13912 14700 5233
7317,7215 9308 6356 1771 10627 7147 1136 3443 2869 5845
7318,5112 13113 6104 2859 4292 7408 3980 5898 8529 13180
7319,1507 10809 5685 13130 3314 9441 9601 6597 4696 1509
7320,7628 12354 904 7629 7627 7625 7342 7626 8059 8148
7321,13282 3486 9406 14545 9422 13557 9412 9421 15106 9413
7322,11729 13733 9997 12026 11730 1590 6389 8978 13142 4631
7323,15129 14217 14471 5929 8735 10562 13166 8458 3067 12777
7324,13968 10009 13566 10008 8122 14153 4450 7646 2391 10010
7325,3067 2493 2206 11223 5305 6908 9930 68 15147 12900
7326,1532 2614 11112 2742 2820 3465 405 8904 11121 5998
7327,1317 14678 2881 10199 8541 7784 1318 4401 1011 13982
7328,1532 2614 15153 4514 13855 3465 2742 2820 13351 11112
7329,1011 1709 12332 8541 1711 9967 9968 8848 15049 9969
7330,8144 5964 13726 9806 12215 5707 12588 13970 10122 13972
7331,8477 5689 14464 2887 14226 14571 13483 8541 4693 11799
7332,6744 5288 14411 13551 13023 7662 354 15141 14356 6743
7333,1709 8848 3075 11569 1711 1863 8850 8849 13713 8847
7334,1532 13351 13855 8869 360 2614 15097 4711 15153 11112
7335,8808 13351 4514 1534 1532 5193 11822 1529 2814 10041
7336,2888 1013 14347 12734 1011 10556 7071 2995 11816 10193
7337,12309 5201 5798 5151 811 5202 7931 11089 3198 8818
7338,6162 5385 5383 8335 1864 14489 10441 5699 2847 2849
7339,4037 10071 3443 8645 2880 13981 4035 13380 10073 1136
7340,13878 14678 5673 2887 14236 12756 11120 13982 7784 1318
7341,9784 12744 14359 1532 2820 13354 4515 3465 11111 404
7342,15240 4315 9553 10639 72 2779 6311 2628 8655 13784
7343,13647 12659 903 13673 13924 11554 708 149 12664 12660
7344,14765 11651 1306 1102 11654 5411 3444 8494 940 3006
7345,11537 12607 4611 1011 13983 5844 13911 1318 4617 3085
7346,9127 1947 14394 8041 9659 6943 9128 7259 9126 8885
7347,13282 3486 14545 9406 9422 13557 11725 9421 12627 7014
7348,3465 4514 9784 6990 10041 8906 13235 12500 2820 1532
7349,11120 14464 13483 2887 8477 5673 14226 10626 5689 8302
7350,4605 4133 6553 8164 15238 1357 13665 1721 7016 6360
7351,1011 7784 11768 3083 2893 5687 4687 7057 9851 1317
7352,8477 14571 2377 2887 14464 7015 5689 7014 5536 14226
7353,11267 1527 7241 10963 10657 529 13324 11832 10731 5818
7354,1532 14803 4514 12070 6990 11899 4329 14408 2614 15153
7355,6990 12070 11111 4791 14803 4514 6995 11108 9784 11822
7356,10626 7222 3079 14347 13483 13209 7215 5845 2616 3443
7357,7014 7015 14571 7013 4062 14236 7016 8477 14445 12657
7358,14754 4296 3259 4298 3554 4294 1436 4297 4295 3637
7359,2981 3789 4580 11794 13853 9238 13705 1700 6183 9796
7360,13906 7627 2928 13630 7628 7629 1985 7342 10093 7626
7361,14445 4034 14038 12632 7013 11776 7015 7014 12866 1317
7362,9828 2852 6611 2866 2855 6607 13848 2845 617 4550
7363,8581 8009 14102 4934 8272 14430 9299 5224 7966 12966
7364,4426 15263 13016 15045 14163 12427 58 7124 8999 7159
7365,2156 14502 5260 2290 5159 14503 4933 8307 1090 8500
7366,10101 14863 2475 11111 11533 7561 9781 10665 6065 5207
7367,2614 1532 3465 10208 4516 2820 2742 13578 15095 405
7368,12574 14887 12134 12850 13899 14688 14696 14697 257 1880
7369,14782 1743 13301 8487 13740 8825 12314 6824 5324 12480
7370,2614 1529 11112 1532 2820 2742 3465 5998 13578 405
7371,5121 12190 11873 5325 9200 2318 12853 12545 5122 1337
7372,3055 1452 45 7697 4988 12921 11126 13626 4820 6791
7373,11477 3736 12320 9817 3737 236 12847 6698 323 12087
7374,12748 6537 2650 11219 11218 10701 12536 15120 13828 10353
7375,592 9975 635 1066 5590 3731 4341 2331 896 9286
7376,13233 13717 14879 13202 13423 2742 12426 1529 12786 10207
7377,6378 2249 8146 9800 2247 1093 3618 2225 3161 3153
7378,11949 5722 3943 2490 415 10293 8621 15227 8067 3662
7379,133 8390 4182 5053 11734 697 9197 292 1836 167
7380,8999 7545 15148 7121 13040 11185 14163 1368 9054 14951
7381,3865 9099 13436 9097 9487 3408 8895 2570 9931 10015
7382,3403 15264 5365 13753 10124 12667 2959 3404 1273 3043
7383,8272 7632 12876 14102 4934 8581 8690 14923 8391 12065
7384,618 3471 8473 10914 14557 612 14550 611 287 5580
7385,4840 2133 8562 11284 1511 11231 3754 3755 14416 2580
7386,14538 14264 12850 14973 14938 14415 14222 12134 553 611
7387,8748 14939 1619 4437 1404 1419 715 8673 14391 3149
7388,11004 14144 8585 11042 4576 11039 15107 2086 11003 11040
7389,11725 14545 15145 2853 9406 13282 4066 10048 412 14541
7390,8454 14181 12536 10351 14268 11630 14153 14342 2650 6298
7391,10381 14341 2148 14952 10380 11424 11419 9140 12653 12399
7392,742 7727 837 1334 11482 5281 2543 9771 9164 2509
7393,13282 3486 14545 9406 9422 8999 4399 9412 7015 7014
7394,10712 7361 11204 12517 1496 10178 5306 6344 11441 4940
7395,478 476 14548 3036 5542 466 794 775 494 14539
7396,116 11479 112 12139 12140 11719 7559 13190 4903 4906
7397,4909 3871 3870 11094 8180 8498 3869 7561 3236 4989
7398,12507 9783 5606 12508 13047 9787 9788 9785 12510 12506
7399,478 4177 775 464 855 4257 1441 2775 8945 10962
7400,5689 8477 8541 2887 11799 14464 4693 1721 14226 4605
7401,344 15265 11289 638 5558 13656 5556 5557 13657 14663
7402,14163 13388 14543 5216 14585 11914 11126 14566 10715 8999
7403,7386 7385 6817 4712 7090 1684 8669 8692 2810 970
7404,14337 2614 13319 8803 1532 11899 6969 13006 6477 399
7405,3055 235 1618 1617 234 1619 12005 1622 15254 14905
7406,13130 1507 11486 8778 4284 1901 1497 5147 1647 2552
7407,3055 5517 15029 15205 11838 1287 14825 11126 14668 14578
7408,13848 4550 617 2866 14093 12162 1669 2855 2852 7530
7409,1532 11112 2614 13855 8904 15153 8312 11121 2742 14138
7410,9054 14551 14555 8999 15076 14951 7124 14166 4162 9472
7411,2876 5450 3844 1826 3843 8191 4416 3842 4609 7554
7412,1893 3088 11709 1895 1894 2865 1892 3089 1891 10869
7413,13434 1573 34 33 13454 3404 7152 2535 1086 819
7414,821 2324 7300 843 775 794 2711 8074 3985 8451
7415,15267 12704 12702 12701 6748 12700 12699 12703 12705 12707
7416,2869 1827 4693 4135 4607 9751 7553 2875 1826 4687
7417,6668 6659 14098 109 14097 10394 14096 5091 5092 5093
7418,1532 2614 8808 2742 3465 2820 11112 13351 405 5998
7419,13337 7703 15268 13390 12797 3587 5093 5094 5095 5096
7420,8477 2887 14464 5689 14226 11120 14571 5673 13483 12756
7421,6614 12651 7881 14731 14730 9055 2391 4631 12409 10979
7422,8243 7926 14344 10078 823 668 6686 4944 9187 5980
7423,15204 7313 15007 5103 5102 5101 5100 5099 5098 5097
7424,15084 1918 13412 14272 9920 7726 2493 8048 12514 7313
7425,14344 8176 9783 779 15159 8950 949 3873 499 2134
7426,49 3599 12666 9773 11919 2149 11916 3403 12169 2270
7427,11078 11077 11489 10449 11491 11488 11492 11487 11490 14394
7428,152 11562 8600 4396 4869 9340 156 155 12583 11556
7429,7469 9623 1862 13655 7515 13068 9621 12155 1508 7619
7430,5246 7171 7002 13137 14143 2864 6612 6477 14911 11986
7431,794 6411 1219 11759 3964 3596 795 476 3222 323
7432,12518 12926 14178 8264 6479 13254 9556 12525 11219 5923
7433,8239 13847 7350 72 7352 7351 5023 15240 4315 1471
7434,715 6522 13310 6523 7146 11478 938 3560 15269 14701
7435,14981 13125 12422 363 7675 11627 2695 11583 15242 12509
7436,15269 12434 6522 12436 12435 6523 8846 14870 4016 14824
7437,323 13756 237 466 794 1206 31 128 30 3930
7438,9262 8466 8475 12178 8474 11459 1219 4 8473 6596
7439,9165 13129 5779 13415 1880 177 7923 40 4519 2569
7440,7290 2116 2508 10531 10618 3715 12360 4780 9428 2232
7441,11822 1323 8808 408 10733 11897 12501 10041 4791 1534
7442,2869 14736 1724 15027 1826 12332 2372 7425 1719 7426
7443,1295 164 3298 8484 1369 5835 4341 186 1501 3727
7444,1001 5845 10630 13209 11000 10999 10997 6804 10993 4743
7445,12420 9159 5298 11481 837 5096 5509 9349 5097 10883
7446,478 11855 1090 2570 2526 549 3288 14548 476 10883
7447,13177 7264 13770 12809 12577 4629 7409 7144 10560 13406
7448,6990 4791 9788 12070 11111 6995 11108 9787 4514 9785
7449,7818 2871 2873 9644 2875 2874 4693 4599 9645 3845
7450,6622 4962 6544 4753 13892 2979 4964 6543 1352 11384
7451,715 10633 2581 10625 2706 7047 2201 8748 7820 14504
7452,1880 12764 3403 10965 8480 7726 9773 10612 12130 12446
7453,2477 8248 6674 6197 12694 2485 11773 3674 4060 11625
7454,10369 8671 3016 11174 10227 4943 9007 4238 1491 801
7455,637 8701 15026 11409 11407 2397 11408 2301 6483 14281
7456,101 13587 15270 14578 14407 15013 14826 13414 14825 53
7457,15079 14612 14559 1368 91 14163 14865 8999 14867 8413
7458,3237 4635 1371 4906 5828 5834 10274 8180 2539 7566
7459,4313 4486 8113 4121 4314 2721 12281 3629 4011 15243
7460,13414 15060 15028 15063 14826 14578 13587 4964 4754 15134
7461,6679 5824 14622 14776 13528 6251 2333 134 1088 7118
7462,3055 14826 14320 14578 13587 53 13414 14825 7176 12877
7463,14997 1480 5682 8873 14986 14718 12028 8780 5683 4439
7464,4424 53 12031 14163 100 0 771 3222 2760 11147
7465,15271 5106 5105 5104 5103 5102 5101 5100 5099 5098
7466,149 12765 11140 12573 169 794 873 476 171 466
7467,5427 5425 4482 5424 7133 6376 2930 12180 5862 874
7468,12841 478 287 2018 794 1545 7463 6419 5507 1551
7469,1762 8144 12588 9806 6815 1515 122 10364 12587 1764
7470,10866 1133 8525 8486 13050 9287 1549 9288 2670 3040
7471,3442 6809 7404 1317 6811 4132 1778 8166 4688 7065
7472,10715 1351 14702 14163 52 8999 2142 7130 14875 7129
7473,10497 1548 12922 9606 12788 5024 9292 6096 1818 6347
7474,6969 8803 13319 2614 6477 14337 399 13420 13418 11911
7475,1839 13194 12322 10278 13193 3404 12231 10747 8263 1540
7476,12575 14685 13559 14259 10821 8335 13928 1808 8921 9267
7477,1880 14144 23 1291 2509 10654 8817 6868 14953 2549
7478,9054 14551 14555 8999 7124 15076 14951 14166 4162 9472
7479,11975 3468 4291 1758 5558 10623 469 4255 638 1766
7480,4295 7089 8194 9518 918 3153 4776 4298 4296 4294
7481,611 11017 3560 6135 4495 6032 2067 8665 8339 11172
7482,8693 1766 1285 3641 2340 5275 3502 471 12279 5070
7483,740 10124 4871 9511 14687 14893 14979 6202 11353 14348
7484,529 7236 11410 538 10731 14154 536 14444 13289 13300
7485,7398 9221 9284 14419 5621 3924 10960 1572 8351 10265
7486,12813 5306 5215 4635 12018 9802 187 8499 166 5362
7487,2739 6800 6868 1880 4437 380 2935 12014 870 1622
7488,15255 2154 8413 13891 5092 5094 5095 5096 5097 5098
7489,1919 9069 4370 10283 14273 5314 385 6041 9709 2103
7490,1846 6238 4300 6171 1700 6183 1864 7401 1111 8114
7491,1846 11227 10190 13391 11912 6782 6171 5157 1700 6238
7492,4468 3952 9014 6038 3951 467 3950 3699 6426 3206
7493,2625 10144 2192 2626 4865 5571 5569 5573 5572 5570
7494,15272 5106 5105 5104 5103 5102 5101 5100 5099 5098
7495,13347 13346 11051 13005 2820 14599 6352 12426 405 2614
7496,9052 14320 10078 14869 14166 12015 10215 14306 8999 9051
7497,75 8999 3063 10559 10483 4417 1949 726 8969 1865
7498,13414 14578 14510 53 8376 14824 14607 14826 12877 14825
7499,10409 10408 3998 4265 505 2715 5060 5061 8451 9095
7500,7913 5322 6580 12848 15092 1391 5323 5324 13228 12829
7501,1160 10780 379 13973 1161 11545 10430 1162 11377 7286
7502,8106 3980 5366 9528 12610 11949 3276 6118 870 5421
7503,760 3937 7361 3916 3931 6445 787 1206 466 7149
7504,13013 7153 14870 14597 12436 6522 12434 56 363 14824
7505,3055 11126 13626 15247 4820 6791 7994 3056 3059 3058
7506,6836 14452 13884 3222 9260 59 14865 8190 9227 13335
7507,15273 15274 10715 1351 740 52 14307 113 8474 14875
7508,11366 14486 13885 692 5267 12528 14481 14485 14913 5266
7509,5267 14491 14479 11366 14486 13885 14496 5266 12850 692
7510,11366 3066 7849 13885 692 3065 5267 3064 14486 12850
7511,11366 692 13885 12386 14486 5267 14479 15082 15083 12850
7512,11366 13885 692 5267 14486 12850 14477 5266 14404 14913
7513,11366 13885 692 5267 14486 12850 14477 5266 14404 14913
7514,11366 14404 13885 692 5267 14486 15228 12850 8377 5266
7515,11366 13885 692 5267 14486 12850 14477 5266 14404 14913
7516,11366 14404 13885 692 5267 14486 15228 8377 12850 5266
7517,11366 14404 13885 692 5267 14486 12850 14477 5266 15228
7518,11366 13885 5267 692 14486 4027 14477 12850 5266 14404
7519,11366 13885 692 5267 14486 12850 14477 5266 14404 14913
7520,11366 5267 13885 14491 14479 692 14486 12850 14496 5266
7521,11366 692 14486 12386 13885 14479 5267 13895 5266 14491
7522,11366 13885 692 5267 14486 12850 5266 14477 14404 14913
7523,11366 13885 692 5267 14486 12850 5266 14477 14404 14913
7524,11366 5266 13885 14498 692 14486 5267 12850 10611 14497
7525,11366 13885 692 5267 14486 12850 14477 5266 14404 14913
7526,11366 692 13885 12386 5267 14486 14479 14477 12850 5266
7527,11366 13885 692 5267 14486 12850 14477 5266 14404 14913
7528,11366 13885 692 5267 14486 12850 14477 5266 14404 14913
7529,11366 5267 14491 14479 13885 14496 14506 14486 692 12850
7530,11366 13885 692 5267 14486 12850 14477 5266 14404 14913
7531,3055 8370 8369 15061 15062 13587 11126 15063 3057 3059
7532,7124 13912 14559 14555 8999 9054 53 12877 14578 13587
7533,3308 8139 14675 14419 6178 4350 9802 325 2304 105
7534,14578 14825 15029 53 12877 15028 15013 3055 7124 13587
7535,15029 14668 14163 14825 14578 5517 771 11838 494 15028
7536,14577 14576 15277 13513 10330 10741 1527 1670 14036 8780
7537,14163 14668 58 8999 15029 10715 4426 12427 14612 15079
7538,11126 14984 3055 13388 58 15285 11424 1367 11125 9116
7539,7002 15121 15123 15124 15122 14143 14911 6622 692 1420
7540,7580 1332 794 5488 3093 7577 7578 7579 630 12547
7541,14163 14391 14939 8999 58 5037 10715 14668 4426 5545
7542,9054 15076 14551 14555 14951 8999 7124 14166 4162 9472
7543,739 14852 14555 15230 3021 15147 7113 2142 14136 3790
7544,14555 12427 15288 14852 14449 14163 9054 739 7124 14049
7545,8999 7121 15148 11185 14163 1368 9054 91 14166 7124
7546,14166 9052 14929 3021 8999 9054 3906 14869 14427 14930
7547,6836 13884 9227 14865 9260 59 7516 9443 14612 15079
7548,2739 1622 1617 1621 1620 12014 8048 6868 1618 234
7549,14166 3906 1374 14929 9052 8999 3021 14951 9054 14427
7550,46 12545 9200 11392 10732 12205 4925 10564 13919 6825
7551,7632 8690 8391 4519 11223 7248 14165 4866 8272 3735
7552,15279 15278 12878 7524 5179 6089 8884 12879 5100 5099
7553,692 12386 11366 15082 14136 15083 8250 13838 11405 693
7554,8459 8123 8121 1697 8127 8122 15188 2393 8137 8136
7555,14157 7581 14159 14158 1131 14304 14160 8734 14224 14952
7556,692 11366 12386 14136 8250 11405 15082 13838 15083 693
7557,13388 10715 11126 1367 10891 547 12931 15276 3055 11914
7558,3055 798 11126 12055 13626 713 12463 15247 4820 6791
7559,15067 101 15066 36 13013 11549 5787 3178 1367 9134
7560,12850 13885 11366 14538 5268 14506 14938 5267 14537 14887
7561,10715 1351 14702 14163 52 8999 7130 14875 2142 7129
7562,14143 857 7141 14911 7002 12837 4591 6329 1523 1901
7563,11120 14209 5673 14596 14595 13680 13483 13878 14464 14861
7564,14654 14862 692 14334 8581 13920 14904 5183 14426 14389
7565,692 14654 11366 12386 14136 11405 8250 13838 693 14862
7566,2016 12512 11836 15019 3800 8580 4570 6966 917 13847
7567,4132 4687 4688 4138 7057 11347 7784 2875 5447 7065
7568,1033 3321 12976 2253 2737 10860 11045 8801 12975 12977
7569,10514 10513 10644 10512 10511 2810 475 3148 2118 324
7570,13382 14370 12184 4566 14369 4564 8095 9034 8096 14468
7571,3916 11938 139 11936 11939 11937 611 760 8200 4575
7572,9204 1834 10711 9315 7671 5398 5595 12621 2102 1811
7573,1686 8619 2717 466 3223 10517 7382 476 9849 12865
7574,3494 4454 14355 13632 9182 9946 6863 14259 5828 2131
7575,7913 12848 5322 6580 13228 13227 3811 383 175 9602
7576,13111 2375 4599 7215 9853 2371 13112 11347 5845 1778
7577,11623 715 8837 7820 3223 1686 1869 11957 3504 7270
7578,12054 9282 7128 7122 91 15002 10014 9284 4426 3735
7579,13053 4780 3730 3374 9107 4321 2910 6564 2248 4014
7580,2527 2546 5149 2234 2496 2529 2543 6890 2528 5305
7581,11240 163 4999 12189 2521 860 7512 1646 3726 2631
7582,1001 6742 3415 2374 7062 11325 3674 2370 2371 1011
7583,12624 12625 4652 9110 8586 11858 4649 9111 13427 11209
7584,46 5278 3160 64 7762 4235 4797 2538 9923 9159
7585,14954 6135 9553 9269 3584 8823 15240 4315 2879 72
7586,6134 9891 2535 2185 12295 10140 12294 1383 4554 12317
7587,10552 12974 6204 3023 5587 4324 5400 9425 4832 6205
7588,12172 5628 14031 10918 5626 13613 13433 13432 9760 13614
7589,9441 9601 3314 1507 285 13130 9596 9598 9600 10809
7590,3811 1995 9246 1101 2309 14893 9604 5502 2755 686
7591,4713 4718 14377 8274 1541 11036 6412 14164 10057 11187
7592,7324 14159 1131 5513 3395 7581 7325 14157 10651 14605
7593,12877 14578 15028 53 7124 14825 15029 13414 15013 101
7594,739 11255 6676 7491 14852 14555 3017 3476 7326 2475
7595,8057 10813 2979 13366 6622 10701 8409 13459 12566 1864
7596,476 3222 5419 6579 167 2448 2761 9309 1389 6832
7597,14391 796 5545 14939 5037 14163 860 12423 7835 5057
7598,6097 12305 8797 3713 2578 1649 3033 9743 1059 1447
7599,2441 15042 12944 15043 1540 2443 977 2442 9880 7655
7600,2495 11970 5209 3359 5388 2488 2480 5394 5393 1501
7601,2609 15280 2608 2607 5094 5095 5096 5097 5106 5099
7602,5346 7695 4282 3157 6333 7694 5347 5349 10499 9887
7603,4132 4687 4688 1153 1317 9753 3083 13270 8166 4138
7604,1090 2563 1018 3582 12110 14125 3459 9964 2156 7663
7605,4020 7681 6437 7247 12232 3205 13923 6765 5054 768
7606,7439 5219 8872 10019 619 1698 3253 1446 7512 11834
7607,9879 4590 12761 9880 4589 12760 966 2442 967 961
7608,1130 10978 10223 10222 5304 9610 8582 12618 10182 1537
7609,2574 87 9815 2026 130 2506 181 1919 2130 2556
7610,12280 4902 2063 3848 1083 1042 8515 8325 12432 1035
7611,13950 7571 10257 231 13692 14353 7107 8116 13988 7568
7612,15245 3222 15116 14120 8708 4788 4127 15115 15117 12011
7613,14458 10095 13737 1859 13682 6280 553 14209 13262 9407
7614,15281 14141 1044 14716 1997 1996 1994 4591 1995 13919
7615,1721 1723 1155 11638 11640 8152 1145 1151 4407 1136
7616,625 8995 176 6596 8704 2508 5507 784 5016 12178
7617,693 14383 11403 11405 692 14512 14320 11402 6725 14208
7618,6032 2586 457 466 7918 795 2457 1382 476 6381
7619,6799 4659 4661 2615 4658 4647 4660 14283 2604 14402
7620,10715 14702 1351 14703 14163 52 14100 14875 7130 8999
7621,1709 2880 8150 1711 8848 12332 9968 9967 8541 5667
7622,8999 9610 1287 1130 15148 7121 13388 11185 10541 10553
7623,12140 12139 7559 1371 3234 116 7326 11719 4903 4906
7624,10890 11874 13412 13724 7461 9925 10549 9898 1496 2516
7625,405 1323 2820 1535 2614 2742 12426 13333 3465 1532
7626,12043 8857 10389 757 439 10532 5325 7833 9259 2460
7627,10246 12376 2014 9084 12757 14751 7817 1011 4407 1357
7628,2742 2815 6353 2743 14662 14879 11548 8835 2820 2614
7629,11407 8605 6483 11408 11409 2397 11710 637 10764 7019
7630,275 7483 8558 3398 3826 334 593 7286 10606 4344
7631,4437 8748 3149 9316 7182 2739 1957 1404 380 715
7632,7402 7272 9689 12981 13679 11647 7401 7774 7485 1810
7633,1999 4664 476 6102 8552 947 293 12462 10642 4777
7634,2520 1302 13752 6114 2962 9321 3793 13905 6871 14941
7635,2139 437 5386 3328 3575 1072 8500 612 11258 5392
7636,12618 4715 14779 13067 10978 9575 4584 2793 9669 10872
7637,15282 1650 43 1649 1648 1647 1645 1646 889 788
7638,1646 871 504 806 8403 5853 3678 796 879 1901
7639,3055 11126 13626 15247 4820 6791 53 3056 3059 3058
7640,7238 2550 7243 7244 4889 10521 10520 386 10519 6755
7641,4726 6434 2472 2956 383 117 118 476 2475 2029
7642,7149 163 4007 6648 6375 3905 2158 3338 3812 12449
7643,625 219 10329 1477 7417 1454 3518 10473 6373 3026
7644,13304 12977 9353 12976 10860 13529 12975 6139 5833 9772
7645,6863 9946 3494 5828 14259 9182 991 4867 4454 2483
7646,4881 7319 4983 187 7306 2115 3607 7326 3320 7307
7647,4902 6369 11298 6306 10066 12127 5817 8325 7499 12280
7648,585 1885 14158 4762 11949 8323 6638 4085 1170 1993
7649,1170 585 6638 3190 2653 1406 4241 1180 1178 10797
7650,1160 10430 11377 1161 11545 1162 10780 7769 7286 379
7651,8317 5134 6408 11447 8319 2924 10144 7906 10784 14734
7652,3486 12627 9421 13282 9406 13557 9422 9307 12630 13556
7653,8376 7208 2204 5351 13909 11378 14703 146 3485 9532
7654,1201 6516 3254 8914 1578 796 5090 8220 2457 4219
7655,8644 728 4307 6453 8667 13909 7179 1865 7180 3485
7656,10240 7956 6053 887 826 9470 8518 12246 9658 842
7657,11059 7115 3019 2154 11058 5093 5094 5095 5096 5092
7658,6245 12895 7069 12908 1011 1862 11219 6537 13981 4037
7659,13538 6228 4375 12653 14890 9214 11419 4376 9140 6086
7660,170 5577 7001 7139 4243 5210 794 5398 1572 8819
7661,4324 3629 6380 9905 11155 3343 12713 8608 3462 4321
7662,11347 2372 2369 2375 2379 1354 1357 2371 1355 6551
7663,8188 3362 3705 6954 3699 3707 5422 3708 3704 879
7664,794 1213 4220 9587 7460 3226 476 13902 464 478
7665,12813 9802 8499 5362 8368 166 161 5306 12018 11977
7666,14688 6581 14887 14575 10384 8250 14574 14009 14964 14492
7667,3019 7115 9223 6259 11059 108 11366 771 1755 5347
7668,6043 6318 10288 6270 7917 8704 7838 7741 3468 1304
7669,7499 11298 12560 5452 3824 6369 4305 10066 12127 6306
7670,1826 1354 3001 2869 7425 7215 4134 1357 4060 9194
7671,1095 1519 2763 8516 3993 3994 4223 1441 4180 3223
7672,2996 4316 9642 9636 1001 1321 6807 1317 11626 4139
7673,73 2675 5436 1102 14639 2704 4416 14534 6878 4923
7674,1475 5345 12672 14844 12671 13336 1535 11880 1529 12535
7675,15097 4711 8869 13320 14183 13855 13321 1532 13351 15153
7676,2663 13462 4662 4056 13463 3566 8214 3572 1635 4057
7677,9390 3637 6879 328 1763 5076 9048 7516 1660 8616
7678,4138 1719 43 11347 1280 1081 10275 12077 11816 3735
7679,3055 13077 11045 394 558 4878 15289 14700 12606 14666
7680,15243 7138 4639 4637 7927 4469 2721 4313 5088 2366
7681,8999 75 15148 7121 3063 11185 14163 91 1368 9054
7682,1915 11578 9662 1914 1916 1913 9665 13573 3693 9664
7683,11313 11314 3097 686 11312 1213 466 11311 8455 4379
7684,6038 6596 3699 12438 10310 3206 4468 6026 10742 6426
7685,15283 5107 5105 5104 5103 5102 5101 5100 5099 5098
7686,5299 5305 4969 9135 3857 7730 14054 3714 12487 8747
7687,2156 1090 8307 2563 8500 2509 7461 11739 2205 70
7688,1840 12131 11567 9226 13639 6544 1664 7949 13138 11568
7689,3316 11812 5212 8954 5220 3329 5217 4976 5822 5219
7690,1880 6897 7726 10965 2549 6868 12764 2739 1918 2509
7691,3052 3051 3053 3057 3056 3059 3058 3054 3055 15001
7692,5075 3211 1457 12246 839 10364 6381 163 5089 13048
7693,1136 1145 1146 1722 1721 4596 1717 10751 1150 1708
7694,7324 10651 7325 8802 14605 14604 100 1131 14159 5513
7695,10715 3368 3383 5812 1351 14702 14875 14163 52 7130
7696,15073 14894 3953 7953 11296 5261 3954 6766 10522 8102
7697,14112 10413 12865 9048 9800 1755 7698 7115 5076 9390
7698,1826 6364 1777 6705 9191 5876 1008 3843 9192 4134
7699,1532 13201 2822 2614 2742 405 2820 11112 3465 8904
7700,5494 1818 6347 2238 697 2704 1548 5866 434 11738
7701,5415 13012 1806 14419 1483 6178 3308 13017 4350 13016
7702,10985 9030 15185 12819 5990 11466 2111 15159 8 11813
7703,7315 5835 3835 121 14107 3836 8802 3834 9188 5567
7704,796 7835 5057 860 14391 7512 3678 5315 778 3100
7705,2614 5998 11899 2742 15152 2820 1532 3465 13578 1529
7706,101 2774 14898 2779 4349 15013 2133 15233 3219 1808
7707,1583 4828 6962 1581 1582 598 1580 1579 784 1577
7708,2026 2574 11874 6896 2571 2576 130 2146 2562 13412
7709,13904 9495 2645 13905 8439 1300 7293 1302 2640 2639
7710,1367 11954 15276 7128 13891 2085 2084 2083 10891 9043
7711,3465 1529 2614 2820 2742 13578 6417 11121 405 11122
7712,10140 1383 2185 56 6134 7465 12857 5281 2234 5187
7713,7121 8999 11185 15069 823 1367 7458 7974 3055 6677
7714,1529 9366 3779 2614 2820 4514 12426 3465 5998 3046
7715,8648 3027 3151 5584 5884 3493 1484 5122 3029 5121
7716,10715 1351 14702 14163 52 14875 7130 8999 7129 14690
7717,3289 11016 1870 2566 7561 7332 12325 7564 124 150
7718,2742 3465 2815 2820 2614 405 1166 6417 1165 5998
7719,8451 3985 843 3313 1454 6579 7300 2324 662 512
7720,2742 2614 4515 2745 1529 2820 3465 1532 5998 13578
7721,6682 3372 778 894 822 820 6767 7840 5153 3256
7722,12232 3205 7681 5054 768 9426 4031 6437 7247 5576
7723,13380 4035 10071 4037 10073 8645 1011 13426 8983 4039
7724,4636 3348 4905 3328 5392 4885 1082 4992 4901 4638
7725,1448 5575 4270 9577 13051 6265 3411 7149 7506 5756
7726,3617 15054 3912 3616 15053 3927 3929 852 3928 3932
7727,6432 11028 11808 6431 4598 9850 6364 6810 11805 2372
7728,14126 13224 12793 13835 8382 9950 9951 13833 9952 9949
7729,15284 5106 5105 5104 5103 5102 5101 5100 5099 5098
7730,15084 9207 14272 5595 13412 9920 1918 11045 7124 8048
7731,2139 612 8500 618 14717 3575 1072 11258 6198 9286
7732,771 9223 14849 3019 205 349 8795 11815 15029 7115
7733,13825 475 4797 9216 12669 11861 11860 7776 14878 3620
7734,11535 5105 5104 5103 5102 5101 5100 5099 5098 5097
7735,12647 12068 10086 12310 12646 2093 5627 12649 13738 9032
7736,8999 7121 15069 11185 823 15148 14406 91 15248 14163
7737,91 8999 14865 14555 14612 15079 14559 1368 14620 14163
7738,228 5613 3970 1297 5612 5618 5620 5621 357 5619
7739,6572 7389 10790 8071 9686 12128 11930 3923 6570 6571
7740,626 4966 5709 15100 5113 10337 15171 9842 14834 7302
7741,11366 13885 5267 692 7115 14486 14477 11059 5266 12850
7742,3019 45 108 7115 3055 9119 8999 9223 11405 14298
7743,2139 3575 1072 612 8500 11258 9286 1207 3328 437
7744,1354 2380 11778 3666 3074 3687 1355 1357 11626 3688
7745,13268 13577 12552 10620 9017 14580 12622 12028 8281 6319
7746,15030 5948 1736 12506 12783 15048 9244 7279 3303 5188
7747,3945 7552 227 13677 13676 476 10359 11384 6833 3946
7748,625 12178 6596 9296 4756 13517 11459 7697 7304 8995
7749,11720 8669 12108 8302 12585 982 13484 7100 7386 4061
7750,5281 742 2509 7727 10379 10140 7465 6898 2523 56
7751,3008 3007 961 3664 9880 966 12945 12762 9893 12763
7752,11045 1033 13412 13724 8801 2538 11646 10889 9901 15289
7753,9043 549 9585 9586 2536 2533 9709 2526 851 2543
7754,6898 10019 5314 10539 97 10379 5281 1383 2202 5219
7755,740 14979 14348 14907 1351 12084 14163 11818 14089 15190
7756,1721 1145 14345 1136 1146 8152 4407 1723 1722 9539
7757,3811 1457 7513 4782 834 6031 824 1101 5075 3211
7758,2739 4437 380 6868 12014 1880 15057 8748 476 14221
7759,860 163 796 1690 7512 466 1646 794 4925 11240
7760,3223 6682 3935 2255 466 8719 662 251 7816 7840
7761,8999 10715 7124 13912 1351 4426 15148 15045 14690 15273
7762,5412 4863 12822 4384 4729 11485 2560 138 9613 3044
7763,15166 15110 6280 14371 11197 14658 15165 14164 11191 14600
7764,9182 2131 3494 7138 2488 3822 2483 9946 7178 6863
7765,7386 4712 7090 7385 13664 2810 8669 7391 6814 6817
7766,10666 11732 3961 337 13714 13695 3369 8604 2446 5206
7767,15043 15042 1540 2441 12944 8263 1536 2323 8494 15052
7768,5281 6898 10379 742 2509 5314 10140 10539 7465 10019
7769,11166 9111 9354 11209 11210 6792 13427 9110 11208 6099
7770,12324 994 876 499 1673 3579 6271 6523 6522 11366
7771,4656 4664 11371 5563 4657 1999 6167 947 293 4765
7772,5299 3857 5305 9135 4969 3714 14054 7730 12487 8747
7773,14163 14668 58 8999 10715 4426 12427 14612 15079 14865
7774,14306 1858 12206 10215 14320 6106 11126 739 9054 14865
7775,11126 3055 13388 58 15285 14984 11424 1367 11125 9116
7776,14163 14668 8999 58 10715 4426 12427 14612 15079 14865
7777,9054 14551 14555 14951 15076 14166 8999 7124 78 4162
7778,14555 14852 739 15288 14449 9054 12427 14850 15230 7124
7779,15147 1880 7301 1490 2206 3600 6868 577 712 2739
7780,14163 58 4426 12427 15045 14049 14824 15263 13016 15285
7781,14929 14166 3021 9052 14427 8999 9054 3906 14930 12513
7782,58 11126 15285 14701 14899 3055 14984 13388 14824 14980
7783,14560 14851 8999 13015 11718 11045 3960 3471 15289 14850
7784,15285 14701 14899 11478 58 11126 13310 938 6523 6522
7785,2026 2146 2544 2574 2571 2234 2518 2562 6896 5281
7786,14345 3413 3414 11340 10750 673 1887 3415 1145 7080
7787,13964 13965 13966 13967 13963 13707 6751 5095 5097 5098
7788,15255 2154 13891 8413 15276 13890 7128 1367 14612 13808
7789,12877 14578 7124 53 15247 15028 14519 15011 4363 137
7790,15244 11959 14931 2203 14930 14937 14427 12513 14866 14867
7791,13414 14826 13587 14510 14578 15063 15028 15060 14607 14824
7792,15284 5106 5105 5104 5103 5102 5101 5100 5099 5098
7793,8999 15148 7121 11185 14163 15248 1368 14951 15069 14560
7794,4884 4823 4813 7332 3235 3234 7330 7326 12336 9493
7795,1419 10435 6911 11675 1404 13585 8748 8673 14672 7630
7796,3055 11126 11424 14984 13388 13626 58 15285 15247 4820
7797,14826 13414 13587 14578 15060 14320 9055 14510 13940 53
7798,14163 10715 8999 14702 14668 14690 14875 4426 1351 7130
7799,14108 12668 14210 5092 5093 5094 5095 5096 5097 5091
7800,15287 14080 1500 14605 14604 9989 8190 100 9056 8310
7801,14391 14939 5037 5545 796 14163 8748 4758 10321 5052
7802,14555 15288 14852 14449 9054 7124 739 12427 14850 91
7803,5222 3318 8903 2484 12993 9109 13461 8663 13818 13451
7804,1947 6943 8041 9127 14394 9128 2449 13767 13239 8885
7805,2009 12481 8997 1303 13685 9410 9409 2015 3483 10353
7806,8077 7739 4665 4651 14257 12030 11592 11963 6479 1877
7807,13195 5347 8467 5346 7115 1755 5349 3982 5348 8725
7808,15129 5929 8735 8736 14217 14471 7009 9808 8738 8739
7809,11368 11370 4663 4660 4650 2804 4653 11369 11367 4655
7810,4426 13016 15263 15045 14163 12427 7159 13017 58 7124
7811,3403 10124 13753 15264 12667 14452 3404 11035 2959 5229
7812,7124 14559 13912 8999 15079 14612 14555 14865 14867 9054
7813,13193 10930 12060 13194 4257 4489 11139 10931 8263 5987
7814,856 12308 9801 5736 12463 12583 9276 10061 702 7275
7815,2820 3465 11122 14324 8904 1532 6417 2614 11121 2742
7816,14826 13587 13414 15060 14320 53 14578 3055 7176 14827
7817,10265 1381 9284 5278 2585 2497 5466 5281 7733 2234
7818,14555 15288 14852 14449 9054 7124 739 12427 14850 91
7819,7124 12877 14578 53 14825 13912 14510 15028 3055 14826
7820,58 14824 11126 15285 14163 14742 14980 14510 12427 14165
7821,13412 8872 13724 9215 11874 1033 11045 8801 15084 7439
7822,2566 7332 12325 3237 7564 3234 4736 7561 11016 150
7823,53 14578 15163 7124 12877 3055 11883 14826 4424 11911
7824,1316 12336 10158 1319 7330 4813 9493 1489 12185 9910
7825,14700 15289 11045 14560 14851 8801 13015 5595 1033 11718
7826,13640 9306 13798 11863 6244 6785 15154 8479 12875 15205
7827,13587 8370 8369 15061 15062 14826 15063 3055 15001 3054
7828,1826 3843 2876 4416 6364 5876 4414 14105 3844 1777
7829,1826 6364 3843 4416 7426 1777 7425 2869 2876 4414
7830,1392 1081 494 10364 13755 5064 10980 1280 466 1213
7831,13310 3405 10123 11920 7302 4966 9024 8411 12201 4634
7832,15290 5106 5105 5104 5103 5102 5101 5100 5099 5098
7833,7760 7322 975 667 5838 2350 11291 6560 1130 611
7834,15276 1367 13891 7128 2154 15255 13890 8999 13808 8413
7835,3055 4820 6791 11126 13626 15247 4061 9957 7994 14875
7836,3471 14550 14560 3470 14851 3469 13015 611 11230 11718
7837,88 2191 2209 4901 10542 1162 5642 1869 4815 3237
