user_id,recommendation
0,3 24 23 22 21 20 19 18 17 16
1,37 36 38 39 35 34 33 32 31 30
2,53 92 81 58 91 93 76 80 78 94
3,132 161 146 118 117 172 171 170 169 168
4,195 207 206 205 204 203 202 201 200 199
5,224 223 222 221 220 219 218 217 216 215
6,229 231 230 232 0 10170 10168 10167 10166 10165
7,250 249 248 247 246 245 244 243 242 241
8,258 257 256 0 10156 10157 10158 10159 10160 10161
9,262 264 261 263 0 10155 10157 10158 10159 10160
10,274 273 272 271 270 269 268 10181 10165 10182
11,279 280 278 277 0 10157 10159 10160 10161 10162
12,293 285 282 294 133 292 291 290 289 288
13,303 300 301 320 313 311 309 310 307 315
14,339 351 350 349 348 347 317 346 345 344
15,356 355 354 0 10160 10165 10164 10163 10162 10161
16,361 360 359 10166 10154 10155 10156 10157 10158 10159
17,365 364 363 10159 10164 10163 10162 10161 10160 0
18,367 368 0 10167 10155 10156 10157 10158 10159 10160
19,377 380 373 376 375 371 389 388 387 386
20,395 399 394 396 400 397 398 401 393 402
21,406 405 404 403 0 10163 10165 10164 10162 10167
22,411 296 410 409 10161 10166 10165 10164 10163 10162
23,427 434 501 500 499 336 498 497 496 495
24,526 525 531 533 535 529 537 538 536 530
25,545 543 549 548 547 51 546 544 542 541
26,558 557 556 555 554 553 552 10166 10165 10164
27,564 565 566 562 571 575 574 573 572 570
28,578 577 323 583 582 581 580 579 10164 10157
29,600 599 598 597 596 595 594 83 593 592
30,623 608 604 613 620 610 628 627 626 625
31,634 169 10169 10157 10158 10159 10160 10161 10162 10163
32,638 642 645 644 643 641 640 639 637 636
33,650 649 648 10169 10158 10159 10160 10161 10162 10163
34,288 661 660 659 658 657 656 655 466 654
35,667 666 665 0 10169 10158 10159 10160 10161 10162
36,669 0 10169 10157 10158 10159 10160 10161 10162 10163
37,672 671 670 0 10169 10158 10159 10160 10161 10162
38,692 682 681 680 709 708 707 706 705 704
39,721 719 720 718 10164 10169 10168 10167 10166 10165
40,730 584 733 732 731 729 728 727 726 725
41,771 37 818 778 834 833 832 831 830 829
42,876 889 888 887 886 885 884 883 882 881
43,898 897 899 0 10169 10158 10159 10160 10161 10162
44,906 905 904 903 902 901 900 10133 10175 10164
45,963 962 936 923 959 958 965 916 939 915
46,1001 1012 1011 1004 1010 1009 1008 1007 1006 1005
47,1068 1049 1067 1059 1030 1037 1040 1015 1027 1017
48,1113 1115 1114 1112 1111 1110 1109 1108 1107 1106
49,1125 1124 1123 1122 1121 1120 1119 0 10243 10162
50,1132 1131 1130 25 1129 1128 0 10167 10168 10166
51,1146 1142 1150 1137 1135 1139 1141 1140 1153 1156
52,1162 1161 1160 1159 0 10158 10160 10161 10162 10163
53,23 1168 1167 1166 1165 0 10168 10160 10161 10162
54,1173 1174 1172 1171 0 10156 10158 10159 10160 10161
55,1178 1170 1180 1179 626 358 1177 10160 10161 10162
56,1183 1185 1184 10157 10158 10159 10160 10161 10162 10163
57,1189 1214 1213 1212 1211 806 1210 1209 796 1208
58,1228 1224 1223 1221 1220 904 1227 1226 1225 1222
59,1234 467 1233 1232 1231 1230 1229 10178 10164 10181
60,1242 1241 687 1240 1239 686 1238 0 10168 10162
61,1245 1244 1246 0 10168 10157 10158 10159 10160 10161
62,1248 1249 1247 0 10168 10157 10158 10159 10160 10161
63,44 1256 1255 1254 1253 1252 1251 10169 10168 10167
64,1264 1266 1265 1263 1262 1261 1260 1259 688 10136
65,1274 1081 1281 1280 1279 1278 1277 1276 1275 1273
66,1287 1286 1285 10166 10155 10156 10157 10158 10159 10160
67,1292 1291 1290 1289 10165 10155 10156 10157 10158 10159
68,1299 1303 1297 1304 1302 1301 705 1300 1298 1296
69,1308 1309 1310 1307 1313 1312 1311 1306 1305 10165
70,1316 1319 1318 1317 1315 1314 10236 10164 10153 10154
71,1325 1324 1323 10164 10163 10162 10161 10160 10159 0
72,1328 1331 1330 1329 1327 0 10165 10163 10162 10161
73,1333 611 118 0 10155 10156 10157 10158 10159 10160
74,1340 1339 1338 1337 254 1336 1335 10161 0 10162
75,1343 426 1283 0 10166 10156 10157 10158 10159 10160
76,1345 1346 10166 10154 10155 10156 10157 10158 10159 10160
77,1350 1348 1351 1349 0 10124 10156 10157 10158 10159
78,1356 1355 1354 1353 0 10124 10156 10157 10158 10159
79,1364 1359 1363 1361 1362 1365 1360 980 57 10163
80,1164 1371 1370 1369 1368 1367 10161 10165 10164 10163
81,1376 55 1381 1380 1379 1378 1377 1375 1374 1373
82,1394 4 1444 838 1443 1442 493 1441 1440 1439
83,1463 1465 1464 1395 1462 1461 10158 10161 10160 10159
84,1468 1469 1470 1473 1472 1471 10180 10155 10156 10157
85,885 1491 1490 1489 1488 1487 1486 1485 1484 1483
86,1498 1503 1502 1501 1500 1499 0 10159 10163 10162
87,1509 1508 1507 0 10165 10154 10155 10156 10157 10158
88,1514 1513 1512 0 10122 10154 10155 10156 10157 10158
89,1517 419 773 782 747 1516 149 10167 10166 10165
90,1523 1522 1521 0 10122 10154 10155 10156 10157 10158
91,1533 1534 1532 1531 1530 1529 1528 1527 1526 1525
92,1542 1541 1540 1539 1538 1537 1536 10154 10155 10156
93,1547 1546 1545 10163 10162 10161 10160 10159 0 10165
94,1552 1551 1550 0 10158 10163 10162 10161 10160 10159
95,1559 1558 1557 1556 1555 1554 10232 10175 10149 10150
96,1563 1562 0 10167 10155 10156 10157 10158 10159 10160
97,1579 1571 1583 1582 598 1581 1580 784 1578 1428
98,1594 1593 1592 1591 169 241 685 163 1590 686
99,1599 1598 1597 1607 1609 1601 1612 1605 235 1617
100,1627 1628 0 10182 10156 10157 10158 10159 10160 10161
101,1632 1631 1630 1629 0 10156 10158 10159 10160 10161
102,1636 1635 1634 0 10181 10156 10157 10158 10159 10160
103,788 1650 43 1649 1648 1647 1646 1645 889 1644
104,1656 1655 1654 0 10165 10155 10156 10157 10158 10159
105,1660 1659 1658 10167 10155 10156 10157 10158 10159 10160
106,1664 1663 1662 0 10165 10164 10163 10162 10161 10167
107,1667 1668 0 10167 10155 10156 10157 10158 10159 10160
108,1675 1678 1677 1676 1674 1673 1672 1671 10010 10165
109,1690 489 1689 1688 794 1687 1686 1503 1685 1684
110,1698 1699 1087 1697 1696 1695 1694 1693 10165 0
111,1717 1711 1722 1721 1718 1719 1708 1709 1702 1726
112,476 1734 1733 1732 478 10238 10168 10157 10158 10159
113,1063 1280 1737 1736 0 10167 10157 10158 10159 10160
114,1742 1741 1740 0 10167 10156 10157 10158 10159 10160
115,1746 1748 1747 1745 342 1744 10162 10163 10164 10169
116,573 1750 196 10182 10156 10157 10158 10159 10160 10161
117,1764 1763 1515 1762 1761 1760 1759 1758 322 1757
118,1770 1776 1775 1774 1724 1773 1136 1772 1771 1769
119,1785 1781 1782 1786 1784 1783 10160 10165 10164 10163
120,1790 1788 1794 1793 1792 1791 1789 1787 10237 10158
121,1799 1802 1801 1800 1197 1798 1199 1797 1796 10158
122,1808 1818 1817 1816 1815 1814 1813 1048 1812 1811
123,1827 1826 1825 1824 1823 1822 1821 10172 10171 10177
124,1835 1834 1833 1832 873 1831 1830 0 10163 10157
125,1849 1842 1841 1844 1840 1843 1853 1852 1851 1857
126,1864 1863 1862 1861 1860 1859 1858 10167 10166 0
127,1869 1868 1867 0 10154 10156 10157 10158 10159 10160
128,1263 1873 1872 0 10166 10156 10157 10158 10159 10160
129,1876 1875 1877 0 10154 10156 10157 10158 10159 10160
130,1880 23 1879 10166 10155 10156 10157 10158 10159 10160
131,1885 1884 1883 1882 0 10165 10155 10156 10157 10158
132,1611 1888 1887 10166 10155 10156 10157 10158 10159 10160
133,1896 1895 1894 1893 1892 1891 1113 10163 10164 0
134,1901 868 871 1900 1390 1570 1239 1899 10164 10166
135,1909 1908 1907 1906 444 1905 1904 1903 10160 10165
136,1916 1915 1914 1913 1003 0 10162 10166 10165 10164
137,1919 1918 1640 10165 10164 10163 10162 10161 0 10167
138,1924 1932 1931 1929 1930 1928 1927 1926 1925 1923
139,1942 1941 1940 1944 1943 10179 10178 10155 10182 10181
140,1945 902 1946 10168 10157 10158 10159 10160 10161 10162
141,1884 1953 1955 1954 1951 1950 1956 1952 1949 10164
142,1959 806 1977 1976 1975 803 600 1974 1973 1972
143,795 1986 1985 10125 10157 10158 10159 10160 10161 10162
144,1991 1990 1989 0 10125 10157 10158 10159 10160 10161
145,1997 1996 1995 1994 1044 1993 0 10156 10158 10159
146,2006 2005 2004 2003 2002 1263 2001 2000 10179 10164
147,2009 1303 2015 2014 1354 2013 1357 2012 2011 2010
148,2023 101 2030 2031 2029 2028 2027 2026 2025 1686
149,2041 998 501 2040 2039 2038 2037 2036 2035 2034
150,2047 2056 2055 2054 2053 2052 2051 2050 2049 2048
151,2060 2059 2058 2061 10179 10178 10181 10156 10157 10158
152,2064 2063 1079 2062 419 875 10181 10167 10157 10158
153,2070 2077 2076 2075 2074 1692 631 2073 2072 2071
154,1367 2085 2084 2083 722 10163 10162 10161 10171 10160
155,2092 1578 2091 2086 2094 2093 2090 2089 2088 2087
156,2104 788 2103 2102 2007 2101 2100 484 2099 2098
157,2116 2115 2114 2113 2112 2111 2110 2109 0 10187
158,110 2120 2142 81 2150 2149 2148 2147 2146 2145
159,437 2168 1902 466 2167 2166 2165 2164 2163 424
160,2172 2178 2179 2171 2173 2177 2176 2183 2180 2181
161,2189 2199 2198 118 374 2033 2197 2196 2195 63
162,2246 2245 2244 2243 2242 2241 2240 2239 460 2238
163,2257 2256 453 0 10166 10155 10156 10157 10158 10159
164,1987 2260 2259 0 10167 10156 10157 10158 10159 10160
165,169 1902 2261 10161 10166 10165 10164 10163 10162 0
166,720 719 721 718 10164 10169 10168 10167 10166 10165
167,2264 2267 2266 2265 10238 10165 10153 10154 10155 10156
168,102 2280 2279 2276 2283 2278 1346 2277 2272 2292
169,2300 2299 2298 2035 2297 10165 10156 10157 10158 10159
170,2314 2311 2321 2320 2319 2318 797 2317 2316 1381
171,2328 873 2327 0 10168 10157 10158 10159 10160 10161
172,65 2340 2336 2330 2355 2354 2353 2352 2351 2350
173,1088 2363 2362 0 10167 10156 10157 10158 10159 10160
174,1481 2366 464 788 2005 10163 10166 10165 10164 0
175,2370 2369 2375 1354 2371 2374 2373 2372 10159 10160
176,2390 2386 2383 2384 2398 2396 2389 2388 2387 2385
177,2401 2403 2404 2402 526 10157 10158 10159 10160 10161
178,2406 0 10153 10155 10156 10157 10158 10159 10160 10161
179,476 2408 480 738 2407 10158 10159 10160 10161 10168
180,2410 2429 2423 2435 2434 2433 2432 2431 2430 2428
181,2442 977 2443 2441 10164 10169 10168 10167 10166 10165
182,2446 2448 268 2447 2445 10131 10171 10160 10161 10162
183,2451 2450 2449 0 10168 10157 10158 10159 10160 10161
184,455 331 775 780 2367 2462 2461 2156 2460 749
185,2030 871 1047 2145 2466 2465 10167 10158 10159 10160
186,2475 2476 2474 2473 2472 2471 1164 2470 2469 0
187,2558 2557 2556 2029 2555 2554 2553 87 2552 2551
188,2577 2578 0 10183 10157 10158 10159 10160 10161 10162
189,2583 2582 2581 2580 2579 1621 0 10169 10161 10162
190,2586 1521 2589 2588 2457 1238 2587 10168 10160 10161
191,2593 2598 2597 2596 2595 2594 2592 2591 10162 10169
192,2603 2602 2601 0 10167 10157 10158 10159 10160 10161
193,2605 2604 10169 10156 10157 10158 10159 10160 10161 10162
194,2609 2608 2607 0 10164 10167 10166 10165 10163 10169
195,2613 2612 2611 2610 10171 10169 10168 10167 10166 0
196,1729 703 2620 2619 2618 1730 2623 369 2622 2621
197,2626 2625 0 10169 10157 10158 10159 10160 10161 10162
198,2630 2629 2628 10168 10167 10166 10165 10164 0 10170
199,2635 2634 2633 1173 2632 2221 10168 10171 10170 10169
200,2640 2639 2641 2644 2643 2642 2648 2647 2646 2645
201,2655 2651 2652 2657 2656 1204 2654 2296 2293 2653
202,2666 2665 1635 2664 2663 2662 0 10163 10164 10165
203,2672 2671 2673 2670 2669 10170 10172 10171 10169 10174
204,2714 2713 2076 2712 2711 2710 1112 1081 206 489
205,2723 2727 2725 1840 2729 2728 2726 2724 10164 10165
206,2735 2734 2733 1687 10163 10168 10167 10166 10165 10164
207,2739 2743 2742 2741 2740 2738 1529 10165 10153 10154
208,2754 2753 2752 1247 2751 1815 807 2750 2749 2748
209,2779 2025 2778 2777 2776 1452 772 2775 2774 2773
210,2804 2788 2787 2786 2803 2802 2801 2800 1052 2799
211,2812 2813 2811 10158 10159 10160 10161 10162 10163 10164
212,2821 405 2820 2819 1535 2818 2817 2816 1166 2815
213,2825 2827 1626 2826 10182 10181 10183 10159 10160 10161
214,2832 2836 2835 2834 2833 2831 2830 2829 2828 10162
215,2841 2840 2839 0 10154 10156 10157 10158 10159 10160
216,2854 2862 2850 2853 2849 2845 1716 2861 2860 2859
217,2876 2875 2874 2873 2872 2871 2870 2869 10170 10171
218,611 0 10168 10156 10157 10158 10159 10160 10161 10162
219,2881 2893 2879 2884 2885 2883 2892 2891 2890 2889
220,2906 2896 2894 2910 2909 2908 2907 2905 2904 2903
221,2916 2915 2928 1747 2927 2926 2925 2924 2923 2922
222,2939 2938 2937 2759 2936 2935 2934 2933 2932 10169
223,2944 2943 0 10168 10158 10159 10160 10161 10162 10163
224,1328 2947 1660 2951 61 2199 1879 0 2950 2316
225,2961 2960 2959 482 2958 2957 2956 2955 10167 10166
226,2975 2974 2973 2970 2972 2964 2978 2969 2976 2968
227,2986 74 2985 0 10158 10159 10160 10161 10162 10163
228,2719 2987 0 10169 10158 10159 10160 10161 10162 10163
229,2989 2988 2442 31 10168 10167 10166 10165 10164 10163
230,2993 2992 625 2991 2257 1056 0 10167 10166 10165
231,2997 2996 3001 1321 3002 3000 2999 2998 2995 10169
232,3005 3012 3011 3010 3009 3008 3007 3006 3004 58
233,3016 1569 3015 2024 3014 0 10160 10161 10162 10163
234,114 3018 2029 3019 105 2131 10166 10168 10167 0
235,2225 3024 3023 10170 10159 10160 10161 10162 10163 10164
236,3032 1653 3039 3038 3037 2318 3036 3035 3034 3033
237,3043 1752 3044 2560 10172 10161 10162 10163 10164 10165
238,1529 3046 3045 0 10169 10158 10159 10160 10161 10162
239,3048 960 3047 0 10165 10169 10168 10167 10166 10164
240,3055 3059 3058 3057 3056 3054 3053 3052 3051 3050
241,3067 3065 3064 3068 3066 10185 10171 10187 10186 10162
242,3072 3071 3070 3069 0 10159 10161 10162 10163 10164
243,3080 3081 3083 3082 1314 3079 3078 3077 3076 3075
244,3087 3086 3089 1893 3088 10163 10164 10165 10162 10172
245,3093 3092 106 10164 10169 10168 10167 10166 10165 0
246,3094 10169 10157 10158 10159 10160 10161 10162 10163 10164
247,3102 1684 3101 500 2236 3100 2520 879 3099 3098
248,3107 3106 0 10169 10157 10158 10159 10160 10161 10162
249,3114 2692 3115 3113 3112 2293 3111 3110 3109 3108
250,3118 0 10154 10156 10157 10158 10159 10160 10161 10162
251,3128 205 3127 3126 3125 3124 2649 424 3123 3104
252,3137 3141 3149 3174 2214 3155 3160 492 2603 3175
253,1976 3208 467 3207 3206 3205 1684 3204 3203 2366
254,1646 3223 3222 744 478 163 1071 3221 3220 466
255,3230 129 3232 3227 3228 3229 909 3231 1298 2445
256,3242 3240 3019 243 3244 3243 3241 10159 10168 10161
257,3141 0 10169 10157 10158 10159 10160 10161 10162 10163
258,2709 3255 3254 3253 3252 3251 784 3250 3249 3248
259,3263 3262 3261 1311 3260 3259 10166 10168 10167 10165
260,3268 3267 3266 0 10169 10158 10159 10160 10161 10162
261,3271 3270 2794 3269 0 10164 10168 10167 10166 10165
262,3281 3310 1482 3324 3293 163 3349 1444 3341 3334
263,3388 3387 0 10168 10156 10157 10158 10159 10160 10161
264,3389 3390 0 10168 10156 10157 10158 10159 10160 10161
265,3393 3395 3394 3392 3391 56 3404 3403 2959 3402
266,3407 3408 51 2187 3406 0 10164 10166 10165 10163
267,3412 3411 3410 0 10125 10157 10158 10159 10160 10161
268,3415 673 1887 3414 3413 0 10167 10158 10159 10160
269,3419 3418 3417 0 10125 10157 10158 10159 10160 10161
270,3425 3421 3422 3424 3423 2908 3426 10178 10164 10180
271,3427 3429 3428 0 10166 10156 10157 10158 10159 10160
272,3430 3431 3434 3433 3432 3435 0 10164 10156 10157
273,3436 10153 10155 10156 10157 10158 10159 10160 10161 10162
274,4 3441 1390 3440 1389 3439 3438 2221 10161 10162
275,3451 3448 3446 3447 3450 3449 3445 10157 10156 10167
276,3452 10167 10155 10156 10157 10158 10159 10160 10161 10162
277,2156 3459 661 343 3460 1099 1445 3458 1686 3457
278,2614 3465 3464 3463 0 10164 10167 10166 10165 10163
279,2537 3467 3466 10168 10157 10158 10159 10160 10161 10162
280,3471 3470 3469 0 10167 10157 10158 10159 10160 10161
281,3473 3210 1550 1982 3472 2750 2790 10167 10166 10165
282,3049 3479 3478 128 3477 1201 10161 10160 10169 10162
283,3480 3481 10167 10155 10156 10157 10158 10159 10160 10161
284,3484 3084 1720 3483 10169 10158 10159 10160 10161 10162
285,3321 1978 3487 0 10169 10158 10159 10160 10161 10162
286,3491 3489 3490 0 10168 10159 10160 10161 10162 10163
287,3505 198 3504 3503 3502 2129 3501 3500 2164 3499
288,3510 3513 3512 3511 67 10131 10173 10162 10163 10164
289,2781 3519 3186 3518 3517 3516 2750 3515 3514 10166
290,3541 3540 3537 1737 2357 3523 3526 2699 3521 3543
291,3557 3556 1514 3242 3555 3554 3553 3552 518 3551
292,2086 3564 3570 2791 3569 3568 3567 3566 3565 3563
293,3577 3576 770 3575 3574 1875 10167 10171 10170 10169
294,876 3579 3578 994 10168 10167 10166 10165 10164 10163
295,3588 3587 3586 3585 3584 2233 3583 3582 3581 10175
296,3590 3592 3593 3198 3591 0 10167 10168 10166 10170
297,3595 3599 3598 42 3597 3596 2738 3594 10164 10170
298,3606 3610 1868 3609 3608 3607 3323 233 1765 3605
299,3616 1171 3615 10170 10158 10159 10160 10161 10162 10163
300,3628 3626 3621 3630 3631 3627 3634 3633 3625 3156
301,3648 3647 3646 2422 2421 3661 2414 3660 567 3591
302,1007 3667 3666 10168 10157 10158 10159 10160 10161 10162
303,3672 3671 3670 3669 0 10159 10160 10161 10162 10163
304,3691 3690 3689 3688 3687 3686 3685 3684 3683 3682
305,3708 3707 3706 231 3705 3704 3703 3702 3701 3700
306,3717 968 3138 3716 3715 3714 10163 10166 10165 10164
307,3721 3722 0 10167 10157 10158 10159 10160 10161 10162
308,3726 3734 3741 3740 3340 2692 3115 1066 2350 3739
309,1080 3750 3749 3748 1943 3454 2826 1112 2911 3747
310,3754 1435 500 3753 1667 10157 10158 10159 10160 10168
311,3758 3757 3759 3764 3763 2682 1050 1098 1278 3762
312,3771 3772 3770 3769 3768 3767 0 10186 10162 10163
313,3776 3778 3775 3783 3782 3781 3784 350 3780 3779
314,3792 3791 3790 10155 10157 10158 10159 10160 10161 10162
315,3796 476 3795 3794 477 736 10476 10169 10157 10158
316,2430 3798 3799 0 10164 10167 10166 10165 10163 10169
317,3804 3806 3805 3809 3808 3807 3803 3802 3801 3800
318,884 3811 3810 10168 10157 10158 10159 10160 10161 10162
319,3815 3818 3817 3816 3814 3813 3263 0 10163 10168
320,3824 3825 1181 3836 3835 3834 3833 1285 3832 3831
321,3845 3844 3843 2767 3516 3842 10159 10160 10168 10158
322,3847 3849 2673 3848 3851 3852 1878 3396 3850 10169
323,3407 3856 399 246 3855 0 10159 10160 10161 10162
324,3862 3863 2830 3861 629 2831 3860 3859 230 10164
325,3871 3870 3869 3868 3867 3866 30 10165 10169 10168
326,1523 3888 3887 3886 3885 3884 3883 3882 3665 3881
327,3907 3905 3903 3899 3906 2043 3586 3904 3902 3901
328,851 2153 383 996 3252 3909 10165 10164 10163 10162
329,3914 3912 253 778 3809 852 3932 811 3931 3930
330,3946 3881 3945 732 714 873 3944 3943 3942 3941
331,3952 3951 3950 0 10166 10156 10157 10158 10159 10160
332,3954 3953 0 10155 10157 10158 10159 10160 10161 10162
333,3957 1292 654 3825 3955 3961 3970 3969 3968 3228
334,3979 3978 0 10169 10158 10159 10160 10161 10162 10163
335,3982 3981 626 3980 0 10168 10158 10159 10160 10161
336,3986 3985 3720 3984 10169 10158 10159 10160 10161 10162
337,3991 3990 3989 0 10170 10159 10160 10161 10162 10163
338,1095 3994 3993 0 10169 10158 10159 10160 10161 10162
339,3998 3996 3997 3995 0 10169 10168 10167 10166 10171
340,4008 4007 4006 4005 4004 1811 4003 1817 4002 4001
341,4012 0 10167 10156 10157 10158 10159 10160 10161 10162
342,3945 4016 4015 625 4014 10159 10160 10161 10162 10163
343,4024 2928 3055 163 2935 4027 4026 1648 2456 1442
344,4037 4036 4035 3442 4034 10162 10163 10164 10165 10171
345,4046 4044 1372 4042 4047 4045 4043 1051 4041 4040
346,4051 4050 3111 3108 4049 10239 10156 10158 10159 10160
347,4054 0 10167 10155 10156 10157 10158 10159 10160 10161
348,4055 0 10167 10155 10156 10157 10158 10159 10160 10161
349,4058 4057 4056 0 10164 10167 10166 10165 10163 10169
350,4061 1778 4060 0 10163 10166 10165 10164 10162 10168
351,4070 4064 4067 4065 3670 3669 4066 4072 3097 4071
352,4078 4092 4091 4084 465 4094 3664 4095 1071 757
353,4110 4104 4099 652 4100 4113 4112 4108 4109 4106
354,203 4120 4119 4118 4117 4116 3040 3498 10169 10168
355,4123 0 10167 10156 10157 10158 10159 10160 10161 10162
356,4125 4129 4130 807 4128 3811 4127 4126 1684 4124
357,1354 4139 4137 4134 4144 4143 2378 4142 1778 1829
358,4150 4149 3648 4151 4148 4153 4152 10160 10161 10159
359,4156 4155 4161 4160 4158 4164 4163 3746 988 4167
360,4168 4173 2108 4172 4170 1123 2982 4171 4169 10232
361,437 494 478 483 1213 794 797 476 809 4177
362,227 4215 4211 4183 4259 4258 4257 4256 4255 4254
363,4275 4274 1176 4273 4272 10163 10166 10165 10164 10162
364,4283 4298 3554 1436 4297 4296 4295 4294 3637 4293
365,4314 4313 4312 4311 4310 4309 4308 4307 4306 4305
366,998 4319 2910 4325 3730 4324 4323 4322 4321 593
367,1866 4330 4329 2820 4328 0 10167 10159 10160 10161
368,4332 2243 4331 10154 10156 10157 10158 10159 10160 10161
369,4335 4334 4333 0 10169 10158 10159 10160 10161 10162
370,240 4338 4337 10169 10157 10158 10159 10160 10161 10162
371,4347 928 4346 4345 2488 4344 4343 4342 3289 3831
372,4350 4352 2305 687 4351 10168 10158 10159 10160 10161
373,4355 4354 4353 0 10168 10157 10158 10159 10160 10161
374,287 618 2614 366 10164 10168 10167 10166 10165 0
375,282 4358 1222 0 10168 10158 10159 10160 10161 10162
376,4362 4361 0 10157 10158 10159 10160 10161 10162 10163
377,4363 0 10167 10156 10157 10158 10159 10160 10161 10162
378,4251 209 4365 1568 4364 10157 10158 10159 10160 10161
379,4367 2916 412 0 10168 10157 10158 10159 10160 10161
380,4377 1764 4376 4375 1798 4374 4373 822 4372 3920
381,4383 4382 1452 4381 4380 0 10164 10155 10156 10157
382,4393 4394 4390 4397 4402 4389 4407 4391 4386 4387
383,1306 4415 4414 0 10166 10165 10164 10163 10162 10168
384,4417 4418 0 10169 10157 10158 10159 10160 10161 10162
385,4426 4433 4429 4424 4431 4432 4434 4421 2059 3279
386,707 4440 4439 4438 0 10167 10158 10159 10160 10161
387,4445 4444 4443 0 10167 10158 10159 10160 10161 10162
388,4448 4449 4450 4447 936 4446 0 10159 10161 10162
389,4453 2686 0 10169 10158 10159 10160 10161 10162 10163
390,4456 4462 4459 4457 2843 4464 1823 623 4463 1927
391,4474 542 4503 4502 486 3966 4501 4500 4499 228
392,4514 1340 4515 1529 2814 2741 0 10163 10165 10164
393,827 2569 4517 10164 10168 10167 10166 10165 0 10170
394,4522 4525 4528 4520 4530 4529 4527 4526 4524 4521
395,4533 4531 981 1731 4535 4534 4532 955 10186 10173
396,4536 4546 4545 4543 4541 4540 4539 4542 4538 4549
397,1257 4558 4557 3092 4556 3769 4555 541 4554 4553
398,4565 4564 569 4563 4562 4561 4560 0 10171 10165
399,4573 1336 4087 4579 4576 4587 967 4586 966 4585
400,4607 4604 4599 2881 2875 4606 4605 1322 4401 4603
401,4610 698 0 10155 10157 10158 10159 10160 10161 10162
402,4620 1318 1148 4622 4621 4615 4623 4619 4624 4612
403,4633 1231 3639 559 2462 704 443 116 4188 3236
404,2539 3380 1275 2483 4637 4636 4635 1163 10169 10168
405,4657 4660 4659 4658 4656 4655 4654 4653 4652 2804
406,4667 4666 0 10155 10157 10158 10159 10160 10161 10162
407,2556 4669 4668 0 10167 10157 10158 10159 10160 10161
408,4672 4671 0 10155 10157 10158 10159 10160 10161 10162
409,4675 10167 10155 10156 10157 10158 10159 10160 10161 10162
410,4682 4681 4679 4684 4680 4678 4685 4683 4676 4677
411,3443 4689 4132 1136 4692 2873 4691 4690 4688 4687
412,807 4376 4492 10183 10157 10158 10159 10160 10161 10162
413,4706 4705 4704 4703 4702 1699 4701 4700 4699 4698
414,4712 4711 3121 0 10169 10158 10159 10160 10161 10162
415,4718 4713 4719 4717 4716 4715 4714 10172 10173 10171
416,4305 4724 4723 4722 4721 4720 2480 137 10169 10171
417,4728 4727 0 10184 10158 10159 10160 10161 10162 10163
418,4730 0 10167 10156 10157 10158 10159 10160 10161 10162
419,4735 4734 4733 4732 4739 1193 4738 4737 448 1798
420,4741 4575 4742 0 10169 10158 10159 10160 10161 10162
421,1296 4077 4743 0 10166 10155 10156 10157 10158 10159
422,4749 4747 2894 4748 1269 2982 4746 4745 10170 10169
423,4754 2947 4753 4752 4751 0 10167 10169 10168 10166
424,2319 4756 3711 383 4762 4262 2700 3016 697 4761
425,894 4768 4767 3097 4766 1732 2366 4200 2294 4765
426,4779 4778 3386 1960 4777 4776 4775 4774 4773 4772
427,1513 4782 3525 4781 10157 10158 10159 10160 10161 10162
428,4784 4800 4795 4793 1702 4791 4785 4787 970 4802
429,4810 4811 2362 10156 10157 10158 10159 10160 10161 10162
430,4814 1392 3397 3219 798 184 4813 3398 4812 2607
431,4820 4061 4819 3110 4818 4817 10169 10168 10167 10166
432,4824 4825 4823 4822 3771 4821 10129 10172 10162 10163
433,1060 2751 3363 4831 4830 890 1083 4829 4828 4827
434,4835 4840 4837 529 4841 538 4839 526 4838 4836
435,1751 3043 3044 2560 4863 4862 4861 2262 1204 2121
436,1657 4879 136 2150 251 2775 4021 1971 794 1203
437,393 0 10167 10156 10157 10158 10159 10160 10161 10162
438,4901 4638 1370 4905 4904 4903 4902 4900 4899 4898
439,4921 4901 4638 4920 4919 4918 4917 2488 4916 3496
440,4925 46 4924 0 10168 10158 10159 10160 10161 10162
441,420 46 813 3513 2323 4931 4930 4929 4476 1020
442,4371 4935 0 10168 10157 10158 10159 10160 10161 10162
443,4945 4944 4943 4808 4942 4941 4940 4939 2008 4938
444,4950 4949 2770 0 10168 10157 10158 10159 10160 10161
445,4967 4966 4965 4964 4963 2149 4752 4962 4961 4960
446,1014 3544 3546 1041 4976 3819 4975 4974 4973 4050
447,4342 4990 1369 1399 3287 4989 135 4716 4988 4878
448,4996 4995 4994 10162 10167 10166 10165 10164 10163 0
449,4158 3366 5002 89 3553 5001 5000 4999 4998 4997
450,5006 5008 5007 5005 5009 5010 0 10162 10167 10166
451,2774 2779 5018 4824 5059 5058 5057 3936 5056 495
452,2066 1653 5091 5090 3916 5089 5088 5087 4031 5086
453,5098 5100 5099 5097 5096 4729 0 10155 10157 10158
454,5101 5103 5102 5106 5105 5110 5109 5108 4630 5113
455,5115 0 10167 10155 10156 10157 10158 10159 10160 10161
456,5122 5121 2703 5120 3121 5119 3151 975 3910 5118
457,5125 5128 5127 5126 5124 5129 10157 10162 10161 10160
458,5160 5163 2347 117 5134 5136 5169 4326 5168 5071
459,5181 4085 5182 3557 2714 10163 10167 10166 10165 10164
460,753 4090 5185 5184 4369 4021 10169 10160 10161 10162
461,5193 5192 1620 5191 1461 5190 5189 5188 4038 5187
462,5197 5196 2699 0 10181 10156 10157 10158 10159 10160
463,5198 5202 5201 5200 5199 0 10165 10157 10158 10159
464,5205 5204 4033 0 10168 10157 10158 10159 10160 10161
465,5219 5214 4976 3316 5220 5218 1050 5217 5216 1271
466,5225 5224 5223 26 0 10163 10166 10165 10164 10162
467,1740 5232 5228 5229 5230 3449 5231 5227 10162 10166
468,5236 5237 3526 5235 5234 5233 10156 10157 10158 10168
469,5241 5239 5238 5240 5242 10473 10163 10151 10152 10153
470,5245 5248 1119 5247 5246 5244 5243 10163 10162 10161
471,5251 5250 10167 10154 10155 10156 10157 10158 10159 10160
472,678 5256 5255 1886 5254 5253 5252 10157 10158 10159
473,1799 5260 0 10167 10155 10156 10157 10158 10159 10160
474,2657 5263 5265 5174 2013 4021 4274 3993 1381 5264
475,1806 37 5281 5280 4313 5279 5278 5277 4288 806
476,4273 5282 2268 10167 10155 10156 10157 10158 10159 10160
477,5286 5285 3950 1897 1177 5287 5284 10157 10158 10159
478,5294 5296 5295 2830 5293 4871 4409 5292 5291 5290
479,5311 1367 5310 3019 5299 5309 2216 3136 1994 5308
480,5319 5318 5317 5320 0 10123 10155 10156 10157 10158
481,5324 5323 5322 467 4224 1391 5321 10164 10156 10157
482,5330 5329 3482 5328 1882 5327 5326 10173 10158 10175
483,5333 5334 1979 2901 3794 10165 10164 10163 0 10167
484,5335 5339 2673 5338 5337 5336 10162 10161 0 10163
485,5342 3385 3384 0 10166 10165 10164 10163 10162 10168
486,1533 2824 5344 0 10166 10155 10156 10157 10158 10159
487,5349 5348 5347 5346 10163 10162 10161 10160 10159 10158
488,5356 5357 576 5358 5355 5354 5353 5352 10232 10159
489,436 3550 5361 5360 5359 3428 2139 0 10164 10163
490,626 5377 5378 5374 5375 5379 5368 5365 5364 5363
491,5391 5389 3289 2540 5394 5393 5392 5390 3332 2495
492,2101 4091 5397 5396 4188 253 1568 3911 10163 0
493,5399 0 10156 10157 10158 10159 10160 10161 10162 10163
494,5400 209 4937 10157 10158 10159 10160 10161 10162 10163
495,685 5402 5401 0 10167 10157 10158 10159 10160 10161
496,147 5408 5407 5406 5405 5404 5403 10159 10163 10162
497,466 1686 5411 5410 4878 4891 4823 2482 4908 2470
498,5420 5419 711 4228 3043 1752 5418 5417 5416 5415
499,3529 3453 5427 874 5426 1484 5425 5424 1611 5423
500,5428 2422 0 10168 10157 10158 10159 10160 10161 10162
501,4202 2000 5435 3384 5434 3478 3117 1405 477 427
502,5442 5443 1721 5439 5440 4407 5441 5445 5444 5446
503,5450 5449 4139 5448 5447 2996 1826 10159 10160 10165
504,5457 5453 5462 3770 5461 5460 1104 5459 5458 1112
505,5467 5466 5465 5464 5463 991 10160 10165 10164 10163
506,5469 5470 5476 5480 5478 1668 5477 5474 5473 5472
507,3042 5082 5490 5489 5488 5487 4183 10161 10162 10160
508,5494 5493 5492 0 10154 10156 10157 10158 10159 10160
509,5496 5495 0 10167 10156 10157 10158 10159 10160 10161
510,5501 5505 5504 5503 5502 5500 5499 5498 3909 5497
511,5510 2702 5511 1749 1684 5509 5508 4547 5507 3396
512,5516 5515 5514 5513 0 10157 10159 10160 10161 10162
513,5520 5519 5518 10170 10158 10159 10160 10161 10162 10163
514,5528 4816 5523 478 660 465 5527 5329 5526 5525
515,5532 5449 5535 1140 5534 5530 5529 5448 5533 5536
516,5546 2758 2774 4213 4340 5548 4031 1232 5547 4766
517,344 638 5558 5557 5556 2795 5555 1254 416 5554
518,2309 5561 10167 10155 10156 10157 10158 10159 10160 10161
519,5566 4642 4644 5565 5564 5563 10166 10157 10158 10159
520,2192 5573 879 5572 5571 5570 5569 2445 2669 1553
521,5433 481 5577 149 5576 5475 10178 10177 10158 10181
522,5580 4925 466 1690 5579 5578 10167 10165 10164 0
523,5582 5583 0 10168 10156 10157 10158 10159 10160 10161
524,5589 5585 5591 4478 5590 3519 3913 587 2331 208
525,5594 1836 5593 5592 10160 10164 10163 10162 10161 10158
526,5605 4750 5599 1940 4747 5604 901 3091 2905 5603
527,5607 5608 5606 5609 2081 932 937 10157 10158 10159
528,5612 1297 357 5621 5620 5619 228 5618 4045 5617
529,5626 5628 5627 0 10124 10156 10157 10158 10159 10160
530,4635 5637 664 5167 1419 5636 2141 5635 5634 5633
531,5299 3714 0 10167 10156 10157 10158 10159 10160 10161
532,5647 5644 5643 5650 5649 5648 5646 5645 5657 5656
533,5665 5666 0 10182 10156 10157 10158 10159 10160 10161
534,5671 1773 5667 5670 5669 5668 0 10166 10158 10159
535,1360 4386 1748 5676 1337 5675 5674 0 10157 10158
536,177 5683 5682 782 3101 5681 5680 3515 5434 5679
537,642 5685 648 922 5684 0 10168 10159 10160 10161
538,1011 4688 4132 5447 5688 4134 4133 5686 4596 1861
539,5692 5697 5691 5694 5693 5695 5696 10158 10159 10160
540,5699 5698 5705 5702 5701 5703 1654 5704 5700 10160
541,990 5713 5712 569 626 5711 5710 5709 3886 5708
542,5723 4765 873 741 2309 686 2589 5722 1638 2763
543,5737 5736 5735 5734 5682 4312 1191 5733 5732 5731
544,5499 2064 3532 0 10156 10158 10159 10160 10161 10162
545,5747 5744 5745 5746 3043 1752 2270 3403 5752 5751
546,5757 5758 5235 5759 10156 10157 10158 10159 10160 10168
547,3719 5762 450 5767 5765 5764 5761 5769 5768 3937
548,5772 5774 5773 5771 212 5770 10170 10158 10159 10160
549,5782 5781 5780 3038 3028 5779 5778 5631 644 5777
550,5788 5787 5786 0 10123 10155 10156 10157 10158 10159
551,4558 3467 5789 10155 10156 10157 10158 10159 10160 10161
552,5791 5792 0 10165 10155 10156 10157 10158 10159 10160
553,5796 4111 5794 5798 1668 5801 3137 5800 5799 578
554,4397 5805 324 2959 2962 4014 5809 5807 5806 2445
555,1826 5847 2884 5841 5842 5848 1136 5839 5849 4139
556,5851 2221 5850 10153 10155 10156 10157 10158 10159 10160
557,5856 5855 5861 5857 5858 4512 16 5871 5859 5860
558,5883 5886 5882 5879 1175 5885 3411 5884 3814 4410
559,5891 586 1329 2723 5177 5620 10177 10176 10156 10157
560,226 3342 2736 5894 2993 1075 5893 3286 1760 5862
561,2131 3982 5898 4595 4710 1753 5897 5896 4964 5895
562,5906 5904 1465 1464 1466 5901 632 2582 5908 5907
563,5933 283 5932 5931 5930 5939 5936 5935 4793 1736
564,5961 3811 5960 764 5959 5958 5957 885 420 745
565,5966 5967 5968 5970 2903 3125 5969 762 5964 5965
566,249 5580 3499 1340 1341 0 10161 10164 10163 10162
567,5974 5975 5977 3699 5980 280 1644 5979 5978 2754
568,4518 1366 5984 5983 4709 10161 10165 10164 10163 10162
569,5988 5826 5994 5993 5992 4399 5991 5990 1296 5989
570,1534 2742 6001 6000 5344 2820 5999 2614 5998 1529
571,6002 46 3213 5324 1957 618 578 0 10166 10165
572,6006 6009 6007 6011 6010 6008 10126 10167 10157 10158
573,794 6026 6022 4 1440 1612 1450 3705 1649 6035
574,161 6051 4366 6050 2652 6049 169 5073 461 6048
575,5416 6055 1684 6054 1416 10157 10158 10159 10160 10166
576,6061 684 6060 6059 6058 6057 4748 10158 10159 10164
577,6064 6063 2133 0 10160 10164 10163 10162 10161 10158
578,4132 4138 4687 0 10154 10156 10157 10158 10159 10160
579,6069 6068 0 10165 10153 10154 10155 10156 10157 10158
580,5638 6070 231 0 10164 10163 10162 10161 10160 10159
581,6077 6076 6075 594 578 6074 6073 202 4350 6072
582,6081 6082 6080 10165 10153 10154 10155 10156 10157 10158
583,1732 848 6083 10155 10156 10157 10158 10159 10160 10161
584,6092 4225 4207 893 6093 6091 6090 482 6089 5272
585,6097 6096 5729 1898 10151 10152 10153 10154 10155 10156
586,6099 6101 6100 0 10122 10154 10155 10156 10157 10158
587,6104 5837 3863 6103 2186 5997 1471 412 10163 10162
588,1239 1238 3556 0 10167 10157 10158 10159 10160 10161
589,3983 733 6116 5727 6115 6114 6113 6112 2113 6111
590,6123 6120 6124 6122 6121 6119 0 10157 10161 10160
591,3222 30 31 6129 1423 6003 2959 6128 160 5
592,1765 6133 1282 6132 6131 6130 0 10160 10163 10162
593,3938 3029 2680 10170 10158 10159 10160 10161 10162 10163
594,4903 4890 6139 6138 6137 6136 1374 10164 10163 10162
595,3727 3312 4912 0 10167 10157 10158 10159 10160 10161
596,4830 6142 679 3692 3602 10168 10158 10159 10160 10161
597,4458 6145 6144 0 10165 10155 10156 10157 10158 10159
598,6149 6147 6148 6156 6155 6154 6153 6152 6151 6150
599,6158 0 10152 10154 10155 10156 10157 10158 10159 10160
600,6161 6162 1253 6167 6165 6163 5445 6169 3665 3089
601,6178 6177 2772 6176 4000 6175 5396 0 10163 10162
602,6180 6186 6187 4781 6173 6185 399 6184 4948 1939
603,6195 6200 144 2470 4988 6199 6198 5542 6197 6196
604,6207 6206 6205 4877 6204 6203 10157 10158 10159 10160
605,4475 3441 1520 6221 6220 806 6219 6218 4206 3206
606,4749 6227 6226 6225 6224 10154 10156 10157 10158 10159
607,6230 6229 3814 6236 6233 6234 6231 705 6232 1302
608,6249 6188 6239 6170 6238 3671 6260 908 6250 6240
609,5452 2151 3876 5801 10161 10165 10164 10163 10162 10159
610,6268 6269 0 10165 10155 10156 10157 10158 10159 10160
611,1712 6271 994 1673 10179 10178 10157 10158 10159 10160
612,6292 6291 6272 6281 6285 6288 1246 6283 6289 6276
613,6294 6293 774 624 6296 6295 4532 10157 10158 10159
614,2723 6299 5600 6173 1844 6298 5894 6297 4068 10159
615,4636 3826 4344 6301 3381 3371 5388 2772 5401 2469
616,6304 2221 2482 10166 10155 10156 10157 10158 10159 10160
617,6307 6312 2541 3507 998 6316 1868 6315 3049 1808
618,1577 1565 1564 0 10165 10154 10155 10156 10157 10158
619,6321 6320 4597 6324 1136 5686 310 6323 6322 5689
620,2831 6328 6332 6049 6331 636 6330 6329 4583 6327
621,6341 6347 6346 6345 5362 3342 1075 2689 6344 6343
622,6352 6351 6350 10168 10157 10158 10159 10160 10161 10162
623,2594 6354 917 0 10158 10159 10160 10161 10162 10163
624,2628 1146 1145 4596 1011 0 10166 10170 10169 10168
625,318 6358 6357 0 10166 10156 10157 10158 10159 10160
626,1320 6364 6363 6362 1778 6361 6360 1278 10131 10169
627,3916 6373 2151 760 1206 3372 3931 2781 6372 6371
628,1250 1019 2356 0 10168 10157 10158 10159 10160 10161
629,324 6385 3169 6384 1648 1437 6383 466 6382 6381
630,6390 6392 6391 6389 6388 10156 10157 10158 10159 10160
631,6399 6398 6397 6396 4272 1176 6395 10160 10163 10162
632,6405 1213 1215 1300 3908 1426 5309 4845 2240 6408
633,6414 6416 1529 6415 4514 2614 10162 10166 10165 10164
634,6418 6419 6424 6421 4508 6051 6425 6422 5664 6420
635,6364 6432 6431 10169 10157 10158 10159 10160 10161 10162
636,611 3108 3751 3530 149 1280 3971 1620 2199 323
637,6443 6442 6441 4507 4241 6440 4769 6439 4250 757
638,6447 5449 6446 0 10166 10156 10157 10158 10159 10160
639,6455 6454 6452 6449 6448 6451 6450 6458 6461 6462
640,6465 348 5653 6467 6466 2458 737 5652 5654 6464
641,6471 6054 5487 6470 4639 2509 458 6469 5135 10162
642,4577 3905 6114 6474 6056 5195 1608 2808 328 336
643,6480 6497 4706 6505 2654 1521 6490 607 6486 3522
644,6526 3533 6525 6524 6531 6530 6529 6528 3609 3142
645,6534 0 10166 10154 10155 10156 10157 10158 10159 10160
646,6536 6538 230 1341 6545 6544 1014 3453 3091 6543
647,6549 6548 4357 0 10162 10165 10164 10163 10161 10167
648,6552 6550 6553 6360 2014 1357 2369 6556 6555 6554
649,4887 4891 3237 6566 1196 5793 6565 6564 3049 4568
650,6568 1303 7 10168 10156 10157 10158 10159 10160 10161
651,6572 6571 6570 6569 0 10180 10156 10157 10158 10159
652,6579 6578 6577 6576 6575 6574 2445 0 10164 10157
653,2013 6584 6583 6582 6581 5147 10157 10158 10159 10160
654,6590 1211 3102 6589 1591 420 1479 3195 6588 810
655,794 775 1203 3943 873 764 3376 3527 10164 10165
656,6595 772 3206 1568 2768 6594 6593 6592 3185 4366
657,6598 6597 431 2723 1237 10158 10159 10160 10161 10162
658,2857 6602 6601 6599 2167 6600 10235 10154 10156 10157
659,6621 5486 6622 6620 6619 6618 6617 6616 6615 2108
660,1110 6631 6630 6627 6626 6628 6629 6632 4465 10135
661,625 3930 3253 5064 6644 6023 3362 5546 6643 4488
662,6661 6655 6657 6656 6667 6666 6665 6664 3652 6663
663,4368 6669 0 10167 10156 10157 10158 10159 10160 10161
664,211 6681 715 6680 6679 994 2133 6678 3984 3242
665,1600 2221 6686 973 341 10162 10165 10164 10163 0
666,3039 2139 3165 6690 1686 6157 3635 5490 3370 5489
667,6693 4017 6498 6697 5157 6373 6546 6499 5186 249
668,3354 6156 6702 6701 6700 6147 0 10166 10158 10159
669,6704 3076 3077 3078 3079 2883 2890 4134 2870 6703
670,6719 6715 554 6711 6709 6723 6721 6716 6713 923
671,4595 6729 6728 0 10168 10157 10158 10159 10160 10161
672,6732 4013 6731 950 1855 0 10165 10167 10166 10163
673,6735 6736 6739 6737 6733 6740 4136 2148 6738 1015
674,6743 6744 0 10167 10157 10158 10159 10160 10161 10162
675,6745 6746 6747 0 10125 10157 10158 10159 10160 10161
676,6673 104 6749 0 10167 10156 10157 10158 10159 10160
677,632 5904 5917 6751 6750 2005 10155 10156 10157 10165
678,6754 6753 4771 0 10167 10156 10157 10158 10159 10160
679,6759 6758 6756 6757 2971 6760 6761 0 10162 10161
680,4480 6766 6765 751 4876 3931 3926 6580 6764 2287
681,943 6501 4309 6774 6773 934 6772 6771 6770 952
682,4281 6779 6778 6777 6776 6184 6775 6783 6782 6781
683,6790 6789 6788 1128 6787 6786 2221 10167 10166 10165
684,6794 5563 4594 6793 4641 5564 6798 6797 6796 6795
685,6802 4477 3909 2235 6801 1429 6800 0 10164 10162
686,6811 6810 6809 6808 2997 6807 6806 4604 6805 6804
687,6813 6812 6697 0 10183 10158 10159 10160 10161 10162
688,3548 3163 6816 949 6815 6814 0 10161 10162 10163
689,1871 4985 1869 4897 6819 1890 6818 10165 10164 0
690,538 4844 6820 531 0 10169 10159 10160 10161 10162
691,5053 4182 697 133 167 6825 6824 6823 6822 6821
692,6830 6832 6519 3361 6831 4419 2225 444 2448 1206
693,6839 4787 6838 563 6837 2918 6836 2931 6835 1263
694,6845 6846 6840 6843 6841 6844 6842 10168 10172 10171
695,6364 6847 10169 10157 10158 10159 10160 10161 10162 10163
696,5584 5884 823 3151 6851 6850 6849 6848 10182 10173
697,6853 420 3225 2211 10168 10167 10166 10165 10164 0
698,6859 6856 4006 5398 4131 4453 6862 2102 6861 597
699,6867 6866 404 0 10167 10157 10158 10159 10160 10161
700,6875 1295 3871 186 2661 6878 6877 2675 3312 5218
701,3453 5858 4251 3185 6676 5540 4031 10163 10166 10165
702,6885 6884 6883 10164 10168 10167 10166 10165 10163 10170
703,6908 6892 5001 6889 6888 6911 2234 6910 2527 6909
704,832 694 6919 1899 1071 2770 6918 4208 10165 10167
705,6922 6921 0 10167 10156 10157 10158 10159 10160 10161
706,6925 6926 3469 6928 119 4894 6927 4922 5637 10165
707,6937 336 3950 6934 3118 5403 6938 2274 207 4405
708,6947 6945 6951 5600 6547 6499 5603 6950 6949 6948
709,6439 496 2053 1766 6643 6967 6966 5040 6965 6964
710,2101 6974 6985 6978 6340 3545 209 4504 5186 231
711,1529 2815 6989 0 10166 10156 10157 10158 10159 10160
712,4515 6993 6992 6991 0 10167 10157 10158 10159 10160
713,6990 6995 5194 0 10154 10156 10157 10158 10159 10160
714,2516 2538 5191 142 494 7004 1200 1427 1648 4471
715,7009 7007 7008 7010 4990 7011 3497 4875 2483 10162
716,7015 7014 7013 0 10160 10165 10164 10163 10162 10161
717,7020 6345 6114 7019 7018 683 6769 1028 7017 4952
718,7029 7034 7033 7032 7026 7024 7023 7035 7028 7031
719,1987 6970 1273 1436 7042 4761 7041 7040 4950 7039
720,7044 7043 465 6445 10165 10154 10155 10156 10157 10158
721,7047 2488 3348 185 4992 4993 7048 821 4834 6263
722,4850 7053 7052 7051 7050 0 10179 10156 10157 10158
723,4608 7061 7060 7066 2891 7063 7057 7055 7067 4138
724,7082 225 4956 10158 10159 10160 10161 10162 10169 10163
725,7084 0 10168 10156 10157 10158 10159 10160 10161 10162
726,7085 964 0 10168 10156 10157 10158 10159 10160 10161
727,6399 3588 4553 7087 0 10167 10157 10158 10159 10160
728,7089 4776 145 0 10167 10156 10157 10158 10159 10160
729,6432 4403 6551 3774 2372 4461 2616 7100 7099 7098
730,7106 7105 6163 7103 7104 5978 1169 4964 6159 10162
731,7110 7109 6196 0 10166 10155 10156 10157 10158 10159
732,7111 7113 7124 2142 7112 7120 108 7121 91 7116
733,4637 7138 7137 6973 3899 88 3377 10178 10166 10157
734,2297 1602 3543 4979 3546 39 5452 7139 0 10162
735,3811 742 3470 385 3598 10155 10157 10158 10159 10160
736,7142 1635 2662 2663 4056 10164 10167 10166 10165 0
737,1989 1684 7145 2689 1766 7144 7143 3764 1688 644
738,787 6445 433 7149 685 3937 466 0 10166 10165
739,592 3931 243 0 10162 10166 10165 10164 10163 10160
740,7151 2697 2799 2720 10169 10158 10159 10160 10161 10162
741,4426 7159 3021 2125 7158 2507 7157 7156 7127 7155
742,6612 7164 7161 7166 7165 5296 7171 399 7170 7169
743,323 138 865 0 10155 10157 10158 10159 10160 10161
744,3455 7176 3969 0 10167 10157 10158 10159 10160 10161
745,1367 7178 7180 7179 7177 4307 0 10156 10157 10158
746,1957 7182 3149 2321 7181 10160 10161 10159 10169 10163
747,7186 6348 7185 6814 677 732 7184 3943 7183 2215
748,7191 7192 7190 7189 7196 668 7195 7194 1093 2350
749,7199 7200 0 10166 10155 10156 10157 10158 10159 10160
750,6939 953 2858 4802 5511 4354 546 5952 3852 3285
751,7204 7203 6319 4126 2954 3522 7209 7208 7207 7206
752,5882 1873 7214 5483 1677 7213 1660 328 10159 10160
753,4599 2014 7216 4596 7215 5845 10159 10160 10161 10162
754,7219 0 10166 10155 10156 10157 10158 10159 10160 10161
755,3075 6704 7221 0 10155 10157 10158 10159 10160 10161
756,7228 7227 7226 7225 7224 7223 10171 10157 10175 10150
757,6303 7230 10152 10154 10155 10156 10157 10158 10159 10160
758,3168 7233 7232 873 5740 4027 7231 0 10162 10160
759,2791 7238 4889 7237 7236 6755 10161 10165 10164 10163
760,7244 782 4382 7243 7242 7241 6296 5755 4859 7240
761,2739 4454 7247 4920 10167 10156 10157 10158 10159 10160
762,6465 4836 7250 7249 7202 1988 1873 10161 10165 10164
763,3793 7253 7252 7251 10125 10168 10156 10157 10158 10159
764,7258 7136 5710 7256 4788 5979 7262 7261 7260 1522
765,1739 3730 7271 5681 7267 2300 928 7277 6831 6222
766,7283 2078 2234 474 3301 4377 1334 7282 679 4721
767,4 7291 7290 3203 6651 1419 7289 6367 6014 3362
768,1471 1473 7292 0 10181 10156 10157 10158 10159 10160
769,3403 3680 7300 7299 363 3043 7298 7297 1487 6907
770,7306 7307 7308 7181 7325 7324 4983 7312 7311 4558
771,7334 7333 3892 1345 0 10155 10157 10158 10159 10160
772,2452 848 7338 7337 446 3676 228 7336 370 7335
773,4071 2466 6729 7347 7346 7345 7344 7343 6365 7342
774,7352 7350 7351 7349 0 10154 10156 10157 10158 10159
775,7355 6265 7357 7356 5599 4489 2143 5885 7354 7353
776,7358 1916 10169 10156 10157 10158 10159 10160 10161 10162
777,484 775 4858 7364 7363 698 728 7362 6445 7361
778,7367 37 7372 3741 7371 7370 7369 2282 7368 4845
779,7376 3598 7375 2661 7382 4943 1180 1181 4836 4840
780,7391 2810 7390 205 964 7389 7388 7387 7386 4712
781,7397 4495 7396 7395 2742 7394 4346 7393 0 10165
782,7401 7402 0 10167 10156 10157 10158 10159 10160 10161
783,6362 1319 1778 7404 10162 10166 10165 10164 10163 10161
784,7406 7405 6528 1844 7407 684 6246 4563 5657 2594
785,5315 6373 2711 7422 3223 7421 1439 3100 4269 1219
786,6364 7425 1826 2869 7426 6707 10179 10178 10160 10161
787,611 7428 634 618 6471 10159 10160 10161 10162 10158
788,149 6186 887 5947 7436 7435 7434 6708 6763 2287
789,1410 3738 2556 4864 90 7438 7437 6813 5613 10159
790,7225 7443 2068 333 7442 7441 7440 10158 10166 10157
791,7447 7446 7445 3189 0 10168 10158 10159 10160 10161
792,7449 5599 7450 2887 7451 7448 0 10168 10160 10161
793,7452 3903 0 10153 10155 10156 10157 10158 10159 10160
794,3055 5869 7455 6909 7454 7453 1517 0 10166 10159
795,1610 7463 1212 7462 2489 7461 4255 809 7460 3142
796,7467 2013 7466 1892 0 10153 10155 10156 10157 10158
797,1480 7469 1549 0 10166 10155 10156 10157 10158 10159
798,7473 7479 7480 7471 6669 7476 7475 7486 7485 3948
799,6151 487 6153 7492 7491 6154 7490 4346 10178 10164
800,4789 6671 2706 6463 0 10168 10158 10159 10160 10161
801,3368 5096 7283 7493 7355 10165 10155 10156 10157 10158
802,7494 611 7496 3497 7497 5501 5859 7314 3213 1618
803,7499 5452 3824 10167 10155 10156 10157 10158 10159 10160
804,3042 465 7502 7245 2784 1164 7513 2478 7512 150
805,7517 7521 7520 7519 7518 3851 0 10163 10155 10156
806,715 33 1573 2313 7377 10156 10157 10158 10155 10166
807,3591 7529 6058 7528 4465 6494 6543 7527 7526 7525
808,7537 7535 7534 7536 7532 1577 4808 411 2607 7544
809,7547 7546 7545 72 10161 10165 10164 10163 10162 0
810,7549 7550 7548 0 10167 10156 10157 10158 10159 10160
811,3479 7551 1867 0 10167 10157 10158 10159 10160 10161
812,1827 2875 1136 7553 1354 7072 2377 2376 10167 10166
813,7565 7564 3239 7563 7562 7561 7560 7559 7558 3237
814,7568 2981 7567 10156 10157 10158 10159 10160 10161 10162
815,6768 195 4978 4933 7570 971 3811 7569 1474 2225
816,6484 6779 7575 7573 6228 7571 7572 5375 7576 7574
817,7578 7577 7579 7580 0 10166 10157 10158 10159 10160
818,7582 10182 10154 10155 10156 10157 10158 10159 10160 10161
819,7584 7586 7585 1700 6549 7249 10164 10163 10162 10161
820,7587 7590 7607 7608 7603 7602 7601 7600 7599 7598
821,7611 761 0 10168 10157 10158 10159 10160 10161 10162
822,7612 7618 6830 3144 7360 7617 3905 2226 268 7616
823,7622 6153 7621 10167 10155 10156 10157 10158 10159 10160
824,7627 7625 7623 7629 7628 7342 7626 7624 10167 10166
825,7633 7632 7631 0 10154 10156 10157 10158 10159 10160
826,1595 7639 7635 7638 7636 7634 7637 7642 7641 7640
827,2827 1626 7151 7645 226 7644 148 1250 2750 1675
828,3760 2021 1035 3529 4220 7647 6019 1966 7646 1495
829,7648 4073 1855 7651 6165 7650 7649 7643 10177 10164
830,4087 7654 0 10182 10156 10157 10158 10159 10160 10161
831,7657 7658 1416 7656 4530 0 10168 10159 10160 10161
832,219 6036 4189 6963 10166 10155 10156 10157 10158 10159
833,4781 7661 7666 7665 5715 7663 1940 5597 7667 7664
834,1375 7668 10168 10156 10157 10158 10159 10160 10161 10162
835,7481 7670 5146 7677 5886 5582 3193 7589 7472 7675
836,7687 2304 7249 5607 1741 7686 2834 1740 7685 7684
837,7688 4395 648 10169 10157 10158 10159 10160 10161 10162
838,4132 4687 0 10167 10157 10158 10159 10160 10161 10162
839,1862 1011 1002 0 10168 10157 10158 10159 10160 10161
840,7690 0 10167 10156 10157 10158 10159 10160 10161 10162
841,7692 7693 0 10167 10157 10158 10159 10160 10161 10162
842,7695 5346 4282 6333 7694 0 10163 10162 10161 10160
843,1452 879 1206 4235 853 2133 2448 2312 323 149
844,287 7700 7699 281 2700 10158 10160 10161 10162 10163
845,6799 1645 748 0 10167 10157 10158 10159 10160 10161
846,7702 7701 6 10167 10155 10156 10157 10158 10159 10160
847,7708 7710 7709 6500 7707 7706 7705 5763 7704 10175
848,7712 7713 4728 7715 7714 0 10156 10157 10158 10159
849,686 466 7719 624 7718 7717 7716 873 10165 10163
850,2415 1191 586 10167 10155 10156 10157 10158 10159 10160
851,1398 7724 1229 3209 1259 4239 7723 5538 7722 7721
852,2541 4024 2544 1381 7734 2511 7156 7733 2234 2334
853,7735 4660 780 7737 2779 7736 2804 4653 10169 10168
854,6624 4836 7746 5713 6825 1985 5522 7745 7744 7743
855,7750 7751 7752 7749 10158 10159 10160 10161 10162 10163
856,7756 7755 7754 7753 0 10167 10158 10159 10160 10161
857,611 6889 7765 3181 385 7764 7763 6574 7762 7761
858,7777 1548 7776 1810 7775 7774 7459 4997 6585 7773
859,7782 7781 7780 10169 10158 10159 10160 10161 10162 10163
860,7784 1003 3085 0 10170 10159 10160 10161 10162 10163
861,7792 7791 7786 7787 7796 7795 7794 7793 7790 7789
862,1573 2535 819 7798 7243 1329 10162 10164 10163 0
863,7802 2728 7803 7801 2898 0 10170 10169 10168 10167
864,3908 4080 6749 1804 2266 10129 10130 10155 10156 10157
865,7807 7806 7165 0 10168 10157 10158 10159 10160 10161
866,7814 3112 2295 4490 777 687 7813 7812 7668 7811
867,4599 4138 4693 7818 3845 4687 4403 2874 7817 2875
868,545 7821 7820 2985 4189 142 10164 10167 10166 10165
869,6790 7824 1955 0 10157 10158 10159 10160 10161 10162
870,7828 7827 7826 0 10155 10157 10158 10159 10160 10161
871,6407 6406 7829 10168 10156 10157 10158 10159 10160 10161
872,6153 1505 1519 806 6157 811 3099 244 1421 350
873,7849 7848 7847 4727 7846 7845 6584 7844 7843 7842
874,7850 0 10168 10156 10157 10158 10159 10160 10161 10162
875,6329 1523 7864 7863 3142 7141 4286 585 3284 7862
876,6080 7874 7873 7871 7872 7870 3125 7369 10164 10166
877,4861 7876 7875 0 10166 10156 10157 10158 10159 10160
878,7882 7894 7879 2846 572 1177 1896 7888 4700 7887
879,1219 4182 6985 4146 1836 3115 7042 1079 3529 1056
880,7905 2458 1648 7362 1432 3642 2695 848 2459 46
881,7246 4175 5592 1836 1401 7913 10156 10157 10158 10159
882,7917 3908 7916 10180 10166 10156 10157 10158 10159 10160
883,7919 6399 5053 7923 7922 177 7921 7335 2036 4182
884,1001 7094 4604 2996 0 10168 10159 10160 10161 10162
885,1048 7927 7926 6588 0 10167 10157 10158 10159 10160
886,836 5167 7930 7929 5580 7538 7928 10168 10167 10166
887,6074 3088 6085 0 10166 10155 10156 10157 10158 10159
888,1837 7940 7741 6228 6187 3422 6257 6240 7935 7948
889,2407 6312 5105 7953 7952 2447 576 10163 10162 10161
890,805 778 463 5290 6813 5606 3811 7954 10180 10167
891,7689 4187 7956 6254 4902 760 7959 3916 7958 7957
892,7963 5206 1607 5902 10166 10155 10156 10157 10158 10159
893,7966 240 7965 10169 10157 10158 10159 10160 10161 10162
894,2363 780 7968 2249 10168 10157 10158 10159 10160 10161
895,241 803 789 3110 3682 791 6209 792 799 5202
896,3821 7936 6187 7978 7977 7976 5325 10176 10175 10154
897,7984 3984 7983 7982 3401 7981 5485 10161 10165 10164
898,7985 0 10167 10155 10156 10157 10158 10159 10160 10161
899,7543 5171 230 7987 4309 684 6774 7986 7018 10160
900,7992 7993 3194 7137 3345 2069 7991 7139 2652 7990
901,297 2023 656 0 10168 10157 10158 10159 10160 10161
902,3468 5502 7997 7996 4383 5972 10177 10179 10155 10156
903,8001 8004 8003 8002 2653 7518 2172 8000 6838 5920
904,8011 8015 8010 8008 661 8017 3821 7543 8028 5138
905,1071 3928 8046 811 6471 2326 2195 8045 10166 10168
906,2041 5311 6263 476 6198 4726 6032 467 2780 8053
907,8055 8021 8054 0 10167 10157 10158 10159 10160 10161
908,3862 8058 2560 8057 8056 5408 5021 10167 10166 10165
909,8060 0 10167 10156 10157 10158 10159 10160 10161 10162
910,8062 8061 8067 8066 8064 7457 7389 2260 8070 8069
911,8072 6277 0 10165 10154 10155 10156 10157 10158 10159
912,8073 7611 810 10168 10156 10157 10158 10159 10160 10161
913,2748 64 143 1568 10162 10166 10165 10164 10163 0
914,7231 5634 8075 0 10165 10154 10155 10156 10157 10158
915,3745 8084 2746 8083 6587 8082 8081 4352 8080 8079
916,5560 8092 8091 8089 8087 8097 8096 8094 13 8088
917,4858 4399 5218 1869 8107 8106 3552 0 10162 10165
918,8110 8109 8108 0 10163 10166 10165 10164 10162 10168
919,8134 8132 7141 8125 8121 6625 901 8120 3864 7936
920,6322 8146 3500 0 10168 10157 10158 10159 10160 10161
921,8148 8147 0 10169 10157 10158 10159 10160 10161 10162
922,8151 1721 8157 8149 8154 8158 8155 8156 8150 2617
923,4729 5412 4384 0 10167 10157 10158 10159 10160 10161
924,996 8172 8171 8175 8169 8174 8173 6129 8178 6437
925,6677 8181 2005 8180 306 8179 2036 10166 10158 10159
926,8187 8186 5092 2749 2458 4214 788 8185 2460 8184
927,8190 1500 1697 2111 23 8189 10160 10161 10167 10159
928,8191 1206 0 10167 10156 10157 10158 10159 10160 10161
929,8197 8181 1164 651 8201 6342 8200 587 205 1802
930,8204 1942 8206 8205 8208 7172 6503 8209 5729 8207
931,8210 0 10168 10156 10157 10158 10159 10160 10161 10162
932,6798 8215 2662 8214 7916 8213 7444 8212 4655 6099
933,8217 5389 0 10166 10155 10156 10157 10158 10159 10160
934,3805 6035 8219 3675 3643 6596 8018 6580 476 6107
935,1643 8225 8224 8223 3937 3931 3768 6211 8222 3675
936,8226 4775 3109 7042 0 10162 10165 10164 10163 10161
937,8232 3118 8236 8233 5788 8234 4170 6477 5907 5913
938,4217 8240 3692 8239 2447 5753 10162 10165 10164 10163
939,3541 3526 4346 8242 5343 8241 6971 10165 10166 10163
940,1501 1687 1083 0 10161 10165 10164 10163 10162 10159
941,1290 49 2556 3251 0 10169 10159 10160 10161 10162
942,5996 8248 3379 5388 2495 2186 8247 8246 5637 4902
943,692 8250 5802 0 10167 10157 10158 10159 10160 10161
944,3751 1112 8251 7570 0 10168 10158 10159 10160 10161
945,4778 5568 3407 8255 8254 8253 10159 10160 10161 10162
946,678 8251 8259 8258 888 8257 8256 5256 10168 10162
947,8262 0 10169 10157 10158 10159 10160 10161 10162 10163
948,3927 8264 2298 8263 10168 10157 10158 10159 10160 10161
949,8279 8261 8278 8277 1011 8290 8292 8291 3721 3722
950,8301 3418 1993 0 10183 10158 10159 10160 10161 10162
951,611 8307 516 4319 8306 3361 5501 7761 1611 5203
952,8313 8315 8314 8301 8312 8311 10169 10160 10161 10162
953,8316 5570 4447 0 10155 10157 10158 10159 10160 10161
954,8319 2861 7878 8318 8317 4707 10160 10161 10162 10163
955,5985 6290 7436 8322 8321 10164 10167 10166 10165 0
956,5759 8324 7249 8323 1387 7961 10164 10167 10166 10165
957,8329 8328 8327 6671 8336 8333 8332 8331 8330 440
958,8350 337 8349 8348 3301 2510 8347 3380 3316 8346
959,466 1419 8352 6577 6381 126 1796 10159 10160 10161
960,8354 8355 8356 8353 7205 441 10168 10167 10166 0
961,8360 8359 8358 8357 0 10158 10160 10161 10162 10163
962,8362 49 2149 611 140 8361 10163 10164 10162 10171
963,2055 3609 8365 3634 219 209 4485 694 8364 10182
964,3055 8369 8368 1490 8367 10170 10160 10161 10162 10163
965,4695 382 3938 5768 6854 8371 10168 10167 10166 10165
966,8373 8374 0 10185 10159 10160 10161 10162 10163 10164
967,8375 0 10168 10157 10158 10159 10160 10161 10162 10163
968,8376 4848 1935 4428 0 10167 10158 10159 10160 10161
969,989 8387 8381 8384 8379 8380 3786 952 2288 8388
970,8392 4058 4057 0 10163 10167 10166 10165 10164 10162
971,8395 6769 8394 10181 10168 10157 10158 10159 10160 10161
972,7533 0 10166 10155 10156 10157 10158 10159 10160 10161
973,4884 7646 5185 10167 10156 10157 10158 10159 10160 10161
974,611 0 10168 10156 10157 10158 10159 10160 10161 10162
975,8397 3112 5138 578 5468 2685 10164 10167 10166 10165
976,8400 0 10169 10157 10158 10159 10160 10161 10162 10163
977,3286 4906 5275 3583 4348 585 239 6301 7137 2329
978,8419 8425 8420 8415 6935 8413 8426 8424 3864 2894
979,6586 8430 1856 0 10168 10157 10158 10159 10160 10161
980,8434 8433 8432 7822 8431 10158 10159 10160 10161 10162
981,8437 8438 8436 8435 0 10159 10160 10161 10162 10163
982,6632 6413 8439 3794 5261 10163 10167 10166 10165 10164
983,5044 8441 5808 0 10167 10156 10157 10158 10159 10160
984,8442 6441 4071 1347 0 10167 10157 10158 10159 10160
985,4413 5845 8443 10156 10157 10158 10159 10160 10161 10168
986,189 1216 8449 5424 5100 5858 3531 8444 2318 4
987,466 774 3097 5580 2322 8458 1081 2317 8457 2024
988,8474 8475 8466 1219 8473 8472 1067 378 8471 420
989,8478 8477 7016 4605 8476 10166 10157 10158 10159 10160
990,2755 1875 2309 3811 10157 10158 10159 10160 10161 10162
991,7324 8480 8479 2808 1447 0 10164 10166 10165 10162
992,6028 3316 5386 3329 8484 3913 5207 488 426 2319
993,3897 8489 5554 8488 2833 8487 8486 0 10167 10160
994,2473 3339 5386 10167 10156 10157 10158 10159 10160 10161
995,7760 3795 8498 8082 3009 6590 8497 5804 8496 209
996,8502 8505 2192 4959 8504 1290 2124 71 2579 3971
997,3953 8507 8506 528 5360 1742 4836 4295 8301 5213
998,8510 8511 10183 10182 10157 10158 10159 10160 10161 10162
999,5736 5968 1591 4748 5145 7415 7416 3323 8512 1112
1000,5163 8514 8513 10170 10158 10159 10160 10161 10162 10163
1001,4223 8516 1519 1441 5945 1894 8515 10130 10131 10159
1002,8519 1877 4809 8518 8517 10165 10169 10168 10167 10166
1003,6050 4930 5962 5719 8522 169 4859 2752 7717 586
1004,3298 2334 8523 690 10169 10158 10159 10160 10161 10162
1005,5998 8526 10168 10156 10157 10158 10159 10160 10161 10162
1006,4152 8529 8528 926 7791 2402 6723 8527 7693 5468
1007,1207 1206 5548 4130 4210 8134 6029 5090 4045 1903
1008,3642 3931 2067 8533 2294 10131 10132 10160 10161 10162
1009,8534 1237 6986 10183 10157 10158 10159 10160 10161 10162
1010,8539 8537 1725 8538 8536 8540 8541 4401 1011 10172
1011,12 8543 8545 5559 8544 10179 10178 10156 10182 10181
1012,8557 8366 3949 3386 5002 2753 8556 317 8555 3966
1013,3498 4470 698 0 10169 10158 10159 10160 10161 10162
1014,74 3031 8562 8561 0 10165 10168 10167 10166 10164
1015,4397 1092 1181 8565 4254 559 1430 1520 5202 8573
1016,8579 8588 8587 8586 8585 8584 8583 8582 8581 7110
1017,8278 5913 7518 0 10167 10157 10158 10159 10160 10161
1018,7344 5834 8452 10167 10155 10156 10157 10158 10159 10160
1019,3143 2046 4020 7761 8593 8592 972 976 4365 3963
1020,2869 1552 8616 8294 8615 1335 277 6754 8614 8613
1021,8622 8621 7514 8620 8521 4185 8619 8618 4871 6210
1022,8626 8632 8630 8625 8624 8634 4647 2947 8633 5628
1023,2242 4441 8639 0 10167 10157 10158 10159 10160 10161
1024,8643 8641 4854 8642 5430 4702 10132 10171 10161 10162
1025,3079 1354 10155 10157 10158 10159 10160 10161 10162 10163
1026,1703 3480 8646 8244 8645 2182 10176 10165 10180 10157
1027,6478 8650 8649 6172 6949 3038 8648 10170 10160 10161
1028,8654 1584 8657 3703 1970 4002 143 4209 2771 7288
1029,8662 163 8661 8660 6033 5247 7340 8659 3139 0
1030,2722 5027 2560 0 10168 10157 10158 10159 10160 10161
1031,689 24 8185 8664 8663 10178 10164 10155 10180 10156
1032,8668 3923 3970 3517 3618 1689 2702 594 2578 760
1033,1419 8673 8672 241 4188 10154 10156 10157 10158 10159
1034,7872 8675 5969 7207 8674 2346 0 10161 10162 10160
1035,6728 8677 0 10168 10156 10157 10158 10159 10160 10161
1036,2234 5163 7270 6340 1600 8546 7363 8678 4928 10160
1037,8684 8681 8679 8683 7652 8682 8687 8685 8686 3858
1038,4179 4178 228 8689 6087 10154 10155 10156 10157 10158
1039,8693 8692 687 1061 2044 8691 10166 10155 10156 10157
1040,8698 7301 363 1905 7470 8697 8696 8040 722 429
1041,8700 8702 8701 4661 6799 4659 4658 10161 10160 10162
1042,1796 8703 3711 8704 3713 176 784 769 4235 5552
1043,3710 8705 2587 10168 10156 10157 10158 10159 10160 10161
1044,8708 8707 8706 10157 10158 10159 10160 10161 10162 10163
1045,8711 8710 8709 0 10167 10157 10158 10159 10160 10161
1046,8715 7958 512 662 6030 8451 5066 489 251 6579
1047,7153 7762 8724 56 2538 6522 8723 46 2128 7926
1048,8725 0 10167 10156 10157 10158 10159 10160 10161 10162
1049,8726 8729 405 8728 3465 8727 10167 10158 10159 10160
1050,2040 6794 5066 4 10164 10168 10167 10166 10165 0
1051,8733 8738 5929 8735 8737 8736 1737 8739 8734 0
1052,1460 7697 821 2711 1642 8745 6594 8744 3707 6954
1053,1404 1419 8748 8673 8747 5299 6325 10167 10157 10158
1054,4290 8754 1080 8753 2649 3382 3231 3762 8752 3353
1055,4736 8757 5277 0 10168 10157 10158 10159 10160 10161
1056,8758 418 2667 10170 10158 10159 10160 10161 10162 10163
1057,8760 1740 5229 0 10168 10157 10158 10159 10160 10161
1058,3311 826 8768 842 788 1968 1208 1967 8767 8766
1059,8773 8774 8772 8771 8770 0 10169 10161 10162 10163
1060,585 6020 2168 8288 3104 184 7004 6046 2024 6198
1061,8640 7962 8779 10168 10156 10157 10158 10159 10160 10161
1062,8780 10167 10155 10156 10157 10158 10159 10160 10161 10162
1063,2897 8783 7211 778 7835 7238 1396 149 304 8782
1064,6773 6501 6849 6728 6626 8786 6750 8785 6500 7944
1065,7166 7165 8788 7878 1896 10154 10155 10156 10157 10158
1066,7657 757 8791 8790 6983 2072 2163 7137 7929 10168
1067,2142 8797 7123 81 3021 8793 2032 2490 2505 8801
1068,8805 8804 8811 8760 3882 2816 8810 8809 8808 8807
1069,2989 8815 8814 8813 8812 4965 1661 10014 10173 10162
1070,8816 3916 769 7822 7257 0 10163 10166 10165 10164
1071,2959 8817 7294 0 10168 10157 10158 10159 10160 10161
1072,8818 488 7683 3553 590 3097 7832 1972 6959 2225
1073,5883 1603 5863 910 5480 3777 10161 10160 10168 10159
1074,3584 6135 8823 3602 10180 10169 10158 10159 10160 10161
1075,3012 2015 8825 3011 8627 0 10160 10161 10162 10163
1076,8831 1532 8835 8834 3779 8833 8832 8830 8829 404
1077,2253 8836 8800 732 6266 5851 6383 10160 10161 10162
1078,8843 8842 7519 8841 5265 8840 8839 10160 10163 10162
1079,3118 8846 7373 2497 7377 2675 3998 611 10168 10167
1080,1863 8847 1709 8849 8848 0 10168 10159 10160 10161
1081,6574 8851 248 0 10167 10157 10158 10159 10160 10161
1082,8664 7334 0 10154 10156 10157 10158 10159 10160 10161
1083,8860 1855 476 8859 4869 3130 8858 8857 3931 2194
1084,4232 8659 8865 452 1201 6215 5074 6222 7207 1766
1085,8869 8341 192 10182 10170 10159 10160 10161 10162 10163
1086,8873 8874 611 8872 2185 8871 10132 10171 10161 10162
1087,1584 3576 503 7435 3713 1452 6025 2138 2798 8621
1088,4852 8882 10167 10155 10156 10157 10158 10159 10160 10161
1089,8887 8886 8885 8884 10170 10159 10160 10161 10162 10163
1090,8889 8893 8892 8888 8483 2599 6004 8896 8895 5372
1091,7562 8901 8900 7218 8899 1894 6165 8898 7743 6615
1092,4515 8907 8906 8905 6351 8904 1532 10173 10172 10177
1093,8912 8911 8910 8909 8908 0 10154 10156 10157 10158
1094,8916 8919 8925 8920 8924 8927 8929 8917 4927 8926
1095,6390 8939 7044 7403 964 8366 5436 1219 5412 7280
1096,5140 1734 1516 8963 8962 4382 4383 1242 585 8200
1097,4696 1592 3091 6597 4793 6117 3651 4848 1191 2267
1098,4227 1580 8974 8742 2780 8745 5014 1256 7187 6521
1099,8977 2600 3888 8976 10167 10157 10158 10159 10160 10161
1100,4227 4194 4238 0 10156 10157 10158 10159 10160 10161
1101,1317 8982 8981 8980 8979 4407 8159 6809 7554 10233
1102,5858 8984 10167 10155 10156 10157 10158 10159 10160 10161
1103,3190 2042 2740 984 272 8990 248 8989 3553 8988
1104,8994 7696 7417 2809 0 10159 10160 10161 10162 10163
1105,180 6013 8995 10169 10157 10158 10159 10160 10161 10162
1106,6286 8506 9021 5329 9022 9023 1251 1482 7225 2341
1107,1367 9042 9043 4431 1072 4907 4326 5047 668 4135
1108,4162 1739 9044 8655 5558 10157 10158 10159 10166 10156
1109,7044 227 2139 6958 454 3203 7971 2767 7506 9045
1110,3386 6444 9050 9049 9048 5084 2227 5323 7392 9047
1111,9055 8999 2949 1392 6063 2520 9054 1213 3221 624
1112,9059 9060 0 10166 10154 10155 10156 10157 10158 10159
1113,625 5029 5033 6030 7422 9069 5050 596 2784 9068
1114,4060 1320 1780 0 10162 10166 10165 10164 10163 10161
1115,9071 1191 688 9072 0 10166 10156 10157 10158 10159
1116,9073 8761 9075 9074 8710 10159 10160 10161 10167 10162
1117,8349 1296 7133 6998 5425 4875 4874 4873 10167 10166
1118,9079 9078 8215 9076 9077 3721 1536 10160 10161 10159
1119,9081 6870 5411 2304 9082 9080 10164 10155 10156 10157
1120,9083 912 9084 10167 10155 10156 10157 10158 10159 10160
1121,2752 8618 9096 6193 7836 2255 6443 855 511 3600
1122,7556 9101 9100 0 10166 10155 10156 10157 10158 10159
1123,576 1662 6781 9103 5204 7108 1222 10161 10163 10162
1124,9117 9109 45 9113 9110 8524 9105 9119 4823 5223
1125,559 3111 2291 9122 10156 10157 10158 10159 10160 10161
1126,995 8386 704 5938 9124 9123 7868 2953 6713 8210
1127,8885 9128 9127 9126 1947 7259 0 10165 10164 10163
1128,5859 9134 5234 9133 2048 2585 9132 9131 9130 10173
1129,9136 7653 9137 9138 0 10180 10156 10157 10158 10159
1130,9140 2713 9141 1063 6195 3749 10161 10164 10163 10162
1131,625 4756 5552 9144 7697 9143 2067 10165 10157 10158
1132,9146 9145 0 10152 10154 10155 10156 10157 10158 10159
1133,9017 1610 3169 5282 4276 3743 2237 2252 2210 109
1134,4204 1980 2550 6800 7912 3576 9166 8961 7834 7277
1135,9174 9173 9172 10166 10154 10155 10156 10157 10158 10159
1136,9175 7960 9178 9176 9179 5676 5617 434 6217 9177
1137,9187 9186 2480 4001 6985 8246 9185 3860 2774 3237
1138,618 612 2476 0 10156 10157 10158 10159 10160 10161
1139,8007 9190 9189 1631 8027 7658 231 0 10164 10163
1140,9193 9194 7065 1012 7062 2014 6360 8166 4401 9192
1141,6760 9207 2904 1681 1510 2197 7053 6728 9220 4491
1142,5339 9232 9231 9230 8966 6266 9229 10127 10166 10157
1143,2378 6361 9237 9236 9235 10162 10166 10165 10164 10163
1144,9238 2981 6877 0 10169 10158 10159 10160 10161 10162
1145,4205 4126 2856 0 10167 10157 10158 10159 10160 10161
1146,478 9250 4383 9249 443 4858 2418 46 8951 9248
1147,9256 3428 0 10154 10156 10157 10158 10159 10160 10161
1148,9257 0 10167 10156 10157 10158 10159 10160 10161 10162
1149,2019 7912 9271 495 2992 8755 1899 1209 3249 1820
1150,9277 202 9278 5140 1193 1516 10162 10164 10163 10160
1151,9284 2922 2350 2550 386 9283 3891 3357 2499 9282
1152,2670 9287 3040 9288 1549 4550 1133 0 10164 10167
1153,4446 9291 4428 4048 9289 8055 4836 7615 9290 10168
1154,1968 3269 3387 1638 464 5049 9295 8865 9294 5166
1155,9301 9298 4006 9302 1551 9307 9304 37 9303 4821
1156,6514 64 8280 2794 9321 4853 9320 10163 10166 10165
1157,9325 9327 4083 2750 633 9326 3753 1557 802 585
1158,9333 9328 9334 9335 9332 9329 6214 8955 9331 9330
1159,58 7738 9361 5563 6792 9354 5378 9349 9350 3873
1160,3500 2595 9367 0 10169 10158 10159 10160 10161 10162
1161,9369 9368 0 10167 10157 10158 10159 10160 10161 10162
1162,9371 4404 3858 4799 9370 0 10167 10158 10159 10160
1163,7234 8977 335 9375 9374 9373 2015 9372 2017 0
1164,9384 9386 9379 9377 9383 9385 9382 9381 9376 9380
1165,3055 7716 0 10155 10157 10158 10159 10160 10161 10162
1166,3518 1582 7737 795 4235 7338 6019 8469 4201 9390
1167,7796 8612 8647 9394 9395 3086 9393 1119 9392 5248
1168,2721 4725 9397 7327 7189 5069 2338 9396 10160 10167
1169,9399 502 7432 9161 9401 9400 114 9398 3996 3214
1170,9402 7210 7611 0 10166 10155 10156 10157 10158 10159
1171,4800 5198 2632 5939 9404 9403 10162 10166 10165 10164
1172,9413 9416 9419 9417 9414 9408 9415 9406 9418 9409
1173,7748 5441 9423 10167 10155 10156 10157 10158 10159 10160
1174,1204 6919 9424 10168 10156 10157 10158 10159 10160 10161
1175,3518 145 423 0 10168 10157 10158 10159 10160 10161
1176,5630 9428 3163 7290 9427 9426 2584 10166 10165 10164
1177,6336 8404 6128 1271 9430 10166 10156 10157 10158 10159
1178,9432 9431 7086 9434 9433 0 10163 10154 10155 10156
1179,662 6682 8623 251 7816 8719 466 10162 10163 10164
1180,9438 1758 5784 9441 8550 964 9440 7462 9439 3683
1181,9445 5877 4186 1686 6649 6394 3814 2867 7542 9446
1182,9447 9448 1281 5292 4071 0 10166 10157 10158 10159
1183,9453 9450 9454 9452 9455 7167 8359 9449 9451 8358
1184,6343 4940 8219 409 2750 4789 6826 6020 8705 10165
1185,149 165 169 10168 10157 10158 10159 10160 10161 10162
1186,7832 9458 4950 1476 2748 4221 9457 6955 3704 1763
1187,9460 0 10168 10156 10157 10158 10159 10160 10161 10162
1188,9462 9461 929 3589 4722 9465 9464 5110 8071 8069
1189,209 5893 7291 1231 9478 1868 6346 3767 3792 4220
1190,436 9486 2240 4286 6574 8851 516 2225 9485 9484
1191,4894 4988 3744 3186 338 9495 4717 9494 4922 6302
1192,4899 3836 3237 3524 9499 4905 4901 2696 1164 7496
1193,9500 9507 861 9503 4786 4788 7570 563 9509 7668
1194,2415 9510 1878 10166 10155 10156 10157 10158 10159 10160
1195,5493 6699 1810 8137 4378 0 10155 10157 10158 10159
1196,9512 0 10153 10155 10156 10157 10158 10159 10160 10161
1197,9514 9515 9513 9516 2981 10157 10158 10159 10160 10161
1198,1467 9517 5283 0 10166 10155 10156 10157 10158 10159
1199,9270 2828 9523 9526 8458 9525 9524 2199 9522 9521
1200,2062 5079 2468 4231 1967 5162 8764 1643 9390 6954
1201,7336 3945 1491 9532 8604 146 1196 1206 5663 9531
1202,6129 9533 2243 0 10167 10156 10157 10158 10159 10160
1203,3083 1145 1721 9536 1007 402 5843 9534 9539 1136
1204,3191 796 775 0 10168 10158 10159 10160 10161 10162
1205,8675 2281 6952 6235 50 5604 10158 10159 10160 10161
1206,5287 7910 4551 9543 9542 431 3261 10168 10167 10166
1207,3213 4502 871 9546 9545 1869 8417 3119 10164 10169
1208,9549 9553 2879 3415 9552 9551 3774 9550 8268 1475
1209,1115 4700 3894 9555 0 10167 10158 10159 10160 10161
1210,9559 4594 9560 4642 4644 9558 10161 10160 10169 10159
1211,8943 9564 8485 9563 3811 2707 6343 7289 4789 8716
1212,9566 9575 9574 3821 887 4253 1519 3576 3223 1219
1213,4605 4693 5689 1153 0 10158 10159 10160 10161 10162
1214,139 2309 2764 0 10166 10156 10157 10158 10159 10160
1215,9579 5415 1384 9583 5830 160 851 4004 2597 9587
1216,2560 4228 4769 2240 2234 2199 455 7348 9592 3043
1217,9594 5286 9593 7515 10167 10156 10157 10158 10159 10160
1218,9595 4341 150 125 4910 2963 5809 10160 10159 10161
1219,9596 9600 9598 9441 9483 6384 8984 9599 9495 424
1220,9605 2276 3811 6684 5727 9604 2736 5540 9603 39
1221,8259 9607 5461 8497 9510 0 10158 10159 10160 10161
1222,3762 230 1236 1235 6019 3862 0 10168 10167 10166
1223,9610 9611 7046 5664 9509 10166 10157 10158 10159 10160
1224,5949 540 1422 9612 2708 0 10163 10165 10164 10161
1225,611 1806 9616 9092 661 6522 5187 9618 2139 7439
1226,9621 7515 9623 7619 1508 277 6639 453 9150 9622
1227,4139 395 9624 6555 7091 9626 396 5848 2733 9625
1228,5840 9630 6807 9636 9635 9638 8267 9634 9632 9631
1229,1281 3109 1943 4972 9648 5423 1237 3351 5342 10175
1230,3825 9649 10153 10155 10156 10157 10158 10159 10160 10161
1231,6262 7567 9650 10155 10156 10157 10158 10159 10160 10161
1232,8290 8992 3811 9162 9561 9653 9652 7936 9651 3875
1233,3672 1707 4169 7689 9656 5664 586 9655 1852 10176
1234,1071 8396 5934 0 10163 10167 10166 10165 10164 10162
1235,9658 4523 9470 9657 585 5174 0 10163 10166 10165
1236,7260 7945 9661 7943 7543 6854 5156 8372 0 10165
1237,9662 9664 1723 5671 9665 8165 2375 4693 9663 7064
1238,9667 9668 0 10155 10157 10158 10159 10160 10161 10162
1239,9671 9673 9670 5526 2244 7289 6578 4320 9674 9672
1240,2864 6646 8550 1460 5246 9682 10165 10164 10163 10162
1241,5784 3028 8199 10168 10157 10158 10159 10160 10161 10162
1242,9684 49 7176 9340 6651 9686 9685 2111 976 4322
1243,5764 9694 9693 9692 340 3507 9691 9690 2144 10169
1244,5219 8063 9696 9695 3538 5950 3963 10159 10160 10161
1245,6616 1896 6949 4019 0 10166 10165 10164 10163 10162
1246,2397 9202 2899 8474 9698 17 8128 10160 10161 10162
1247,9700 4443 9705 8371 2306 508 9066 8816 4220 5512
1248,1341 621 7624 3070 5907 620 389 606 4455 9715
1249,195 7995 6997 8304 139 2762 10158 10159 10160 10161
1250,9189 9718 9717 9716 9550 2910 10162 10163 10164 10172
1251,6791 9719 8668 0 10168 10157 10158 10159 10160 10161
1252,9720 9731 9730 9728 9727 9726 9729 9725 9721 9723
1253,4133 9745 9750 6809 6806 3415 9746 1158 9747 4135
1254,9763 9760 9761 1909 9482 9762 9759 10163 10164 10162
1255,9764 9768 7230 2200 476 9775 5096 9774 3833 2614
1256,924 9779 3811 9778 9777 3153 10161 10160 10159 10170
1257,9781 9587 9780 2516 7732 3598 10160 10161 10162 10163
1258,9787 9785 9784 9783 9782 9788 9786 9552 245 10164
1259,9109 3318 2484 10168 10156 10157 10158 10159 10160 10161
1260,8375 7525 10182 10155 10156 10157 10158 10159 10160 10161
1261,9790 7748 641 10155 10157 10158 10159 10160 10161 10162
1262,9794 404 9793 9792 9791 0 10166 10157 10158 10159
1263,9798 9797 9796 0 10167 10157 10158 10159 10160 10161
1264,3657 5279 823 4503 66 9258 60 8512 9800 7926
1265,6251 7934 5157 9807 9806 8036 6162 6253 8144 3671
1266,854 9811 5755 7239 760 10166 10165 10164 0 10168
1267,2613 8212 9426 9814 9813 1129 2612 5629 6099 2746
1268,6304 46 4984 7989 10156 10157 10158 10159 10160 10161
1269,131 3457 5023 9821 9820 9819 9818 4164 3772 4403
1270,9826 230 3859 2420 9825 3651 9824 1467 4274 4275
1271,8613 4124 9830 9829 9828 10131 10170 10161 10162 10163
1272,7260 6089 7575 613 7977 4455 3220 8515 777 9338
1273,6566 9845 9844 9847 8657 7851 9843 573 9846 9072
1274,3602 3909 7310 611 9849 0 10168 10159 10160 10161
1275,4036 7427 2869 6446 6447 1011 9750 9852 1719 7057
1276,9855 9856 0 10167 10157 10158 10159 10160 10161 10162
1277,9865 9864 9863 9867 9858 9860 9861 9859 9862 9874
1278,9876 3584 3024 9877 486 7336 3153 3031 193 8665
1279,5667 1145 1136 0 10169 10158 10159 10160 10161 10162
1280,7279 3303 1736 9561 2416 2336 5948 9878 8753 10135
1281,9880 961 9879 8239 966 938 10166 10165 10164 10163
1282,1399 3287 3868 10169 10158 10159 10160 10161 10162 10163
1283,971 3581 6802 9881 7282 9122 319 10163 10165 10164
1284,476 5091 7569 8520 8762 9885 3699 1685 894 9268
1285,685 790 4233 0 10169 10158 10159 10160 10161 10162
1286,7327 1160 4326 3444 9875 3678 7422 9887 6912 5038
1287,2323 2216 8458 9343 1540 1440 6870 5035 457 2675
1288,9890 9891 9414 0 10160 10165 10164 10163 10162 10161
1289,9895 9894 9220 9893 4576 9892 10161 10165 10164 10163
1290,5070 383 3044 3043 5275 4865 2270 5132 3959 10159
1291,181 1373 1018 3159 2527 9903 5191 9900 9899 6889
1292,3749 9934 314 659 5940 9933 8599 2597 8305 10177
1293,27 128 31 30 323 1239 10167 10158 10159 10160
1294,9942 765 4298 8258 700 9007 6529 6855 3620 984
1295,9948 9951 8382 9949 9952 9950 10165 10169 10168 10167
1296,9911 3160 5255 7371 5079 9953 6899 5078 10163 10164
1297,1192 5972 1516 9497 463 8931 8482 9955 8932 9954
1298,5607 6144 6525 6524 3533 5463 9956 9155 2254 10163
1299,1778 1319 6362 4606 1779 9192 1320 10178 10167 10157
1300,9957 3055 0 10168 10157 10158 10159 10160 10161 10162
1301,9960 9959 5329 9814 9958 10158 10159 10160 10161 10162
1302,5317 7472 2014 8255 2624 9962 9961 6431 1726 4574
1303,1554 9965 9964 9963 8145 10166 10156 10157 10158 10159
1304,9968 5667 1151 5129 9969 1709 9967 10166 10165 10164
1305,9970 0 10168 10157 10158 10159 10160 10161 10162 10163
1306,9971 1387 7808 5319 2923 8002 10163 10166 10165 10164
1307,4800 6093 2268 0 10165 10154 10155 10156 10157 10158
1308,9972 1164 6629 2770 10157 10158 10159 10160 10161 10162
1309,9979 6248 9458 3495 2103 7778 4380 2689 3698 6175
1310,7118 1088 5824 9993 5607 3627 9992 10177 10166 10156
1311,9924 611 0 10167 10156 10157 10158 10159 10160 10161
1312,4631 59 4585 9999 9316 7205 6982 9998 5969 9997
1313,5237 3644 10000 10167 10156 10157 10158 10159 10160 10161
1314,10003 1861 10002 5898 6772 10001 10179 10165 10164 10163
1315,10004 5214 10006 4981 9094 6200 5386 4986 10005 3756
1316,10010 10009 10008 1713 2391 5505 1607 10007 10160 10169
1317,244 10012 0 10168 10156 10157 10158 10159 10160 10161
1318,8999 2527 6890 2026 9922 46 10017 87 2146 2574
1319,5733 888 778 3098 4242 5294 10024 1811 4183 8936
1320,541 10026 10025 0 10169 10158 10159 10160 10161 10162
1321,10030 10031 6839 4802 7963 7809 5158 4225 10033 4871
1322,10035 0 10168 10156 10157 10158 10159 10160 10161 10162
1323,10038 10037 10039 10036 10180 10166 10182 10181 10157 10158
1324,8808 5193 2816 0 10169 10158 10159 10160 10161 10162
1325,10044 2655 4023 3853 10043 10042 0 10158 10160 10161
1326,3963 2763 10045 8622 2457 3732 7496 10164 10166 10165
1327,10047 10048 10046 10049 2288 10052 10051 563 10050 5174
1328,10058 3651 10057 9896 4834 10056 7687 10163 10164 10162
1329,10060 4772 10061 0 10162 10167 10166 10165 10164 10163
1330,4837 10063 10062 248 419 7209 0 10164 10167 10166
1331,6684 3627 1491 298 3023 7385 10065 2319 3256 6686
1332,2754 1202 4818 10066 2758 1192 9562 0 10164 10167
1333,10073 10070 10075 8541 8540 9437 10074 3442 7096 8645
1334,10077 3551 10076 7282 0 10167 10157 10158 10159 10160
1335,10083 10081 10080 10084 7227 10082 8276 2662 10079 8812
1336,10091 1136 670 7094 10088 5686 672 10089 671 10090
1337,3210 7043 10092 0 10167 10157 10158 10159 10160 10161
1338,264 1556 4023 1263 10167 10156 10157 10158 10159 10160
1339,9427 5163 5089 881 1850 10176 10175 10155 10156 10157
1340,7627 923 8514 10093 342 10168 10158 10159 10160 10161
1341,2657 10094 1250 7347 8224 0 10168 10159 10160 10161
1342,10095 6280 10151 10153 10154 10155 10156 10157 10158 10159
1343,8808 4056 0 10168 10156 10157 10158 10159 10160 10161
1344,6364 7098 7059 10099 10098 10097 10096 7099 6706 10163
1345,10101 5192 10154 10156 10157 10158 10159 10160 10161 10162
1346,199 4365 7402 345 0 10167 10157 10158 10159 10160
1347,5126 10111 10110 6752 9940 10103 10105 2013 861 4803
1348,8220 7083 10114 341 5960 10113 6516 3811 10112 7482
1349,101 873 3244 10179 10165 10155 10156 10157 10158 10159
1350,7651 10118 10117 2894 2908 10120 10119 1934 3425 10116
1351,10123 4966 7302 0 10168 10157 10158 10159 10160 10161
1352,10126 632 5904 10125 2324 10236 10154 10155 10156 10157
1353,10131 5570 8713 10130 7685 10129 5681 5206 10128 10127
1354,6969 2339 1396 1215 2494 10137 9669 10136 9681 5812
1355,8662 3195 865 5134 10144 8047 1451 3911 10143 10142
1356,2426 8842 10147 7410 4560 10146 9971 10154 7704 10153
1357,1489 10159 10158 0 10168 10156 10157 10160 10161 10162
1358,10160 462 510 1519 10166 8451 1449 10165 838 512
1359,2358 6177 443 1621 4355 3409 1618 1617 1622 4902
1360,6362 1319 6363 4060 4415 7427 1320 10167 10166 10165
1361,3401 8858 9924 10170 9094 10177 5186 7910 8458 4291
1362,8024 5161 10181 10166 10155 10156 10157 10158 10159 10160
1363,10182 8447 1832 6960 5054 1972 10130 10169 10160 10161
1364,7946 2256 765 10183 4574 10168 10157 10158 10159 10160
1365,10034 10185 5354 575 10184 10166 10156 10157 10158 10159
1366,10187 10186 7200 0 10166 10155 10156 10157 10158 10159
1367,8430 1857 10188 10190 2813 10189 10163 10166 10165 10164
1368,6542 1721 10191 9665 1722 2622 7093 1153 2376 7222
1369,10197 10196 10195 1365 10194 10157 10158 10159 10160 10161
1370,6707 2883 10199 7785 10198 7427 1708 10161 10162 10163
1371,10203 9978 6340 10202 10201 3605 10200 9476 0 10164
1372,10205 0 10167 10156 10157 10158 10159 10160 10161 10162
1373,10207 4330 10206 10181 10156 10157 10158 10159 10160 10161
1374,10213 9356 10212 9815 4014 9206 3420 104 2659 9510
1375,10219 10218 10217 5195 10216 1028 0 10162 10161 10160
1376,10221 0 10153 10155 10156 10157 10158 10159 10160 10161
1377,1537 10182 10223 10222 1004 9217 10179 10156 10157 10158
1378,6354 10225 10166 10154 10155 10156 10157 10158 10159 10160
1379,3303 9363 10228 10227 10178 10167 10156 10157 10158 10159
1380,10229 2989 0 10168 10156 10157 10158 10159 10160 10161
1381,2607 7960 6563 10231 3624 5950 10237 3725 10236 10235
1382,10240 8518 7939 0 10168 10157 10158 10159 10160 10161
1383,2408 4769 323 4925 8974 3419 1071 437 466 3033
1384,230 3862 10169 5634 10243 10242 10011 10170 10158 10159
1385,5047 8959 0 10166 10155 10156 10157 10158 10159 10160
1386,5819 10244 2420 7527 10184 0 10164 10163 10162 10161
1387,10245 665 0 10169 10157 10158 10159 10160 10161 10162
1388,2882 1729 1721 4407 10246 1136 1146 10166 10169 10168
1389,10247 5280 665 3523 0 10163 10166 10165 10164 10161
1390,5926 445 7701 3417 7761 9427 1535 10248 3910 10159
1391,10250 10252 10251 0 10166 10165 10164 10163 10162 10168
1392,9826 230 2982 1269 6225 10255 1253 0 10165 10168
1393,4094 7767 2247 10260 411 2274 10259 10258 10159 10160
1394,998 9924 9131 10264 198 38 6358 9367 1487 8455
1395,1611 5491 10237 2990 3718 4970 10212 4146 4147 190
1396,107 1809 6585 10266 8045 7821 10162 10165 10164 10163
1397,9546 37 5219 3984 2641 1737 6336 3539 7453 1222
1398,10271 10272 10269 7506 563 4610 2000 1404 10273 10270
1399,10275 4635 5825 122 9719 10274 3377 4993 294 2961
1400,3974 5140 6086 0 10166 10156 10157 10158 10159 10160
1401,715 9366 10277 8977 7783 10280 10279 10278 10168 10162
1402,2198 5167 1439 5731 7460 10284 4945 600 4372 10283
1403,10285 0 10167 10156 10157 10158 10159 10160 10161 10162
1404,439 209 3989 1836 3478 10142 7799 10133 10128 10160
1405,10286 9823 8934 10287 10163 10168 10167 10166 10165 10164
1406,3811 755 2114 1673 10475 10168 10156 10157 10158 10159
1407,7336 8415 10289 2074 0 10168 10158 10159 10160 10161
1408,6576 8601 2105 0 10167 10157 10158 10159 10160 10161
1409,2417 7346 9283 5143 0 10165 10155 10156 10157 10158
1410,5750 1880 8480 10292 10291 10290 3214 5096 2963 0
1411,3510 8719 6617 6142 10294 1347 10158 10159 10160 10161
1412,3309 769 3120 4468 9702 4194 10295 8933 10234 10182
1413,2138 10309 9169 9706 4501 467 1456 8658 6689 10308
1414,9466 9039 1073 0 10161 10165 10164 10163 10162 10159
1415,787 7488 8959 3366 8345 4808 3190 4789 434 5618
1416,4868 865 1201 714 559 10166 10165 10164 10163 10161
1417,10315 10313 10319 10317 10316 4529 695 2215 2556 697
1418,5605 2437 4750 10323 10163 10167 10166 10165 10164 0
1419,10325 10324 10326 0 10166 10157 10158 10159 10160 10161
1420,10327 2691 1685 820 10329 10240 1833 10328 2024 3117
1421,1447 3105 764 2684 2035 10165 10169 10168 10167 10166
1422,1108 10332 7671 102 10331 6515 10330 10174 10173 10178
1423,10333 2170 872 10339 3994 7671 9504 8281 10338 10337
1424,1993 2139 2307 793 0 10168 10158 10159 10160 10161
1425,9915 10341 7263 10165 10153 10154 10155 10156 10157 10158
1426,3387 3411 0 10167 10156 10157 10158 10159 10160 10161
1427,2603 10345 717 10344 2042 10346 10343 10178 10165 10164
1428,478 774 686 466 476 5561 2309 3811 7814 1409
1429,10349 641 10353 10352 10351 10350 10354 6537 10157 10156
1430,9192 7427 6364 0 10168 10157 10158 10159 10160 10161
1431,5299 8711 5176 509 1213 3984 440 8891 10361 10360
1432,1377 4385 873 10167 10156 10157 10158 10159 10160 10161
1433,122 10364 1762 6932 4069 10363 10178 10154 10155 10156
1434,1011 6360 4141 4608 10368 9236 1357 2369 2376 10367
1435,10374 10369 10378 156 153 155 1806 3525 2358 10381
1436,8704 5011 8767 6052 10387 5507 7918 457 10386 10385
1437,971 2301 1974 2233 7737 6675 3762 8621 588 784
1438,10391 6905 7993 4911 466 9344 2237 10060 4772 2040
1439,10394 10395 10399 10392 10396 10405 7368 10404 10403 3654
1440,4057 3565 10407 8215 8216 8275 8393 2663 10161 10162
1441,10409 10408 3998 0 10167 10156 10157 10158 10159 10160
1442,10411 2823 10410 0 10166 10155 10156 10157 10158 10159
1443,5202 796 1732 7972 7503 8948 5545 10157 10158 10159
1444,10412 10413 0 10167 10156 10157 10158 10159 10160 10161
1445,10418 3117 8556 1768 10423 5062 7508 10422 10421 3201
1446,10426 10425 6504 8900 10427 7076 1714 7895 10177 10165
1447,9797 10428 0 10168 10157 10158 10159 10160 10161 10162
1448,2308 3857 4789 10168 10156 10157 10158 10159 10160 10161
1449,1055 1058 7769 8346 488 769 10430 1037 9249 6013
1450,7556 10431 0 10167 10155 10156 10157 10158 10159 10160
1451,1071 794 1986 0 10157 10158 10159 10160 10161 10162
1452,7341 9211 5178 4286 8261 10439 10438 1329 10239 765
1453,10306 7429 3916 8433 0 10163 10166 10165 10164 10161
1454,10441 8112 8335 10155 10157 10158 10159 10160 10161 10162
1455,5299 7730 2519 0 10168 10157 10158 10159 10160 10161
1456,10442 10443 10444 7888 0 10166 10157 10158 10159 10160
1457,10448 10447 10446 10154 10155 10156 10157 10158 10159 10160
1458,6372 1574 10452 9068 9314 10451 437 2130 17 20
1459,4276 7401 7253 8141 10167 10156 10157 10158 10159 10160
1460,127 133 1836 292 4127 6676 9264 2457 0 10165
1461,10455 3482 10457 5282 2438 3009 10456 10164 10163 10162
1462,4740 5911 7149 1347 5910 1601 0 10164 10163 10161
1463,1385 249 2699 0 10168 10157 10158 10159 10160 10161
1464,1112 3932 1207 2474 4906 3497 10131 10158 10159 10160
1465,469 2689 339 0 10167 10156 10157 10158 10159 10160
1466,8755 10458 6760 0 10167 10156 10157 10158 10159 10160
1467,10460 466 6314 476 2007 945 8670 1588 2920 2124
1468,2913 2221 4348 3298 10170 10159 10160 10161 10162 10163
1469,6553 10461 6363 6364 9194 6705 10180 10157 10158 10159
1470,5502 3811 1101 3300 1192 2063 5359 10177 10176 10181
1471,3016 735 10462 812 450 1217 464 1198 7238 811
1472,10466 10465 7410 10467 6670 9290 10464 10463 0 10164
1473,3014 796 1455 5551 3100 3934 10472 10471 10470 1981
1474,6360 1317 9851 10167 10156 10157 10158 10159 10160 10161
1475,132 10475 10476 10479 10013 7734 9917 742 10478 2555
1476,3069 10481 5151 0 10168 10157 10158 10159 10160 10161
1477,3055 3407 10482 10398 2519 8245 2575 10176 10175 10160
1478,8289 7414 651 3342 4485 2099 10485 10439 10484 10137
1479,3008 3007 10169 10157 10158 10159 10160 10161 10162 10163
1480,10181 6691 9706 5489 5488 7247 10487 4789 7901 5726
1481,1362 10490 9288 9782 10489 8354 10488 10167 10166 10165
1482,10491 0 10167 10155 10156 10157 10158 10159 10160 10161
1483,1306 4011 9986 8554 1102 4077 6133 1548 3337 6708
1484,10501 10505 4024 4726 10504 7673 9931 6848 5096 2362
1485,2734 6166 8837 4774 10508 10507 10160 10164 10163 10162
1486,5427 4181 3819 0 10155 10156 10157 10158 10159 10160
1487,10511 10512 10510 475 2810 3148 324 1990 10515 2118
1488,10521 10520 10518 10519 7238 1016 10294 7708 10165 10164
1489,1660 8798 10522 2428 0 10157 10158 10159 10160 10161
1490,10525 1532 10524 10523 10157 10158 10159 10160 10161 10162
1491,7369 4975 10236 3819 1517 0 10161 10165 10164 10163
1492,128 8952 794 3799 853 9355 3269 3104 6040 8717
1493,6816 10530 10529 0 10168 10157 10158 10159 10160 10161
1494,4223 1219 1235 6651 7500 4769 8447 5951 8854 10531
1495,7973 2211 2307 1206 3253 6651 3678 2938 6242 2764
1496,10533 10534 0 10169 10157 10158 10159 10160 10161 10162
1497,4426 10536 6106 10537 7297 9134 7431 2479 2206 9215
1498,1869 4815 10542 4901 1162 88 3237 0 10165 10166
1499,3624 8197 2799 5362 4831 10327 10238 8303 7189 10430
1500,8982 10355 0 10167 10155 10156 10157 10158 10159 10160
1501,10549 5568 6913 9911 9927 1493 10341 9908 1806 10342
1502,10552 9221 10237 10168 10156 10157 10158 10159 10160 10161
1503,5011 2021 7178 5815 10553 10165 10164 10163 10162 10161
1504,10555 1828 10554 4596 0 10158 10159 10160 10161 10162
1505,6362 6361 1320 0 10167 10156 10157 10158 10159 10160
1506,1467 10150 10557 5343 0 10166 10156 10157 10158 10159
1507,3946 3028 9439 1738 10559 6036 10227 10176 10175 10157
1508,2635 5364 228 10561 10560 10157 10158 10159 10160 10161
1509,10563 1443 8768 4398 4329 10562 10158 10159 10160 10166
1510,685 48 2029 1701 10565 6434 10564 4207 586 618
1511,8704 10567 9249 9075 0 10165 10155 10156 10157 10158
1512,10569 10568 10570 5871 7077 10165 10155 10156 10157 10158
1513,3601 4005 6032 1480 10572 10571 3911 10177 10156 10157
1514,4608 10577 8477 5848 5849 10578 10576 10575 10574 5451
1515,1520 9177 9296 5142 10579 0 10160 10163 10162 10161
1516,8006 10581 10580 2175 4518 2657 6771 6770 8005 10583
1517,6682 466 8719 208 413 1737 10162 10165 10164 10163
1518,9392 4513 10469 0 10166 10155 10156 10157 10158 10159
1519,4214 873 9425 5756 817 3205 10588 4256 10587 3224
1520,10590 8598 7070 10589 7066 10165 10164 10163 10162 10161
1521,1585 6649 3248 10167 10156 10157 10158 10159 10160 10161
1522,745 3742 10591 9943 0 10162 10166 10165 10164 10163
1523,10593 4795 10335 5916 2284 4381 10159 10162 10161 10160
1524,4479 5549 10594 4930 1192 149 10177 10168 10158 10159
1525,10595 7716 618 0 10155 10156 10157 10158 10159 10160
1526,10598 749 10597 9622 6086 5928 2309 769 5957 745
1527,2290 9051 846 2294 10128 10129 10155 10156 10157 10158
1528,4194 5568 7491 9389 10602 3276 3139 10163 10166 10165
1529,10604 10603 0 10169 10157 10158 10159 10160 10161 10162
1530,10606 8558 336 4978 10166 10165 10164 10163 0 10168
1531,10492 2993 0 10168 10156 10157 10158 10159 10160 10161
1532,2988 7416 3358 0 10168 10157 10158 10159 10160 10161
1533,4532 3445 0 10168 10156 10157 10158 10159 10160 10161
1534,2219 1302 4286 3472 10607 10162 10165 10164 10163 10161
1535,8546 1689 6591 7274 8925 933 10163 10167 10166 10165
1536,10609 8264 7352 10610 3838 10160 10161 10162 10168 10164
1537,10613 10612 8480 3202 336 2224 4902 928 1619 10611
1538,4037 5994 5631 163 5814 1987 230 8743 1317 663
1539,6535 1188 10621 8931 7962 4029 2699 6673 3988 1442
1540,3079 10629 10628 6804 10627 2996 10626 7215 5873 10158
1541,6625 4923 1511 578 4744 2675 10633 10632 46 922
1542,4462 7429 83 10635 3602 6694 6546 10634 5597 5864
1543,4941 10113 715 7382 10387 10638 7801 10637 9234 10166
1544,7818 10072 1317 10167 10156 10157 10158 10159 10160 10161
1545,8297 8051 5494 10639 10168 10158 10159 10160 10161 10162
1546,10640 8977 7234 0 10155 10156 10157 10158 10159 10160
1547,6364 1320 1321 2869 2375 2372 10238 10161 10165 10164
1548,7456 738 5591 4485 7314 10236 10155 10157 10158 10159
1549,9088 10642 0 10167 10156 10157 10158 10159 10160 10161
1550,10643 0 10168 10156 10157 10158 10159 10160 10161 10162
1551,10644 9521 10514 5969 2287 0 10164 10163 10162 10160
1552,10646 0 10168 10156 10157 10158 10159 10160 10161 10162
1553,3837 2411 10647 6227 4876 779 1198 6295 8945 4870
1554,2245 8802 7733 2497 2527 10651 1304 9878 2340 10650
1555,4889 10656 5753 7197 7275 122 2473 3944 7437 10665
1556,10669 2597 277 160 9560 6792 5937 9166 3772 10670
1557,9161 3309 10675 9000 2551 10674 6916 10673 8246 4342
1558,2304 10680 10679 964 203 10678 10168 10160 10161 10162
1559,10689 10687 10688 10686 3660 10685 10684 10683 10682 10690
1560,1826 6735 4414 0 10156 10157 10158 10159 10160 10161
1561,10692 10693 0 10168 10157 10158 10159 10160 10161 10162
1562,10085 10695 10694 0 10167 10157 10158 10159 10160 10161
1563,10707 2911 10708 10228 2739 7710 10305 1041 103 1658
1564,1776 2893 9968 1011 0 10168 10158 10159 10160 10161
1565,1345 10167 10155 10156 10157 10158 10159 10160 10161 10162
1566,7145 9267 970 10718 3041 4879 3613 6135 10717 456
1567,4493 9569 5893 450 1377 760 191 6854 10134 10173
1568,1076 2221 9715 3104 6905 10160 10159 10161 10162 10171
1569,10720 5776 10010 0 10160 10165 10164 10163 10162 10161
1570,9073 10721 10725 10722 10723 10724 3131 782 2134 7868
1571,1826 10199 10627 7218 4414 4134 10164 10156 10157 10158
1572,10727 8445 887 825 10729 350 794 2251 3103 3941
1573,10731 1331 10730 10156 10157 10158 10159 10160 10161 10162
1574,10734 8809 10733 0 10167 10156 10157 10158 10159 10160
1575,1161 7196 3359 3398 7316 2494 2558 2484 4716 6791
1576,1188 7353 1069 1412 10621 5500 7815 10159 10160 10161
1577,5344 8811 10741 10166 10154 10155 10156 10157 10158 10159
1578,464 10601 163 789 3195 1646 3222 3678 10743 761
1579,10745 8051 6146 10215 10120 6490 9104 10744 10164 10163
1580,7076 9538 7072 3415 8492 5835 3371 5388 3831 2482
1581,10755 8082 10032 0 10167 10156 10157 10158 10159 10160
1582,5656 1227 10757 8967 5334 6478 10756 9796 6477 2649
1583,3345 388 1750 5859 5501 6433 175 10760 4832 3354
1584,7831 2024 10762 0 10167 10156 10157 10158 10159 10160
1585,10766 10765 10764 10763 2925 10167 10166 10165 0 10169
1586,10771 10770 10773 10776 4524 10767 10314 10768 10769 9657
1587,7489 5180 10779 9789 3864 10162 10166 10165 10164 10163
1588,5779 3328 388 10167 10155 10156 10157 10158 10159 10160
1589,4998 10780 3472 3943 7490 6957 543 2675 2783 7501
1590,5361 1257 4015 4020 432 10168 10158 10159 10160 10161
1591,10782 5886 7705 8787 4359 9092 8183 1392 10784 6773
1592,1660 3637 8616 324 10789 8598 5370 10788 10787 5475
1593,8294 4827 3761 10169 10158 10159 10160 10161 10162 10163
1594,10794 10793 10791 10795 10796 10792 0 10164 10158 10159
1595,9990 3190 10797 9490 243 8937 5624 5625 6708 4077
1596,10800 10799 10801 0 10166 10157 10158 10159 10160 10161
1597,10803 10802 10805 10804 9229 10177 10163 10153 10154 10155
1598,5129 10807 1723 2881 0 10167 10157 10158 10159 10160
1599,1665 6780 7651 6165 10810 0 10163 10162 10161 10160
1600,3085 4603 5875 10169 10158 10159 10160 10161 10162 10163
1601,10814 10811 7092 10817 10816 10812 1354 1710 2370 10819
1602,10820 3055 7124 0 10168 10157 10158 10159 10160 10161
1603,4862 1219 1649 3016 702 6919 1071 796 10823 1203
1604,10826 10828 10827 10825 10830 7476 10829 6243 10155 10156
1605,4267 7144 4310 0 10166 10155 10156 10157 10158 10159
1606,8221 10836 6202 9511 10835 10834 10833 4857 2262 686
1607,611 1978 743 7299 8083 6372 46 8616 7760 2477
1608,4978 4291 6587 3419 489 3678 3614 8083 8791 4973
1609,10842 2432 2433 0 10168 10157 10158 10159 10160 10161
1610,2117 7992 26 4467 3910 10158 10159 10160 10161 10168
1611,4413 4605 7064 8164 10843 3667 1778 9192 6361 10167
1612,10845 10844 0 10167 10155 10156 10157 10158 10159 10160
1613,10848 10846 10847 0 10161 10164 10163 10162 10160 10166
1614,10850 10852 10849 10853 10851 10151 10153 10154 10155 10156
1615,8477 4599 3085 2891 10856 10854 2869 1011 10859 4039
1616,10862 5294 10861 2868 1301 8854 7987 7614 10864 9702
1617,10868 1864 10869 5914 1177 2045 10867 4462 7172 5597
1618,1447 488 10871 6576 1572 9491 8303 4817 1474 3172
1619,10874 10873 10872 0 10165 10156 10157 10158 10159 10160
1620,715 10877 8811 10876 8362 7906 10078 10790 4602 228
1621,10881 9179 9392 3811 8966 10029 6545 10161 10164 10163
1622,5801 1206 4205 10884 7245 10883 1217 9981 3738 3699
1623,2328 992 6689 10567 4821 3699 2581 2360 3619 3210
1624,9900 6889 10888 2523 9928 10503 10887 6896 10544 9921
1625,1614 1112 5046 1079 8552 3352 1014 10165 10168 10167
1626,6233 2281 10891 0 10167 10156 10157 10158 10159 10160
1627,1329 3881 1300 0 10167 10156 10157 10158 10159 10160
1628,4604 4398 0 10168 10157 10158 10159 10160 10161 10162
1629,10310 2928 7847 0 10169 10158 10159 10160 10161 10162
1630,9140 1081 8083 701 3395 10178 10165 10156 10157 10180
1631,4579 2262 495 0 10168 10157 10158 10159 10160 10161
1632,5191 6897 10896 2550 7244 10897 609 8996 6104 10895
1633,6519 8278 5043 7904 2 7685 10898 10163 10164 10170
1634,10347 287 6005 4303 10162 10166 10165 10164 10163 0
1635,7071 4605 5367 0 10167 10156 10157 10158 10159 10160
1636,10901 9814 10900 0 10157 10158 10159 10160 10161 10162
1637,9981 8879 3556 3099 10473 10902 0 10162 10166 10165
1638,8148 7628 5679 10179 10178 10155 10156 10157 10158 10159
1639,363 10905 10904 0 10167 10156 10157 10158 10159 10160
1640,4570 10438 4787 569 7855 8987 10907 10178 10166 10159
1641,287 625 3222 6836 10162 10166 10165 10164 10163 0
1642,10909 5053 8415 7920 8449 167 8836 4769 6382 4211
1643,8065 10885 3386 10139 10178 10167 10156 10157 10158 10159
1644,5576 7681 3130 3881 575 8855 4335 2457 2582 10169
1645,9407 2659 931 10912 5784 1989 10911 10161 10162 10163
1646,5660 10915 10914 8458 4949 486 1606 9131 2602 618
1647,10918 9374 10917 10916 0 10155 10157 10158 10159 10160
1648,6216 10919 4757 182 1568 4209 2766 6211 7420 7696
1649,10928 10927 10926 10925 10923 6159 6441 4967 5245 3602
1650,10934 8832 2215 1738 2459 0 10165 10164 10163 10162
1651,10937 10951 10939 10944 10942 10947 10940 10950 10938 10936
1652,2142 10549 7374 9901 5234 2500 0 10163 10166 10165
1653,3676 9992 4921 5609 3973 1079 6650 217 2328 375
1654,10964 10963 2113 0 10166 10155 10156 10157 10158 10159
1655,5453 420 2755 467 2480 5050 4493 4862 7834 10967
1656,10969 10970 10167 10154 10155 10156 10157 10158 10159 10160
1657,1387 9875 782 3984 4031 1995 10972 419 661 10163
1658,8685 0 10167 10155 10156 10157 10158 10159 10160 10161
1659,5359 8621 807 477 5170 745 9593 1479 6983 1239
1660,1884 3834 10977 10976 9342 10975 10162 10161 10160 0
1661,3050 748 6175 3699 5119 3507 10983 7145 8943 10982
1662,6640 10986 5199 5676 10166 10156 10157 10158 10159 10160
1663,8152 1153 10169 10157 10158 10159 10160 10161 10162 10163
1664,5845 4416 10627 10990 5846 10554 11000 10999 10998 10997
1665,2086 11004 11003 10167 10155 10156 10157 10158 10159 10160
1666,3635 9978 3636 0 10169 10158 10159 10160 10161 10162
1667,4753 11005 6621 11006 6623 11007 6483 10165 10164 10163
1668,811 747 3620 478 3690 7515 8943 3387 7798 10266
1669,1902 6707 10409 1684 4265 505 8451 5061 5060 9095
1670,7123 5569 0 10167 10155 10156 10157 10158 10159 10160
1671,11020 0 10168 10156 10157 10158 10159 10160 10161 10162
1672,11022 6066 3635 10167 10155 10156 10157 10158 10159 10160
1673,8962 3850 1645 1451 11023 10165 10155 10156 10157 10158
1674,1904 11026 8760 1576 4336 11027 7881 8477 1769 8168
1675,7859 10232 3241 4627 11028 10166 10165 10164 10163 10162
1676,994 4669 7643 9781 11030 2599 10161 10164 10163 10162
1677,11031 11033 5157 11032 7943 1785 4174 11034 5872 0
1678,7804 5864 10504 5246 8779 10050 4303 9305 1971 4462
1679,8690 7248 8578 922 11037 585 891 10564 3470 11036
1680,460 1407 6437 10440 3685 4015 2314 2216 10159 10160
1681,3111 6341 46 4307 2360 6383 472 2223 10166 10165
1682,5225 2457 7054 0 10168 10157 10158 10159 10160 10161
1683,1273 8266 2676 0 10158 10159 10160 10161 10162 10163
1684,11004 11039 2912 6549 9202 11038 9071 10161 10164 10163
1685,5457 9107 9705 11047 11046 9579 5802 9614 11045 5604
1686,7511 5506 978 10204 3441 1684 1424 5810 3890 7173
1687,11050 5917 632 2305 5477 10154 10155 10156 10157 10158
1688,2820 2465 11051 6386 2614 6326 11053 363 11052 1532
1689,1721 10956 3077 3782 7221 10863 6537 11057 11056 11055
1690,3055 3743 0 10168 10157 10158 10159 10160 10161 10162
1691,287 1690 1796 0 10167 10156 10157 10158 10159 10160
1692,2154 11058 11059 0 10154 10155 10156 10157 10158 10159
1693,275 4381 263 11063 0 10166 10156 10157 10158 10159
1694,11067 255 11068 11065 3821 5456 6825 6727 3720 3296
1695,1031 4031 3741 9590 4347 5056 1048 7511 6828 803
1696,3526 3311 11073 5046 7828 10158 10159 10160 10161 10162
1697,9696 5899 11075 3087 3090 7803 1267 11076 9838 1327
1698,11079 1638 736 0 10156 10157 10158 10159 10160 10161
1699,495 10884 488 0 10166 10155 10156 10157 10158 10159
1700,10716 5352 10167 10155 10156 10157 10158 10159 10160 10161
1701,4226 3314 3225 2781 3471 11080 3987 7902 879 5422
1702,11082 4645 7992 6178 8224 8434 1832 4000 10157 10164
1703,2348 9520 9130 11084 1826 3467 8191 8069 3363 7798
1704,10785 6159 1226 7474 1707 747 1036 6240 11085 3421
1705,991 5828 3348 5836 4867 0 10161 10164 10163 10162
1706,7492 8225 11089 806 4265 4187 3198 821 5798 8818
1707,5435 11091 4407 4596 10166 10156 10157 10158 10159 10160
1708,11092 6535 941 7538 611 612 10375 9 10160 10166
1709,6361 1778 4060 9192 6363 9080 1321 2371 2375 9191
1710,3544 3543 4773 0 10168 10157 10158 10159 10160 10161
1711,7118 3272 3270 3271 5740 9305 3955 2362 6872 2457
1712,926 6296 8490 0 10167 10157 10158 10159 10160 10161
1713,10149 11093 11096 11095 1997 3350 11094 10153 10154 10155
1714,6773 10746 10031 10166 10154 10155 10156 10157 10158 10159
1715,11100 10858 3003 11106 11105 8156 11103 11104 11102 3106
1716,2820 1532 11112 10179 6352 11111 11110 11109 11108 0
1717,6026 4821 423 10297 3223 3711 1959 7419 172 1450
1718,1202 3708 9561 11081 1684 736 735 1981 7505 142
1719,5139 1150 1717 0 10157 10158 10159 10160 10161 10162
1720,3866 11114 7864 10331 2277 11116 2215 7184 11115 5466
1721,2977 3997 7893 2848 0 10163 10167 10166 10165 10164
1722,9754 1721 6542 1862 8151 2869 11120 7096 7222 8160
1723,11121 10168 10156 10157 10158 10159 10160 10161 10162 10163
1724,8999 11126 9116 11125 11124 58 1367 10156 10157 10158
1725,9078 11128 0 10166 10155 10156 10157 10158 10159 10160
1726,9018 9017 11129 9470 4018 10179 10166 10156 10157 10158
1727,4222 4498 2945 2239 5294 11038 6814 9563 2242 10164
1728,8820 3048 10170 10158 10159 10160 10161 10162 10163 10164
1729,8191 3629 4011 3640 4313 10649 2336 2333 3353 1305
1730,2149 11130 3859 1313 11138 6335 9219 5544 6879 1243
1731,11143 2174 11145 2648 2644 11141 9141 10909 11144 4101
1732,6540 7980 5010 11146 10161 10166 10165 10164 10163 10162
1733,4918 5218 6304 0 10166 10155 10156 10157 10158 10159
1734,1429 2045 9712 0 10156 10157 10158 10159 10160 10161
1735,9426 3205 7364 42 2575 8623 5580 3292 7361 11148
1736,5876 2890 3843 1826 4063 1777 9194 6705 4134 10179
1737,796 3678 1646 5853 5315 1439 1446 10165 10164 10163
1738,2063 4978 3124 11150 0 10158 10159 10160 10161 10162
1739,11114 3265 0 10167 10156 10157 10158 10159 10160 10161
1740,5498 11156 8292 8460 11155 238 1682 705 3242 5934
1741,8700 5747 5746 11157 2 0 10159 10163 10162 10161
1742,169 5683 481 6910 11161 9953 2935 1051 3219 5035
1743,8638 9012 11166 6794 4645 4648 4057 4058 9350 4647
1744,4021 7867 804 5724 5144 4126 3341 7278 493 2024
1745,2043 2825 9284 3458 3321 8851 10510 10841 715 5148
1746,11176 6521 4378 0 10165 10155 10156 10157 10158 10159
1747,8229 5098 2285 0 10167 10156 10157 10158 10159 10160
1748,11180 11178 11179 10155 10156 10157 10158 10159 10160 10161
1749,11181 10114 11182 11183 913 3492 4635 9719 9121 2399
1750,3635 8818 5623 5573 10641 10607 6702 5080 10162 10168
1751,7113 3055 45 2125 1367 8999 7128 6760 11058 7134
1752,8999 11185 7121 7974 10160 10164 10163 10162 10161 0
1753,7423 6258 2980 7448 9562 10131 10132 10160 10161 10162
1754,4053 11188 2593 8100 11187 10159 10158 10157 10168 10160
1755,10273 4770 4865 10436 5140 8461 11190 2493 7869 1403
1756,4343 8197 1687 4874 11191 4571 1760 2953 10178 10181
1757,9604 3811 10976 0 10167 10156 10157 10158 10159 10160
1758,11063 4210 2718 3251 10167 10156 10157 10158 10159 10160
1759,2248 3374 7422 2779 5164 3624 6030 4014 8280 11083
1760,11210 11209 2094 9111 11208 11207 11206 11205 8903 10959
1761,11212 42 6434 0 10168 10157 10158 10159 10160 10161
1762,4587 6014 6237 1232 1017 1034 10459 6688 5018 10165
1763,457 3474 4243 4502 4241 1767 11216 893 879 2024
1764,6245 11219 11218 6537 11217 10160 10164 10163 10162 10161
1765,11223 2547 4866 4024 8391 8990 5077 8530 1446 11161
1766,11225 11224 2371 10166 10154 10155 10156 10157 10158 10159
1767,6623 11227 2438 6253 1662 1663 1126 10158 10157 10159
1768,3471 611 2739 11230 1752 3043 7698 11229 1965 2132
1769,11232 11231 0 10183 10157 10158 10159 10160 10161 10162
1770,5882 9887 11083 4767 2168 10156 10157 10158 10159 10160
1771,3022 11045 7192 2352 4778 4886 11234 3326 3316 11233
1772,794 7547 390 469 846 5483 11238 11237 4438 4288
1773,2779 8940 2100 3609 3605 0 10170 10161 10162 10163
1774,6122 11239 705 8343 7620 238 4286 1676 250 6227
1775,1684 1442 1436 7778 463 1520 2408 3285 10159 10158
1776,7804 6613 1699 11241 8788 10167 10166 10165 10164 0
1777,3160 188 11242 0 10169 10158 10159 10160 10161 10162
1778,6203 1422 6097 11244 10155 10156 10157 10158 10159 10166
1779,11247 11246 7722 1524 11210 9558 6795 7739 11245 7892
1780,11081 176 336 6198 3015 9318 8799 2586 1796 10160
1781,2011 11252 11251 0 10167 10156 10157 10158 10159 10160
1782,1742 11253 10169 10157 10158 10159 10160 10161 10162 10163
1783,7326 11255 185 4891 1371 2475 3476 11216 3109 10166
1784,1058 11256 7824 11171 9079 8275 8213 10164 10156 10157
1785,6982 1596 7527 0 10156 10157 10158 10159 10160 10161
1786,964 5079 3602 2767 3367 10359 3531 189 11258 11257
1787,3397 9885 2930 5862 705 3242 4568 11260 6563 5425
1788,11262 0 10168 10156 10157 10158 10159 10160 10161 10162
1789,11265 11034 11264 11263 1266 0 10162 10164 10163 10161
1790,5607 11268 1572 9491 11269 5051 3869 2119 133 276
1791,7215 7064 2374 2371 0 10164 10166 10165 10163 10168
1792,538 4839 4844 10168 10157 10158 10159 10160 10161 10162
1793,11271 8808 1752 0 10167 10157 10158 10159 10160 10161
1794,11273 8697 4360 6260 4229 11272 6182 3015 7545 11154
1795,1728 1731 11274 3781 8153 10163 10167 10166 10165 10164
1796,11277 11275 11276 0 10165 10156 10157 10158 10159 10160
1797,11279 11280 11278 11281 4040 9620 6790 10176 10163 10178
1798,934 914 11285 5368 11289 11288 383 11287 7408 7409
1799,3528 4777 1030 2697 5501 3358 2692 2826 10162 10163
1800,11295 11294 11293 3881 1329 4290 5148 3187 1781 11296
1801,11043 10218 10960 2747 6826 0 10161 10164 10163 10162
1802,7087 7900 3095 10158 10159 10160 10161 10162 10163 10164
1803,1434 4866 2029 7959 1604 8445 3021 3926 6166 831
1804,4780 472 6564 3335 2141 11302 3729 9693 6560 8495
1805,2288 576 11304 11303 10764 0 10163 10162 10161 10160
1806,1795 1792 1852 2627 11305 10000 0 10162 10166 10165
1807,2920 0 10169 10157 10158 10159 10160 10161 10162 10163
1808,11309 11306 11310 11314 11313 11308 4 3097 686 1213
1809,5045 6338 5864 8971 7496 8937 11317 0 10160 10162
1810,11318 11319 0 10167 10155 10156 10157 10158 10159 10160
1811,6568 11320 6681 6410 1213 1426 6280 10162 10161 10160
1812,11322 7175 11321 0 10165 10154 10155 10156 10157 10158
1813,2581 9407 10281 9112 10664 3627 3458 732 3821 10691
1814,10454 4468 467 0 10168 10157 10158 10159 10160 10161
1815,9707 7097 11326 5583 6751 2985 11327 4120 10622 4945
1816,6363 1780 1779 1321 1319 2375 4415 2996 4060 6361
1817,11353 1415 11355 11354 4871 1878 5717 10565 10172 10153
1818,9392 11359 11358 11357 908 4971 6170 6240 11356 10172
1819,416 11361 3100 4260 658 462 6035 4027 171 749
1820,4051 11363 1128 11362 3721 245 3985 9250 9570 5556
1821,8578 806 385 0 10168 10157 10158 10159 10160 10161
1822,4660 4650 11368 11367 11366 6719 8663 4892 4663 10167
1823,2741 1475 2614 0 10167 10156 10157 10158 10159 10160
1824,5080 760 4782 4226 8469 186 3700 9529 6975 11372
1825,7113 8793 11374 11378 11373 11377 8501 11376 2507 11375
1826,10627 10952 11382 11381 11000 4743 10162 10164 10163 10161
1827,10700 5477 4385 773 6191 1186 149 6365 10163 10166
1828,2688 8941 1452 7972 8619 694 3604 3122 3550 4817
1829,1315 1157 6321 2881 9645 7218 2889 5536 6360 10161
1830,11384 3945 510 7718 9094 479 4869 462 3249 778
1831,4615 4619 5537 11387 11386 4618 4622 11385 10178 10166
1832,2697 3361 3016 10424 10510 8865 5079 5766 5764 3699
1833,9825 11389 11388 10157 10158 10159 10160 10161 10162 10163
1834,11391 4302 11390 10166 10155 10156 10157 10158 10159 10160
1835,11392 6897 6005 2739 11393 10009 10168 10157 10158 10159
1836,11396 11395 712 0 10167 10156 10157 10158 10159 10160
1837,692 3771 11405 11404 11403 11402 1745 11401 1523 11400
1838,637 11409 2397 11408 6483 11407 7748 2556 11361 6085
1839,11089 4939 4765 6237 10168 10157 10158 10159 10160 10161
1840,6069 10024 11414 11413 11412 7640 11411 4709 10156 10157
1841,1596 5602 6620 0 10156 10157 10158 10159 10160 10161
1842,8117 4968 8423 10155 10157 10158 10159 10160 10161 10162
1843,3846 4328 1866 0 10155 10157 10158 10159 10160 10161
1844,6826 445 1409 3943 578 11076 9567 974 439 1387
1845,11418 1535 11112 0 10154 10155 10156 10157 10158 10159
1846,8347 7910 1083 8687 4982 10656 10181 5864 7527 7387
1847,11420 4724 0 10167 10156 10157 10158 10159 10160 10161
1848,663 9838 11076 1840 6298 3887 7528 6544 6182 7741
1849,3940 3811 1815 9956 3620 11172 3200 7826 3699 3030
1850,11423 11422 0 10167 10155 10156 10157 10158 10159 10160
1851,7362 9563 6375 836 9711 450 1279 6673 8257 9171
1852,6 11428 11268 11427 11426 11425 10160 10164 10163 10162
1853,1022 5401 2587 10168 10157 10158 10159 10160 10161 10162
1854,11432 11430 11431 11433 935 5599 10165 10164 10163 10162
1855,11435 11436 5440 1721 11439 11438 10936 9664 11437 1156
1856,7135 11442 1373 11443 11441 6254 2503 2490 7006 4437
1857,269 9404 11445 11446 5339 9165 5712 10164 10163 10162
1858,1953 6296 11447 1387 0 10165 10164 10163 10162 10167
1859,11451 7480 11457 11452 11449 11453 11450 11456 11455 11454
1860,618 287 1500 4824 11458 11460 10340 1803 1206 11462
1861,10998 8542 4461 10180 10156 10157 10158 10159 10160 10161
1862,611 11241 7052 153 3556 10290 10509 1613 10416 8572
1863,780 7339 11465 6039 5460 6237 8415 10129 10168 10158
1864,11467 2992 1621 8950 7862 1620 3638 7910 3575 6911
1865,11468 3526 4012 762 11469 3970 1809 4808 5156 6535
1866,2741 7296 2314 11470 0 10167 10157 10158 10159 10160
1867,6167 11471 1015 9805 0 10167 10157 10158 10159 10160
1868,8748 715 8201 10169 10157 10158 10159 10160 10161 10162
1869,10208 6352 1323 0 10167 10156 10157 10158 10159 10160
1870,2155 8525 2358 1443 0 10166 10165 10164 10163 10162
1871,11473 8853 0 10182 10156 10157 10158 10159 10160 10161
1872,11474 5164 1073 1096 5491 8170 10166 10165 10164 0
1873,5197 6498 6097 10181 10155 10156 10157 10158 10159 10160
1874,6987 8689 8045 0 10167 10156 10157 10158 10159 10160
1875,1837 1222 10323 4358 3794 3948 6547 1266 3152 4350
1876,4135 2370 2374 0 10162 10165 10164 10163 10161 10167
1877,1898 7169 11475 0 10167 10156 10157 10158 10159 10160
1878,6698 9877 11476 6528 3231 11477 3267 2077 3526 10190
1879,611 385 4720 605 11484 11483 3409 28 10283 11482
1880,212 11137 10154 10156 10157 10158 10159 10160 10161 10162
1881,1419 5461 3378 10168 10156 10157 10158 10159 10160 10161
1882,11489 11488 11487 11491 11492 10449 11078 11490 10162 10166
1883,10932 11493 0 10167 10156 10157 10158 10159 10160 10161
1884,11518 11519 11511 11508 11502 11514 11509 11517 11507 11515
1885,4416 4414 1826 0 10167 10156 10157 10158 10159 10160
1886,6380 3372 2764 0 10155 10157 10158 10159 10160 10161
1887,11524 2820 1475 0 10156 10157 10158 10159 10160 10161
1888,11525 3853 11526 9234 10166 10155 10156 10157 10158 10159
1889,4757 11527 2769 8477 1778 1011 4605 3222 4332 8291
1890,11534 7694 9939 0 10166 10156 10157 10158 10159 10160
1891,11535 0 10153 10155 10156 10157 10158 10159 10160 10161
1892,2869 3082 1826 4607 8477 11537 1318 4617 3085 11536
1893,11540 11538 11542 11541 10593 11539 10174 10164 10153 10154
1894,11543 11545 1160 11544 2480 9358 0 10165 10164 10163
1895,11546 5891 3995 11547 11548 1940 4710 6631 6626 6630
1896,9042 10174 3964 2129 0 10167 10157 10158 10159 10160
1897,11549 0 10167 10155 10156 10157 10158 10159 10160 10161
1898,11550 3622 3183 0 10169 10158 10159 10160 10161 10162
1899,11552 11553 7674 10126 10169 10157 10158 10159 10160 10161
1900,11557 152 3402 3965 1624 5132 3790 2957 2240 11560
1901,11564 8143 1665 10161 10166 10165 10164 10163 10162 0
1902,3441 2449 7828 11073 4347 4911 9293 7488 1083 10299
1903,1664 6615 5217 11568 4073 11567 6189 6623 7743 6624
1904,9519 2491 1850 715 2750 5789 3142 11569 11048 10166
1905,11573 11572 11251 11570 11571 0 10156 10157 10158 10159
1906,7495 424 4961 11574 10167 10157 10158 10159 10160 10161
1907,6381 1787 11576 8352 4031 1908 6768 1028 10164 10166
1908,7342 11577 0 10155 10156 10157 10158 10159 10160 10161
1909,10236 3820 222 4997 10163 10167 10166 10165 10164 0
1910,1746 4358 1938 2908 9652 10158 10159 10160 10161 10162
1911,3083 4413 6553 10169 10157 10158 10159 10160 10161 10162
1912,873 2763 149 10167 10156 10157 10158 10159 10160 10161
1913,11582 11580 11581 11585 11583 5680 11579 8976 11584 3720
1914,3491 9138 0 10167 10157 10158 10159 10160 10161 10162
1915,3359 3727 11588 3576 2131 0 10159 10160 10161 10162
1916,3745 2054 11589 8678 10169 10158 10159 10160 10161 10162
1917,8843 7522 409 726 9053 11591 11590 10156 10157 10158
1918,236 9817 971 323 6593 3802 10160 10161 10159 10169
1919,1883 6099 2009 10165 10154 10155 10156 10157 10158 10159
1920,11151 4553 730 0 10169 10158 10159 10160 10161 10162
1921,6171 11593 11564 6349 1110 753 10162 10164 10163 10161
1922,5777 1984 4483 3247 4196 11595 10168 10159 10160 10161
1923,11596 4838 11597 10167 10157 10158 10159 10160 10161 10162
1924,4889 4913 8350 218 10162 10166 10165 10164 10163 10161
1925,2869 11598 0 10156 10157 10158 10159 10160 10161 10162
1926,11601 11600 11602 7612 7518 7998 1877 11603 5984 3851
1927,10902 8614 204 11606 11589 2839 10168 10159 10160 10161
1928,6834 3949 1436 11609 1216 11608 4555 383 2224 4978
1929,3489 11611 11610 10169 10158 10159 10160 10161 10162 10163
1930,7702 11613 11612 11614 10168 10157 10158 10159 10160 10161
1931,11615 11618 11617 11616 9699 11619 7980 7883 11621 7976
1932,10618 3879 177 11623 9474 9478 9518 2160 5141 2527
1933,2869 5129 7079 6555 6556 9627 11625 11624 4626 10169
1934,3262 8622 8872 7923 5307 5989 28 9283 11627 4225
1935,11628 11629 0 10183 10157 10158 10159 10160 10161 10162
1936,9660 11631 11630 4451 0 10168 10158 10159 10160 10161
1937,6685 5353 8112 6520 10166 10155 10156 10157 10158 10159
1938,11633 11636 11635 11634 0 10157 10159 10160 10161 10162
1939,6345 9293 1894 1895 8515 5054 5864 1750 7378 1979
1940,11638 11640 1151 1721 1155 7218 11639 10716 10170 10164
1941,11642 1840 4700 6493 10168 10157 10158 10159 10160 10161
1942,900 779 6638 1728 10183 10169 10158 10159 10160 10161
1943,1498 880 8577 11038 9286 4939 7310 9003 4929 10177
1944,3456 6916 2545 10020 5574 9131 9709 2553 84 2124
1945,11647 7402 8142 10180 10179 10156 10157 10158 10159 10160
1946,618 10178 1099 1420 9923 742 10167 10166 10165 10164
1947,1227 11650 11648 8650 1111 6185 11649 7934 221 10161
1948,11651 1102 1306 11654 5411 3444 8494 940 3800 11653
1949,8232 7104 9591 7224 3307 4559 5435 254 3158 4531
1950,8967 5711 7165 0 10165 10154 10155 10156 10157 10158
1951,1320 6362 2874 6363 1321 9192 11624 1779 1143 4060
1952,7523 11591 11657 9611 7871 2431 9883 11656 10175 10167
1953,11659 11658 150 4887 4987 5828 2734 148 10181 10168
1954,3055 11660 7884 7885 11661 614 9314 604 2563 11030
1955,5464 11664 11663 11662 8707 8176 10161 10162 10160 10169
1956,11666 11667 11668 0 10161 10166 10165 10164 10163 10162
1957,4865 4497 2707 9221 1392 10273 4770 2519 2493 8940
1958,6980 11670 7621 10711 8047 9181 3990 9741 8433 11669
1959,11671 4255 8660 3821 278 10168 10158 10159 10160 10161
1960,11674 11565 11679 11678 11677 11675 611 11682 1060 11681
1961,4085 585 1993 4766 3746 10660 3640 5552 9922 49
1962,7880 6538 11305 11686 2800 9660 11688 11687 9395 6785
1963,8843 11690 5270 9336 3439 3832 11689 5791 751 8340
1964,6364 11691 0 10167 10156 10157 10158 10159 10160 10161
1965,8887 11693 11692 0 10167 10156 10157 10158 10159 10160
1966,11698 11697 11695 11696 11694 11195 10162 10161 10160 0
1967,466 2711 4640 4991 6960 1653 464 775 790 5509
1968,1926 11702 11701 11232 7962 11700 3781 10165 10164 10163
1969,8254 8255 11703 10167 10157 10158 10159 10160 10161 10162
1970,3127 11705 11706 1546 7483 6244 4472 5323 6580 9149
1971,2935 1393 2779 4238 4251 6851 5079 3185 6645 3916
1972,11709 4750 7105 7166 7165 2901 11710 6435 9589 2865
1973,11711 9976 7405 5898 7174 304 10167 0 10159 10160
1974,4143 5458 11713 3390 0 10167 10157 10158 10159 10160
1975,5984 7846 4854 169 8952 8473 712 4973 10163 10168
1976,11716 11715 11714 10182 10157 10158 10159 10160 10161 10162
1977,11718 5191 837 2515 378 2580 10140 2516 5959 11719
1978,11720 1660 5621 5022 0 10162 10164 10163 10161 10166
1979,6889 9903 6899 1090 281 8719 4032 8714 8972 9121
1980,9277 10166 2346 7143 7527 10167 10156 10157 10158 10159
1981,7058 10099 8443 10075 9755 11723 1828 11531 4602 11722
1982,8341 7249 10056 10161 10166 10165 10164 10163 10162 0
1983,11725 0 10168 10156 10157 10158 10159 10160 10161 10162
1984,11726 2973 0 10168 10156 10157 10158 10159 10160 10161
1985,5083 3705 11727 6029 3699 0 10165 10156 10157 10158
1986,11728 11730 7478 1809 7529 11729 0 10163 10166 10165
1987,5343 1067 6336 1014 222 1051 2318 10158 10159 10160
1988,11732 8604 3369 11238 5206 11733 6780 11731 2054 10134
1989,5386 4876 3318 3931 11734 1433 3359 10972 3827 1785
1990,2239 11736 695 689 6021 736 8699 11735 10136 10159
1991,11723 1778 9646 7404 2884 2890 2883 5448 2399 5449
1992,611 9990 7279 1440 1646 190 3532 18 1447 19
1993,11744 4563 11743 11742 3089 4562 1522 561 0 10167
1994,5155 3223 3222 3399 10378 743 2307 10663 769 1803
1995,5756 870 7421 1728 4303 424 1404 3856 1684 5730
1996,3262 11747 2221 0 10168 10158 10159 10160 10161 10162
1997,11627 5195 3262 0 10168 10157 10158 10159 10160 10161
1998,5046 9985 196 8984 1737 3734 26 3527 10181 10161
1999,6361 1778 6363 9192 1320 1321 9191 10162 10166 10165
2000,2741 1166 2614 10168 10156 10157 10158 10159 10160 10161
2001,10176 7344 6382 8365 9149 9313 698 11751 428 4419
2002,4916 5820 2629 8350 3329 8484 4887 3371 2484 7316
2003,2820 8907 11754 11753 2614 3465 11752 0 10166 10159
2004,7677 3659 7019 6483 11756 10907 11327 990 10107 9092
2005,777 2838 4080 0 10169 10158 10159 10160 10161 10162
2006,7341 9318 11759 9249 1830 6217 7915 2448 7815 1993
2007,2711 6680 11761 6008 10179 10165 10181 10156 10157 10158
2008,11764 11763 8816 0 10166 10155 10156 10157 10158 10159
2009,11766 0 10153 10155 10156 10157 10158 10159 10160 10161
2010,11767 7177 11371 3604 10166 10156 10157 10158 10159 10160
2011,1077 1015 4143 0 10167 10156 10157 10158 10159 10160
2012,11057 11768 6703 5422 1001 7065 1445 3803 5689 10858
2013,3882 1905 7389 0 10156 10157 10158 10159 10160 10161
2014,11769 7209 10153 10155 10156 10157 10158 10159 10160 10161
2015,8931 707 8470 7482 5769 9593 323 10161 10162 10169
2016,2843 11772 5244 1121 3428 1119 8021 9393 11771 9895
2017,7830 994 1191 4178 10170 7718 8622 5140 5147 0
2018,7721 11774 7985 11773 3489 9327 10165 10164 10163 10162
2019,1354 3846 1866 10843 3688 2875 1003 10159 10160 10161
2020,6847 4139 7062 1320 1778 11777 3001 10165 10164 10163
2021,350 9531 7770 10167 10156 10157 10158 10159 10160 10161
2022,9536 11778 7075 3667 9535 10163 10167 10166 10165 10164
2023,11782 5010 11783 701 7660 11781 8992 7659 11780 5676
2024,10631 1761 209 10179 10165 10155 10156 10157 10158 10180
2025,3285 11409 5716 6619 6477 5700 2699 9885 11786 8921
2026,1001 11788 3888 4136 11438 8760 8604 333 0 10163
2027,4229 1062 7037 0 10166 10155 10156 10157 10158 10159
2028,11334 11791 8178 10152 10154 10155 10156 10157 10158 10159
2029,11793 4304 6404 7269 7273 11795 986 11794 320 9846
2030,11796 7948 900 0 10166 10155 10156 10157 10158 10159
2031,4401 8541 1158 1826 4416 11797 9748 8540 9746 11801
2032,768 4031 5490 462 9046 5489 251 11803 848 5027
2033,11808 11807 11806 1141 1316 11805 4625 5449 9547 1135
2034,890 2677 3752 583 11810 2457 11809 0 10165 10166
2035,6791 2474 5220 9719 8180 122 5812 5950 5504 11813
2036,3213 11814 1617 1622 1619 1621 234 1618 235 4812
2037,5166 7488 203 4479 11815 5946 7479 4166 5733 9974
2038,2375 9968 2372 11816 0 10165 10164 10163 10162 10161
2039,794 11817 6648 4029 4226 4934 2067 11360 11818 821
2040,304 3807 11819 10167 10156 10157 10158 10159 10160 10161
2041,11726 3930 9278 1414 912 4419 1688 323 873 11820
2042,6713 8398 3150 11821 0 10163 10167 10166 10165 10164
2043,11829 9489 11825 11823 1900 11828 11827 11826 3207 3675
2044,6017 1963 4858 4188 1100 2762 10166 10165 10164 10163
2045,10347 4474 4256 3181 3811 1206 323 769 228 1728
2046,6843 5296 0 10168 10156 10157 10158 10159 10160 10161
2047,11836 4127 2558 10168 10157 10158 10159 10160 10161 10162
2048,1766 5684 9687 4310 5558 9679 3128 9688 7286 8671
2049,1007 4416 3000 1158 89 4414 10162 10163 10169 10164
2050,11841 11840 11842 11839 6510 6513 10162 10161 10160 10159
2051,5742 11844 9249 9648 6987 11843 10160 10163 10162 10161
2052,11846 11847 11845 10167 10155 10156 10157 10158 10159 10160
2053,6706 0 10168 10156 10157 10158 10159 10160 10161 10162
2054,9434 9432 0 10153 10155 10156 10157 10158 10159 10160
2055,7583 3891 2402 10948 9517 10277 10158 10159 10165 10160
2056,9808 7219 1700 1846 11849 8114 1845 6785 11848 8122
2057,6806 8513 0 10168 10157 10158 10159 10160 10161 10162
2058,10374 4747 7936 1222 11241 11574 6692 10737 10158 10159
2059,6622 10753 11852 11807 4449 1084 8551 10159 10158 10166
2060,2075 417 10317 11853 2717 1195 1388 10005 4374 10164
2061,6175 8520 10300 5418 9249 1385 8856 4007 7969 1412
2062,7531 8273 11323 3348 4427 8350 121 2477 1110 10648
2063,11854 2663 4056 0 10168 10157 10158 10159 10160 10161
2064,2000 2453 578 464 419 10161 10165 10164 10163 10162
2065,9082 1733 2099 6828 10168 10157 10158 10159 10160 10161
2066,2165 8442 11855 0 10167 10156 10157 10158 10159 10160
2067,9248 2305 1394 10181 10156 10157 10158 10159 10160 10161
2068,7260 4535 11856 0 10162 10166 10165 10164 10163 10161
2069,4332 5933 11858 10164 10168 10167 10166 10165 0 10169
2070,11860 11861 475 7776 11859 5991 9782 10164 10166 10165
2071,2826 3748 8294 1050 1280 3539 1484 1103 10762 7417
2072,11863 11866 11862 7995 3902 5076 10740 11867 8823 11865
2073,11639 9826 7934 11869 3671 0 10158 10159 10160 10161
2074,454 10308 7833 4228 495 7357 1974 4505 6380 8431
2075,8909 8910 8911 8908 8913 8912 11693 8886 5942 10164
2076,11871 11872 876 994 4965 10943 1673 7941 6074 10165
2077,6421 9565 2213 3102 7277 10339 11873 8640 2458 463
2078,4609 10752 5450 2372 10843 4036 3842 10162 10161 10167
2079,5299 7925 6466 2910 11745 10169 10159 10160 10161 10162
2080,11193 4326 1811 2781 3632 5400 7834 3248 4422 10168
2081,1050 4131 0 10167 10156 10157 10158 10159 10160 10161
2082,11875 5503 11874 0 10155 10156 10157 10158 10159 10160
2083,1263 11408 5147 10150 9283 901 8998 6916 9617 9154
2084,11878 2820 2815 11879 0 10155 10157 10158 10159 10160
2085,11606 11882 5236 5044 2806 8972 10176 10159 10158 10157
2086,7678 11884 11883 0 10167 10156 10157 10158 10159 10160
2087,7098 3882 11548 0 10168 10157 10158 10159 10160 10161
2088,7757 10605 0 10167 10156 10157 10158 10159 10160 10161
2089,2907 11888 11887 2649 11886 9942 11885 0 10164 10163
2090,2921 4787 11447 0 10168 10157 10158 10159 10160 10161
2091,10067 10068 9399 9628 10167 10156 10157 10158 10159 10160
2092,10750 1007 3667 7078 11892 1009 1145 11896 9537 7075
2093,6990 11898 5998 11899 11897 8810 10160 10165 10164 10163
2094,7519 3191 11836 3202 7901 2781 0 10159 10160 10161
2095,11465 518 2213 9619 3917 7039 5720 8601 773 10167
2096,8364 2702 3531 4147 875 1086 2357 2353 10709 6591
2097,5550 2709 6166 1647 9993 8223 10417 2701 5043 9876
2098,11900 11901 4154 10160 10165 10164 10163 10162 10161 0
2099,11902 2585 4308 6342 3458 424 2571 10564 2960 4845
2100,249 4933 8442 8083 96 4863 8918 6204 3277 2344
2101,11789 7798 11906 4323 5031 2700 10760 2809 4453 7621
2102,11908 11907 10180 10179 10154 10155 10156 10157 10158 10159
2103,3044 3043 5096 3984 8445 3749 10170 10169 10168 10167
2104,11910 717 11909 11796 11912 11911 10162 10166 10165 10164
2105,176 4501 1452 1579 11015 6369 5069 6438 1566 4157
2106,7802 7803 0 10170 10158 10159 10160 10161 10162 10163
2107,437 3599 9773 7294 2141 3403 49 11917 11916 7153
2108,1732 2781 2933 10473 10179 10167 10156 10157 10158 10159
2109,11000 10628 6805 10991 11925 11924 11340 10556 9080 11923
2110,6617 3920 6540 6909 5325 10163 10162 10161 10160 10165
2111,11929 11928 11927 300 11282 10677 236 11926 10159 10160
2112,2582 10583 1757 11930 1004 8740 4360 3681 5150 11931
2113,813 4869 1426 128 1172 824 6375 10477 1800 380
2114,11933 3109 4972 1869 7511 9037 522 227 3532 7133
2115,3574 6920 6641 1973 4030 778 1218 3100 2772 8317
2116,997 7339 2629 3147 0 10169 10159 10160 10161 10162
2117,1206 2765 10299 3850 2781 8566 9314 3705 4817 11934
2118,3556 5236 2784 6977 4227 8568 11935 11906 5278 4
2119,11421 11940 10703 11637 11875 9018 7401 7253 10132 10133
2120,7003 3135 10169 5972 4382 9002 0 10163 10164 10161
2121,4369 3825 9775 478 11944 1637 5185 11943 1633 1293
2122,7644 1118 3659 3498 10180 10167 10157 10158 10159 10160
2123,1165 2744 1533 0 10167 10156 10157 10158 10159 10160
2124,11946 1462 0 10153 10155 10156 10157 10158 10159 10160
2125,1001 1321 1320 6363 9194 2996 10157 10156 10158 10159
2126,7755 11947 3838 11948 0 10166 10157 10158 10159 10160
2127,7427 1001 1317 1011 1719 4687 11949 397 4134 2883
2128,8802 8569 5567 9924 9309 831 3372 3934 5059 1186
2129,2210 1282 8896 0 10167 10157 10158 10159 10160 10161
2130,3055 6897 3823 10170 10159 10160 10161 10162 10163 10164
2131,11754 1880 10154 10155 10156 10157 10158 10159 10160 10161
2132,1800 11956 8471 7746 0 10163 10165 10164 10162 10167
2133,3055 0 10168 10157 10158 10159 10160 10161 10162 10163
2134,5001 6908 9405 11958 6892 2506 2515 2514 10295 5233
2135,9192 4060 4687 4132 4688 1320 1780 2375 2371 10160
2136,10908 9884 3697 1200 8745 1568 8457 3556 5728 433
2137,3811 2319 1649 287 10347 10162 10165 10164 10163 10161
2138,10415 1396 6047 11960 11741 686 4441 237 4031 7482
2139,7100 656 6500 1400 0 10167 10158 10159 10160 10161
2140,1679 6226 11743 9475 2722 1680 11964 11963 11962 11961
2141,11968 7349 11969 4701 8323 11967 10131 10172 10161 10162
2142,11136 1338 120 11970 10178 10164 10154 10155 10156 10157
2143,11443 5316 1286 6893 5188 11975 8668 11974 8876 5410
2144,6332 11977 3579 383 9020 8499 386 385 102 10156
2145,2220 482 8988 3935 9274 11190 6869 6563 8445 10459
2146,8033 11978 4530 3428 6884 5788 4350 1878 1179 2289
2147,352 5822 119 3274 2610 0 10166 10165 10164 10163
2148,4219 8704 3100 4223 3555 2784 10165 10168 10167 10166
2149,11076 4586 11982 11981 5953 5851 6107 5036 6930 4579
2150,11988 4707 2886 10989 11987 7215 10165 10156 10157 10158
2151,11992 11991 11990 0 10165 10156 10157 10158 10159 10160
2152,6948 3745 4405 11727 5359 6086 188 942 6212 1577
2153,9984 11994 7823 5925 3440 12001 11999 12000 11998 11996
2154,5814 7131 5742 10540 8776 4902 7716 10157 10158 10159
2155,463 9250 2448 3250 760 323 128 163 5290 7697
2156,4457 8291 5858 1261 1260 3857 10168 10167 10166 10164
2157,12007 12006 1529 0 10164 10154 10155 10156 10157 10158
2158,1724 5447 3085 1318 0 10166 10165 10164 10163 10161
2159,12011 4968 12010 8423 12009 0 10165 10156 10157 10158
2160,12015 12014 5508 12012 6155 5085 9042 6823 2326 495
2161,9910 9802 11814 9188 11094 9203 9360 7923 10480 5135
2162,8802 10014 3570 10169 10157 10158 10159 10160 10161 10162
2163,1232 10823 1235 6519 1233 9653 12023 2024 10303 1236
2164,626 5382 12025 2979 5498 7605 12024 8928 1746 10158
2165,2721 3509 9848 4067 8898 4478 10178 10181 10160 10161
2166,11274 11648 6586 0 10167 10157 10158 10159 10160 10161
2167,12028 12027 6414 10167 10155 10156 10157 10158 10159 10160
2168,8761 9123 0 10168 10157 10158 10159 10160 10161 10162
2169,563 12029 576 0 10166 10156 10157 10158 10159 10160
2170,5791 5972 3362 4764 5580 1065 6045 787 4016 1213
2171,5299 5065 5033 473 10180 10167 10156 10157 10158 10159
2172,2314 6640 3155 10168 10156 10157 10158 10159 10160 10161
2173,4905 4901 12018 0 10167 10156 10157 10158 10159 10160
2174,5885 7987 7939 6621 12033 10166 10156 10157 10158 10159
2175,6561 1074 8246 3359 2472 12034 9181 8492 10161 10164
2176,11288 12035 6589 12036 10164 10163 10162 10161 0 10166
2177,12037 7302 0 10167 10155 10156 10157 10158 10159 10160
2178,12040 8236 12041 3859 1716 2845 7895 11839 9836 7641
2179,797 7958 787 1213 4085 10420 2456 5972 6411 803
2180,7403 4291 1766 964 7400 6648 1584 974 3683 3210
2181,12043 7833 757 6367 4857 8940 9567 2460 1963 4206
2182,3242 11075 5793 1793 8978 5426 10155 10156 10157 10158
2183,5210 7139 170 3602 1411 9703 6054 11073 12045 10157
2184,2348 12046 9675 4322 9693 10231 8557 11083 3299 6677
2185,11700 1728 7571 7379 12049 9966 12048 1713 12047 5621
2186,8858 8790 1239 2068 4183 0 10168 10159 10160 10161
2187,3471 8874 149 1806 9567 2739 118 8190 843 6967
2188,12056 0 10167 10155 10156 10157 10158 10159 10160 10161
2189,7554 7570 9479 8555 4606 12058 1724 6063 10388 5857
2190,12062 12060 1215 4553 1056 1544 12059 5049 6836 12064
2191,3009 8624 3010 7237 3380 7558 4899 4883 4882 3238
2192,11111 12070 6990 4791 0 10167 10157 10158 10159 10160
2193,12073 12075 4132 4688 12077 7074 12079 12076 12071 12072
2194,5958 2262 5957 745 1252 169 2309 0 10166 10165
2195,1629 2982 6541 12081 11375 7104 7625 12082 3861 10160
2196,12083 7002 7658 10157 10158 10159 10160 10161 10162 10163
2197,4635 4987 2495 2480 4815 5828 2136 8505 3872 4993
2198,3546 3544 10710 1737 9800 879 4398 5980 4092 3811
2199,6364 1320 2375 1778 2371 1319 6363 4413 1321 1322
2200,8709 3465 6417 0 10156 10157 10158 10159 10160 10161
2201,12085 10169 12084 10128 10129 10158 10159 10160 10161 10162
2202,11149 5712 1951 8521 3771 4385 6638 4758 437 578
2203,3152 7805 4261 7910 375 8855 3950 4788 2556 2582
2204,6844 12090 12089 12088 7782 6327 10165 10168 10167 10166
2205,10140 5281 7465 2523 56 742 7549 0 10165 10167
2206,8392 7756 7903 8215 1635 8214 8216 2662 12092 1996
2207,1184 5974 10542 8544 11113 239 12093 8617 10132 10169
2208,4002 1606 3036 6022 12023 6237 1428 6964 1232 8704
2209,11956 7173 3594 0 10168 10157 10158 10159 10160 10161
2210,5217 6470 2035 3641 4862 4981 11812 3318 88 3931
2211,5898 11029 10167 10155 10156 10157 10158 10159 10160 10161
2212,2741 3465 12098 2614 12097 2742 10166 10169 10168 10167
2213,2657 2206 8882 10168 10157 10158 10159 10160 10161 10162
2214,12100 5944 2110 5943 12099 3493 4305 5514 1421 2807
2215,8993 5036 12101 0 10168 10158 10159 10160 10161 10162
2216,12002 10759 7198 3147 8603 4076 1495 1476 10159 10158
2217,12104 8315 5328 11652 9219 681 5377 7544 191 7059
2218,9927 10676 9911 11376 4001 8557 118 117 10654 12105
2219,12112 12126 7224 12113 12122 12124 12125 12123 12120 12116
2220,9680 6873 2250 7971 4497 2245 6438 173 2237 3153
2221,8419 8493 10265 12130 627 5096 9337 2556 3823 12129
2222,104 5304 12133 46 11672 5141 3805 12132 866 5151
2223,12135 8859 1877 4410 10163 10167 10166 10165 10164 10162
2224,10151 8118 8842 10148 8228 11590 8119 12137 12136 10160
2225,7466 5237 38 3971 385 2457 10167 10158 10159 10160
2226,3887 11642 9458 10166 10155 10156 10157 10158 10159 10160
2227,4199 9527 3517 1571 3553 3048 163 7616 7287 4776
2228,12139 3814 6946 3533 12141 12140 116 11719 575 10178
2229,7507 3037 7412 6367 3186 687 10165 10168 10167 10166
2230,4941 3487 1268 0 10168 10158 10159 10160 10161 10162
2231,1705 1749 7287 3675 2447 12148 7743 11085 1721 12147
2232,10899 5687 1011 0 10167 10156 10157 10158 10159 10160
2233,9502 10408 7292 0 10166 10156 10157 10158 10159 10160
2234,11752 3143 9936 3155 331 6040 0 10163 10165 10164
2235,9548 7785 12151 5535 1779 10164 10168 10167 10166 10165
2236,12153 2698 5611 6815 2407 4318 1369 5275 9498 8349
2237,4194 3768 580 1393 10227 8799 10298 7505 11760 12021
2238,12154 4466 12158 6109 12157 12156 4695 11021 12155 4456
2239,3118 8234 7485 12162 3999 12161 10269 6540 6629 7978
2240,873 771 9259 2675 2500 5544 8189 10177 10176 10158
2241,12163 3244 8971 10155 10156 10157 10158 10159 10160 10161
2242,774 171 9620 11235 5725 12164 10163 10161 10162 10167
2243,286 9552 12165 9253 0 10168 10158 10159 10160 10161
2244,4573 831 7816 2494 4249 3316 3350 8949 4223 3831
2245,2875 7817 9751 3668 2874 0 10159 10160 10161 10162
2246,11168 12166 819 4994 3252 9196 1798 1961 3175 10165
2247,7954 4469 8190 4474 0 10168 10158 10159 10160 10161
2248,12167 7508 3317 4223 1967 778 4217 5079 4188 3477
2249,1382 770 6967 6032 10649 1447 0 10166 10165 10164
2250,12168 4478 11113 1302 10239 5466 2457 10165 10164 10163
2251,7716 3 11480 9359 12170 12169 10161 10160 10159 10168
2252,7088 4214 5047 9153 504 4635 3921 3105 3946 3289
2253,6412 9289 12171 8274 10057 10167 10166 10165 10164 10162
2254,12175 12174 5131 9365 1586 10296 10309 3710 10301 2024
2255,3296 1016 4369 5185 4297 12127 2676 11830 8404 9475
2256,3829 1936 0 10167 10156 10157 10158 10159 10160 10161
2257,7697 2448 1569 6013 7696 182 2829 4757 8441 7497
2258,12182 9350 12181 3896 9032 8102 12180 5349 8825 12179
2259,12184 4566 4564 3380 10159 10161 10162 10163 10164 10165
2260,9610 7760 1130 7306 8086 0 10167 10166 10165 10164
2261,10275 12186 4779 1295 3723 3583 6248 8557 8692 1419
2262,6620 1896 12187 639 10167 10157 10158 10159 10160 10161
2263,8475 9260 6526 8397 11330 1630 3602 8396 7544 9365
2264,2680 503 338 12193 4497 10617 11587 5455 1865 1332
2265,7953 2859 12196 4787 9438 567 2422 2421 3661 10164
2266,8280 6153 350 2354 8692 2118 6150 2637 12189 5635
2267,10953 8164 4135 7059 8824 4602 12198 5256 5119 9854
2268,11150 12202 8019 3149 9002 9356 2958 8718 3975 618
2269,12205 46 1300 10158 10159 10160 10161 10162 10163 10164
2270,9392 6531 5244 8291 11358 9393 11359 6761 5243 1124
2271,398 12211 12210 12209 6847 7077 10167 10169 10168 0
2272,889 879 775 7504 2762 10169 10159 10160 10161 10162
2273,12212 6770 7809 9823 7518 7808 6501 4309 6837 10034
2274,9702 3278 11073 0 10168 10157 10158 10159 10160 10161
2275,7896 1431 753 1124 12213 4796 11742 6621 8021 0
2276,12217 10197 12214 3439 1945 12208 1794 10194 12216 3526
2277,9651 12221 1920 3069 12218 3453 8437 371 12223 290
2278,12224 12225 8127 10183 10157 10158 10159 10160 10161 10162
2279,3709 3700 1230 3487 661 3698 1243 10166 10165 10164
2280,4302 2270 7295 5096 11915 10158 10159 10157 10167 10160
2281,12227 8231 8378 12226 3888 638 10431 0 10168 10161
2282,4130 323 10510 10182 10156 10157 10158 10159 10160 10161
2283,3191 5612 207 8953 11250 870 10164 10163 10162 0
2284,11227 10350 10349 6159 3672 7625 12228 6169 11438 10352
2285,12230 0 10167 10156 10157 10158 10159 10160 10161 10162
2286,8680 2275 8861 5922 0 10163 10166 10165 10164 10162
2287,12231 957 8795 390 9998 9581 12233 10174 1472 3642
2288,8688 263 12005 12236 7954 12235 0 10163 10162 10161
2289,12241 12240 12237 12238 12239 11225 12242 11436 11891 7785
2290,2643 2647 2646 6126 2642 10169 10159 10160 10161 10162
2291,3280 8273 1285 1760 12018 3834 8053 0 10163 10166
2292,2116 1480 11706 197 5360 10167 10157 10158 10159 10160
2293,9049 10340 9058 3910 3180 1971 7619 5769 11049 8258
2294,7411 5977 5181 3712 790 801 2460 1212 775 795
2295,1895 5255 0 10167 10155 10156 10157 10158 10159 10160
2296,12245 12053 454 7716 1649 5049 172 852 3710 6237
2297,12252 10316 6728 12251 5640 10584 716 12250 12249 12248
2298,9174 3170 10167 10156 10157 10158 10159 10160 10161 10162
2299,5688 5036 2252 9297 10134 8851 0 10163 10165 10164
2300,11641 12257 12256 1152 12255 1154 1775 12260 11436 12258
2301,188 2103 4669 1433 9569 10439 419 6423 3322 9388
2302,8980 11798 11802 12262 9746 8981 7102 7101 4138 10355
2303,6886 1116 6520 10716 12082 6539 6785 6476 8575 7651
2304,2739 3775 754 6819 10456 12265 4705 3012 9769 4696
2305,1888 1076 12267 8294 508 5863 1051 863 9975 387
2306,12268 2668 1997 10169 10158 10159 10160 10161 10162 10163
2307,11033 2830 5365 11913 6415 7249 12269 6115 4593 1336
2308,9523 10459 3749 11256 2215 5022 2357 8185 10159 10160
2309,2741 7395 11365 11112 0 10166 10156 10157 10158 10159
2310,12273 12272 9781 0 10163 10166 10165 10164 10162 10168
2311,12274 12275 0 10168 10156 10157 10158 10159 10160 10161
2312,8161 4403 4597 9751 8152 3075 1721 10168 10170 10169
2313,630 6259 0 10167 10156 10157 10158 10159 10160 10161
2314,285 9441 9601 12278 6711 2059 12176 10160 10167 10162
2315,12279 9937 3502 10634 0 10167 10157 10158 10159 10160
2316,12280 7417 461 6575 2767 4180 1192 10177 10166 10157
2317,4121 4313 12281 2405 0 10167 10157 10158 10159 10160
2318,12283 12284 0 10154 10156 10157 10158 10159 10160 10161
2319,4174 3695 3466 8950 12285 4865 3879 12097 5308 6679
2320,3739 3112 1097 0 10168 10157 10158 10159 10160 10161
2321,12290 12289 12288 0 10166 10156 10157 10158 10159 10160
2322,12294 6175 12295 7812 7813 0 10167 10158 10159 10160
2323,3319 6300 5825 7329 4986 5829 7317 2540 3378 2539
2324,2259 12297 7504 0 10167 10156 10157 10158 10159 10160
2325,12300 10971 12299 0 10154 10156 10157 10158 10159 10160
2326,45 4017 10155 10157 10158 10159 10160 10161 10162 10163
2327,12302 12301 0 10167 10157 10158 10159 10160 10161 10162
2328,9610 1130 0 10168 10157 10158 10159 10160 10161 10162
2329,2650 11701 9275 10633 3242 8373 12303 10632 10167 10160
2330,10988 4407 8982 5667 0 10166 10156 10157 10158 10159
2331,4122 2802 5096 7733 8179 4195 244 10177 10178 10157
2332,12306 5916 10219 3734 3360 12308 7515 1085 2257 8472
2333,3975 6833 7198 3945 1213 173 836 6678 2935 476
2334,8315 186 4915 0 10169 10159 10160 10161 10162 10163
2335,1742 1343 8508 12314 12313 7753 11284 12312 10587 10235
2336,4554 9891 12317 8044 12107 10258 744 12318 6063 3111
2337,9439 10308 601 8658 83 7357 3291 5512 6382 7821
2338,12320 2446 1728 640 11732 1713 7929 12047 10044 5902
2339,12322 10753 10747 10857 10166 10156 10157 10158 10159 10160
2340,6693 11115 0 10181 10155 10156 10157 10158 10159 10160
2341,3811 2703 686 769 10170 10160 10161 10162 10163 10164
2342,3067 1070 12323 0 10169 10158 10159 10160 10161 10162
2343,5420 9982 879 511 3223 5034 5067 5186 6386 5512
2344,4360 8203 1169 10180 10168 10157 10158 10159 10160 10161
2345,12326 11708 9398 6058 7946 7711 9824 10161 10164 10163
2346,10498 7088 10492 4320 0 10162 10165 10164 10163 10161
2347,3723 10572 1103 12327 2101 8339 10142 6980 10571 3766
2348,12329 12328 8712 0 10169 10158 10159 10160 10161 10162
2349,1003 2869 4134 1826 7427 7094 10088 11986 2864 7171
2350,12330 4666 0 10168 10157 10158 10159 10160 10161 10162
2351,6719 4899 12331 10169 10158 10159 10160 10161 10162 10163
2352,12332 9235 12333 1011 7222 1721 7057 8541 10166 10168
2353,12335 0 10168 10156 10157 10158 10159 10160 10161 10162
2354,12336 9499 4905 3717 10678 2800 9660 10159 10160 10167
2355,9781 6908 12337 1181 2573 7727 1334 178 9282 2580
2356,6467 2273 12338 2263 12339 6303 10177 10178 10157 10158
2357,7585 12346 12344 12342 5391 7299 2315 12345 11597 5293
2358,3242 4569 4045 5730 7267 5609 605 11484 2923 631
2359,12347 4841 9531 9181 10661 0 10163 10166 10165 10164
2360,12350 11910 4139 9625 10069 10068 12349 2373 11989 8848
2361,9806 12352 9103 10337 10122 5897 12351 4964 10785 11032
2362,5595 4349 2779 6044 4238 3708 4004 2774 4235 10168
2363,12355 12356 12357 11523 11342 0 10155 10157 10158 10159
2364,3634 12360 10984 696 7287 4083 4888 6190 6086 1854
2365,11090 12361 4454 0 10156 10157 10158 10159 10160 10161
2366,10721 10456 1953 0 10167 10156 10157 10158 10159 10160
2367,12362 1544 9249 0 10166 10155 10156 10157 10158 10159
2368,12363 11189 1269 0 10166 10155 10156 10157 10158 10159
2369,1 12366 12365 10166 10155 10156 10157 10158 10159 10160
2370,12367 12368 12369 11847 1144 9437 9547 1136 1145 11099
2371,11960 8935 11140 8782 1284 425 9087 6700 7829 10133
2372,12159 6076 11467 3637 12373 4472 12372 7296 12371 5118
2373,1491 1402 3971 4178 322 10614 10175 10165 10157 10158
2374,5848 400 9626 8849 396 5451 1712 11800 6736 9757
2375,5686 12376 11434 9969 11351 9629 10751 4139 1136 1145
2376,4440 559 4860 3294 5152 193 12380 2256 12379 5322
2377,10381 2148 11424 11235 5961 9 10161 10164 10163 10162
2378,12063 5218 124 1288 334 9655 4805 424 4291 10419
2379,12387 12386 12009 0 10161 10165 10164 10163 10162 10159
2380,11354 1003 10565 12392 6852 10508 12391 12390 4843 12389
2381,878 1460 1206 2767 4085 1686 10100 2133 4031 3645
2382,12393 12398 12396 12397 12394 12395 12399 3967 7570 7914
2383,9686 5735 0 10153 10155 10156 10157 10158 10159 10160
2384,7806 5485 11529 7810 3889 12402 12401 12400 5706 5395
2385,8247 3948 12403 1446 3891 12405 10784 12404 12304 3346
2386,870 2157 4482 1445 1385 7194 7957 8219 7800 476
2387,5197 4465 0 10168 10157 10158 10159 10160 10161 10162
2388,11953 624 2033 8670 12406 8892 8894 3407 6329 2556
2389,7940 4068 1374 10155 10157 10158 10159 10160 10161 10162
2390,1136 3666 10088 10155 10157 10158 10159 10160 10161 10162
2391,12412 12408 12409 12416 12414 12415 12411 12413 12410 10247
2392,12419 0 10167 10156 10157 10158 10159 10160 10161 10162
2393,1997 1996 10166 10155 10156 10157 10158 10159 10160 10161
2394,11481 12420 837 5096 9349 5509 5097 10164 10166 10165
2395,2030 1216 8819 5796 10652 1613 9496 666 1250 3731
2396,10184 8887 7529 10167 10156 10157 10158 10159 10160 10161
2397,3926 5050 10357 2457 9710 10158 10159 10160 10168 10162
2398,4056 2591 1181 10168 10156 10157 10158 10159 10160 10161
2399,7614 12325 2238 7267 2254 10531 983 6786 4295 460
2400,4946 4246 9390 1685 8763 4937 3472 6920 778 9468
2401,5357 3771 3829 10166 10155 10156 10157 10158 10159 10160
2402,666 3479 7483 0 10168 10157 10158 10159 10160 10161
2403,7946 7781 1912 10181 10157 10158 10159 10160 10161 10162
2404,2614 2742 12425 0 10168 10157 10158 10159 10160 10161
2405,9033 11864 4780 11550 3313 5852 6579 6575 7290 1049
2406,1488 7958 870 1646 40 12428 9595 469 3475 2739
2407,2635 7647 2634 10560 10181 10168 10157 10158 10159 10160
2408,6703 3075 3079 3077 6362 0 10160 10161 10162 10163
2409,8349 3359 8783 1370 12430 6302 4344 5827 694 4342
2410,4766 3903 44 10155 10157 10158 10159 10160 10161 10162
2411,12432 6162 6623 0 10166 10155 10156 10157 10158 10159
2412,6877 336 797 794 11215 466 795 2707 476 5580
2413,611 4016 12436 12435 12434 8846 12433 2556 48 10163
2414,7980 11729 2286 12437 12194 0 10162 10165 10164 10163
2415,390 9609 12438 7399 1820 12327 7633 6980 11707 2761
2416,10023 11712 0 10155 10157 10158 10159 10160 10161 10162
2417,10934 7738 1698 1132 7467 11961 4398 10095 10798 11383
2418,11745 2133 9152 10217 3458 8995 10158 10159 10160 10167
2419,3862 9954 9849 0 10168 10157 10158 10159 10160 10161
2420,2405 11909 12442 2619 12445 12444 12443 12441 10164 10168
2421,686 6991 1644 8222 10652 7508 4030 10437 814 8451
2422,12456 12458 12457 12455 12454 12451 12452 12453 7318 12450
2423,12459 11145 8844 0 10167 10156 10157 10158 10159 10160
2424,6280 29 11968 7940 10165 10155 10156 10157 10158 10159
2425,12461 12460 1753 10124 10156 10157 10158 10159 10160 10161
2426,3967 738 8553 12462 1079 4902 10159 10160 10161 10162
2427,11218 6173 9826 5511 1971 11344 10129 10157 10158 10159
2428,5736 12308 12463 0 10166 10156 10157 10158 10159 10160
2429,9603 9062 10275 6336 12465 35 3222 12468 12467 867
2430,11924 796 5508 4785 0 10158 10159 10160 10161 10162
2431,4753 9225 6750 5897 11432 6477 6618 10162 10165 10164
2432,5570 12472 12471 12473 12474 8892 4838 575 4409 11410
2433,1406 2354 7045 6387 9317 4263 6316 3364 1611 8865
2434,12477 12476 12478 7477 5802 0 10164 10155 10156 10157
2435,10779 12480 12479 10447 10165 10154 10155 10156 10157 10158
2436,9072 12482 9029 2916 0 10165 10155 10156 10157 10158
2437,12484 805 2287 5179 7466 10422 10437 12483 5711 5199
2438,1305 2283 11161 876 3691 2309 12203 10163 10166 10165
2439,9295 4836 2614 0 10163 10167 10166 10165 10164 10161
2440,5299 6897 12487 2498 10662 3403 9281 661 5438 48
2441,3500 2122 3284 4027 5594 6191 6086 5603 10156 10894
2442,3491 0 10167 10156 10157 10158 10159 10160 10161 10162
2443,3283 3321 10471 10163 10167 10166 10165 10164 0 10169
2444,12492 8687 8921 10194 4696 0 10162 10165 10164 10163
2445,998 7926 2575 6914 1090 64 9282 1286 4205 10718
2446,12493 2863 6973 0 10157 10158 10159 10160 10161 10162
2447,11159 6583 6046 6044 5853 12494 9693 10176 10154 10155
2448,12496 5378 5510 10262 5297 12495 1293 10159 10165 10160
2449,12017 1444 687 3725 8473 3396 12497 10166 10165 10164
2450,12498 5878 12499 0 10166 10155 10156 10157 10158 10159
2451,6847 7077 5449 4599 6806 3674 10698 6361 10168 10167
2452,12501 11918 12510 8071 12509 2836 12508 12507 2109 6571
2453,7861 239 8659 8716 2601 7248 9667 8555 1510 9260
2454,6363 9192 1321 1319 6362 1779 1780 10130 10168 10157
2455,10761 2693 3525 5099 10159 10160 10161 10162 10163 10164
2456,8298 2439 10151 0 10169 10159 10160 10161 10162 10163
2457,7115 1755 5347 3982 10336 10642 5923 10256 618 10159
2458,11267 10963 10657 10731 529 10158 10159 10160 10161 10162
2459,4192 5475 5941 10167 10155 10156 10157 10158 10159 10160
2460,9274 323 9095 9171 10710 2922 7589 4476 375 10175
2461,7289 8068 3140 10179 10166 10156 10157 10158 10159 10180
2462,743 9911 2521 2234 2514 9315 11376 9930 547 12515
2463,11975 4255 226 0 10167 10156 10157 10158 10159 10160
2464,12521 9556 12525 4629 12263 12524 2839 12523 12522 4283
2465,12530 12529 1791 10153 10155 10156 10157 10158 10159 10160
2466,12531 4571 12532 12046 12382 356 12533 9313 8493 2428
2467,5192 4329 8811 12534 10041 8805 12500 10162 10165 10164
2468,5073 5033 3313 5072 5067 5029 0 10165 10167 10166
2469,6537 12536 2650 0 10167 10156 10157 10158 10159 10160
2470,12537 11263 12400 11636 10030 7672 3980 10467 10179 10167
2471,7390 12538 11380 5606 12540 10217 2070 12539 646 7353
2472,6575 242 478 4089 775 2252 5807 873 3135 3586
2473,4018 431 12545 10155 10156 10157 10158 10159 10160 10161
2474,1585 7233 5986 3837 2346 5237 8515 1893 2911 6263
2475,10598 4979 3911 10156 10157 10158 10159 10160 10161 10162
2476,2877 4603 12548 10156 10158 10159 10160 10161 10162 10163
2477,2902 2903 10170 10158 10159 10160 10161 10162 10163 10164
2478,9318 821 7912 3039 1452 6596 4348 4862 4238 208
2479,12550 1872 8036 9438 10166 10155 10156 10157 10158 10159
2480,11528 10073 4037 1003 12551 0 10164 10166 10165 10162
2481,12555 2414 12553 12552 3751 3529 18 16 8404 4512
2482,12558 8020 4599 961 12561 8477 9749 2891 12562 5931
2483,4417 12563 10102 5350 3156 11584 5022 12341 10061 3910
2484,10715 4832 9935 5190 2341 10266 10164 10166 10165 10162
2485,12566 2439 4065 6785 7349 12565 7351 12564 4670 11968
2486,4579 7515 5591 10652 2601 5187 2954 819 9581 391
2487,12569 12571 8741 5166 2115 9426 12570 5946 7821 10162
2488,12572 6520 0 10167 10156 10157 10158 10159 10160 10161
2489,2739 12233 8083 12573 4406 5719 10180 10167 10157 10158
2490,169 2309 685 3214 10179 10178 10158 10159 10160 10161
2491,7127 8335 9121 4878 7322 184 11814 9117 11058 5394
2492,1161 3280 4348 3727 1501 164 2470 10169 10161 10162
2493,9773 11919 49 0 10163 10167 10166 10165 10164 10162
2494,6577 3033 769 5577 8268 10168 10167 10166 10165 0
2495,8864 9743 12577 9224 8258 4449 12030 0 10165 10167
2496,11602 4560 4964 0 10168 10158 10159 10160 10161 10162
2497,1033 2737 10672 687 3662 10159 10160 10161 10162 10163
2498,11980 7968 1074 2677 2097 3317 5720 4340 12579 5832
2499,4230 504 3100 7421 3678 796 5928 794 10161 797
2500,11562 5754 611 11556 11561 152 12582 1909 9246 946
2501,6165 2705 12588 11177 3669 12587 9806 5782 6781 2438
2502,8406 4688 12589 0 10169 10158 10159 10160 10161 10162
2503,1952 9314 2448 10128 1974 5060 5054 5170 2117 694
2504,2535 12243 386 7226 7400 4295 7917 6768 5257 9519
2505,11356 12590 11796 7976 1366 5352 10155 10156 10157 10158
2506,7555 8314 0 10167 10156 10157 10158 10159 10160 10161
2507,3215 1049 10102 10180 10179 10155 10156 10157 10158 10159
2508,8443 10577 10354 8608 10740 4324 2341 3076 2616 10178
2509,484 10594 12591 0 10167 10156 10157 10158 10159 10160
2510,3750 842 7301 4453 9521 3173 3164 585 3708 6975
2511,4875 3257 10210 8427 7265 10161 10165 10164 10163 10162
2512,10966 504 8233 4262 4377 2632 1684 5725 1649 9322
2513,8687 3157 10480 6474 84 2521 9887 378 7327 12109
2514,3025 2519 2922 9607 8179 5094 3477 128 6651 2772
2515,12432 2268 3848 5023 12459 8471 10619 277 10180 10158
2516,10572 3210 2101 9391 2776 6595 8742 784 769 11216
2517,10361 11097 10133 11201 12593 9351 8080 2527 5368 4845
2518,12598 12595 12597 7715 12596 12599 12600 6589 6491 10161
2519,6761 7262 0 10166 10155 10156 10157 10158 10159 10160
2520,3558 12602 11004 8168 12601 0 10165 10164 10163 10167
2521,12605 1368 12603 8999 5368 11304 837 9119 9281 12222
2522,1446 4220 980 0 10167 10156 10157 10158 10159 10160
2523,12606 394 629 0 10167 10157 10158 10159 10160 10161
2524,739 0 10154 10156 10157 10158 10159 10160 10161 10162
2525,5533 4616 12609 4413 7057 2375 2372 11347 2379 2380
2526,12610 9528 8337 9092 5366 9618 873 2262 169 2747
2527,4470 11114 3506 12611 2839 10165 10168 10167 10166 0
2528,11378 8376 10075 10708 6981 5982 2858 11285 3900 12612
2529,12619 6140 3013 12266 10872 12618 12617 8902 5578 3869
2530,6556 4626 10461 0 10166 10156 10157 10158 10159 10160
2531,11216 635 12621 4003 12620 3577 7633 6178 127 6033
2532,848 2807 8890 2502 4929 5809 9719 422 1404 686
2533,9988 9397 9653 0 10156 10157 10158 10159 10160 10161
2534,8207 1177 6628 2894 2846 4982 12623 1837 12622 8205
2535,12625 12624 8586 0 10162 10166 10165 10164 10163 10160
2536,11306 11315 12626 10251 0 10165 10164 10163 10162 10161
2537,12630 12627 12628 9644 12629 5668 3442 7218 1726 8166
2538,611 10820 3195 9203 12633 3682 3678 1641 618 612
2539,3620 3703 9216 10505 7774 8970 667 7505 11317 1378
2540,1388 6932 4030 10225 10157 10158 10159 10160 10161 10162
2541,10652 2915 3977 4467 4557 3811 1659 7301 3501 7495
2542,2827 46 4992 2117 4775 3971 1032 1281 3108 10182
2543,12636 12635 0 10167 10155 10156 10157 10158 10159 10160
2544,8477 5536 8443 11723 1003 5871 4693 7077 10163 10165
2545,368 6218 5851 10166 10154 10155 10156 10157 10158 10159
2546,11795 2299 10201 12639 12638 12641 2302 9578 2258 6518
2547,2847 6162 6781 0 10166 10155 10156 10157 10158 10159
2548,6804 12643 12642 1779 9191 4135 4688 11892 5874 7427
2549,12649 12310 12068 5627 1883 12648 10975 12647 12181 12646
2550,2371 1778 2375 0 10165 10164 10163 10162 10161 10167
2551,4631 12409 12651 8507 6766 10979 7532 12650 10161 10163
2552,3747 8294 5063 8291 6681 1737 11396 12371 7656 8879
2553,11410 10881 4281 12654 139 10158 10157 10159 10166 10161
2554,12655 12657 670 12656 10167 10157 10158 10159 10160 10161
2555,6214 5418 5416 6056 10663 5417 0 10164 10163 10162
2556,12660 12658 12659 12664 12661 1714 10067 12663 12662 0
2557,12665 0 10167 10156 10157 10158 10159 10160 10161 10162
2558,9781 4669 4350 2200 2547 64 7370 4865 5641 383
2559,8352 6381 8935 6564 12668 7914 3336 1615 11243 1199
2560,12537 4434 12670 3884 12669 10176 10166 10157 10179 10158
2561,12671 12672 5345 0 10167 10156 10157 10158 10159 10160
2562,12674 12673 12291 0 10168 10157 10158 10159 10160 10161
2563,688 5498 637 9071 11361 0 10166 10157 10158 10159
2564,12678 12677 12676 0 10167 10156 10157 10158 10159 10160
2565,5097 5305 39 0 10167 10157 10158 10159 10160 10161
2566,12681 12679 8781 12683 10219 12682 12680 10133 10171 10160
2567,12686 12687 3603 11606 0 10168 10158 10159 10160 10161
2568,12688 121 5951 12547 9463 3978 3521 9252 7435 3586
2569,12691 12690 0 10167 10156 10157 10158 10159 10160 10161
2570,5588 1073 2033 2526 1610 9913 6013 7150 797 9603
2571,12694 6674 11773 6504 7172 11147 6525 12693 10175 10165
2572,6596 8046 3518 8763 10168 10167 10166 10165 10164 10170
2573,670 10087 10090 2869 0 10169 10159 10160 10161 10162
2574,3568 5328 2665 8213 12696 12183 8487 1958 9958 12695
2575,12312 12697 0 10168 10157 10158 10159 10160 10161 10162
2576,6211 4785 1581 0 10165 10155 10156 10157 10158 10159
2577,442 11715 9118 3380 3332 10167 10157 10158 10159 10160
2578,12699 12701 12700 6816 12704 6539 12702 12703 12707 12706
2579,3234 11465 9184 295 4823 3378 5413 7499 10164 10167
2580,1833 1835 6427 6176 7303 2457 9849 10162 10163 10167
2581,1683 12318 12709 11576 4924 0 10166 10157 10158 10159
2582,12710 2156 11370 4653 4663 611 2085 2084 2083 12711
2583,2917 7284 6521 10166 10155 10156 10157 10158 10159 10160
2584,12274 12182 8757 0 10169 10158 10159 10160 10161 10162
2585,2407 6035 700 1762 12713 6815 9219 3508 12712 10158
2586,12714 3467 2588 11843 5577 2075 1423 10157 10158 10159
2587,794 9619 10270 12716 12715 2052 2656 8948 323 10160
2588,12234 12717 575 8840 10166 10156 10157 10158 10159 10160
2589,11830 1750 1068 1484 1477 5458 2360 10162 10163 0
2590,1677 8318 12718 0 10167 10156 10157 10158 10159 10160
2591,353 7046 6085 6842 5174 12720 12719 575 10177 10176
2592,383 4759 2067 0 10167 10156 10157 10158 10159 10160
2593,12721 10726 12723 12722 7673 684 8088 12464 10160 10161
2594,11816 3084 2379 4691 2372 12732 12729 12737 7081 6364
2595,3559 3162 7276 11089 201 445 323 0 10165 10164
2596,611 3213 651 3936 10477 3682 759 10594 7238 6965
2597,4780 9480 3715 10718 3254 6348 6064 10656 10132 10168
2598,7141 5782 9826 0 10167 10156 10157 10158 10159 10160
2599,3804 8825 12740 10162 10167 10166 10165 10164 10163 0
2600,3943 3148 3909 7391 3875 4893 12741 0 10167 10166
2601,3127 10340 10234 5947 7989 545 2080 8186 10235 10166
2602,3465 2820 12745 12744 2815 12743 10260 12742 2742 10159
2603,2427 8842 9974 10156 10157 10158 10159 10160 10161 10162
2604,11147 12623 11684 8496 10180 10157 10158 10159 10160 10161
2605,9194 7065 9751 2876 12209 10162 10165 10164 10163 0
2606,12750 12751 12749 0 10163 10162 10161 10160 10159 10165
2607,7017 4953 1577 10166 10155 10156 10157 10158 10159 10160
2608,11329 10334 9702 10763 5145 7415 12752 10159 10160 10158
2609,12753 0 10167 10155 10156 10157 10158 10159 10160 10161
2610,12754 12755 11183 10154 10155 10156 10157 10158 10159 10160
2611,9663 9962 7096 9749 2886 1829 4141 2369 1355 1354
2612,7965 5477 3945 2600 489 5196 2115 5051 9481 9780
2613,336 961 967 3664 10930 12763 966 12762 12761 724
2614,3559 11130 6084 6029 797 12764 8817 12150 2957 5096
2615,3038 6553 2880 0 10169 10158 10159 10160 10161 10162
2616,5001 6957 3620 11291 1963 10909 10129 10170 10160 10161
2617,2133 5725 2469 2323 8525 10179 10167 10157 10158 10181
2618,1147 12765 9939 0 10167 10156 10157 10158 10159 10160
2619,7246 5904 12766 12085 10166 10155 10156 10157 10158 10159
2620,12769 12768 12767 9672 10177 10162 10152 10153 10154 10155
2621,1443 3036 3698 9715 1796 10158 10159 10160 10161 10162
2622,12152 7386 11324 3807 12771 9675 4084 12782 581 11609
2623,1702 7245 12784 469 3257 7310 687 10166 10165 10164
2624,4104 5280 821 825 5772 5885 10232 4627 3101 2446
2625,466 4032 7918 205 1395 8995 12002 0 10167 10166
2626,6859 4235 9050 6578 3335 2331 3458 4092 10659 589
2627,834 4257 769 830 1978 6920 10159 10160 10161 10162
2628,12788 8346 9942 12787 10204 8364 636 1868 10201 10163
2629,12791 12790 12789 5494 3937 323 696 10161 10164 10163
2630,3280 3279 2059 10169 10157 10158 10159 10160 10161 10162
2631,11792 12792 7806 4534 10162 10167 10166 10165 10164 10163
2632,6874 3275 185 8288 4880 8284 8293 4877 1296 10167
2633,1408 8878 5090 0 10167 10157 10158 10159 10160 10161
2634,9286 11813 6470 896 2561 10505 9975 2573 4920 5275
2635,2735 7955 3441 4365 2601 2164 350 3702 4483 772
2636,1823 1822 1821 10177 10163 10178 10153 10154 10155 10156
2637,11530 12798 12795 6823 12794 12799 12796 37 12801 9746
2638,2798 11138 2506 3145 4865 8607 4669 12097 9811 1621
2639,6242 687 6302 4736 9499 4638 3383 425 4218 2211
2640,7249 12805 1535 404 1166 2814 9784 4514 3465 6351
2641,12806 3415 0 10166 10155 10156 10157 10158 10159 10160
2642,5401 10781 0 10167 10156 10157 10158 10159 10160 10161
2643,12442 238 12445 12444 12808 12441 12809 11989 8152 11909
2644,6141 981 10056 10168 10156 10157 10158 10159 10160 10161
2645,3225 1646 2494 10308 10065 10307 11139 6689 6033 7245
2646,8424 11654 9226 3781 1840 3144 2748 10168 10167 10166
2647,1436 169 149 171 5942 2838 2625 651 5664 4225
2648,9525 12110 2120 37 7729 715 11374 5191 2198 10341
2649,12814 1801 8270 3680 2603 10167 10166 10165 10164 10163
2650,5151 811 12309 7931 4189 9089 7231 0 10160 10163
2651,7866 11283 12818 4843 445 2926 4045 12817 5785 10248
2652,4882 5001 323 12570 7570 2133 12163 10161 10160 10162
2653,3403 12821 11035 5096 12822 12667 12820 10880 10158 10164
2654,4185 9922 795 2521 8463 2195 6850 3513 10162 10163
2655,12524 12824 12249 12248 6619 1939 1665 1663 5157 10870
2656,6326 12825 406 0 10165 10155 10156 10157 10158 10159
2657,3055 3723 10016 2480 4897 1018 1960 3505 5734 1965
2658,4455 12039 620 0 10168 10157 10158 10159 10160 10161
2659,5218 10493 10564 46 4014 8829 10655 4437 12828 9243
2660,12232 0 10167 10155 10156 10157 10158 10159 10160 10161
2661,3510 5915 1297 10438 9656 7570 8584 10530 9504 228
2662,12829 363 10166 10154 10155 10156 10157 10158 10159 10160
2663,828 1970 8451 5089 1427 1439 2342 5315 1213 3372
2664,6926 5484 0 10168 10156 10157 10158 10159 10160 10161
2665,12834 12830 5159 12835 12833 12832 12831 10158 10152 10157
2666,662 11173 3200 10168 10157 10158 10159 10160 10161 10162
2667,2557 10174 9297 4307 10381 6970 11713 10380 2148 2205
2668,12836 0 10153 10155 10156 10157 10158 10159 10160 10161
2669,12838 12837 905 1631 431 9473 9470 10164 10166 10165
2670,2540 3329 6203 0 10167 10156 10157 10158 10159 10160
2671,12589 10099 7058 10155 10156 10157 10158 10159 10160 10161
2672,499 994 6522 6523 1551 1799 12840 10175 10165 10155
2673,954 3444 7908 12842 8761 10161 10162 10163 10164 10160
2674,12844 1873 1809 1785 11139 3943 11066 8837 7913 1993
2675,765 3811 5525 676 8483 10160 10161 10162 10163 10171
2676,12846 10219 0 10167 10155 10156 10157 10158 10159 10160
2677,12847 5038 12087 1282 5961 12320 12084 6216 1423 467
2678,11732 3446 4723 10168 10156 10157 10158 10159 10160 10161
2679,4420 12851 2832 980 12850 3280 12849 10162 10166 10165
2680,1879 2324 12852 9715 12144 1796 10156 10157 10158 10168
2681,12853 10972 4180 0 10165 10154 10155 10156 10157 10158
2682,844 11174 11427 11426 4644 5071 2897 1648 6053 10163
2683,611 12854 12856 12855 383 2135 2240 7716 5998 9321
2684,12857 0 10167 10155 10156 10157 10158 10159 10160 10161
2685,1558 9324 9323 12860 12220 12236 11862 9830 1840 12859
2686,10197 4735 10154 10156 10157 10158 10159 10160 10161 10162
2687,10506 11657 8821 7406 7674 8322 8385 2831 11143 10611
2688,4059 2666 10170 10158 10159 10160 10161 10162 10163 10164
2689,4478 10656 10823 12862 9322 10822 3354 6344 476 8067
2690,12863 4381 12864 0 10165 10154 10155 10156 10157 10158
2691,12030 5767 7527 6226 0 10166 10156 10157 10158 10159
2692,9954 8619 7382 9849 12865 5902 10162 10161 10163 10168
2693,2996 10913 5535 12866 9307 1317 1141 4035 1148 11325
2694,12869 252 11592 5205 1451 12868 3591 2638 12867 2183
2695,12871 12870 0 10165 10153 10154 10155 10156 10157 10158
2696,8611 4278 7959 2133 10240 11469 6413 10177 10166 10157
2697,12873 12591 891 8519 4022 4798 8398 10032 10159 10160
2698,1367 3083 8999 101 3991 7121 3052 3051 12877 3684
2699,5179 6089 7524 8884 12879 12878 10176 10162 10153 10154
2700,2761 7724 143 74 12042 8799 2765 3546 611 10919
2701,4137 4138 1011 4134 12883 8805 12882 10179 10164 10155
2702,4281 6294 6837 2458 12546 891 6597 1901 246 10162
2703,12885 6123 12777 12886 775 7100 167 982 146 12431
2704,12299 12887 10154 10155 10156 10157 10158 10159 10160 10161
2705,12888 1590 7168 6946 792 8233 11986 10161 10167 10163
2706,12890 12459 5886 0 10166 10155 10156 10157 10158 10159
2707,6846 0 10168 10156 10157 10158 10159 10160 10161 10162
2708,7523 11303 8842 10166 10154 10155 10156 10157 10158 10159
2709,2379 12897 8158 2378 9851 1357 1829 12894 12893 11347
2710,12898 10716 6244 2654 2995 5353 10158 10159 10160 10161
2711,8472 2661 5955 4375 3982 9199 10729 10164 10166 10165
2712,12900 3067 12899 0 10167 10157 10158 10159 10160 10161
2713,9854 8542 1354 4141 10156 10157 10158 10159 10160 10161
2714,6622 12901 3304 2706 10766 1744 10166 10165 10164 10162
2715,12902 7086 10167 10155 10156 10157 10158 10159 10160 10161
2716,7986 9517 11286 12906 12905 5430 12904 12903 10162 10163
2717,12907 4783 0 10166 10155 10156 10157 10158 10159 10160
2718,1011 6705 4134 9194 1318 5876 10157 10158 10159 10160
2719,12501 6571 5989 5299 6474 10161 10165 10164 10163 10162
2720,1668 7707 7705 12212 8958 12909 9832 6803 7706 9445
2721,7056 11778 1002 0 10167 10157 10158 10159 10160 10161
2722,4344 3398 1329 0 10168 10157 10158 10159 10160 10161
2723,2258 7131 2710 11750 11584 5022 10163 10165 10164 10161
2724,4593 12910 5819 0 10168 10157 10158 10159 10160 10161
2725,4948 5380 221 0 10168 10157 10158 10159 10160 10161
2726,11231 0 10167 10156 10157 10158 10159 10160 10161 10162
2727,5193 10041 8808 0 10167 10156 10157 10158 10159 10160
2728,12911 12480 2614 11261 10160 10165 10164 10163 10162 10161
2729,3975 6727 0 10167 10156 10157 10158 10159 10160 10161
2730,1146 1145 12913 10753 12912 12378 7554 5531 12609 10590
2731,4037 6162 9810 1939 6783 1522 1663 10164 10163 10162
2732,10178 424 5044 3364 9019 3733 7906 106 10049 2802
2733,1317 4688 4132 6811 3442 6809 1011 6323 7091 9756
2734,2141 10458 5748 8069 7153 11916 363 9125 2958 12918
2735,6839 2295 10272 10167 10156 10157 10158 10159 10160 10161
2736,9810 1662 1665 0 10167 10156 10157 10158 10159 10160
2737,2377 12920 12919 11625 10365 2378 6733 9236 10366 6553
2738,10497 12922 6300 4912 12921 3319 5825 3378 3377 5217
2739,9850 2876 1826 4416 2374 3843 10161 10162 10160 10163
2740,12923 12925 12924 2860 8032 12466 12718 7878 8318 5111
2741,1719 4138 2373 9852 10461 7067 12929 10165 10164 10163
2742,7165 11594 5714 12931 12930 10000 2984 10157 10158 10165
2743,10995 7098 1826 4414 0 10165 10155 10156 10157 10158
2744,7077 10461 6847 12933 12934 12932 12935 10163 10155 10156
2745,9203 3921 6863 2923 10167 10156 10157 10158 10159 10160
2746,1001 10508 9636 9642 10167 10156 10157 10158 10159 10160
2747,12936 3443 1011 0 10167 10156 10157 10158 10159 10160
2748,2375 12929 1719 7404 6705 4687 4134 4132 4688 4060
2749,15 14 12 13 11 0 10165 10167 10166 10164
2750,7169 10049 12873 7049 2397 10725 7691 363 3796 3613
2751,10363 6172 12937 10714 1851 11649 12352 12938 6171 8650
2752,6725 6717 0 10169 10157 10158 10159 10160 10161 10162
2753,1041 12939 11733 1116 4948 4455 231 3425 6164 7478
2754,6809 7425 10953 10179 10178 10156 10157 10158 10159 10160
2755,10318 12940 0 10166 10156 10157 10158 10159 10160 10161
2756,4807 12941 4806 0 10155 10157 10158 10159 10160 10161
2757,3076 12942 4402 3079 10858 10167 10157 10158 10159 10160
2758,12761 7655 12944 3663 12943 977 967 10162 10161 10160
2759,1322 1321 2371 4606 2375 1778 1011 8038 4401 5449
2760,4581 11833 12946 10178 10166 10155 10156 10157 10158 10159
2761,8882 4352 0 10168 10157 10158 10159 10160 10161 10162
2762,1648 11014 500 10167 10156 10157 10158 10159 10160 10161
2763,7880 12947 2439 6887 6165 7858 10156 10157 10158 10159
2764,12949 8288 2795 1544 10167 10156 10157 10158 10159 10160
2765,10569 12735 0 10166 10155 10156 10157 10158 10159 10160
2766,12955 12954 12952 12951 12960 12953 12958 12957 10448 12956
2767,2145 8996 746 5831 10168 10157 10158 10159 10160 10161
2768,12962 5177 11790 10180 9667 12961 10127 10166 10155 10156
2769,5324 8592 12963 10165 10153 10154 10155 10156 10157 10158
2770,12965 11356 1938 4358 10188 10164 10163 10162 10161 0
2771,2741 4516 1165 2742 6000 10528 0 10164 10167 10166
2772,5041 1296 5043 0 10155 10157 10158 10159 10160 10161
2773,12970 11038 12969 12968 12971 12129 12967 2663 8629 1129
2774,12973 8766 12972 9937 6516 10160 10164 10163 10162 10161
2775,8715 383 4286 1170 4404 3153 4395 10163 10167 10166
2776,4204 6070 4569 4627 3242 3241 6228 10165 10157 10158
2777,10860 12977 12976 5833 12975 3716 12974 10126 10164 10153
2778,12979 0 10167 10155 10156 10157 10158 10159 10160 10161
2779,12980 9972 6670 0 10167 10156 10157 10158 10159 10160
2780,6317 2686 1100 3110 1901 1047 9564 9048 6223 4820
2781,7519 8980 12579 12982 6397 12983 11862 6931 5889 10159
2782,11935 7400 11905 11707 12191 5397 725 11669 3577 10386
2783,9996 7532 7539 0 10167 10156 10157 10158 10159 10160
2784,4932 2284 12985 0 10166 10155 10156 10157 10158 10159
2785,4599 7366 10168 10156 10157 10158 10159 10160 10161 10162
2786,7168 12986 10011 0 10166 10155 10156 10157 10158 10159
2787,9690 11835 10264 0 10166 10156 10157 10158 10159 10160
2788,1593 6558 11142 12988 2413 10021 2440 9825 5426 4694
2789,11209 8086 12992 12165 8635 12991 1742 3795 7558 12990
2790,12994 11881 9794 5998 12426 2820 0 10165 10157 10158
2791,7456 5604 4285 10166 10155 10156 10157 10158 10159 10160
2792,8241 6971 2950 4484 9531 9185 10166 10157 10158 10159
2793,10995 7098 1709 5537 0 10166 10157 10158 10159 10160
2794,12996 4345 10155 10153 10156 10157 10158 10159 10160 10161
2795,4284 9694 5237 10167 10156 10157 10158 10159 10160 10161
2796,1916 2379 11347 2375 1860 7056 0 10164 10163 10162
2797,12677 13001 12645 9652 10845 8085 12495 13000 12999 10844
2798,1625 5879 13004 11153 12463 12479 0 10156 10157 10158
2799,2815 13007 13006 13005 405 11880 1323 10154 10155 10156
2800,3994 183 280 225 1041 5183 7369 3855 4335 10162
2801,13009 13011 13010 9015 13008 0 10179 10156 10157 10158
2802,13016 13015 13012 5415 13017 12325 3488 12347 2739 733
2803,12417 4352 6268 13018 0 10156 10157 10158 10159 10160
2804,4657 2804 13022 4645 4655 4647 4649 4648 13020 13021
2805,12383 13024 12597 5358 576 11341 13023 10163 10162 10161
2806,3097 13026 2900 12421 9588 8565 13025 10168 10167 10166
2807,13028 13027 8471 4388 13029 1123 9403 10162 10165 10164
2808,10627 3668 8982 8542 1003 3416 10753 2870 11778 5846
2809,2086 3012 5564 0 10168 10158 10159 10160 10161 10162
2810,3937 7283 4981 4049 2297 1058 10131 10156 10158 10159
2811,10289 11779 11856 8839 0 10166 10165 10164 10163 10162
2812,13032 11029 10592 10167 10155 10156 10157 10158 10159 10160
2813,13033 11155 1192 736 1091 12043 1417 7402 6116 7341
2814,8357 6525 4371 1910 5296 8613 13035 13034 5695 10131
2815,4976 12320 3222 5145 7415 1054 8249 11058 1052 6433
2816,13038 13037 10056 0 10167 10156 10157 10158 10159 10160
2817,3921 12634 7771 8556 4841 2118 7304 10160 10161 10162
2818,13039 13040 9015 0 10167 10156 10157 10158 10159 10160
2819,7886 8203 4933 3128 528 12481 9285 4504 6904 5169
2820,6376 7761 3538 9609 7458 2736 217 11476 5633 5502
2821,806 3603 1835 10183 10158 10159 10160 10161 10162 10163
2822,879 871 2764 10155 10157 10158 10159 10160 10161 10162
2823,1285 1446 96 6876 4863 198 2471 1388 1620 1622
2824,570 9921 7285 894 13042 9215 255 0 10165 10164
2825,6058 7712 3814 1176 5886 6763 11983 7251 13046 13045
2826,484 9372 324 11302 9033 9680 3552 442 11200 3946
2827,9048 10823 13048 3120 3210 9653 8672 1972 4353 1574
2828,3496 10931 1540 10583 10166 10155 10156 10157 10158 10159
2829,1354 1001 2886 2371 7063 10165 10164 10163 10162 0
2830,10367 12058 4608 7076 5872 10166 10156 10157 10158 10159
2831,7694 2821 0 10183 10157 10158 10159 10160 10161 10162
2832,9249 2079 3222 10489 10166 10165 10164 10163 0 10168
2833,4705 1406 13049 5788 10941 6507 6092 10164 10155 10156
2834,8525 13050 10168 10156 10157 10158 10159 10160 10161 10162
2835,11140 4486 10295 7387 10168 10157 10158 10159 10160 10161
2836,2667 7562 12616 10164 10169 10168 10167 10166 10165 0
2837,3262 13052 11627 2742 8892 10164 10167 10166 10165 0
2838,10820 56 11136 5097 10364 9592 8711 12287 12822 9010
2839,10072 4035 11420 10071 10073 8645 2869 0 10166 10168
2840,2014 6432 4598 4574 9853 10168 10167 10166 10165 0
2841,6938 1693 4406 11070 0 10165 10155 10156 10157 10158
2842,1584 488 4236 0 10167 10156 10157 10158 10159 10160
2843,6106 2653 2608 0 10167 10157 10158 10159 10160 10161
2844,1354 1357 6553 4138 10166 10156 10157 10158 10159 10160
2845,8808 5935 0 10168 10156 10157 10158 10159 10160 10161
2846,8488 7188 11919 2637 5522 10160 10161 10159 10162 10169
2847,12551 1859 0 10168 10156 10157 10158 10159 10160 10161
2848,3568 7825 9032 12173 10128 10157 10158 10159 10160 10161
2849,3841 13056 10591 0 10166 10156 10157 10158 10159 10160
2850,11627 12509 7675 12422 11583 10130 10131 10159 10160 10129
2851,518 2113 5460 7616 9563 13058 10160 10159 10168 10161
2852,13059 12745 0 10166 10155 10156 10157 10158 10159 10160
2853,2980 1011 13060 4604 2996 8542 10159 10160 10161 10162
2854,443 5364 970 3771 4396 3132 0 10162 10165 10164
2855,10850 260 4537 13061 2003 10832 6189 5391 10231 10235
2856,7094 6364 4134 12536 868 11333 12168 6191 5059 10158
2857,7291 12360 7837 5548 5040 1460 1198 5083 5061 9261
2858,2463 2961 4857 0 10167 10157 10158 10159 10160 10161
2859,11347 5671 4141 10365 6320 12729 12332 1011 10161 10163
2860,3437 3275 2793 2787 6136 6279 11202 11544 13064 9358
2861,10427 12684 11689 13068 12685 1554 10129 10168 10157 10158
2862,6623 6226 11592 11177 13070 2627 2166 13069 10160 10159
2863,9348 13073 13072 11472 13071 2789 10162 10164 10163 0
2864,2207 10 8711 10168 10156 10157 10158 10159 10160 10161
2865,13076 12914 13075 0 10165 10154 10155 10156 10157 10158
2866,11115 8426 5205 10154 10155 10156 10157 10158 10159 10160
2867,42 8190 794 476 1389 4 149 7340 2067 13077
2868,8443 4413 1001 6364 12644 10162 10165 10164 10163 0
2869,6579 7800 5299 10359 10168 10157 10158 10159 10160 10161
2870,13080 13079 10983 13078 12459 10175 10165 10154 10155 10156
2871,13082 11899 13081 0 10164 10163 10162 10161 10160 10166
2872,5505 507 7645 1052 13083 10178 10164 10180 10179 10155
2873,6151 6150 2101 7266 5777 0 10161 10164 10163 10162
2874,2751 8721 3115 1750 8939 10163 10166 10165 10164 0
2875,10902 3526 11474 0 10167 10157 10158 10159 10160 10161
2876,13097 13091 10697 13062 13093 13094 13090 13089 13087 13088
2877,987 13100 13099 1256 2669 11584 5022 13101 10179 10158
2878,13102 13103 13104 12521 11783 0 10166 10165 10164 10163
2879,6823 1370 3234 1371 3237 4887 4883 7558 7559 7561
2880,3941 9157 3355 5063 11088 1612 3705 2250 8293 7930
2881,7704 11656 12138 10181 10168 10156 10157 10158 10159 10160
2882,2032 9180 10729 13105 10155 10156 10157 10158 10159 10167
2883,11337 13106 5297 13107 0 10160 10163 10162 10161 10158
2884,11625 11225 11224 4145 11347 2379 10747 7056 10162 10163
2885,7206 9855 10167 10155 10156 10157 10158 10159 10160 10161
2886,13109 13110 11342 11925 13108 8518 7647 12351 9505 10159
2887,314 9934 6128 12816 1342 0 10165 10156 10157 10158
2888,8059 9655 6252 7625 7628 9650 5617 6883 7294 5934
2889,10627 7215 1771 7427 3083 10167 10157 10158 10159 10160
2890,13112 13111 11347 0 10155 10156 10157 10158 10159 10160
2891,10085 13114 8275 4718 10976 5554 10159 10160 10161 10162
2892,1017 2117 10885 10168 10156 10157 10158 10159 10160 10161
2893,11135 2112 10155 10156 10157 10158 10159 10160 10161 10162
2894,7217 12936 1773 10807 5688 9664 5531 1000 10163 10162
2895,3559 9651 8823 10169 10157 10158 10159 10160 10161 10162
2896,9967 1711 0 10182 10156 10157 10158 10159 10160 10161
2897,12520 13116 10154 10156 10157 10158 10159 10160 10161 10162
2898,8376 9901 9911 12811 5574 12517 9927 7157 6900 10165
2899,2142 10715 79 7130 7129 10157 10158 10159 10160 10168
2900,2742 11110 360 2815 2614 11788 11533 10164 10163 10162
2901,3536 1958 13118 0 10169 10158 10159 10160 10161 10162
2902,1095 4180 6648 1252 745 169 0 10167 10166 10165
2903,4249 878 11758 0 10182 10157 10158 10159 10160 10161
2904,6389 13121 9150 11129 808 1793 13123 13024 12383 13122
2905,4515 9784 8826 10168 10156 10157 10158 10159 10160 10161
2906,5405 8058 9199 5023 7408 0 10167 10158 10159 10160
2907,9409 7178 3494 5827 9182 10160 10164 10163 10162 10161
2908,2695 13125 4310 372 2989 10159 10160 10161 10162 10168
2909,2820 13127 13126 10156 10157 10158 10159 10160 10161 10162
2910,6433 17 2071 5424 0 10158 10159 10160 10161 10162
2911,11399 8766 0 10182 10156 10157 10158 10159 10160 10161
2912,10017 10486 794 3500 1798 7320 2311 618 10678 737
2913,9441 2909 13130 10168 10157 10158 10159 10160 10161 10162
2914,7855 6236 9895 10168 10156 10157 10158 10159 10160 10161
2915,3114 13132 12362 3753 4757 9343 1808 578 10162 10161
2916,4243 170 8819 5398 0 10167 10157 10158 10159 10160
2917,11586 114 10503 11070 0 10165 10155 10156 10157 10158
2918,4692 3443 7217 0 10167 10156 10157 10158 10159 10160
2919,11058 7135 739 9655 9094 1441 97 2202 2652 834
2920,7112 8999 9117 1367 3022 7325 7134 7125 7132 7135
2921,12354 527 13138 12131 12588 12363 12587 7950 1664 7629
2922,13142 13141 11763 10154 10156 10157 10158 10159 10160 10161
2923,10572 5397 11669 10571 13143 10156 10157 10158 10159 10166
2924,6871 2520 2150 0 10168 10157 10158 10159 10160 10161
2925,6429 2212 12812 9613 10168 10157 10158 10159 10160 10161
2926,7783 2017 13144 10169 10157 10158 10159 10160 10161 10162
2927,915 13145 639 0 10169 10158 10159 10160 10161 10162
2928,13158 13157 13156 13159 13155 13153 13152 13148 13149 13154
2929,13160 8646 2833 12172 10167 10156 10157 10158 10159 10160
2930,4843 7096 1947 7774 1810 4377 1064 7485 4500 7402
2931,149 13161 8573 1431 476 5508 5728 8653 10141 9063
2932,2860 12359 2293 8418 98 2067 2290 2294 4106 12801
2933,13163 13165 11439 13164 10166 10165 10164 10163 10162 0
2934,13166 9360 0 10167 10156 10157 10158 10159 10160 10161
2935,13168 10460 11957 0 10167 10156 10157 10158 10159 10160
2936,1219 795 10154 10156 10157 10158 10159 10160 10161 10162
2937,1581 13169 7829 4739 0 10167 10157 10158 10159 10160
2938,12928 12567 8968 6685 5157 12082 12927 13170 10161 10160
2939,10173 7613 10634 42 5493 10166 10157 10158 10159 10160
2940,13174 13173 10715 9214 3170 8138 13172 11963 10166 10160
2941,5917 6086 5904 6228 1677 10161 10165 10164 10163 10162
2942,2705 5196 7001 2008 10167 10157 10158 10159 10160 10161
2943,6622 10767 2985 9809 2979 10169 10159 10160 10161 10162
2944,7409 4629 13177 0 10168 10158 10159 10160 10161 10162
2945,2869 4132 4687 9194 1001 0 10168 10159 10160 10161
2946,9661 6543 5788 13178 6544 133 9807 6251 7934 6493
2947,3083 1317 1777 4688 4132 4687 13185 7427 10161 10162
2948,2371 10994 5845 4606 2372 6361 9853 2369 10161 10162
2949,12426 13189 8830 1529 4514 13188 2820 13187 13186 10159
2950,6287 8841 529 10167 10156 10157 10158 10159 10160 10161
2951,11769 12081 1179 6772 0 10167 10157 10158 10159 10160
2952,13190 6207 6206 771 3195 11479 10159 10160 10161 10162
2953,2156 8256 8041 4023 11978 1947 11622 9657 49 13192
2954,13194 13193 12231 10154 10155 10156 10157 10158 10159 10160
2955,8725 10187 13195 0 10166 10156 10157 10158 10159 10160
2956,4132 4037 1771 0 10167 10156 10157 10158 10159 10160
2957,13198 13197 368 7999 1648 13199 1347 10896 5140 12766
2958,3854 13110 2440 8784 563 1878 8529 8840 9874 9869
2959,2742 2614 5998 13202 2822 13201 1167 12007 13200 1168
2960,4139 1321 9756 4600 11225 0 10163 10165 10164 10161
2961,10118 908 62 11395 12468 6170 9682 13204 10159 10158
2962,1123 13206 9477 6171 13205 6173 1665 6183 4069 6187
2963,9837 1840 2914 3980 9835 13208 9226 1115 7949 13207
2964,7068 13209 2869 10953 6804 10991 10627 8982 5672 4135
2965,13210 12990 3412 9713 13211 3526 2700 10236 10165 10156
2966,13213 13217 5601 77 13216 5023 13215 13214 10232 10162
2967,12088 5694 13218 10167 10155 10156 10157 10158 10159 10160
2968,8381 10064 8111 10170 10158 10159 10160 10161 10162 10163
2969,13221 5199 12840 13220 10157 1983 10156 10158 10155 10159
2970,5718 4872 6012 0 10165 10164 10163 10162 10161 10160
2971,1352 7940 1753 4962 0 10182 10158 10159 10160 10161
2972,13223 8153 12334 6364 1011 10160 10159 10161 10162 10169
2973,4284 13039 13224 0 10159 10164 10163 10162 10161 10160
2974,4528 13106 0 10168 10156 10157 10158 10159 10160 10161
2975,569 13226 8319 2921 7960 4523 5652 11321 8785 6464
2976,6730 11076 1327 10168 10156 10157 10158 10159 10160 10161
2977,1317 4037 11528 7366 2869 10128 10169 10157 10158 10159
2978,13228 13227 9602 175 7913 8268 3811 17 20 8404
2979,4309 10105 5601 2418 12554 7254 10164 10163 10162 10161
2980,13229 8360 0 10167 10155 10156 10157 10158 10159 10160
2981,1679 11964 1681 0 10162 10167 10166 10165 10164 10163
2982,1331 787 10168 10156 10157 10158 10159 10160 10161 10162
2983,1719 2869 8443 11889 0 10164 10166 10165 10163 10168
2984,5688 9749 5447 0 10154 10156 10157 10158 10159 10160
2985,13230 10002 10168 10155 10156 10157 10158 10159 10160 10161
2986,13233 6351 13235 8906 1741 1532 13234 3618 12007 12006
2987,10719 7651 11533 0 10167 10156 10157 10158 10159 10160
2988,9180 13236 11266 0 10166 10155 10156 10157 10158 10159
2989,4753 11896 1939 10167 10155 10156 10157 10158 10159 10160
2990,13117 11020 6936 0 10166 10156 10157 10158 10159 10160
2991,5687 10199 5447 0 10166 10156 10157 10158 10159 10160
2992,10995 12259 7099 10182 10156 10157 10158 10159 10160 10161
2993,13241 13240 13238 13239 13237 0 10161 10152 10153 10154
2994,13243 13242 0 10152 10154 10155 10156 10157 10158 10159
2995,13245 12426 12882 13244 404 10164 10154 10155 10156 10157
2996,7102 6733 1704 9755 10167 10156 10157 10158 10159 10160
2997,1884 12997 13247 13246 10163 10152 10153 10154 10155 10156
2998,10731 4836 529 10169 10157 10158 10159 10160 10161 10162
2999,7050 10264 7929 3810 0 10167 10157 10158 10159 10160
3000,13032 10343 0 10166 10155 10156 10157 10158 10159 10160
3001,13248 12745 10525 0 10166 10155 10156 10157 10158 10159
3002,5368 954 3553 0 10156 10157 10158 10159 10160 10161
3003,11775 13250 12887 13249 9451 3490 1524 10161 10153 10154
3004,13252 13254 13255 7262 4551 13253 9395 13251 0 10163
3005,12068 5324 10086 7825 10156 10157 10158 10159 10160 10161
3006,1429 7217 1704 6363 10167 10156 10157 10158 10159 10160
3007,12480 9566 7859 0 10167 10156 10157 10158 10159 10160
3008,1225 10413 13258 0 10166 10156 10157 10158 10159 10160
3009,4284 85 10496 0 10168 10157 10158 10159 10160 10161
3010,13260 13259 3464 3463 11052 1166 10162 10164 10163 10161
3011,10973 2200 7905 10617 1081 3766 512 9349 4350 5059
3012,6890 1918 7762 7732 2529 2522 10140 1504 3597 7923
3013,625 7304 6972 3642 4292 11072 10660 13262 2139 11169
3014,6752 8272 5079 10594 4788 10240 3942 2457 13264 4220
3015,13266 1265 9998 9996 7314 7169 7171 5246 4465 6477
3016,4857 773 764 11659 5719 7717 624 4441 1404 4385
3017,241 9082 11652 10166 10155 10156 10157 10158 10159 10160
3018,3410 11474 4008 5549 8292 0 10168 10160 10161 10162
3019,7631 9849 4127 0 10154 10156 10157 10158 10159 10160
3020,1354 9753 8166 4688 4132 2869 13270 11349 9853 10165
3021,2741 13271 0 10167 10155 10156 10157 10158 10159 10160
3022,4913 2484 11115 3316 3356 5812 186 4901 119 3318
3023,683 7409 619 3630 1414 10347 10898 2427 10167 10166
3024,13277 13276 10798 10180 10179 10155 10156 10157 10158 10159
3025,9823 13280 11248 13279 12519 12527 13278 10253 10177 10168
3026,3486 13282 7015 7014 9412 10126 10167 10157 10158 10125
3027,9644 3845 5863 0 10166 10156 10157 10158 10159 10160
3028,12329 7236 529 0 10156 10157 10158 10159 10160 10161
3029,13283 0 10168 10156 10157 10158 10159 10160 10161 10162
3030,5880 10773 13284 0 10167 10156 10157 10158 10159 10160
3031,92 12437 0 10167 10156 10157 10158 10159 10160 10161
3032,5846 7404 2869 2371 2369 1357 40 10177 10156 10157
3033,4135 11405 13286 0 10165 10154 10155 10156 10157 10158
3034,7625 3421 3671 7745 0 10167 10166 10165 10164 10163
3035,486 864 781 2411 911 9046 7233 149 10132 11086
3036,11022 642 2010 0 10166 10156 10157 10158 10159 10160
3037,1724 7427 4943 4280 1775 1317 1438 4037 5667 3442
3038,13293 11266 13300 13298 529 13299 13296 13289 13291 13303
3039,10900 12480 3011 8212 3565 13306 11405 10163 10162 10161
3040,11631 13 13307 10167 10155 10156 10157 10158 10159 10160
3041,11917 9340 8621 0 10167 10166 10165 10164 10163 10169
3042,9639 11722 2891 8504 1009 2957 4605 7553 13308 10166
3043,5191 0 10168 10156 10157 10158 10159 10160 10161 10162
3044,10372 10373 155 5679 10166 10155 10156 10157 10158 10159
3045,5203 12573 8056 0 10168 10158 10159 10160 10161 10162
3046,13311 13309 25 10879 13310 10158 10162 10161 10160 10159
3047,8870 8528 10411 8728 11556 11561 5754 151 152 7685
3048,8517 6725 3400 5365 6130 0 10162 10166 10165 10164
3049,13315 10880 12820 13314 0 10165 10155 10156 10157 10158
3050,287 2067 5229 0 10168 10157 10158 10159 10160 10161
3051,2067 3405 9337 3404 71 158 8577 6114 3044 3403
3052,2959 12667 1381 2652 5186 3403 7246 7000 5786 5787
3053,12654 4839 0 10155 10156 10157 10158 10159 10160 10161
3054,8869 11111 4791 13321 5935 13320 13319 10163 10165 10164
3055,12671 12743 2814 0 10167 10156 10157 10158 10159 10160
3056,2820 13325 6350 0 10168 10157 10158 10159 10160 10161
3057,2745 12426 2364 1532 7396 4330 13326 13005 10158 10164
3058,13327 2744 4515 2742 1166 2614 7686 3465 10180 10179
3059,13234 6993 13328 1532 11897 10158 10161 10160 10159 0
3060,2042 10732 5732 555 2959 10164 10166 10165 10163 10168
3061,2741 8904 13331 2744 1532 13333 13332 13006 13335 13334
3062,10207 2741 2742 13233 10167 10156 10157 10158 10159 10160
3063,13338 6708 2304 937 13340 7686 13339 4515 312 5998
3064,2744 2508 11913 5998 7686 873 0 10163 10166 10165
3065,7229 7249 2959 0 10165 10154 10155 10156 10157 10158
3066,8300 10528 7824 0 10169 10158 10159 10160 10161 10162
3067,12744 12426 12070 10167 10156 10157 10158 10159 10160 10161
3068,408 4515 0 10168 10156 10157 10158 10159 10160 10161
3069,12816 12114 1323 2614 10165 10164 10163 10162 10161 10160
3070,8761 13343 0 10168 10156 10157 10158 10159 10160 10161
3071,404 13344 0 10167 10155 10156 10157 10158 10159 10160
3072,8904 2820 12007 1167 13200 1165 13005 11051 13347 13346
3073,13346 11524 1535 13005 12008 13348 10153 10154 10155 10156
3074,2489 2133 1054 583 13350 478 2722 4863 8778 11289
3075,9767 13352 7807 2614 2742 10164 10168 10167 10166 10165
3076,8904 1323 1532 9784 10154 10155 10156 10157 10158 10159
3077,13354 9784 404 9793 9791 10161 10165 10164 10163 10162
3078,11392 13200 0 10153 10155 10156 10157 10158 10159 10160
3079,8726 13355 0 10154 10156 10157 10158 10159 10160 10161
3080,7393 12027 6282 1165 0 10166 10156 10157 10158 10159
3081,13357 13356 1671 12380 8528 11788 10161 10165 10164 10163
3082,2820 405 2614 0 10168 10157 10158 10159 10160 10161
3083,8534 5935 5929 0 10168 10157 10158 10159 10160 10161
3084,6187 7939 9682 13358 5713 9655 3952 0 10161 10162
3085,2314 1475 13318 9465 11965 4591 11330 1500 3322 10164
3086,1996 9079 11714 0 10154 10156 10157 10158 10159 10160
3087,7095 10995 7099 7215 2881 0 10165 10157 10158 10159
3088,993 13363 13362 991 1965 9158 2136 9946 12384 1289
3089,9853 11347 2379 0 10166 10156 10157 10158 10159 10160
3090,6781 6780 1852 13366 13365 1665 10161 10165 10164 10163
3091,12716 5329 11039 12187 4857 1020 6376 5427 3525 875
3092,10443 2850 10444 6094 5199 13368 10164 10155 10156 10157
3093,13369 9552 7702 0 10166 10155 10156 10157 10158 10159
3094,4402 3415 9750 1154 9664 10936 10160 10159 10161 10162
3095,13373 169 13371 4385 10616 258 873 149 3811 5371
3096,13375 13374 8989 13376 1718 13131 4569 3484 10174 10173
3097,11967 4796 11642 7328 709 3847 4275 11603 13378 12965
3098,7055 9751 10953 4136 5367 10167 10157 10158 10159 10160
3099,1198 4256 4471 2555 10357 96 7912 6901 6898 6086
3100,11212 2137 10892 10168 10156 10157 10158 10159 10160 10161
3101,11145 3388 6305 10168 10156 10157 10158 10159 10160 10161
3102,1826 8468 3415 0 10167 10157 10158 10159 10160 10161
3103,13380 4039 1011 0 10167 10156 10157 10158 10159 10160
3104,12290 8101 12183 6818 9348 12645 13382 12289 13381 12292
3105,12437 12194 9996 10167 10166 10165 10164 10163 0 10169
3106,2048 9539 9699 7527 12561 1114 11274 7568 1659 6228
3107,9226 6621 13386 6544 6494 7949 7895 13387 1840 4699
3108,5450 1826 0 10154 10156 10157 10158 10159 10160 10161
3109,13388 11914 0 10168 10156 10157 10158 10159 10160 10161
3110,12617 1128 5634 0 10157 10158 10159 10160 10161 10162
3111,7988 2335 12769 0 10166 10155 10156 10157 10158 10159
3112,12490 11336 8785 13389 13094 13225 10164 10163 10162 10161
3113,5972 7863 2559 2490 2186 7346 4226 9685 4383 1964
3114,3941 6371 2342 0 10168 10157 10158 10159 10160 10161
3115,2208 9822 13126 12170 10181 10180 10157 10158 10159 10160
3116,13394 13393 12576 7934 13204 13391 2060 2400 10188 6354
3117,551 9145 10 0 10166 10155 10156 10157 10158 10159
3118,13397 11766 13045 11984 11967 13396 10129 10130 10158 10159
3119,13398 6657 6663 10647 10403 10180 10167 10156 10157 10158
3120,12802 4387 1011 0 10168 10157 10158 10159 10160 10161
3121,4973 10050 4787 0 10168 10158 10159 10160 10161 10162
3122,1721 2874 1354 8152 7554 8982 6805 12932 4403 4402
3123,13030 0 10168 10156 10157 10158 10159 10160 10161 10162
3124,3897 13399 10167 10155 10156 10157 10158 10159 10160 10161
3125,2102 2097 5594 1083 725 10555 12267 1807 13401 10160
3126,2217 10487 6377 4725 7187 2117 2785 8240 7212 426
3127,3338 2913 1582 12168 6441 4230 9888 12862 7291 1503
3128,12155 5743 13396 7826 13405 9623 3427 3428 1119 9393
3129,3639 10316 13408 1872 13407 0 10166 10157 10158 10159
3130,4447 13409 10680 0 10166 10156 10157 10158 10159 10160
3131,13009 13410 13010 13316 13011 12903 0 10163 10155 10156
3132,4803 2013 3113 0 10157 10158 10159 10160 10161 10162
3133,13411 13412 5099 9464 2026 10915 2513 549 2562 9617
3134,10321 2704 3560 12542 13041 1735 4191 6049 5480 4476
3135,6825 2371 348 6360 4403 2980 10858 10178 10177 10158
3136,6421 10972 4495 7455 5486 3921 5181 10179 10166 10156
3137,9405 11958 3524 5147 2261 10158 10157 10159 10167 10161
3138,12583 9801 328 10156 10157 10158 10159 10160 10161 10162
3139,11837 5271 10855 8176 10654 4341 10166 10157 10158 10159
3140,8190 8944 4192 7299 8068 3382 2700 9993 3153 4773
3141,11602 7513 8644 7401 13360 7253 2295 6836 10634 12029
3142,13418 4550 10870 617 11911 13420 12567 13419 6969 6189
3143,3083 5874 4598 9853 3415 4687 4132 7427 10164 10163
3144,13200 6941 2817 11111 405 3438 6866 2820 11123 9784
3145,11112 8312 13323 7393 1532 0 10164 10155 10156 10157
3146,11976 3726 12189 7865 9932 2631 4804 11834 1024 5187
3147,7336 982 5687 0 10166 10156 10157 10158 10159 10160
3148,10053 1087 798 10564 8195 10375 10372 10371 8190 10172
3149,2892 1719 7426 0 10170 10159 10160 10161 10162 10163
3150,3019 13424 11405 10154 10156 10157 10158 10159 10160 10161
3151,8253 12561 6739 10155 10156 10157 10158 10159 10160 10161
3152,952 13425 10731 0 10166 10155 10156 10157 10158 10159
3153,1166 9784 404 10168 10157 10158 10159 10160 10161 10162
3154,3239 13313 3237 3234 6301 1369 1164 1371 10164 10163
3155,4035 13426 4037 0 10167 10156 10157 10158 10159 10160
3156,13427 12992 5565 4643 4642 10155 10156 10157 10158 10166
3157,8904 177 7333 10155 10157 10158 10159 10160 10161 10162
3158,11208 13114 10243 10431 11190 10156 10157 10158 10159 10160
3159,9457 7371 7730 9926 311 6907 9028 0 10165 10164
3160,5570 7236 9238 6724 3778 13428 10156 10157 10158 10166
3161,6654 13429 4997 10167 10155 10156 10157 10158 10159 10160
3162,5514 13430 11368 5793 5175 9372 5374 9836 13431 482
3163,1837 1935 3587 8795 7833 1011 4317 3962 1113 7925
3164,13432 8075 2805 0 10166 10155 10156 10157 10158 10159
3165,11607 125 3298 13379 3275 4736 7564 2798 4987 11944
3166,12359 7185 3404 1430 8505 12510 2322 3648 3974 99
3167,7185 4742 6254 11183 3103 5815 336 928 4091 2227
3168,4862 10432 8444 4769 7622 578 8953 8795 8467 10161
3169,10025 8796 4914 3750 11924 12188 552 62 6190 10161
3170,618 5580 13438 0 10165 10154 10155 10156 10157 10158
3171,13439 13440 0 10152 10154 10155 10156 10157 10158 10159
3172,7679 7926 3507 9690 2779 3902 9049 0 10163 10166
3173,3945 10359 2674 10168 10157 10158 10159 10160 10161 10162
3174,4139 7427 13443 13444 13442 12370 2996 6807 10159 10165
3175,13446 13445 9503 13449 6125 13447 13448 5262 9446 13049
3176,13450 4624 1358 1315 10166 10155 10156 10157 10158 10159
3177,6146 3070 4170 7895 4706 5921 6515 4699 5903 6512
3178,3493 3441 1970 4819 8549 6959 3151 10166 10169 10168
3179,13451 8629 1634 0 10167 10156 10157 10158 10159 10160
3180,2814 13453 2614 2815 2742 13452 10163 10166 10165 10164
3181,1001 1006 1008 10155 10157 10158 10159 10160 10161 10162
3182,13454 7776 1086 7152 506 1573 10160 10163 10162 10161
3183,13410 1747 3974 7249 1106 3400 8817 7783 5365 12584
3184,3522 11547 7760 6622 13459 2979 4338 2731 13170 13458
3185,13463 13064 9572 13462 13461 4909 0 10159 10162 10161
3186,13466 13467 13471 10635 13470 13469 13468 12758 13465 13287
3187,611 96 3225 163 3097 488 1646 9781 5580 7929
3188,13474 13476 13475 13478 13477 13472 13473 0 10152 10153
3189,13479 21 626 13418 7946 0 10164 10155 10156 10157
3190,2741 5430 8729 0 10168 10158 10159 10160 10161 10162
3191,868 4228 611 4759 0 10167 10166 10165 10164 10163
3192,6075 3464 4515 2304 4516 6352 0 10164 10165 10163
3193,13481 13480 5471 6086 0 10164 10154 10155 10156 10157
3194,11916 13482 8480 0 10167 10156 10157 10158 10159 10160
3195,5281 2026 11739 0 10167 10156 10157 10158 10159 10160
3196,13483 12108 982 8302 13484 12585 7100 4061 11120 5673
3197,13084 13486 11380 10167 10155 10156 10157 10158 10159 10160
3198,778 510 1449 658 512 838 3930 5186 8952 13487
3199,5104 11031 11032 0 10152 10154 10155 10156 10157 10158
3200,7341 8298 5385 10894 1123 4795 8882 12565 7741 12470
3201,13506 13507 13509 13505 13499 13510 13502 13503 13508 13504
3202,2189 13512 7020 3604 6825 951 2560 42 5937 311
3203,707 10064 1169 0 10168 10157 10158 10159 10160 10161
3204,5742 6114 11072 10165 10154 10155 10156 10157 10158 10159
3205,11560 13518 11974 0 10167 10156 10157 10158 10159 10160
3206,3665 7938 2652 13179 7990 7292 4939 0 10166 10159
3207,2317 7215 7096 9080 10554 3842 1771 3083 8277 724
3208,13521 7226 13520 0 10166 10155 10156 10157 10158 10159
3209,5195 6675 4588 3905 10905 10678 8896 2597 160 6128
3210,7554 7427 7818 10899 10199 10162 10166 10165 10164 10163
3211,945 8825 8215 13257 9079 6824 13527 10164 10166 10165
3212,8158 9554 12727 0 10167 10156 10157 10158 10159 10160
3213,7554 3843 2876 10168 10157 10158 10159 10160 10161 10162
3214,6285 13529 12265 9649 13367 6818 1953 10177 10176 10155
3215,11116 11689 7660 13530 0 10166 10156 10157 10158 10159
3216,13427 13531 1885 5329 11854 13001 1958 13532 13432 10170
3217,12049 13533 12448 0 10166 10156 10157 10158 10159 10160
3218,1315 4599 5845 9853 11347 10177 10165 10156 10157 10158
3219,476 3945 2457 10167 10156 10157 10158 10159 10160 10161
3220,13107 3489 7469 0 10167 10156 10157 10158 10159 10160
3221,8235 13536 5900 621 607 6488 4171 6497 5788 10779
3222,13537 5614 13176 0 10154 10156 10157 10158 10159 10160
3223,10051 13074 1228 13080 11603 10177 10164 10154 10155 10156
3224,11610 644 6346 11921 13538 0 10167 10158 10159 10160
3225,2197 3333 217 5012 10168 10157 10158 10159 10160 10161
3226,9667 529 38 10157 10158 10159 10160 10161 10162 10163
3227,2996 7065 2888 10168 10157 10158 10159 10160 10161 10162
3228,4882 7560 7559 10977 10166 10155 10156 10157 10158 10159
3229,1535 11749 8905 405 13540 13332 13539 10161 10163 10162
3230,11477 3736 3737 0 10169 10158 10159 10160 10161 10162
3231,13541 13044 13543 7855 13542 13544 4191 7085 13225 583
3232,3057 3058 3059 0 10159 10161 10162 10163 10164 10165
3233,8272 4139 4603 8982 6805 9889 9626 5849 3442 7079
3234,12405 888 384 1745 6681 4907 984 11160 10045 3354
3235,3684 1008 1777 9645 5843 10158 10159 10160 10161 10162
3236,5737 6393 13550 5492 11888 13549 13548 11021 13547 11764
3237,13552 1658 12494 2079 3871 4772 9678 10161 10162 10168
3238,13554 8922 9488 12773 13555 10573 13553 1254 11720 3488
3239,4037 13556 1317 0 10166 10155 10156 10157 10158 10159
3240,13022 2804 10168 10156 10157 10158 10159 10160 10161 10162
3241,13559 13558 11306 10154 10155 10156 10157 10158 10159 10160
3242,366 6621 12321 9264 0 10167 10157 10158 10159 10160
3243,12447 4374 12034 10204 787 5336 7847 13083 13560 10489
3244,2371 2891 5872 0 10167 10157 10158 10159 10160 10161
3245,8904 5998 13562 13201 13561 2741 12425 10164 10163 10162
3246,13047 12508 12507 0 10167 10156 10157 10158 10159 10160
3247,9654 0 10168 10156 10157 10158 10159 10160 10161 10162
3248,13564 9442 11303 2431 409 131 12424 13119 10156 10159
3249,4608 13565 10576 10574 10367 4136 1003 10160 10165 10159
3250,6241 2169 13566 5710 10166 10155 10156 10157 10158 10159
3251,3441 3504 206 6343 2711 815 9264 972 301 10202
3252,7380 9469 6147 10167 10155 10156 10157 10158 10159 10160
3253,13568 10326 4673 7642 8237 8233 13567 10175 10177 10155
3254,3735 1639 1409 9459 2960 13569 2556 10159 10160 10161
3255,13346 405 8334 13232 12426 10164 10163 10162 10161 0
3256,432 11736 516 7370 243 2012 466 1902 169 8403
3257,4438 5569 13058 0 10155 10157 10158 10159 10160 10161
3258,5191 4284 10168 10156 10157 10158 10159 10160 10161 10162
3259,13571 2921 7718 2013 11779 8839 0 10162 10165 10164
3260,2869 13572 3094 10170 10158 10159 10160 10161 10162 10163
3261,6738 13573 1151 0 10168 10157 10158 10159 10160 10161
3262,544 12236 0 10167 10156 10157 10158 10159 10160 10161
3263,8111 3400 10130 10168 10156 10157 10158 10159 10160 10161
3264,12169 9903 10888 1481 11916 11069 49 10293 23 2270
3265,7266 9241 7551 7226 0 10164 10163 10162 10161 10159
3266,2820 12426 1535 1323 13260 13575 1475 13271 13574 8730
3267,3413 1987 7080 0 10166 10156 10157 10158 10159 10160
3268,7057 10953 7016 10008 10167 10155 10156 10157 10158 10159
3269,2891 10752 1007 10754 5673 6552 0 10167 10159 10160
3270,5255 2393 11610 12552 8497 10167 10166 10165 10164 0
3271,1071 1737 1079 12797 2291 9051 7341 1804 138 9570
3272,11119 3079 6542 9664 8982 2869 10164 10168 10167 10166
3273,5998 2614 2741 0 10162 10166 10165 10164 10163 10160
3274,11332 13580 1105 13583 13579 11297 11037 9255 13582 13581
3275,13002 3481 1882 0 10165 10154 10155 10156 10157 10158
3276,11219 12817 5639 13584 7986 2616 12748 9945 10164 10163
3277,11247 11246 3565 13586 10165 10164 10163 10162 10161 0
3278,10570 7956 775 5482 8300 4252 877 3681 10163 10166
3279,13587 0 10166 10154 10155 10156 10157 10158 10159 10160
3280,1035 2063 3529 0 10167 10157 10158 10159 10160 10161
3281,9336 5058 4178 10170 455 8035 10209 6089 7473 788
3282,5191 2026 2234 2497 757 1087 4846 2145 11443 4845
3283,8856 4026 12873 891 10168 10157 10158 10159 10160 10161
3284,10461 3083 4403 4402 1354 0 10166 10165 10164 10163
3285,10031 12907 13592 13591 0 10154 10155 10156 10157 10158
3286,7215 2869 1011 1863 10168 10157 10158 10159 10160 10161
3287,10092 11270 9936 7334 13591 13593 3910 0 10156 10157
3288,2780 10451 8223 9261 0 10155 10156 10157 10158 10159
3289,6364 2875 4413 7218 10989 2371 10157 10158 10159 10160
3290,91 0 10153 10155 10156 10157 10158 10159 10160 10161
3291,13595 10668 590 10385 6701 4777 5790 12462 11652 9457
3292,13143 5397 3990 10168 10157 10158 10159 10160 10161 10162
3293,13596 13599 13600 13598 7610 13061 13597 7876 7631 10152
3294,4355 873 0 10168 10157 10158 10159 10160 10161 10162
3295,686 1785 873 8577 12429 4025 10160 10159 10168 10161
3296,3718 13602 1588 0 10155 10156 10157 10158 10159 10160
3297,5854 12936 7217 0 10152 10154 10155 10156 10157 10158
3298,3288 3826 3328 138 10158 10159 10160 10161 10162 10163
3299,5360 9062 13603 7390 1503 4 10154 10155 10156 10157
3300,1166 1535 2815 10155 10156 10157 10158 10159 10160 10161
3301,9990 3142 6132 10163 10168 10167 10166 10165 10164 0
3302,7846 11590 12136 0 10168 10157 10158 10159 10160 10161
3303,5490 4780 1614 8431 13604 6054 8070 10297 10162 10164
3304,11335 11338 7672 11331 11327 3685 3604 10010 6515 10619
3305,5173 2057 7420 0 10168 10157 10158 10159 10160 10161
3306,1349 13607 13606 2291 7380 9591 10174 10162 10154 10155
3307,1423 6216 3222 1450 794 11727 176 807 10452 5542
3308,2628 4315 0 10169 10157 10158 10159 10160 10161 10162
3309,4339 11967 5914 7183 10167 10156 10157 10158 10159 10160
3310,7277 4130 4334 9394 8783 2942 5830 66 489 822
3311,6360 1357 1354 1355 11347 2014 2371 2375 1769 3083
3312,13609 13608 8698 3716 8085 10165 10155 10156 10157 10158
3313,5848 4626 2871 9626 10574 395 10575 1862 1011 11624
3314,2400 13391 908 6171 6181 11912 9682 11773 399 4371
3315,10984 7247 4790 203 10166 10155 10156 10157 10158 10159
3316,13614 12172 13613 8278 13612 13611 10177 10163 10156 10157
3317,3500 1779 13052 0 10167 10156 10157 10158 10159 10160
3318,2037 11813 150 4342 2038 9545 2334 1750 4893 5771
3319,2068 9050 3948 5789 676 3879 587 8872 6474 8836
3320,2130 9042 10362 0 10167 10156 10157 10158 10159 10160
3321,13616 13279 2830 9212 13615 0 10165 10156 10157 10158
3322,2152 13618 2305 4756 11809 1444 1805 10164 10163 10162
3323,13589 10724 13619 10166 10154 10155 10156 10157 10158 10159
3324,9079 2797 8489 10154 10156 10157 10158 10159 10160 10161
3325,5393 8246 5829 88 4910 4901 4921 2957 5835 12287
3326,10918 6754 6286 13620 13256 10174 10173 10154 10155 10156
3327,12296 1855 2534 0 10167 10157 10158 10159 10160 10161
3328,3085 6847 3084 5686 2016 4632 4134 5688 10169 10168
3329,2820 13624 13623 13622 0 10165 10155 10156 10157 10158
3330,2779 5981 770 4216 3709 6645 3702 9653 7418 2103
3331,2820 2742 13235 1532 5999 6353 2739 11832 10161 10163
3332,437 5155 1656 3277 0 10157 10158 10159 10160 10161
3333,7385 1684 970 10162 10166 10165 10164 10163 0 10168
3334,8816 7428 0 10169 10157 10158 10159 10160 10161 10162
3335,1177 8788 8291 0 10158 10159 10160 10161 10162 10163
3336,13627 8860 11948 0 10167 10156 10157 10158 10159 10160
3337,13629 937 13357 2820 1532 13628 13323 1740 10161 10163
3338,1892 13630 1804 0 10166 10155 10156 10157 10158 10159
3339,2995 11816 2888 1011 11347 10180 10167 10157 10158 10159
3340,5367 10992 8164 0 10166 10155 10156 10157 10158 10159
3341,9829 13631 0 10166 10155 10156 10157 10158 10159 10160
3342,6511 4171 5711 4633 9652 8124 7879 13632 10155 10157
3343,1354 2375 2374 0 10166 10155 10156 10157 10158 10159
3344,11875 6763 2729 9086 11006 2900 5255 2723 6071 4369
3345,8116 7948 6168 9809 7571 12223 1844 10158 10159 10160
3346,11851 2886 6321 3083 7784 12642 0 10165 10167 10166
3347,13634 1040 11779 9829 4388 11472 9495 12158 10166 10165
3348,7754 8210 7401 8649 11372 10156 10157 10158 10159 10160
3349,5845 5846 10630 7077 13209 4743 1011 6739 12915 10167
3350,5344 13635 8808 6571 10167 10156 10157 10158 10159 10160
3351,13636 1447 788 13637 2166 268 5884 4788 6236 10161
3352,11408 6483 7539 0 10167 10156 10157 10158 10159 10160
3353,7629 10729 9225 6185 4068 6623 4531 10158 10159 10160
3354,13639 12131 1767 4388 11964 6225 3070 10269 6226 9064
3355,9856 2983 13640 6161 6499 10166 10156 10157 10158 10159
3356,703 11131 13370 7630 990 956 10156 10157 10158 10159
3357,5288 13642 13641 0 10165 10154 10155 10156 10157 10158
3358,13251 13255 10000 13645 2984 1795 9395 12930 4702 5111
3359,7407 8078 10558 3661 0 10167 10158 10159 10160 10161
3360,1357 2378 9235 1355 1354 10366 10365 6553 2014 2376
3361,2848 7262 13170 7893 9229 5111 7892 1261 1260 1896
3362,12739 11347 5531 10166 10155 10156 10157 10158 10159 10160
3363,10206 2742 0 10166 10155 10156 10157 10158 10159 10160
3364,13646 10981 0 10165 10154 10155 10156 10157 10158 10159
3365,6849 10764 2437 11408 11710 11407 8605 10160 10159 10167
3366,12334 13605 2869 3774 10162 10166 10165 10164 10163 10161
3367,2817 13203 12198 2741 8907 8827 0 10166 10165 10164
3368,1313 9053 6876 3676 1392 10734 2215 11926 11298 10175
3369,3084 3083 4687 12733 7064 11347 2375 1721 4560 7784
3370,6618 1366 11310 12131 13639 10867 3859 1269 10177 10166
3371,578 5058 6012 9929 1646 193 787 3739 2549 66
3372,9024 3613 5137 5096 9337 10155 10157 10158 10159 10160
3373,8809 12505 13082 12500 10041 6571 10168 10157 10158 10159
3374,2820 3464 1535 1166 405 2742 10163 10165 10164 0
3375,13653 13652 11105 10164 10154 10155 10156 10157 10158 10159
3376,13655 7648 9623 1555 13068 13654 0 10163 10155 10156
3377,2870 1001 13076 0 10168 10157 10158 10159 10160 10161
3378,344 13656 13657 7747 10165 10155 10156 10157 10158 10159
3379,13658 13597 0 10152 10154 10155 10156 10157 10158 10159
3380,3844 3843 1826 0 10155 10157 10158 10159 10160 10161
3381,2820 13661 13203 13648 13327 1166 2814 4514 405 13186
3382,13662 1776 6734 8822 1887 1888 1010 1723 9664 2378
3383,13663 10166 10154 10155 10156 10157 10158 10159 10160 10161
3384,6814 13664 7090 10155 10156 10157 10158 10159 10160 10161
3385,13665 3083 2869 3688 10857 3074 10461 10160 10161 10162
3386,8055 9393 7085 13666 0 10155 10156 10157 10158 10159
3387,13667 13025 5890 0 10165 10154 10155 10156 10157 10158
3388,13668 5997 3672 6600 279 10177 10165 10156 10157 10158
3389,1336 13669 13654 4361 0 10164 10155 10156 10157 10158
3390,6737 4608 11777 4136 8158 10167 10157 10158 10159 10160
3391,12426 1168 1323 3464 13670 10164 10163 10162 10161 0
3392,13673 4048 9125 926 0 10166 10156 10157 10158 10159
3393,9204 9315 7671 10167 10156 10157 10158 10159 10160 10161
3394,10015 2157 2314 2426 12096 10016 10163 10166 10165 10164
3395,13675 13674 12872 0 10164 10153 10154 10155 10156 10157
3396,6623 11227 6622 9805 0 10167 10158 10159 10160 10161
3397,7552 13677 13676 10151 10153 10154 10155 10156 10157 10158
3398,13678 11021 11765 13547 11152 13679 3265 10158 10161 10160
3399,10070 12073 12660 10067 0 10168 10158 10159 10160 10161
3400,13684 9407 13683 9084 13682 11022 3483 13681 13680 10152
3401,6361 1319 2375 1320 10165 10164 10163 10162 10161 10159
3402,13688 13689 13687 13686 6841 13034 12680 13692 12235 13691
3403,3961 5818 13695 6886 3763 6235 5613 13694 10256 10158
3404,11358 8021 13696 6058 0 10154 10155 10156 10157 10158
3405,5130 3655 2924 0 10168 10157 10158 10159 10160 10161
3406,13698 13600 13377 12890 12891 10161 10151 10152 10153 10154
3407,13699 2834 11194 10167 10155 10156 10157 10158 10159 10160
3408,8809 12884 10734 0 10166 10155 10156 10157 10158 10159
3409,13413 1880 13082 10734 10178 10165 10154 10155 10156 10157
3410,6361 1354 2891 0 10167 10157 10158 10159 10160 10161
3411,1535 1529 1475 5998 13038 405 13540 13700 1323 13628
3412,13701 10525 13248 0 10166 10155 10156 10157 10158 10159
3413,10981 5431 0 10153 10155 10156 10157 10158 10159 10160
3414,10627 1001 4743 8542 5846 10156 10157 10158 10159 10160
3415,13703 13620 10166 10154 10155 10156 10157 10158 10159 10160
3416,8822 3415 6733 10169 10158 10159 10160 10161 10162 10163
3417,12734 2888 10556 0 10167 10156 10157 10158 10159 10160
3418,13571 1609 4998 12044 10162 10167 10166 10165 10164 10163
3419,13704 3424 1662 1664 6171 9568 12250 6349 2438 450
3420,2741 0 10167 10155 10156 10157 10158 10159 10160 10161
3421,12861 13706 9327 13230 9510 10160 10163 10162 10161 0
3422,2916 1489 1481 8853 10499 10132 7695 13199 10163 10165
3423,3694 4600 12349 1001 5531 6552 10164 10167 10166 10165
3424,7540 10624 7815 6059 6060 2437 7539 808 13141 7255
3425,2741 12426 12425 13248 0 10166 10156 10157 10158 10159
3426,261 11610 11774 13709 4381 1524 1560 13641 2839 13035
3427,10744 4322 2950 3097 8667 169 4559 593 2148 7831
3428,4037 12332 13711 0 10166 10155 10156 10157 10158 10159
3429,2869 10754 3416 3074 3667 0 10168 10159 10160 10161
3430,8647 7481 8318 0 10156 10157 10158 10159 10160 10161
3431,8848 13712 13713 12348 9628 8849 1711 8850 8167 9624
3432,11943 6626 10343 10001 8003 10724 6274 6289 9445 13714
3433,1532 2614 2820 12746 2742 1165 360 0 10162 10165
3434,8477 1011 3084 12737 3081 3080 2889 4626 3082 12736
3435,8032 13715 7172 6883 0 10166 10156 10157 10158 10159
3436,13231 274 13716 0 10154 10155 10156 10157 10158 10159
3437,12621 10572 12327 589 286 10163 10167 10166 10165 10164
3438,12805 3676 9321 9320 6310 10078 140 10159 10160 10167
3439,2815 2814 2741 404 12426 2820 13624 6001 10161 10162
3440,13116 11312 12482 13719 13718 10150 10152 10153 10154 10155
3441,12905 12906 12903 0 10155 10156 10157 10158 10159 10160
3442,7346 10641 7006 10390 10177 10165 10155 10156 10157 10158
3443,13720 4892 13721 2087 11543 10159 10163 10162 10161 10160
3444,11953 4238 4245 13722 4203 10165 10156 10157 10158 10159
3445,1719 9193 9853 5450 10097 1726 6809 7656 12264 8020
3446,5958 2262 9468 3142 9954 5541 6296 10157 10158 10159
3447,7519 13724 2489 4969 2124 10165 10155 10156 10157 10158
3448,12693 12931 11344 5743 1560 12486 9127 7259 8035 3428
3449,12742 404 10167 10155 10156 10157 10158 10159 10160 10161
3450,10277 5569 13729 13728 5405 8058 731 10162 10161 10160
3451,1533 13730 11897 0 10164 10153 10154 10155 10156 10157
3452,13732 5886 3814 4731 10195 9840 10165 10164 10163 10162
3453,12006 3465 11109 13421 1532 8827 1168 1167 12007 13200
3454,2820 1166 13734 8526 0 10168 10159 10160 10161 10162
3455,9409 3483 13737 11186 2009 13736 9410 13685 10232 10162
3456,7099 1145 1136 0 10168 10157 10158 10159 10160 10161
3457,13738 12647 9032 12646 3604 13269 12844 4639 10156 10157
3458,2370 2371 9237 6361 10163 10167 10166 10165 10164 10161
3459,12959 10756 0 10153 10155 10156 10157 10158 10159 10160
3460,13037 8964 7442 6371 8780 13740 6940 7347 13612 6722
3461,10841 8585 2218 476 793 10176 10175 10156 10157 10158
3462,10481 8882 0 10168 10156 10157 10158 10159 10160 10161
3463,5845 2379 2375 1859 10166 10165 10164 10163 10162 10161
3464,13741 12129 5865 604 10445 2717 13138 707 8004 5892
3465,2437 8778 7627 4383 8259 0 10168 10159 10160 10161
3466,12007 1166 13453 10166 10154 10155 10156 10157 10158 10159
3467,7680 10302 10307 8046 0 10166 10165 10164 10163 10161
3468,40 13261 3644 10168 10157 10158 10159 10160 10161 10162
3469,9755 4139 5848 0 10167 10156 10157 10158 10159 10160
3470,13742 10103 0 10165 10154 10155 10156 10157 10158 10159
3471,10992 3082 6321 0 10167 10156 10157 10158 10159 10160
3472,13745 13746 13744 13743 13748 13751 13750 13749 13747 10122
3473,525 4635 13313 374 6390 2576 7160 3733 2540 10274
3474,13754 4705 12724 5374 10613 2557 369 3983 5745 3580
3475,8215 5116 9574 10167 10156 10157 10158 10159 10160 10161
3476,13757 9971 10107 6387 10810 6528 5220 6623 13759 4359
3477,7745 9650 13763 1937 2894 13762 8059 6620 12148 1934
3478,11890 7057 7785 0 10166 10156 10157 10158 10159 10160
3479,9230 4169 2861 6514 10167 10156 10157 10158 10159 10160
3480,13600 12719 13253 13766 10982 10163 10153 10154 10155 10156
3481,326 1381 12850 0 10166 10155 10156 10157 10158 10159
3482,5713 7744 10122 0 10162 10166 10165 10164 10163 10160
3483,12857 32 1383 8504 2130 8382 13294 10177 10166 10157
3484,8152 13573 11578 1776 3072 3693 10179 10167 10158 10159
3485,10145 2436 2435 13768 13769 2434 13120 2432 8229 0
3486,231 13770 13406 4667 10867 7722 11147 10165 10164 10163
3487,2374 2371 12874 7076 11777 1354 7427 4687 10164 10166
3488,13774 13773 13772 2295 1872 13775 0 10151 10153 10154
3489,3736 3534 323 6577 11759 6220 9265 4085 6046 8798
3490,3491 13778 8115 13777 13776 0 10163 10155 10156 10157
3491,8899 13780 11096 0 10153 10155 10156 10157 10158 10159
3492,8462 13782 6129 10166 10154 10155 10156 10157 10158 10159
3493,6498 13709 6546 10869 1893 12986 2906 10156 10157 10158
3494,6810 2624 11808 7216 1777 4134 9194 13185 5874 11102
3495,7125 11719 0 10168 10156 10157 10158 10159 10160 10161
3496,7910 6831 9820 2240 10458 10102 13783 4353 1304 5122
3497,8396 10256 2061 0 10169 10158 10159 10160 10161 10162
3498,6066 11819 13784 12771 2694 8655 550 10639 10176 10175
3499,1320 7077 12735 10627 11000 13785 10461 12209 10175 10164
3500,13792 13787 12738 13791 13790 13786 13789 13788 1775 10997
3501,13794 13793 3187 13795 9583 9205 1175 13550 2760 10157
3502,7744 10445 10982 7659 3864 3862 10159 10158 10157 10167
3503,13797 13258 13607 8170 6777 10553 12622 2658 10634 275
3504,239 4286 3943 10477 10167 10155 10156 10157 10158 10159
3505,13800 13803 13802 13801 1634 11680 10079 10605 10157 10156
3506,11040 11042 5556 11039 5409 10163 10154 10155 10156 10157
3507,13804 13807 13806 13805 2951 3333 10173 10162 10151 10152
3508,6793 13816 13811 13812 13810 5564 10604 3010 13815 13814
3509,13819 3896 10167 10155 10156 10157 10158 10159 10160 10161
3510,13820 448 13821 5579 4252 9576 13066 10162 10161 10160
3511,13185 9752 0 10154 10156 10157 10158 10159 10160 10161
3512,10453 879 790 4765 12430 2210 11064 780 2707 3468
3513,1523 7233 11690 3857 412 4971 1119 1122 3428 9393
3514,7101 11325 11340 10165 10153 10154 10155 10156 10157 10158
3515,3877 13542 6849 13823 716 13597 4434 10162 10165 10164
3516,13824 5079 3267 0 10168 10157 10158 10159 10160 10161
3517,12669 2707 13825 0 10168 10157 10158 10159 10160 10161
3518,6446 4598 6432 7554 10991 1357 10164 10166 10165 10162
3519,611 10421 10168 10156 10157 10158 10159 10160 10161 10162
3520,2349 3701 2588 5555 1733 4015 8668 10163 10166 10165
3521,7760 5838 667 2350 6560 11291 10165 10164 10163 10161
3522,10715 13827 7117 1509 7122 5950 6142 1588 9067 4801
3523,405 404 2742 0 10167 10156 10157 10158 10159 10160
3524,1486 7463 7617 10636 6681 8556 1652 7618 6472 5161
3525,5821 7561 4636 2037 5633 4991 3319 5215 187 10165
3526,13830 13829 11872 13828 10152 10153 10154 10155 10156 10157
3527,5502 1181 12201 10163 10168 10167 10166 10165 10164 0
3528,9245 2246 13831 5632 1017 1035 1045 348 2137 3503
3529,12100 13080 9771 742 9164 2543 7727 13177 737 10132
3530,13832 10126 13487 5515 10165 10154 10155 10156 10157 10158
3531,13833 1615 6168 3669 13835 9950 12354 13834 6296 10159
3532,4875 9519 13836 0 10164 10163 10162 10161 10160 10159
3533,2842 12680 7827 1933 1557 12926 13778 13278 13279 13837
3534,5264 13563 0 10166 10154 10155 10156 10157 10158 10159
3535,7674 11650 6097 6499 1784 9941 13840 13839 10159 10162
3536,13842 9768 7230 13564 7656 11908 8030 7704 13841 10011
3537,12947 13844 1126 13843 8016 3428 5249 10162 10152 10153
3538,13845 3858 13116 10167 10155 10156 10157 10158 10159 10160
3539,4515 2820 12774 0 10167 10157 10158 10159 10160 10161
3540,3174 8778 13847 0 10182 10157 10158 10159 10160 10161
3541,11718 1368 5047 3749 10459 10158 10159 10160 10161 10162
3542,13390 13337 12797 3587 10168 10156 10157 10158 10159 10160
3543,13278 13848 13617 0 10166 10156 10157 10158 10159 10160
3544,6657 2282 6658 11366 10165 10154 10155 10156 10157 10158
3545,13850 10730 2959 10166 10155 10156 10157 10158 10159 10160
3546,2527 10889 4024 11972 2466 85 5187 2543 2551 2130
3547,1772 4132 8166 5667 10988 12726 0 10157 10158 10159
3548,12019 11090 876 6087 2278 0 10160 10163 10162 10161
3549,2614 1323 4516 10162 10167 10166 10165 10164 10163 0
3550,5998 0 10167 10155 10156 10157 10158 10159 10160 10161
3551,2886 1355 2369 1354 8163 1357 0 10166 10158 10159
3552,13705 4404 8256 3789 678 0 10162 10164 10163 10161
3553,2323 10670 5271 466 705 7551 6870 3255 8457 10531
3554,9077 12615 12171 3275 10168 10157 10158 10159 10160 10161
3555,10918 6063 5517 13527 10162 10166 10165 10164 10163 0
3556,13852 5673 10217 0 10165 10155 10156 10157 10158 10159
3557,2933 795 736 0 10169 10159 10160 10161 10162 10163
3558,2232 9047 10884 780 783 3290 2520 323 774 3407
3559,2372 2379 2380 2869 0 10166 10165 10164 10163 10162
3560,4424 2760 0 10155 10157 10158 10159 10160 10161 10162
3561,13854 7249 12070 1324 8731 10166 10156 10157 10158 10159
3562,13856 7250 7104 8432 602 603 83 7585 7643 9226
3563,8230 620 6379 1429 621 9714 12496 13706 10162 5907
3564,13861 13868 13865 13871 13870 13866 13867 10778 13869 13864
3565,4594 4641 7559 4884 7561 10159 10158 10160 10168 10161
3566,8239 13204 9661 0 10167 10156 10157 10158 10159 10160
3567,2560 3043 7057 3083 10461 12850 8166 1317 1918 12404
3568,10716 12334 5367 1721 10168 10157 10158 10159 10160 10161
3569,3055 2547 2543 6560 10650 2080 328 5163 7336 1070
3570,5360 5541 846 4726 1104 6834 9314 442 7989 4320
3571,12617 11211 12171 8759 13877 5370 10789 9566 10176 10177
3572,5594 1836 4191 0 10166 10155 10156 10157 10158 10159
3573,4696 6597 10809 10167 10156 10157 10158 10159 10160 10161
3574,10716 2432 1513 6246 6181 10236 10166 10155 10156 10157
3575,13878 11120 2887 12756 5673 10155 10156 10157 10158 10159
3576,13879 716 9892 10159 10164 10163 10162 10161 10160 0
3577,611 0 10168 10156 10157 10158 10159 10160 10161 10162
3578,2862 12263 2654 13882 6257 6685 5353 10914 13881 6170
3579,3135 3201 3183 4406 10168 10157 10158 10159 10160 10161
3580,1918 9282 9904 0 10167 10156 10157 10158 10159 10160
3581,7401 8144 11568 231 4480 6506 10165 10167 10166 10164
3582,7541 7409 9843 0 10157 10158 10159 10160 10161 10162
3583,626 0 10154 10156 10157 10158 10159 10160 10161 10162
3584,4132 1011 13573 1721 4407 10162 10166 10165 10164 10163
3585,6909 1896 7466 0 10167 10156 10157 10158 10159 10160
3586,5082 9390 3033 13884 7516 4769 795 2534 4925 10164
3587,13885 5267 10166 10154 10155 10156 10157 10158 10159 10160
3588,13886 9060 3444 4408 1250 253 4003 2072 11836 10166
3589,3621 649 319 1205 8146 10160 10161 10162 10163 10164
3590,6778 1115 13196 5788 7292 11913 1855 12720 4544 10156
3591,12945 9893 9880 961 9966 661 11140 10234 10165 10155
3592,9804 3823 9659 7259 11622 8209 8035 6945 10446 231
3593,13200 1168 405 10156 10157 10158 10159 10160 10161 10162
3594,4036 4037 1136 12548 1721 12637 11325 12151 10162 10163
3595,13326 13670 1166 11880 13650 13576 13128 3464 10160 10162
3596,5529 12736 3085 12377 2881 10164 10167 10166 10165 10162
3597,10038 6217 10181 10154 10155 10156 10157 10158 10159 10160
3598,4350 8397 578 4025 10168 10157 10158 10159 10160 10161
3599,1176 12459 7705 755 3943 4333 11603 10163 10164 10162
3600,1513 9443 9227 0 10166 10156 10157 10158 10159 10160
3601,1746 13888 0 10166 10155 10156 10157 10158 10159 10160
3602,405 5998 2742 2741 0 10162 10165 10164 10163 10160
3603,13890 2707 13891 0 10165 10156 10157 10158 10159 10160
3604,13893 13892 6622 0 10180 10155 10156 10157 10158 10159
3605,13838 13895 5516 13894 0 10163 10154 10155 10156 10157
3606,11751 142 9882 5544 0 10167 10157 10158 10159 10160
3607,12864 13530 6670 0 10155 10156 10157 10158 10159 10160
3608,11019 10121 13899 7688 10165 10154 10155 10156 10157 10158
3609,5686 1355 1354 0 10154 10156 10157 10158 10159 10160
3610,13040 13900 9015 10165 10154 10155 10156 10157 10158 10159
3611,1127 284 8021 12948 1119 13715 8410 7643 13536 13901
3612,12332 7215 10088 0 10166 10156 10157 10158 10159 10160
3613,4357 6548 9838 1327 7980 6897 7967 8028 3671 8786
3614,13902 0 10152 10154 10155 10156 10157 10158 10159 10160
3615,657 13903 5625 4023 1263 5335 4787 5584 9764 4345
3616,13905 1222 0 10153 10155 10156 10157 10158 10159 10160
3617,13906 1985 13630 10167 10156 10157 10158 10159 10160 10161
3618,2928 1985 3470 10168 10157 10158 10159 10160 10161 10162
3619,4698 5365 13723 0 10167 10156 10157 10158 10159 10160
3620,7533 3260 4442 5114 5500 3984 4585 426 10167 10166
3621,1862 7469 12547 0 10167 10157 10158 10159 10160 10161
3622,3001 1317 9751 7057 8164 4605 4687 6364 10134 10170
3623,5639 4126 7771 0 10167 10157 10158 10159 10160 10161
3624,13103 12521 13104 0 10166 10155 10156 10157 10158 10159
3625,11303 10764 8843 10168 10156 10157 10158 10159 10160 10161
3626,9880 4086 0 10166 10155 10156 10157 10158 10159 10160
3627,13000 1394 2067 6822 0 10155 10157 10158 10159 10160
3628,11741 2314 557 6214 1785 4474 46 1963 873 481
3629,10356 10359 13735 5195 10237 10164 10154 10155 10156 10157
3630,6750 3393 12821 7783 11871 5622 8226 380 3391 12817
3631,2741 3046 0 10170 10158 10159 10160 10161 10162 10163
3632,7317 6300 9493 4884 3239 4813 3234 4823 7326 12185
3633,5879 10154 9971 10166 10155 10156 10157 10158 10159 10160
3634,2369 6360 1355 0 10156 10157 10158 10159 10160 10161
3635,8376 146 13909 9532 5455 1865 1499 3485 8667 6453
3636,8472 13384 2288 575 0 10165 10155 10156 10157 10158
3637,3468 10267 3043 0 10157 10158 10159 10160 10161 10162
3638,3727 7725 12706 6306 9509 11642 1419 198 11193 11198
3639,8477 5839 4608 1824 10368 10578 8159 11850 10574 13308
3640,11382 7098 7099 10994 10628 10991 10627 10989 10155 10156
3641,7798 2135 13753 11035 0 10161 10164 10163 10162 10159
3642,1719 3083 1011 10365 9236 11321 6315 12282 4285 7784
3643,7124 101 13912 4024 12110 7604 5749 5219 5642 9158
3644,2870 10899 10199 7427 5447 5687 10159 10160 10161 10162
3645,4235 3358 9715 0 10168 10157 10158 10159 10160 10161
3646,114 7122 13913 10100 12710 1055 10430 13135 3111 10631
3647,8553 3307 7394 12714 3201 0 10163 10165 10164 10161
3648,8090 8105 13915 9077 9076 5228 13914 10156 10155 10163
3649,12479 12557 4273 0 10166 10155 10156 10157 10158 10159
3650,12904 6284 8909 0 10165 10154 10155 10156 10157 10158
3651,13528 3012 13916 7903 10168 10157 10158 10159 10160 10161
3652,1003 2891 0 10184 10158 10159 10160 10161 10162 10163
3653,6577 4500 10859 1442 2774 3509 0 10166 10158 10159
3654,2741 8526 6352 10170 10158 10159 10160 10161 10162 10163
3655,7174 5145 6173 11134 0 10165 10155 10156 10157 10158
3656,5250 5341 505 4406 4244 4333 2423 7174 13918 13543
3657,8245 2140 7927 1952 5632 12201 11242 6075 1334 6074
3658,11122 9784 10167 10155 10156 10157 10158 10159 10160 10161
3659,216 4085 1660 0 10168 10157 10158 10159 10160 10161
3660,13805 7112 13913 12428 7509 9209 6836 9260 1026 13920
3661,10033 13922 2284 10005 4794 11024 5881 1263 10896 10918
3662,10863 6725 12885 10165 10154 10155 10156 10157 10158 10159
3663,11056 10097 7101 1720 1828 10752 1709 4603 10987 13911
3664,6296 6411 370 10166 10154 10155 10156 10157 10158 10159
3665,13924 10677 10694 1129 12814 13923 5805 10160 10163 10162
3666,8526 2824 13926 0 10167 10156 10157 10158 10159 10160
3667,1166 5193 404 9791 2614 10168 10158 10159 10160 10161
3668,3943 13927 3 679 8350 2538 5058 4297 9474 8565
3669,1746 10361 6118 5379 2986 13930 6493 6487 4307 13929
3670,4133 8164 4605 7016 4287 7015 7014 859 10130 10168
3671,2742 3464 1166 2815 0 10169 10159 10160 10161 10162
3672,8338 0 10168 10156 10157 10158 10159 10160 10161 10162
3673,8813 2442 4589 8814 10170 10159 10160 10161 10162 10163
3674,5586 8952 3372 10400 4879 2408 2240 5467 4481 1648
3675,2741 13932 11755 12746 13931 10159 10163 10162 10161 10160
3676,4474 7239 5561 9505 13933 4963 4350 6495 4964 3658
3677,1557 10254 7662 13934 2992 10103 0 10165 10164 10163
3678,7144 1866 0 10167 10156 10157 10158 10159 10160 10161
3679,6148 6156 6153 6700 10165 10155 10156 10157 10158 10159
3680,2139 11258 9286 1207 0 10166 10165 10164 10163 10162
3681,8999 13891 3019 0 10166 10156 10157 10158 10159 10160
3682,1686 476 1984 5544 1831 7768 13935 10162 10164 10163
3683,3176 951 10566 10968 8567 7373 9024 4813 11364 10160
3684,9977 975 1728 380 5294 4487 8740 10645 2052 5273
3685,153 10290 2497 8792 2575 4293 715 12404 10162 10169
3686,13939 12854 13938 13133 8985 10159 10163 10162 10161 10160
3687,11551 4259 2342 6119 2282 8618 10159 10158 10157 10165
3688,2742 1323 13327 10160 10165 10164 10163 10162 10161 0
3689,10372 10373 12165 0 10166 10155 10156 10157 10158 10159
3690,8971 5956 4353 1803 0 10164 10163 10162 10161 10160
3691,4808 644 10338 10156 10158 10159 10160 10161 10162 10163
3692,11642 8885 8115 9650 9836 10473 8030 11877 5452 5294
3693,10061 6576 4924 4423 7775 4353 2735 207 7299 2333
3694,1345 10167 10155 10156 10157 10158 10159 10160 10161 10162
3695,13587 13940 0 10166 10154 10155 10156 10157 10158 10159
3696,12809 13078 12577 7144 13177 10156 10157 10158 10159 10166
3697,1533 11112 12271 11524 13188 11752 10163 10154 10155 10156
3698,11888 7569 10109 13943 13046 2730 6397 6393 13122 13942
3699,8088 4654 13945 8238 9566 11716 13944 7556 13257 4058
3700,1503 10055 3258 392 7372 1975 6899 7758 6888 6026
3701,10131 11410 0 10167 10156 10157 10158 10159 10160 10161
3702,11889 8443 10992 1379 5248 10818 0 10163 10162 10161
3703,11605 6476 11853 10468 1616 13652 11588 10257 9827 12010
3704,8536 11099 10819 0 10167 10156 10157 10158 10159 10160
3705,3055 7132 11045 3019 1367 7115 44 13953 9117 9480
3706,9492 13894 380 11574 4940 2705 1206 3344 3545 10237
3707,3043 71 381 2739 12666 10279 7249 10165 10164 10163
3708,11857 8514 13955 3874 7630 4048 12904 6713 1346 4073
3709,5112 2354 13957 0 10166 10155 10156 10157 10158 10159
3710,9790 8356 4430 378 12716 13958 715 10112 12850 255
3711,10208 5431 5405 7229 13959 10163 10153 10154 10155 10156
3712,2742 12742 13352 3465 404 11112 13327 2741 1165 10174
3713,9682 8968 7107 0 10156 10157 10158 10159 10160 10161
3714,10009 10008 4792 7527 10548 7646 11204 1021 5775 8932
3715,13191 13961 8114 0 10165 10155 10156 10157 10158 10159
3716,4962 10490 13841 0 10168 10157 10158 10159 10160 10161
3717,13889 13962 10714 13392 9104 9103 5716 6170 3671 6262
3718,1942 5605 2865 13846 13845 9695 3541 3231 8966 3088
3719,2741 4516 1534 0 10167 10156 10157 10158 10159 10160
3720,1758 3181 1684 7930 834 5414 5092 12167 5773 10178
3721,9646 4135 1357 10167 10156 10157 10158 10159 10160 10161
3722,10729 5639 3852 0 10168 10157 10158 10159 10160 10161
3723,3465 13482 0 10167 10156 10157 10158 10159 10160 10161
3724,2820 10206 360 4515 2817 0 10166 10165 10164 10163
3725,12860 13767 6943 7889 13239 9827 7107 7935 6240 12129
3726,9625 2371 1726 6553 7554 9853 7014 7015 10233 10164
3727,8318 7878 12925 12038 0 10156 10157 10158 10159 10160
3728,5363 8226 12286 0 10166 10155 10156 10157 10158 10159
3729,13964 13966 13965 13967 13963 13707 6751 10152 10154 10155
3730,13968 8122 4450 0 10166 10156 10157 10158 10159 10160
3731,8295 12417 13969 0 10182 10157 10158 10159 10160 10161
3732,13548 13970 5964 13972 13971 0 10154 10155 10156 10157
3733,12135 6835 8004 10168 10156 10157 10158 10159 10160 10161
3734,13681 13695 576 10164 10153 10154 10155 10156 10157 10158
3735,10780 13973 379 0 10155 10156 10157 10158 10159 10160
3736,13975 13974 13969 2636 12601 4909 10166 10165 10164 0
3737,2546 10780 9496 2496 9476 9000 3676 0 10166 10165
3738,13977 11192 4888 1951 10904 12770 10161 10163 10162 10160
3739,8142 12405 67 767 10654 11038 0 10165 10167 10166
3740,4132 4138 4413 6809 8166 8167 10198 5447 10199 7554
3741,4403 9625 10069 10166 10155 10156 10157 10158 10159 10160
3742,13123 6392 13980 13979 13978 13942 3265 10159 10162 10161
3743,7215 5449 7218 0 10154 10156 10157 10158 10159 10160
3744,12642 4624 7784 0 10167 10157 10158 10159 10160 10161
3745,1355 2888 1354 10182 10156 10157 10158 10159 10160 10161
3746,11528 8152 13573 12243 3082 4138 13982 13621 1460 9643
3747,2875 12078 2871 0 10169 10158 10159 10160 10161 10162
3748,8160 8152 0 10169 10157 10158 10159 10160 10161 10162
3749,10199 5447 3843 1826 4416 3416 10165 10156 10157 10158
3750,12661 10067 12663 12662 12079 12078 12664 1317 10229 10167
3751,5863 1011 3415 0 10167 10157 10158 10159 10160 10161
3752,7057 12929 1719 4138 12349 8541 670 10165 10167 10166
3753,10098 4597 8164 3094 4688 4687 9757 4132 8269 10171
3754,5844 10814 1003 13984 1146 3083 13983 13911 6554 6556
3755,12075 3415 12076 10899 4626 6361 9237 5846 4060 7427
3756,3074 7065 2999 3666 13911 3688 13985 10134 10170 10159
3757,5839 2875 7065 13981 2880 4037 12332 13076 13426 12914
3758,12332 9967 12548 0 10157 10158 10159 10160 10161 10162
3759,12965 4697 9965 0 10167 10156 10157 10158 10159 10160
3760,9134 0 10167 10156 10157 10158 10159 10160 10161 10162
3761,13986 9659 1948 11896 10557 8207 0 10164 10163 10162
3762,13988 12343 13987 10179 10165 10155 10156 10157 10158 10159
3763,8999 0 10168 10156 10157 10158 10159 10160 10161 10162
3764,13990 13989 13308 10180 10165 10154 10155 10156 10157 10158
3765,7543 13758 13991 13757 7355 10892 6398 3593 7254 10158
3766,13992 12866 1859 10161 10166 10165 10164 10163 10162 0
3767,13994 0 10167 10155 10156 10157 10158 10159 10160 10161
3768,8982 11347 1721 2371 0 10165 10164 10163 10162 10161
3769,8882 4455 0 10168 10157 10158 10159 10160 10161 10162
3770,4596 5686 4688 10168 10157 10158 10159 10160 10161 10162
3771,1522 4697 628 6515 6513 4170 13979 10163 10162 10161
3772,6102 13247 6100 9948 13515 13997 13996 9025 13995 1883
3773,13905 4670 13998 0 10165 10154 10155 10156 10157 10158
3774,9682 1896 4561 0 10169 10158 10159 10160 10161 10162
3775,14001 11734 4182 133 9197 10982 10161 10164 10163 10162
3776,13464 13221 11956 0 10161 10165 10164 10163 10162 10159
3777,14003 0 10167 10155 10156 10157 10158 10159 10160 10161
3778,4430 12850 13606 14004 10154 10155 10156 10157 10158 10159
3779,2820 7249 2742 4515 405 2823 0 10167 10166 10165
3780,11755 13932 8526 10168 10157 10158 10159 10160 10161 10162
3781,2815 3464 13235 13701 8906 5998 11524 1330 13622 13007
3782,14005 1300 5978 3559 5213 6126 9241 4023 98 10160
3783,9340 12764 8811 10167 10156 10157 10158 10159 10160 10161
3784,1896 11686 1946 33 1046 13416 7892 7261 4947 10769
3785,10105 6397 7254 2898 5255 11845 2274 10161 10164 10163
3786,11625 4139 1859 0 10168 10157 10158 10159 10160 10161
3787,12832 6837 3578 12329 0 10163 10167 10166 10165 10164
3788,9179 6184 12962 10166 10154 10155 10156 10157 10158 10159
3789,4664 6167 13634 10166 10155 10156 10157 10158 10159 10160
3790,12905 14007 5189 0 10167 10156 10157 10158 10159 10160
3791,9220 11120 5673 0 10166 10155 10156 10157 10158 10159
3792,13191 6226 9841 9804 6476 0 10167 10158 10159 10160
3793,12162 14008 0 10155 10157 10158 10159 10160 10161 10162
3794,7083 14009 1702 0 10167 10156 10157 10158 10159 10160
3795,4073 10224 369 8787 0 10156 10157 10158 10159 10160
3796,673 4039 4138 0 10168 10157 10158 10159 10160 10161
3797,2883 6705 4134 9192 5876 1011 10158 10159 10160 10161
3798,8093 3896 10167 10155 10156 10157 10158 10159 10160 10161
3799,13419 4273 4596 5447 7978 11712 10162 10164 10163 0
3800,13544 13459 0 10166 10154 10155 10156 10157 10158 10159
3801,14011 2175 1948 0 10167 10157 10158 10159 10160 10161
3802,14012 13690 9713 13069 4567 1783 6538 6498 11621 3996
3803,12869 2263 10447 10446 1677 12867 10126 10166 10154 10155
3804,13070 6623 6170 10167 10156 10157 10158 10159 10160 10161
3805,12960 1677 9823 5880 2918 7999 14013 13950 10174 10173
3806,12622 6319 10620 5975 3793 3647 7251 10670 563 7255
3807,9628 1011 7818 6323 9645 2875 10161 10160 10162 10168
3808,6352 2742 1529 0 10167 10156 10157 10158 10159 10160
3809,13576 13650 8730 11524 405 13332 13651 404 10164 10155
3810,13323 6001 6000 10160 10165 10164 10163 10162 10161 0
3811,3067 13166 10260 0 10167 10156 10157 10158 10159 10160
3812,7249 14015 2741 10166 10154 10155 10156 10157 10158 10159
3813,8892 1165 2614 10168 10157 10158 10159 10160 10161 10162
3814,3816 8376 10595 3403 10163 10167 10166 10165 10164 0
3815,13513 1527 5818 13324 10657 11832 8402 10164 10163 10162
3816,13339 14016 13660 0 10165 10155 10156 10157 10158 10159
3817,2741 1532 0 10166 10155 10156 10157 10158 10159 10160
3818,13396 7106 1847 4358 2654 0 10165 10164 10163 10162
3819,6353 12301 2741 0 10168 10157 10158 10159 10160 10161
3820,11880 1475 1532 5190 0 10165 10155 10156 10157 10158
3821,1475 11880 12535 12501 8808 10160 10164 10163 10162 10161
3822,7442 10672 10671 8610 14017 11652 9532 10159 10160 10158
3823,13643 6389 1590 12026 8978 13142 9997 13733 2946 4748
3824,748 1443 6813 6636 2138 10469 2928 10159 10160 10168
3825,1050 9956 4975 222 0 10168 10158 10159 10160 10161
3826,11945 14019 13925 13614 9102 11362 1950 14025 11428 12266
3827,11757 14028 8861 14027 5659 0 10165 10156 10157 10158
3828,2820 1535 11880 1166 11052 13731 11878 10162 10154 10155
3829,6520 8575 2798 2321 12779 0 10162 10165 10164 10163
3830,4272 9823 7536 9824 6396 10109 2137 609 10895 8996
3831,11192 5621 23 10167 10155 10156 10157 10158 10159 10160
3832,9179 11406 5126 9650 8261 9441 9601 716 10158 10159
3833,8389 6286 14031 0 10167 10156 10157 10158 10159 10160
3834,13184 11590 4410 0 10166 10156 10157 10158 10159 10160
3835,9074 3465 13007 0 10166 10155 10156 10157 10158 10159
3836,2457 5414 4045 4871 11133 10156 10157 10158 10159 10160
3837,5299 8671 1738 5528 3552 2448 133 8404 1091 1100
3838,11075 6883 9229 10450 9543 12499 13979 10164 10163 10162
3839,3749 5180 14032 6329 12363 9789 6335 10176 10175 10156
3840,10407 6818 11688 14034 13400 9958 10162 10165 10164 10163
3841,956 3852 5485 12029 10907 8210 11354 10163 10165 10164
3842,4829 11634 8387 0 10169 10158 10159 10160 10161 10162
3843,10576 9612 0 10154 10156 10157 10158 10159 10160 10161
3844,5699 2849 6162 12718 8016 9810 0 10163 10162 10161
3845,1532 2869 14029 0 10167 10156 10157 10158 10159 10160
3846,10715 10168 10156 10157 10158 10159 10160 10161 10162 10163
3847,3404 11876 49 2490 2739 34 0 10163 10165 10164
3848,14038 1317 12866 11776 13557 10164 10163 10162 10161 10160
3849,10844 10845 0 10167 10155 10156 10157 10158 10159 10160
3850,3667 7078 7065 1003 2891 0 10166 10165 10164 10163
3851,9784 360 2365 0 10167 10156 10157 10158 10159 10160
3852,13617 13278 5695 13654 0 10165 10155 10156 10157 10158
3853,4235 3713 6025 3704 2100 3210 7285 9048 9224 2056
3854,12149 0 10167 10155 10156 10157 10158 10159 10160 10161
3855,384 4393 1409 0 10167 10156 10157 10158 10159 10160
3856,14033 0 10152 10154 10155 10156 10157 10158 10159 10160
3857,3996 9824 10108 11293 0 10157 10158 10159 10160 10161
3858,10205 6510 11849 10166 10155 10156 10157 10158 10159 10160
3859,13641 14040 3428 0 10166 10155 10156 10157 10158 10159
3860,9435 4445 0 10153 10155 10156 10157 10158 10159 10160
3861,7333 8761 0 10168 10157 10158 10159 10160 10161 10162
3862,4411 1251 3691 3095 11008 7140 9932 2564 3529 4147
3863,8592 2610 14041 10036 11362 1885 9158 1958 7556 10160
3864,8582 2087 10080 11040 3572 8089 6139 13915 6136 10165
3865,1916 2372 12896 0 10167 10156 10157 10158 10159 10160
3866,14044 1535 12743 13672 404 0 10161 10160 10159 10157
3867,8638 12290 13914 8629 8628 0 10162 10165 10164 10163
3868,5651 14046 14045 640 6281 11635 13957 0 10163 10162
3869,14048 10224 11869 6059 4460 14047 6494 5602 11796 6060
3870,7536 7532 3591 6398 3793 13796 10160 10161 10159 10167
3871,8402 6993 8810 13234 13200 12006 1532 2741 0 10162
3872,13839 9841 10150 6061 3591 8240 6494 7524 10160 10166
3873,10112 13196 2060 7643 7649 4753 4962 10785 3669 5639
3874,8677 4497 900 102 11142 5338 10021 10165 10164 10163
3875,1894 13738 2899 7825 0 10156 10157 10158 10159 10160
3876,908 6170 6782 13880 7935 10163 10166 10165 10164 0
3877,9308 7147 0 10167 10155 10156 10157 10158 10159 10160
3878,13615 13534 10924 7214 7669 0 10165 10156 10157 10158
3879,8251 4570 10412 2065 0 10169 10159 10160 10161 10162
3880,7111 14049 12427 7114 7118 11444 10162 10164 10163 10161
3881,13715 12622 13696 9973 7934 1874 13887 11911 14050 12864
3882,9841 6253 9842 10122 9226 9225 7629 10162 10165 10164
3883,5299 14052 14054 14053 13851 9607 11258 8747 7730 12097
3884,102 5163 10050 14055 10784 8870 4045 8778 7854 2288
3885,4193 3278 862 7920 8857 3226 3041 252 2709 795
3886,14058 14057 10432 1472 13697 11658 6403 12984 7090 8320
3887,1074 5834 5824 3317 4814 3835 8086 6928 3836 2510
3888,14061 14059 14060 273 14062 6852 316 5945 337 10163
3889,1201 1578 7197 0 10166 10155 10156 10157 10158 10159
3890,11441 12186 11899 2614 10162 10166 10165 10164 10163 0
3891,14063 7310 4821 2324 9249 873 10178 10167 10158 10159
3892,9784 2820 8761 0 10169 10158 10159 10160 10161 10162
3893,13387 2683 6854 10255 12009 8423 1510 14064 607 3070
3894,5328 9074 11942 8698 8386 13002 1882 10160 10163 10162
3895,12263 14065 12519 13279 12926 13068 13280 10161 10163 10162
3896,14066 12967 10979 0 10155 10156 10157 10158 10159 10160
3897,14067 2630 13646 0 10156 10157 10158 10159 10160 10161
3898,13225 7964 1011 14069 10162 10165 10164 10163 0 10166
3899,8543 12091 14071 10168 10156 10157 10158 10159 10160 10161
3900,2287 4274 11733 4275 7809 6944 5793 9448 9823 4809
3901,3296 2080 724 0 10169 10158 10159 10160 10161 10162
3902,14072 7073 3072 10167 10156 10157 10158 10159 10160 10161
3903,12153 14073 0 10169 10157 10158 10159 10160 10161 10162
3904,14077 9015 14075 14076 14074 13813 10155 10154 10164 10156
3905,2924 11447 2955 5134 5175 8266 9849 4045 296 1195
3906,12331 9148 11012 323 9251 11836 1994 12034 12629 10175
3907,7218 1777 1317 10178 10165 10155 10156 10157 10179 10158
3908,13361 8739 0 10167 10156 10157 10158 10159 10160 10161
3909,4406 5140 494 292 7862 12204 1735 4355 2122 1442
3910,9472 162 13715 0 10165 10155 10156 10157 10158 10159
3911,13188 404 1475 11524 4516 10164 10163 10162 10161 10160
3912,5215 1074 10666 12766 7914 8446 9051 3420 9933 10167
3913,476 10054 488 3284 5414 1387 10160 10161 10162 10163
3914,2820 6000 0 10168 10157 10158 10159 10160 10161 10162
3915,8587 9821 9819 9818 14081 14080 10177 10168 10158 10159
3916,2501 14082 2657 0 10168 10157 10158 10159 10160 10161
3917,5929 8736 7009 9808 0 10157 10158 10159 10160 10161
3918,8513 14083 10168 10156 10157 10158 10159 10160 10161 10162
3919,2820 12426 13187 2742 8727 1166 13327 10161 10167 10160
3920,10679 14084 405 0 10166 10156 10157 10158 10159 10160
3921,14086 14040 14087 5297 13725 5151 14085 1561 12486 13901
3922,6309 13211 11762 3612 0 10167 10157 10158 10159 10160
3923,12292 12290 13381 10153 10155 10156 10157 10158 10159 10160
3924,4516 405 12509 1528 4330 13331 13651 13308 10162 10161
3925,14071 11200 10456 0 10166 10155 10156 10157 10158 10159
3926,10423 1616 0 10168 10156 10157 10158 10159 10160 10161
3927,9055 14088 0 10167 10156 10157 10158 10159 10160 10161
3928,3677 7750 7751 0 10167 10156 10157 10158 10159 10160
3929,1351 10909 12286 0 10154 10156 10157 10158 10159 10160
3930,10450 12499 7518 10244 14091 14090 0 10160 10162 10161
3931,4962 1855 4964 13184 13535 4753 560 11568 10166 10165
3932,318 12640 344 0 10157 10158 10159 10160 10161 10162
3933,2391 10011 11602 0 10166 10165 10164 10163 10162 10161
3934,7530 12879 10195 4361 1669 6392 13142 10156 10157 10158
3935,2820 8727 1323 13354 432 2614 13187 9784 8830 404
3936,14094 0 10166 10155 10156 10157 10158 10159 10160 10161
3937,6668 6659 14098 109 10394 14097 14096 10175 10167 10158
3938,12426 2820 13232 0 10166 10156 10157 10158 10159 10160
3939,10715 14100 4551 2203 4753 4964 4962 3089 7649 4073
3940,2742 14015 2820 12994 1535 10164 10154 10155 10156 10157
3941,10714 6172 9697 12937 9810 3423 5782 6238 10176 10164
3942,3387 2280 10051 5402 1876 7706 13987 8884 14102 3829
3943,3541 10868 3540 0 10166 10156 10157 10158 10159 10160
3944,1940 13141 2162 7530 6062 11885 5276 10164 10163 10162
3945,2907 1115 5967 12155 9708 11885 2726 10161 10162 10163
3946,12459 3654 2991 10169 10158 10159 10160 10161 10162 10163
3947,2820 3465 4516 2742 13248 13187 13452 13574 11524 11121
3948,14105 1826 7427 2876 10815 3846 3844 4414 10160 10159
3949,13124 8197 9525 4228 8945 11702 8247 10178 2457 183
3950,14108 0 10167 10155 10156 10157 10158 10159 10160 10161
3951,11773 14109 8358 10169 10157 10158 10159 10160 10161 10162
3952,12104 6793 10604 12293 12290 11186 12673 12675 11630 8211
3953,10369 11174 3016 8671 4943 10227 10165 10164 10163 0
3954,13885 12850 0 10167 10155 10156 10157 10158 10159 10160
3955,14112 6165 4601 10154 10156 10157 10158 10159 10160 10161
3956,4997 714 2450 3554 4888 7390 1349 10494 10179 10168
3957,10161 14113 7490 0 10167 10155 10156 10157 10158 10159
3958,11815 349 205 8795 9223 0 10158 10159 10160 10161
3959,3676 14114 10270 8790 5823 0 10162 10165 10164 10163
3960,1319 4060 9080 1779 1320 6362 1778 4415 6361 6363
3961,7734 1880 7157 10126 10154 10156 10157 10158 10159 10160
3962,4399 2182 11141 5918 7250 8225 811 4478 9937 12358
3963,7006 8499 11223 10018 8463 2498 837 7461 82 3407
3964,13641 12685 12520 0 10155 10156 10157 10158 10159 10160
3965,7104 13358 6188 6249 2909 14116 7950 5713 4358 1222
3966,902 12892 11782 11684 14118 266 14117 5695 7180 8737
3967,11670 11935 9186 13401 11957 5593 4247 10212 11255 12438
3968,2742 2820 405 3465 1323 1165 14124 14123 5998 1166
3969,11346 2373 4606 10088 7215 0 10166 10157 10158 10159
3970,4052 7152 0 10167 10155 10156 10157 10158 10159 10160
3971,14125 3459 2563 0 10157 10158 10159 10160 10161 10162
3972,753 733 6088 11158 4223 1503 10161 10164 10163 10162
3973,2597 160 11529 2221 6433 8172 689 0 10166 10165
3974,14126 8 1995 0 10168 10157 10158 10159 10160 10161
3975,7684 14127 10124 5452 5615 5229 71 10157 10158 10159
3976,10627 10069 6579 1318 3083 4403 11890 3074 10167 10166
3977,4057 2612 5222 13461 4056 383 4059 13451 13818 4058
3978,5671 1354 5672 3799 0 10167 10157 10158 10159 10160
3979,10148 8119 2903 2924 13564 13726 5251 0 10165 10164
3980,2210 10464 0 10167 10155 10156 10157 10158 10159 10160
3981,726 11403 11405 10166 10154 10155 10156 10157 10158 10159
3982,11932 2770 14129 0 10155 10157 10158 10159 10160 10161
3983,12850 5266 0 10166 10154 10155 10156 10157 10158 10159
3984,11366 12850 13885 10328 10159 10163 10162 10161 10160 0
3985,11230 11737 1475 8454 14132 8892 10413 10166 10158 10159
3986,5601 5967 9998 4699 6508 9657 13951 6392 6389 12081
3987,3899 9041 5056 3374 5210 7140 8310 630 14080 11150
3988,11873 8258 64 0 10156 10157 10158 10159 10160 10161
3989,10480 4024 9920 0 10167 10156 10157 10158 10159 10160
3990,1172 755 0 10156 10158 10159 10160 10161 10162 10163
3991,617 14134 8532 7878 7624 14135 13765 8318 12947 12177
3992,4608 5863 4139 11624 2377 1357 1828 4137 8164 10173
3993,1668 0 10167 10155 10156 10157 10158 10159 10160 10161
3994,1475 1529 13323 13324 1533 8526 4514 12426 10164 10163
3995,9319 1447 7186 0 10167 10156 10157 10158 10159 10160
3996,14137 14136 0 10167 10157 10158 10159 10160 10161 10162
3997,2820 12426 3464 8827 13730 2741 14138 13343 404 12994
3998,5739 3662 6532 9203 8306 208 2928 4286 10608 2081
3999,13919 10564 12545 685 1701 14141 14140 2074 10161 10162
4000,1501 137 3834 2474 5209 119 5207 1161 3280 10157
4001,14144 8785 4962 13753 3959 11189 6489 10176 10164 10156
4002,4976 6476 1864 2979 6622 6004 8305 5145 12522 2268
4003,11120 14148 14147 0 10165 10155 10156 10157 10158 10159
4004,8694 12067 2614 1303 10168 10157 10158 10159 10160 10161
4005,8907 14151 14138 13348 14150 11753 404 10156 10155 10157
4006,10372 10373 155 0 10166 10155 10156 10157 10158 10159
4007,6186 7574 10182 10155 10156 10157 10158 10159 10160 10161
4008,11895 13046 12456 13023 7532 12957 8126 11978 10158 10157
4009,11218 12748 14153 0 10166 10155 10156 10157 10158 10159
4010,2899 13738 1894 10156 10157 10158 10159 10160 10161 10162
4011,3482 3481 14155 10167 10155 10156 10157 10158 10159 10160
4012,572 11988 12162 0 10156 10157 10158 10159 10160 10161
4013,14156 11002 0 10167 10155 10156 10157 10158 10159 10160
4014,2742 7249 5998 2820 405 4515 10163 10167 10166 10165
4015,7249 1529 405 0 10165 10154 10155 10156 10157 10158
4016,2614 2742 1166 10168 10156 10157 10158 10159 10160 10161
4017,7657 14093 1669 8887 6950 13783 10163 10166 10165 10164
4018,13848 13537 13725 0 10180 10155 10156 10157 10158 10159
4019,14160 14159 14157 11384 11746 14158 7581 1131 10174 10165
4020,13763 11232 1937 9682 9650 12148 10012 10169 10157 10158
4021,8588 9056 3906 10167 10155 10156 10157 10158 10159 10160
4022,110 0 10167 10155 10156 10157 10158 10159 10160 10161
4023,14114 4164 5538 12019 971 6063 1885 518 2082 7252
4024,4713 14164 6788 11187 12480 2567 9571 10165 10164 10163
4025,1522 6775 6173 11221 0 10160 10164 10163 10162 10161
4026,8816 5415 0 10168 10156 10157 10158 10159 10160 10161
4027,91 8999 14166 0 10166 10155 10156 10157 10158 10159
4028,13725 13537 9557 10165 10154 10155 10156 10157 10158 10159
4029,1561 6669 12486 0 10166 10155 10156 10157 10158 10159
4030,4962 12682 14002 0 10167 10156 10157 10158 10159 10160
4031,4605 6360 2014 9851 1357 0 10158 10159 10160 10161
4032,5580 0 10167 10155 10156 10157 10158 10159 10160 10161
4033,6497 12496 606 13490 12748 0 10164 10163 10162 10160
4034,13726 13643 13642 12439 0 10164 10154 10155 10156 10157
4035,14167 8786 13389 4171 0 10164 10163 10162 10161 10159
4036,13333 13187 2742 1324 1323 0 10163 10162 10161 10160
4037,1166 2742 1535 8730 13651 1165 2815 2814 3464 3465
4038,1893 2230 14168 0 10167 10156 10157 10158 10159 10160
4039,13889 3943 4962 13191 10425 14169 5021 12223 5707 12588
4040,7826 455 14172 13616 10252 14171 10253 11610 14065 4373
4041,14173 2419 6435 11978 0 10166 10165 10164 10163 10161
4042,13281 14104 6586 2905 14175 9542 3091 2728 10163 10162
4043,13107 13610 628 2912 7869 6828 13116 13535 13184 1697
4044,12725 11723 12839 10167 10155 10156 10157 10158 10159 10160
4045,8730 1166 1323 13650 13628 10167 10157 10158 10159 10160
4046,1526 8907 2741 0 10166 10155 10156 10157 10158 10159
4047,13901 8033 13069 10165 10154 10155 10156 10157 10158 10159
4048,14180 8362 13055 0 10166 10155 10156 10157 10158 10159
4049,11295 8620 13408 6869 14175 10153 2429 1265 12555 12456
4050,12684 12685 9137 11611 7650 2840 6298 14181 10757 10162
4051,12110 9121 2538 7730 10158 9910 7758 10165 10156 10157
4052,12319 11770 0 10166 10155 10156 10157 10158 10159 10160
4053,5998 2614 2742 0 10162 10166 10165 10164 10163 10160
4054,12426 13628 6000 6001 13323 13271 404 9791 1166 3464
4055,12926 14178 6479 8264 12518 13254 11219 5923 3665 10132
4056,11114 9807 0 10166 10156 10157 10158 10159 10160 10161
4057,11226 12242 5367 10166 10155 10156 10157 10158 10159 10160
4058,14192 14190 14185 6943 14187 14188 14189 14191 14186 9231
4059,3492 6846 4379 3609 668 1460 2839 3407 10168 10167
4060,1532 11879 8835 9794 12994 13187 14122 11755 7686 12882
4061,14177 13846 12683 13845 10165 10155 10156 10157 10158 10159
4062,14195 13039 10127 13659 2819 2947 7237 12323 14196 13409
4063,14198 9201 14197 0 10154 10155 10156 10157 10158 10159
4064,12997 1885 13532 0 10155 10156 10157 10158 10159 10160
4065,11084 14129 5405 0 10167 10156 10157 10158 10159 10160
4066,14200 352 3896 0 10166 10155 10156 10157 10158 10159
4067,2600 12868 11405 0 10166 10155 10156 10157 10158 10159
4068,4766 10962 2807 10161 10166 10165 10164 10163 10162 0
4069,5725 12251 0 10155 10156 10157 10158 10159 10160 10161
4070,14205 14204 14203 14202 7581 10153 10154 10155 10156 10157
4071,12110 13216 5233 3160 8460 10162 10166 10165 10164 10163
4072,13858 10322 12263 12249 12824 12524 9556 10164 10163 10162
4073,14207 6669 1560 0 10166 10155 10156 10157 10158 10159
4074,14046 14208 10168 9131 0 10166 10156 10157 10158 10159
4075,3679 9751 4135 10168 10156 10157 10158 10159 10160 10161
4076,12349 4413 5689 0 10167 10156 10157 10158 10159 10160
4077,13736 14209 14208 0 10122 10154 10155 10156 10157 10158
4078,1317 4688 4135 8152 4137 11226 13702 1913 2379 6557
4079,11644 12692 9920 0 10167 10157 10158 10159 10160 10161
4080,13191 4962 10426 0 10166 10156 10157 10158 10159 10160
4081,13463 8084 11206 10167 10155 10156 10157 10158 10159 10160
4082,8775 3955 14120 2464 13883 0 10167 10158 10159 10160
4083,14212 14211 415 10123 10155 10156 10157 10158 10159 10160
4084,2651 14213 8020 10178 10179 10155 10156 10157 10158 10159
4085,13771 13767 14215 12142 12248 4629 13141 10175 10166 10157
4086,2820 1323 0 10167 10156 10157 10158 10159 10160 10161
4087,9959 12265 14024 0 10167 10156 10157 10158 10159 10160
4088,12777 14217 8734 6827 1520 9270 10562 5494 471 3978
4089,11907 9387 9973 10179 10165 10155 10156 10157 10158 10159
4090,2379 2375 2372 0 10165 10164 10163 10162 10161 10160
4091,12987 12082 1111 6172 0 10161 10164 10163 10162 10160
4092,2156 2290 5159 5260 4933 4267 10405 0 10163 10164
4093,14220 4437 14221 9052 10921 3890 8195 5652 6848 14219
4094,5788 11384 0 10166 10155 10156 10157 10158 10159 10160
4095,75 8587 3063 13388 10169 10158 10159 10160 10161 10162
4096,1700 6183 2981 0 10167 10156 10157 10158 10159 10160
4097,14224 14223 14222 0 10166 10155 10156 10157 10158 10159
4098,14226 14225 5673 11120 12551 2869 0 10162 10165 10164
4099,2839 14065 14171 10179 10178 10155 10156 10157 10158 10159
4100,6477 9213 2731 13460 7649 14227 12881 10337 10128 10157
4101,14209 6331 12188 10121 0 10156 10157 10158 10159 10160
4102,8603 405 1166 3464 0 10167 10157 10158 10159 10160
4103,2742 13187 13452 4516 13235 8829 8727 2814 2815 2741
4104,13984 11624 4138 7080 9195 10818 1013 11691 10159 10158
4105,14230 13641 12715 12527 14229 11147 12526 12525 13175 1561
4106,7065 9536 3667 7078 4600 10953 0 10164 10167 10166
4107,9960 12266 13073 14233 8099 12649 14232 12003 14231 13192
4108,1721 7426 4413 7057 4605 10246 9851 10166 10165 10164
4109,14152 14235 8126 12553 1625 6062 10161 10164 10163 10162
4110,7014 14236 4062 10156 10157 10158 10159 10160 10161 10162
4111,1166 1165 14079 2818 8727 3464 6001 6000 9794 2742
4112,14237 6241 6174 6240 10251 8967 9104 11796 10161 10164
4113,2820 13005 2742 2823 1535 13187 10165 10156 10157 10158
4114,8687 13644 8921 1510 6247 1845 10164 10163 10162 10161
4115,5788 7253 13616 10180 10154 10155 10156 10157 10158 10159
4116,1438 8485 3728 10167 10156 10157 10158 10159 10160 10161
4117,14238 0 10167 10155 10156 10157 10158 10159 10160 10161
4118,2130 8591 8 0 10167 10156 10157 10158 10159 10160
4119,14239 0 10167 10155 10156 10157 10158 10159 10160 10161
4120,890 4886 5829 378 4301 5607 13645 65 10161 10164
4121,12641 5642 3178 3177 1619 10564 131 5787 5786 7000
4122,11405 692 14136 0 10165 10155 10156 10157 10158 10159
4123,443 8823 9884 4568 10232 1589 12698 2122 3242 705
4124,12985 1557 13942 8515 6498 6097 6546 10130 10166 10156
4125,14243 14239 14248 14249 14250 14244 14251 692 14241 14247
4126,7649 4388 621 7643 628 6613 10868 8788 10160 10161
4127,3483 4507 11252 0 10158 10159 10160 10161 10162 10163
4128,538 4844 5751 5749 525 0 10166 10157 10158 10159
4129,8143 10188 7401 9650 12148 7743 11085 1932 7745 13782
4130,2326 171 4364 4774 12163 11803 6859 7327 2767 9604
4131,3564 2665 0 10158 10159 10160 10161 10162 10163 10164
4132,2156 88 3860 184 2473 9669 5135 7283 12018 14252
4133,14253 14254 0 10182 10156 10157 10158 10159 10160 10161
4134,6905 8884 3396 10125 3387 7809 10130 10160 10161 10162
4135,7795 10728 3981 7630 14126 10370 10164 10167 10166 10165
4136,5142 5794 11993 0 10154 10156 10157 10158 10159 10160
4137,5502 7021 10236 10166 10154 10155 10156 10157 10158 10159
4138,8458 4569 14217 0 10168 10157 10158 10159 10160 10161
4139,6825 46 6787 241 10179 10178 10158 10159 10160 10161
4140,139 5437 5041 870 0 10167 10158 10159 10160 10161
4141,14255 9101 6824 10167 10156 10157 10158 10159 10160 10161
4142,3119 3359 9118 9669 3282 10295 4320 10177 10178 10158
4143,11119 0 10167 10156 10157 10158 10159 10160 10161 10162
4144,8848 8850 13713 0 10154 10156 10157 10158 10159 10160
4145,14257 8077 11163 11963 4651 7739 7658 10157 10156 10158
4146,7910 3903 5952 0 10166 10155 10156 10157 10158 10159
4147,13193 4257 4489 11139 11706 3038 14258 10134 10170 10160
4148,282 10001 10003 1971 10181 10162 10166 10165 10164 10163
4149,1351 3055 9974 10544 5550 2656 8367 9164 549 3505
4150,13021 4649 4653 4657 2804 14259 124 161 7331 9118
4151,4865 3150 7391 0 10167 10156 10157 10158 10159 10160
4152,14238 14260 489 10166 10154 10155 10156 10157 10158 10159
4153,12146 1727 1721 7572 1011 10165 10168 10167 10166 10164
4154,11486 5818 12005 4762 514 4232 170 1980 6031 3181
4155,5408 8098 2210 8285 11157 5746 10167 10158 10159 10160
4156,2026 2548 1961 1798 10158 10159 10160 10161 10169 10162
4157,14262 1532 6940 7236 0 10152 10154 10155 10156 10157
4158,8999 5488 5527 9706 9701 2309 10165 10168 10167 10166
4159,2238 1392 12312 12996 10980 1543 9812 4059 2666 8392
4160,3077 6703 2616 3076 6704 11057 10166 10168 10167 0
4161,6888 10886 10212 10550 3623 7758 5568 1621 2676 4828
4162,1676 11101 10064 7651 1934 10167 10157 10158 10159 10160
4163,2241 134 385 10432 13130 10166 10156 10157 10158 10159
4164,1074 12813 12193 4920 3497 9545 10159 10160 10161 10162
4165,5155 690 4181 0 10165 10155 10156 10157 10158 10159
4166,14266 11592 4529 4524 4530 8016 10167 10166 10165 10163
4167,625 1413 7037 466 8568 4861 7845 3960 2205 4396
4168,14267 4036 9951 0 10168 10157 10158 10159 10160 10161
4169,9991 4498 4312 7977 2672 10157 10158 10159 10160 10161
4170,239 2256 4351 9613 10168 10157 10158 10159 10160 10161
4171,324 6792 4920 0 10167 10157 10158 10159 10160 10161
4172,257 6094 5920 0 10164 10154 10155 10156 10157 10158
4173,14268 5226 0 10166 10154 10155 10156 10157 10158 10159
4174,1177 2984 6613 10169 10157 10158 10159 10160 10161 10162
4175,8474 9427 0 10154 10156 10157 10158 10159 10160 10161
4176,9645 1011 4139 7427 2871 9752 8850 8847 14269 8000
4177,10820 3720 5793 4856 1297 12200 1620 2411 8521 11914
4178,5563 4656 11371 0 10167 10156 10157 10158 10159 10160
4179,3348 3834 3602 10169 10158 10159 10160 10161 10162 10163
4180,6046 3740 11751 8129 11713 0 10167 10158 10159 10160
4181,10822 14272 14271 2525 2347 6041 10303 10532 14273 10274
4182,12069 5723 8714 10155 10156 10157 10158 10159 10160 10161
4183,14136 11402 14208 10180 10154 10155 10156 10157 10158 10159
4184,12281 6725 9704 4937 693 10162 10166 10165 10164 10163
4185,4096 9886 9167 1229 9090 8744 465 5412 1959 4217
4186,11378 11379 0 10168 10156 10157 10158 10159 10160 10161
4187,12714 14274 4346 10166 10155 10156 10157 10158 10159 10160
4188,6615 13560 711 10168 10156 10157 10158 10159 10160 10161
4189,2804 11368 4660 4653 11370 4663 10165 10168 10167 10166
4190,1831 10137 2525 0 10167 10157 10158 10159 10160 10161
4191,685 195 6822 0 10183 10158 10159 10160 10161 10162
4192,1215 1491 14206 2108 12162 9563 323 5247 764 11360
4193,1532 8402 14138 0 10165 10155 10156 10157 10158 10159
4194,7831 12549 10043 244 3172 10487 10162 10163 10170 10161
4195,13725 4458 0 10166 10155 10156 10157 10158 10159 10160
4196,171 764 964 6198 4862 1684 6641 4468 1443 1688
4197,611 12015 8820 488 4953 11333 495 3576 13264 5091
4198,8653 8742 1427 2024 1452 2756 1568 12042 11950 10160
4199,7286 1160 1161 10078 8631 1043 9679 1571 10661 10760
4200,10867 1269 9826 8227 14281 0 10165 10164 10163 10161
4201,2750 2461 8391 839 6965 1397 6411 6216 163 794
4202,7113 5003 159 2498 10406 10167 10157 10158 10159 10160
4203,6805 14283 11347 9173 10165 10154 10155 10156 10157 10158
4204,9911 9912 3138 11848 731 2166 1475 11409 14284 6116
4205,453 2448 3139 775 466 476 879 6033 3811 162
4206,14286 12440 14209 14285 0 10160 10164 10163 10162 10161
4207,11170 1408 748 6645 838 2930 1252 10161 10162 10169
4208,2826 2764 9439 9518 10166 10155 10156 10157 10158 10159
4209,467 1423 14287 0 10165 10164 10163 10162 10161 10160
4210,6661 14294 10397 14291 6666 10405 14293 6662 14292 14290
4211,7195 11292 10153 10485 232 14175 6667 10406 233 10162
4212,8999 1560 13725 14085 6670 0 10164 10163 10162 10161
4213,4090 2291 9051 7848 10078 2287 10270 10156 10157 10158
4214,12513 14295 0 10168 10156 10157 10158 10159 10160 10161
4215,794 618 5417 6005 971 6063 7633 10164 10168 10167
4216,2326 4426 13587 7115 10602 8653 6148 10159 10158 10161
4217,11410 13856 12587 9945 10731 14154 6129 10161 10163 10162
4218,881 14298 3193 2130 5508 2564 12670 546 9613 323
4219,8106 870 3276 3956 14299 10161 10166 10165 10164 10163
4220,10401 6652 10400 0 10164 10154 10155 10156 10157 10158
4221,14301 14097 14302 12556 14096 10392 10161 10164 10163 10162
4222,3160 7109 7310 11230 7632 0 10166 10157 10158 10159
4223,8999 14163 5415 9054 0 10162 10166 10165 10164 10163
4224,2623 13652 5516 11384 14304 14303 9945 6574 9827 10675
4225,6766 9143 7719 0 10161 10164 10163 10162 10160 10166
4226,14305 9762 10278 3449 12352 8488 12176 10432 10166 10165
4227,4669 4760 3500 4031 2106 2155 63 4965 2493 8500
4228,13587 9054 0 10166 10154 10155 10156 10157 10158 10159
4229,9054 739 14306 0 10162 10166 10165 10164 10163 10161
4230,7124 78 8999 13912 14166 9054 2156 5335 10156 10157
4231,740 0 10154 10156 10157 10158 10159 10160 10161 10162
4232,9570 2235 7235 0 10156 10157 10158 10159 10160 10161
4233,14308 10076 11955 0 10168 10157 10158 10159 10160 10161
4234,9902 1806 32 9906 1026 11969 4601 14311 13741 7967
4235,14312 0 10153 10155 10156 10157 10158 10159 10160 10161
4236,13015 5415 2739 11482 0 10168 10158 10159 10160 10161
4237,14313 8527 4359 5010 9085 2856 10746 5619 240 11447
4238,14100 9266 4494 7773 5567 11646 5233 9904 13669 5309
4239,13481 0 10152 10154 10155 10156 10157 10158 10159 10160
4240,9213 6617 2731 6069 13267 11152 13666 13951 7891 3118
4241,14314 1196 12980 12250 13029 0 10164 10163 10162 10161
4242,13245 13576 13628 10124 10166 10154 10155 10156 10157 10158
4243,12426 3465 1533 4514 405 1323 13187 6352 10163 10162
4244,13849 11389 6655 10397 14290 0 10162 10161 10160 10158
4245,13329 1532 5998 0 10165 10154 10155 10156 10157 10158
4246,13904 13431 5516 3067 1632 14316 13310 5563 6792 14315
4247,5543 7731 2123 12420 11069 0 10161 10164 10163 10162
4248,11429 14317 9340 0 10167 10156 10157 10158 10159 10160
4249,14058 14318 8509 11585 10167 10156 10157 10158 10159 10160
4250,6327 1761 1304 13571 12342 0 10163 10162 10161 10160
4251,693 14208 14320 692 11403 0 10165 10156 10157 10158
4252,8976 12195 9508 14321 413 3155 9246 8273 7952 9600
4253,8523 8484 11066 3403 10064 7671 10191 14322 11035 11790
4254,6023 12855 11917 0 10165 10154 10155 10156 10157 10158
4255,2957 12918 11480 12666 374 9024 733 10158 10159 10160
4256,14319 8760 7781 0 10169 10158 10159 10160 10161 10162
4257,6232 14311 13898 10153 10155 10156 10157 10158 10159 10160
4258,11555 14323 11554 10167 10155 10156 10157 10158 10159 10160
4259,2741 14138 8827 14324 12425 13189 7686 14308 10157 10158
4260,1525 11394 1531 1330 14326 10164 10154 10155 10156 10157
4261,4515 8830 1532 3465 10157 10158 10159 10160 10161 10167
4262,13349 3465 13734 9786 2814 4514 12302 1533 13189 10163
4263,12271 14328 8808 13343 5194 6353 14138 0 10163 10162
4264,2741 13344 2820 9784 11122 11112 6352 10208 13329 1532
4265,12905 11286 2614 13409 14329 10161 10164 10163 10162 0
4266,13323 2741 14014 10166 10155 10156 10157 10158 10159 10160
4267,3507 14199 11560 10167 10155 10156 10157 10158 10159 10160
4268,2614 13578 3465 1529 0 10160 10164 10163 10162 10161
4269,2614 6352 13578 1529 5998 3465 0 10163 10162 10161
4270,405 13332 11955 0 10161 10165 10164 10163 10162 10160
4271,12070 8892 0 10167 10157 10158 10159 10160 10161 10162
4272,13248 13672 3463 0 10164 10154 10155 10156 10157 10158
4273,2820 11880 1165 13575 10410 13926 14331 10160 10164 10163
4274,13347 8907 13202 2822 13201 0 10164 10163 10162 10160
4275,13128 13244 13245 10177 10163 10153 10178 10154 10155 10156
4276,1166 2743 2742 10168 10156 10157 10158 10159 10160 10161
4277,9784 4515 0 10156 10157 10158 10159 10160 10161 10162
4278,405 11753 13661 13203 11051 10411 14332 12500 8058 14084
4279,14323 5998 2614 11555 10127 13924 10167 10155 10156 10157
4280,11112 13319 10508 5998 10154 10155 10156 10157 10158 10159
4281,11112 6996 2743 2741 2742 1535 8730 8892 13327 0
4282,14007 5998 10127 0 10167 10156 10157 10158 10159 10160
4283,9784 407 2816 14336 14335 13574 10260 13672 11394 14326
4284,405 1535 2742 0 10166 10155 10156 10157 10158 10159
4285,10679 10963 8906 13931 1323 13330 3464 9791 2959 13625
4286,2742 1165 13629 2743 2741 13352 3465 6353 10163 10166
4287,13575 10410 13260 13926 14331 14122 1535 1525 8730 11524
4288,2820 2741 405 5998 10162 10166 10165 10164 10163 0
4289,14122 1323 13700 2742 2743 14326 11394 10175 10176 10155
4290,11112 2614 0 10166 10155 10156 10157 10158 10159 10160
4291,13731 3464 1166 13187 1326 10165 10155 10156 10157 10158
4292,4514 1529 13423 2113 2741 2814 3463 0 10165 10164
4293,3464 1530 11394 8907 2820 4516 10162 10165 10164 10163
4294,12380 2614 2958 13574 13672 2316 13562 2741 1165 2742
4295,1367 5547 2029 2208 10167 10156 10157 10158 10159 10160
4296,14339 14338 12627 0 10156 10157 10158 10159 10160 10161
4297,6784 12985 14340 9807 12025 11661 10986 10161 10165 10164
4298,11872 7401 4755 10168 10156 10157 10158 10159 10160 10161
4299,4138 1719 2373 0 10166 10155 10156 10157 10158 10159
4300,8372 12025 6685 6097 1786 6616 13644 10156 10157 10158
4301,7784 3083 13785 12209 12734 4688 4687 3084 1721 2369
4302,8026 8029 0 10167 10156 10157 10158 10159 10160 10161
4303,1354 10199 11777 0 10165 10155 10156 10157 10158 10159
4304,7427 7095 12370 10088 7554 7785 10749 10198 10987 10166
4305,14181 10351 14342 10161 10165 10164 10163 10162 0 10167
4306,3083 1315 12211 10170 10158 10159 10160 10161 10162 10163
4307,12917 13519 4403 1317 10236 10152 10154 10155 10156 10157
4308,11265 576 5782 14064 7625 10255 12048 8423 10164 10165
4309,7436 13258 12891 10166 10155 10156 10157 10158 10159 10160
4310,14344 9688 2930 0 10168 10157 10158 10159 10160 10161
4311,12735 7077 10461 10992 7427 4599 12725 10160 10161 10159
4312,13557 7702 10911 0 10155 10156 10157 10158 10159 10160
4313,1011 11537 0 10167 10156 10157 10158 10159 10160 10161
4314,4403 7215 10992 11120 2869 7064 1318 7096 10160 10165
4315,7427 7498 4402 0 10160 10165 10164 10163 10162 10161
4316,3980 11949 4437 5421 10706 10158 10159 10160 10161 10168
4317,13742 6849 10195 10167 10155 10156 10157 10158 10159 10160
4318,1778 2372 7215 4687 9194 11347 1317 14345 8152 1011
4319,3429 3428 4350 0 10167 10156 10157 10158 10159 10160
4320,756 2953 14111 10157 10159 10160 10161 10162 10163 10164
4321,12332 11347 6738 10088 7215 10072 4134 2869 10164 10165
4322,691 13214 13215 10126 10127 10155 10156 10157 10158 10159
4323,4461 8542 10994 10990 4145 1709 10166 10157 10158 10159
4324,3083 4132 11347 9850 4687 397 7093 0 10166 10159
4325,12036 10224 9807 2422 0 10156 10157 10158 10159 10160
4326,4847 14348 11818 740 8479 10167 10157 10158 10159 10160
4327,5875 11347 7215 1771 14351 14350 14349 10161 10164 10163
4328,10969 13776 14117 1524 13034 10163 10153 10154 10155 10156
4329,11249 7714 4373 12527 11248 0 10167 10158 10159 10160
4330,10627 11099 7095 0 10155 10156 10157 10158 10159 10160
4331,6537 11218 14206 6163 1592 6623 2108 7625 4550 13417
4332,10388 612 5782 618 11963 7377 9942 6098 13138 6605
4333,2840 1360 6231 9659 1947 14352 12486 13176 10163 10165
4334,7242 14353 0 10168 10156 10157 10158 10159 10160 10161
4335,7168 11840 11842 10658 0 10166 10156 10157 10158 10159
4336,14354 10216 0 10167 10156 10157 10158 10159 10160 10161
4337,10751 1136 3003 5686 5857 1145 6847 10167 10166 10165
4338,5288 14356 2274 2729 4582 4589 14355 10179 10169 10159
4339,8167 3075 0 10168 10157 10158 10159 10160 10161 10162
4340,2820 3465 8906 13660 8727 2742 14084 1165 13327 8907
4341,7217 2891 0 10183 10157 10158 10159 10160 10161 10162
4342,13604 4567 7506 6226 0 10166 10156 10157 10158 10159
4343,9309 3555 4196 0 10167 10156 10157 10158 10159 10160
4344,11626 3667 3666 3074 11892 10168 10158 10159 10160 10161
4345,5625 13823 12831 0 10165 10154 10155 10156 10157 10158
4346,4607 7057 1719 0 10167 10157 10158 10159 10160 10161
4347,14318 14357 14358 14253 13525 195 7239 873 5755 2465
4348,10097 1317 6804 10627 10990 13209 4413 12589 13723 10132
4349,8906 3465 14359 0 10167 10156 10157 10158 10159 10160
4350,12142 7682 6939 13122 10167 10157 10158 10159 10160 10161
4351,5449 2881 7077 6847 13785 1317 2880 8542 4461 12736
4352,3667 10199 4132 4600 11724 2373 4687 7067 7404 4138
4353,5012 14362 14284 10160 10165 10164 10163 10162 10161 0
4354,1354 11099 2372 1136 6364 14363 5672 12728 1355 9554
4355,5795 2058 13305 11019 10165 10155 10156 10157 10158 10159
4356,9999 13763 9650 7745 12623 10870 14002 6685 14027 4350
4357,2846 6729 10432 7544 5355 10490 13841 4386 13715 12285
4358,11665 1837 6240 399 6185 6541 12987 5353 12264 14219
4359,4484 7186 7270 0 10156 10157 10158 10159 10160 10161
4360,11019 8210 9199 0 10166 10155 10156 10157 10158 10159
4361,1011 1354 11777 0 10168 10157 10158 10159 10160 10161
4362,56 1374 9206 2958 9359 13413 10163 10166 10165 10164
4363,10463 6173 10256 1392 2023 13767 285 1895 4872 8505
4364,73 11632 7220 14364 2585 0 10167 10158 10159 10160
4365,11805 11808 2378 9626 4139 5849 10069 10174 10152 10153
4366,13710 4172 4527 14109 5354 5907 1125 8231 9857 3492
4367,6143 2928 8762 0 10168 10157 10158 10159 10160 10161
4368,5151 2582 0 10167 10157 10158 10159 10160 10161 10162
4369,1447 12916 344 0 10161 10165 10164 10163 10162 10160
4370,11115 10052 8144 13696 7529 10156 10157 10158 10159 10160
4371,2379 2375 3072 9853 2372 11347 1010 10166 10165 10164
4372,11983 1174 12985 10644 3854 10157 10158 10159 10160 10161
4373,9100 7009 14010 0 10167 10156 10157 10158 10159 10160
4374,13307 9796 8095 9759 10167 10156 10157 10158 10159 10160
4375,692 659 10154 10156 10157 10158 10159 10160 10161 10162
4376,14367 0 10168 10156 10157 10158 10159 10160 10161 10162
4377,10985 1506 2428 10167 10155 10156 10157 10158 10159 10160
4378,3563 9108 3566 10900 2663 4057 8712 10081 14373 8901
4379,14375 14374 0 10166 10156 10157 10158 10159 10160 10161
4380,2041 4984 5998 7752 10674 3368 7565 10159 10160 10161
4381,7935 14219 14378 5904 10125 9650 10234 10153 10155 10156
4382,1207 5731 11794 8383 7811 1732 7369 4950 3974 10433
4383,10958 5555 5294 0 10167 10156 10157 10158 10159 10160
4384,2742 12007 12008 1168 2814 1323 405 11121 1165 5110
4385,13421 13717 13453 2820 0 10163 10153 10154 10155 10156
4386,4196 3276 2185 0 10167 10157 10158 10159 10160 10161
4387,11417 11416 11412 11411 11415 11413 10024 11414 6069 7499
4388,4591 4515 8732 1535 11899 10165 10164 10163 10162 0
4389,14380 5519 14379 692 0 10167 10157 10158 10159 10160
4390,14382 14129 10060 0 10167 10157 10158 10159 10160 10161
4391,14384 14383 6228 12081 692 0 10166 10157 10158 10159
4392,14385 0 10167 10155 10156 10157 10158 10159 10160 10161
4393,4599 7427 10899 1344 11850 2375 1721 0 10164 10167
4394,4516 2742 1165 1535 10260 1339 10162 10165 10164 10163
4395,2687 2951 14386 10168 10157 10158 10159 10160 10161 10162
4396,589 8995 5016 10168 10156 10157 10158 10159 10160 10161
4397,2814 13672 14326 10178 10165 10155 10156 10157 10158 10159
4398,14389 11405 14388 14387 999 2029 0 10159 10162 10161
4399,2820 2614 13574 10260 13651 404 10158 10159 10160 10161
4400,3792 9093 7631 4230 5544 1187 463 12019 10164 10166
4401,8140 3943 11809 1270 3260 3263 10166 10165 0 10168
4402,13067 2793 13066 11208 13064 10082 10431 6755 10158 10157
4403,14393 3895 3134 4298 13930 10167 10157 10158 10159 10160
4404,1947 8965 5743 13221 8035 2944 4524 10161 10164 10163
4405,10369 9007 4238 1491 611 801 1966 5155 5552 770
4406,14395 14254 8300 1633 11035 0 10165 10157 10158 10159
4407,2582 11599 14185 10167 10156 10157 10158 10159 10160 10161
4408,3811 2519 10673 0 10167 10156 10157 10158 10159 10160
4409,1572 170 1732 14396 2448 5547 651 8705 141 580
4410,3465 360 1532 13327 12742 2742 10235 10164 10152 10153
4411,12290 12291 12674 0 10167 10156 10157 10158 10159 10160
4412,5264 6850 11964 1679 10272 0 10162 10165 10164 10163
4413,2457 548 2855 10784 10168 10157 10158 10159 10160 10161
4414,1532 8904 14122 405 1323 10159 10162 10161 10160 0
4415,7860 3805 7970 10161 10166 10165 10164 10163 10162 0
4416,8093 9566 9076 9077 12647 8102 14399 8631 352 3953
4417,14400 46 2308 0 10167 10157 10158 10159 10160 10161
4418,14401 12740 10836 7754 3013 4658 4659 6799 4647 2604
4419,12440 7915 612 10169 10157 10158 10159 10160 10161 10162
4420,645 11406 7049 0 10155 10157 10158 10159 10160 10161
4421,1611 4975 3819 10168 10156 10157 10158 10159 10160 10161
4422,1532 2614 14079 5998 404 13574 14326 14405 13352 3465
4423,10061 702 7275 9276 6064 12308 10166 10165 10164 10163
4424,10370 46 2677 10163 10168 10167 10166 10165 10164 0
4425,14406 7121 2951 7325 8999 3899 3901 1216 7135 4427
4426,13166 3067 14217 8735 10562 14407 0 10164 10166 10165
4427,14409 14410 0 10167 10155 10156 10157 10158 10159 10160
4428,13217 13718 5273 2269 12879 10052 8144 12351 10157 10164
4429,8787 8119 10148 0 10168 10158 10159 10160 10161 10162
4430,3729 9158 6766 7719 3470 13524 0 10163 10164 10162
4431,7504 757 1198 10169 10158 10159 10160 10161 10162 10163
4432,4594 11209 9111 2801 9110 2219 8270 13877 2094 14413
4433,7065 10843 1136 1146 10162 10166 10165 10164 10163 0
4434,6506 9809 9810 1665 12987 0 10166 10157 10158 10159
4435,13742 12557 12038 10868 12482 13719 13934 5492 13941 1897
4436,12014 7841 10482 1403 143 12005 5283 3755 1047 2130
4437,6547 13979 2274 12373 10869 1893 3540 12959 6613 14414
4438,1028 3180 1397 9244 14415 11230 10162 10165 10164 10163
4439,10259 14416 12504 10167 10155 10156 10157 10158 10159 10160
4440,12426 8907 405 14308 1323 404 403 1166 11753 5998
4441,14417 9131 2291 714 257 0 10162 10165 10164 10163
4442,10056 3034 1576 11747 0 10168 10158 10159 10160 10161
4443,4350 14419 3308 6178 10167 10156 10157 10158 10159 10160
4444,3086 10000 7166 2050 10162 10166 10165 10164 10163 10161
4445,10517 1732 1198 1686 13048 1661 6328 10158 10159 10160
4446,14420 6392 13117 13123 7356 12437 2425 5255 10162 10165
4447,2741 11283 10166 10154 10155 10156 10157 10158 10159 10160
4448,14423 14422 2699 0 10168 10157 10158 10159 10160 10161
4449,12779 10163 14424 13570 5519 0 10162 10165 10164 10160
4450,692 14426 3771 0 10168 10157 10158 10159 10160 10161
4451,13430 5929 0 10165 10154 10155 10156 10157 10158 10159
4452,8983 4035 1777 12487 4605 1826 2886 12349 10176 10179
4453,1368 3031 8999 13134 14427 14166 5745 8938 8786 8226
4454,6102 2486 14428 13307 8097 1301 2086 9076 12316 11154
4455,11405 12669 1475 0 10167 10156 10157 10158 10159 10160
4456,8581 13807 13805 9208 9306 14120 3333 12689 10157 10156
4457,12963 12612 13000 1886 14164 10162 10161 10160 10159 10158
4458,2231 1084 4255 887 598 4236 10871 5474 4202 5069
4459,5686 3668 4603 1724 2888 4596 7554 6364 10170 10161
4460,10821 2108 0 10167 10156 10157 10158 10159 10160 10161
4461,10150 13221 14221 0 10167 10156 10157 10158 10159 10160
4462,6884 12155 5788 0 10168 10157 10158 10159 10160 10161
4463,10276 2278 6978 0 10167 10157 10158 10159 10160 10161
4464,8890 4927 6493 6451 14434 9995 8517 10160 10161 10162
4465,1277 12152 0 10167 10156 10157 10158 10159 10160 10161
4466,11038 12971 7236 0 10164 10153 10154 10155 10156 10157
4467,5909 9291 10986 7999 10427 10252 8781 13368 12864 13898
4468,10488 7978 11869 10256 230 0 10161 10165 10164 10163
4469,14185 5881 8940 4350 10156 10157 10158 10155 10166 10159
4470,13103 14172 14182 265 266 12681 10159 10160 10158 10167
4471,2259 5206 8004 10167 10155 10156 10157 10158 10159 10160
4472,8887 13550 14437 11984 4593 11885 14050 10158 10159 10160
4473,4743 1012 11348 7451 4135 4605 12238 11922 1135 12644
4474,6814 1604 13437 0 10165 10155 10156 10157 10158 10159
4475,5782 7742 13998 0 10167 10156 10157 10158 10159 10160
4476,14442 14443 7527 0 10154 10156 10157 10158 10159 10160
4477,3090 5276 1436 2729 3372 10167 10166 10165 10164 10163
4478,12496 6513 11592 6479 12030 4665 4651 7739 11568 1877
4479,4034 14409 12760 137 10165 10164 10163 10162 0 10166
4480,740 9106 0 10167 10156 10157 10158 10159 10160 10161
4481,1817 11905 6980 8957 2950 4484 10165 10156 10157 10158
4482,5374 11410 14444 6115 5368 5371 1473 10155 10156 10157
4483,12632 14445 7013 7015 7014 9308 12803 10156 10157 10158
4484,1554 14446 4731 11249 11620 5297 12685 14177 14119 1561
4485,10189 1678 9103 10185 8001 7949 906 4518 10131 10129
4486,11076 9198 1327 8478 12550 10160 10164 10163 10162 10161
4487,11525 8144 10122 4964 12523 12522 1872 10159 10158 10161
4488,3090 4041 12910 0 10163 10167 10166 10165 10164 10161
4489,7749 2170 10973 0 10155 10156 10157 10158 10159 10160
4490,13015 0 10167 10156 10157 10158 10159 10160 10161 10162
4491,7533 7526 6667 14289 0 10166 10156 10157 10158 10159
4492,1578 312 14447 0 10166 10156 10157 10158 10159 10160
4493,9522 12103 11124 693 630 14448 14205 10158 10159 10166
4494,13943 7699 0 10166 10155 10156 10157 10158 10159 10160
4495,2815 9784 10155 10157 10158 10159 10160 10161 10162 10163
4496,8103 12649 5222 0 10162 10166 10165 10164 10163 10160
4497,7843 0 10168 10156 10157 10158 10159 10160 10161 10162
4498,1715 12722 10726 0 10167 10156 10157 10158 10159 10160
4499,3579 9254 0 10169 10158 10159 10160 10161 10162 10163
4500,6978 7704 2431 10168 10157 10158 10159 10160 10161 10162
4501,4389 8000 10700 10156 10157 10158 10159 10160 10161 10162
4502,6668 6659 10168 10156 10157 10158 10159 10160 10161 10162
4503,13031 8758 11203 5472 14018 10975 14371 14019 12676 6852
4504,726 11880 7676 0 10167 10156 10157 10158 10159 10160
4505,10707 8144 7521 13182 13178 13183 10176 10155 10156 10157
4506,14452 626 692 14208 4966 10166 10157 10158 10159 10160
4507,9071 12992 10152 10154 10155 10156 10157 10158 10159 10160
4508,8215 14454 12969 12970 9001 1743 14453 10161 10164 10163
4509,14388 14456 14455 0 10154 10156 10157 10158 10159 10160
4510,12426 405 1323 2816 2742 1535 2820 8727 14457 13628
4511,14209 14458 0 10166 10156 10157 10158 10159 10160 10161
4512,5191 152 4396 4869 11071 9340 10370 10371 10372 10373
4513,5673 14459 0 10182 10156 10157 10158 10159 10160 10161
4514,13183 14462 14461 14460 14205 11221 10174 10173 10178 10157
4515,14463 1335 4356 9775 13974 12619 5403 9681 5998 10175
4516,6155 6427 1440 495 10161 10165 10164 10163 10162 0
4517,10715 10168 10156 10157 10158 10159 10160 10161 10162 10163
4518,1357 6551 2369 1354 6550 1826 14464 8541 10163 0
4519,10827 10825 10828 10830 10826 10158 10163 10162 10161 10160
4520,6432 670 0 10169 10157 10158 10159 10160 10161 10162
4521,1706 5857 1353 5688 6806 12378 13185 11850 10163 10162
4522,4776 4772 2220 12280 4774 11193 7266 10162 10165 10164
4523,5980 794 8936 0 10157 10158 10159 10160 10161 10162
4524,14465 11737 12837 14466 3883 3884 14168 10167 10166 10165
4525,9034 14468 12181 4566 12645 14370 14369 5572 11362 13222
4526,2435 14469 13219 11232 0 10165 10164 10163 10162 10161
4527,9129 8885 9542 2901 3091 2900 6514 13551 14470 4337
4528,10832 7016 7015 2003 10125 10166 10155 10156 10157 10158
4529,2215 4067 8467 0 10168 10157 10158 10159 10160 10161
4530,14208 14136 0 10166 10156 10157 10158 10159 10160 10161
4531,6605 14472 149 0 10169 10158 10159 10160 10161 10162
4532,6661 6763 6663 7210 14473 2281 13849 10579 10166 10156
4533,859 6877 11403 11405 10180 10166 10156 10157 10158 10159
4534,12850 13885 11366 0 10166 10155 10156 10157 10158 10159
4535,13885 12850 0 10167 10155 10156 10157 10158 10159 10160
4536,14476 12390 14475 0 10168 10157 10158 10159 10160 10161
4537,13885 10701 2652 3665 0 10168 10158 10159 10160 10161
4538,9357 12850 13885 0 10167 10156 10157 10158 10159 10160
4539,13885 11366 10167 10155 10156 10157 10158 10159 10160 10161
4540,12850 8428 14456 13885 11366 10160 10164 10163 10162 10161
4541,11366 0 10168 10156 10157 10158 10159 10160 10161 10162
4542,13885 12850 0 10167 10155 10156 10157 10158 10159 10160
4543,11366 10200 13511 13885 3898 14478 10160 10163 10162 10161
4544,13885 10167 10155 10156 10157 10158 10159 10160 10161 10162
4545,12850 13885 0 10167 10155 10156 10157 10158 10159 10160
4546,12850 11366 13885 0 10166 10155 10156 10157 10158 10159
4547,13885 12850 11366 0 10166 10155 10156 10157 10158 10159
4548,12850 13885 0 10167 10155 10156 10157 10158 10159 10160
4549,13885 10167 10155 10156 10157 10158 10159 10160 10161 10162
4550,13885 12850 0 10167 10155 10156 10157 10158 10159 10160
4551,13885 14479 12850 10166 10154 10155 10156 10157 10158 10159
4552,13885 12850 0 10167 10155 10156 10157 10158 10159 10160
4553,5267 12850 13885 10166 10154 10155 10156 10157 10158 10159
4554,13885 12850 0 10167 10155 10156 10157 10158 10159 10160
4555,13885 12850 0 10167 10155 10156 10157 10158 10159 10160
4556,13885 10167 10155 10156 10157 10158 10159 10160 10161 10162
4557,11366 13885 10167 10155 10156 10157 10158 10159 10160 10161
4558,13885 12850 0 10167 10155 10156 10157 10158 10159 10160
4559,13885 12850 0 10167 10155 10156 10157 10158 10159 10160
4560,13885 10167 10155 10156 10157 10158 10159 10160 10161 10162
4561,6196 14482 13025 0 10166 10155 10156 10157 10158 10159
4562,692 13885 11366 10167 10155 10156 10157 10158 10159 10160
4563,11366 12850 13885 0 10166 10155 10156 10157 10158 10159
4564,8688 12859 13845 12715 0 10159 10163 10162 10161 10160
4565,12850 692 0 10168 10156 10157 10158 10159 10160 10161
4566,13885 5268 12850 0 10165 10154 10155 10156 10157 10158
4567,13885 10167 10155 10156 10157 10158 10159 10160 10161 10162
4568,11366 14131 5267 10166 10155 10156 10157 10158 10159 10160
4569,12850 11366 0 10167 10155 10156 10157 10158 10159 10160
4570,11366 0 10168 10156 10157 10158 10159 10160 10161 10162
4571,13885 10167 10155 10156 10157 10158 10159 10160 10161 10162
4572,366 8575 12787 14429 14483 4399 12850 10166 10165 10164
4573,11273 12632 11366 0 10167 10156 10157 10158 10159 10160
4574,14486 5266 14485 0 10167 10156 10157 10158 10159 10160
4575,5267 13885 11366 10166 10154 10155 10156 10157 10158 10159
4576,10200 5019 14487 0 10167 10157 10158 10159 10160 10161
4577,13885 14488 10168 10156 10157 10158 10159 10160 10161 10162
4578,13885 10167 10155 10156 10157 10158 10159 10160 10161 10162
4579,14489 11366 5383 0 10167 10156 10157 10158 10159 10160
4580,13885 11366 4412 10167 10155 10156 10157 10158 10159 10160
4581,5267 12850 13885 10166 10154 10155 10156 10157 10158 10159
4582,12850 692 0 10168 10156 10157 10158 10159 10160 10161
4583,12850 0 10167 10155 10156 10157 10158 10159 10160 10161
4584,13885 12850 0 10167 10155 10156 10157 10158 10159 10160
4585,12850 11366 13885 0 10166 10155 10156 10157 10158 10159
4586,14492 4532 7719 10163 10168 10167 10166 10165 10164 0
4587,11266 9045 2062 11366 14130 5267 12850 10175 10164 10155
4588,11366 608 14130 13885 202 0 10166 10157 10158 10159
4589,13885 11366 10167 10155 10156 10157 10158 10159 10160 10161
4590,12850 681 8042 14131 11366 13885 10159 10160 10167 10158
4591,12850 13885 11366 0 10166 10155 10156 10157 10158 10159
4592,13885 11608 0 10167 10156 10157 10158 10159 10160 10161
4593,9307 11273 12850 0 10155 10156 10157 10158 10159 10160
4594,13885 11366 7527 6785 5267 5266 12850 10155 10156 10157
4595,11366 13885 12850 0 10166 10155 10156 10157 10158 10159
4596,11366 3815 13885 14137 0 10155 10156 10157 10158 10159
4597,13885 14495 14131 14432 14494 0 10166 10157 10158 10159
4598,13885 14496 11366 12850 0 10161 10164 10163 10162 10159
4599,13885 12850 0 10167 10155 10156 10157 10158 10159 10160
4600,14498 14497 0 10183 10157 10158 10159 10160 10161 10162
4601,13885 12850 1910 10177 10165 10154 10155 10156 10157 10158
4602,11366 13885 10167 10155 10156 10157 10158 10159 10160 10161
4603,11366 692 0 10167 10156 10157 10158 10159 10160 10161
4604,11366 14481 14486 4339 14499 0 10167 10166 10165 10164
4605,11366 0 10168 10156 10157 10158 10159 10160 10161 10162
4606,13885 11366 10167 10155 10156 10157 10158 10159 10160 10161
4607,10330 13513 3990 10168 10156 10157 10158 10159 10160 10161
4608,14446 12486 266 1561 14085 0 10165 10156 10157 10158
4609,12850 14500 11366 0 10167 10156 10157 10158 10159 10160
4610,7804 2725 12880 8676 14501 5426 10161 10162 10163 10160
4611,12850 553 5757 13885 10162 10166 10165 10164 10163 10161
4612,14503 6479 607 12466 14502 5707 10165 10164 10163 10162
4613,14131 11366 13885 0 10155 10156 10157 10158 10159 10160
4614,12850 13885 0 10167 10155 10156 10157 10158 10159 10160
4615,13885 12850 11366 0 10166 10155 10156 10157 10158 10159
4616,13885 12850 14504 0 10166 10155 10156 10157 10158 10159
4617,7855 9830 14279 10986 4753 10941 11896 10165 10164 10163
4618,13885 5267 12850 14506 0 10160 10163 10162 10161 10158
4619,6623 11912 1510 1864 0 10156 10157 10158 10159 10160
4620,13187 2823 1166 1535 5998 2742 10162 10165 10164 10163
4621,2742 2614 6352 0 10168 10157 10158 10159 10160 10161
4622,12850 5267 10166 10154 10155 10156 10157 10158 10159 10160
4623,5899 5196 12081 10464 13253 13457 13458 13832 12623 10229
4624,5793 9835 6227 10764 6483 431 14507 10160 10166 10162
4625,3887 13889 4068 2265 14235 238 10163 10166 10165 10164
4626,14508 0 10167 10155 10156 10157 10158 10159 10160 10161
4627,13227 14509 0 10167 10155 10156 10157 10158 10159 10160
4628,8999 13282 0 10167 10155 10156 10157 10158 10159 10160
4629,14510 4953 10169 10157 10158 10159 10160 10161 10162 10163
4630,14381 6003 9430 0 10166 10156 10157 10158 10159 10160
4631,1337 6982 11873 4933 1269 14511 0 10166 10158 10159
4632,7626 10870 5527 0 10167 10156 10157 10158 10159 10160
4633,14512 2657 726 0 10170 10159 10160 10161 10162 10163
4634,14513 14478 14277 10180 10179 10156 10157 10181 10158 10159
4635,740 14296 0 10167 10155 10156 10157 10158 10159 10160
4636,4016 8182 4074 10154 10156 10157 10158 10159 10160 10161
4637,11367 14165 7844 0 10162 10166 10165 10164 10163 10160
4638,4382 11367 3536 5026 2836 14432 11030 10162 10164 10163
4639,2210 14514 14166 0 10167 10156 10157 10158 10159 10160
4640,10542 14413 13000 0 10166 10155 10156 10157 10158 10159
4641,14412 14516 10976 3834 10872 10873 10874 1298 12616 2099
4642,1721 8152 4407 3693 9664 10180 10169 10158 10159 10160
4643,13 8096 9759 10168 10156 10157 10158 10159 10160 10161
4644,14517 3895 7643 10166 10155 10156 10157 10158 10159 10160
4645,11366 14486 0 10167 10155 10156 10157 10158 10159 10160
4646,3462 12713 3629 612 10168 10157 10158 10159 10160 10161
4647,11238 14422 0 10155 10156 10157 10158 10159 10160 10161
4648,14519 320 10591 0 10166 10155 10156 10157 10158 10159
4649,234 235 1617 0 10162 10167 10166 10165 10164 10163
4650,539 9251 9412 4076 10180 8 11784 4285 10165 10164
4651,5107 7109 13430 3751 10161 10165 10164 10163 10162 0
4652,5367 4137 560 13723 7057 10154 10155 10156 10157 10158
4653,14156 10981 12101 0 10166 10155 10156 10157 10158 10159
4654,12297 13036 7251 7210 7867 3855 13408 5973 224 12212
4655,7776 8892 12251 0 10167 10157 10158 10159 10160 10161
4656,14094 14522 577 0 10155 10156 10157 10158 10159 10160
4657,2820 3465 0 10168 10157 10158 10159 10160 10161 10162
4658,8244 5485 9830 0 10168 10157 10158 10159 10160 10161
4659,8727 5998 2742 2817 13327 10163 10166 10165 10164 0
4660,13271 13324 4515 0 10161 10165 10164 10163 10162 10160
4661,13660 12426 13187 11524 1166 2818 8830 10156 10157 10158
4662,405 11112 8904 13007 0 10164 10154 10155 10156 10157
4663,13187 2820 13452 2816 1165 1166 3464 10163 10166 10165
4664,11384 14222 5518 10169 10157 10158 10159 10160 10161 10162
4665,6764 9147 6057 12881 3004 1376 4480 12194 12233 14389
4666,14204 4549 14478 14513 10168 10158 10159 10160 10161 10162
4667,11405 13053 11217 0 10156 10157 10158 10159 10160 10161
4668,13949 7381 14205 0 10165 10154 10155 10156 10157 10158
4669,14426 360 14524 13831 10156 10157 10158 10159 10166 10160
4670,14525 14198 9201 14395 10164 10153 10154 10155 10156 10157
4671,14523 14204 6606 0 10156 10157 10158 10159 10160 10161
4672,11405 13266 6476 13207 0 10165 10164 10163 10162 10161
4673,11384 693 14380 14379 0 10166 10156 10157 10158 10159
4674,12013 4757 14526 10168 10156 10157 10158 10159 10160 10161
4675,2591 7663 14528 14527 1181 10165 10167 10166 10164 10169
4676,3801 14530 692 14529 10157 10158 10159 10160 10161 10168
4677,14531 1907 0 10166 10154 10155 10156 10157 10158 10159
4678,173 5216 61 10168 10156 10157 10158 10159 10160 10161
4679,7581 2591 11289 10166 10155 10156 10157 10158 10159 10160
4680,14448 14212 13167 0 10165 10155 10156 10157 10158 10159
4681,11366 0 10168 10156 10157 10158 10159 10160 10161 10162
4682,7844 1180 2303 0 10167 10156 10157 10158 10159 10160
4683,13272 13756 0 10167 10155 10156 10157 10158 10159 10160
4684,6077 2321 11144 10168 10156 10157 10158 10159 10160 10161
4685,10868 12373 3537 0 10167 10157 10158 10159 10160 10161
4686,12989 7384 8892 13335 10166 10155 10156 10157 10158 10159
4687,14532 557 9217 0 10157 10158 10159 10160 10161 10162
4688,2627 6484 12898 6183 1846 1864 6485 5715 0 10162
4689,8164 4133 1357 4605 5673 10166 10157 10158 10159 10160
4690,2820 1529 0 10154 10156 10157 10158 10159 10160 10161
4691,13606 7935 14495 5352 10165 10155 10156 10157 10158 10159
4692,8686 10593 7648 14039 10253 10254 12486 12716 0 10161
4693,14534 7863 3993 9339 10159 10160 10161 10162 10170 10163
4694,12551 10818 4133 8164 5673 11120 12756 10166 10156 10157
4695,14311 12577 13741 0 10166 10155 10156 10157 10158 10159
4696,2979 12566 6785 12567 13846 6349 6524 6257 6685 10870
4697,9015 13900 13114 10154 10155 10156 10157 10158 10159 10160
4698,1884 7565 10542 0 10167 10156 10157 10158 10159 10160
4699,10076 13926 14331 13353 2814 2742 2815 10161 10160 10159
4700,9114 5514 10181 10155 10156 10157 10158 10159 10160 10161
4701,7050 5592 14356 10167 10156 10157 10158 10159 10160 10161
4702,9238 7455 7466 6909 1886 9960 10160 10159 10168 10161
4703,12263 5896 10112 4073 10782 3070 11357 11358 6761 3974
4704,5687 7427 6806 0 10167 10156 10157 10158 10159 10160
4705,14240 7268 14535 10161 10166 10165 10164 10163 10162 0
4706,14537 14536 12850 10167 10155 10156 10157 10158 10159 10160
4707,924 3771 5369 6329 10168 10158 10159 10160 10161 10162
4708,14131 8517 0 10168 10157 10158 10159 10160 10161 10162
4709,14540 14541 0 10167 10155 10156 10157 10158 10159 10160
4710,626 9365 8397 6488 0 10168 10158 10159 10160 10161
4711,14542 5337 0 10166 10155 10156 10157 10158 10159 10160
4712,12850 12298 0 10167 10156 10157 10158 10159 10160 10161
4713,14498 13885 0 10167 10156 10157 10158 10159 10160 10161
4714,6729 9563 14543 0 10168 10157 10158 10159 10160 10161
4715,9406 14545 0 10168 10156 10157 10158 10159 10160 10161
4716,12850 14538 10168 10156 10157 10158 10159 10160 10161 10162
4717,1721 6553 1357 0 10167 10156 10157 10158 10159 10160
4718,14538 10168 10156 10157 10158 10159 10160 10161 10162 10163
4719,14538 10168 10156 10157 10158 10159 10160 10161 10162 10163
4720,13652 11009 0 10166 10155 10156 10157 10158 10159 10160
4721,11403 11405 14512 10165 10154 10155 10156 10157 10158 10159
4722,726 14512 11405 0 10167 10156 10157 10158 10159 10160
4723,9406 14545 0 10168 10156 10157 10158 10159 10160 10161
4724,12850 0 10167 10155 10156 10157 10158 10159 10160 10161
4725,12850 0 10167 10155 10156 10157 10158 10159 10160 10161
4726,12850 0 10167 10155 10156 10157 10158 10159 10160 10161
4727,2957 3500 5751 0 10167 10157 10158 10159 10160 10161
4728,101 14264 14547 0 10166 10155 10156 10157 10158 10159
4729,478 14548 149 0 10161 10165 10164 10163 10162 10160
4730,101 1808 0 10153 10155 10156 10157 10158 10159 10160
4731,10977 12101 12134 0 10167 10156 10157 10158 10159 10160
4732,58 9013 0 10167 10156 10157 10158 10159 10160 10161
4733,2887 10818 1001 12756 10167 10156 10157 10158 10159 10160
4734,13587 739 7115 3471 14166 14557 14081 14553 78 5415
4735,4516 1166 1165 2743 10169 10158 10159 10160 10161 10162
4736,12850 12134 0 10168 10156 10157 10158 10159 10160 10161
4737,14490 0 10168 10156 10157 10158 10159 10160 10161 10162
4738,12426 3465 8828 0 10167 10156 10157 10158 10159 10160
4739,692 14561 0 10166 10155 10156 10157 10158 10159 10160
4740,12481 11055 1173 0 10165 10155 10156 10157 10158 10159
4741,4465 692 0 10169 10158 10159 10160 10161 10162 10163
4742,1939 9682 5383 1655 5384 2438 10176 10164 10155 10179
4743,7000 14404 5787 5786 0 10164 10154 10155 10156 10157
4744,12465 14563 0 10154 10156 10157 10158 10159 10160 10161
4745,4756 5019 14565 14564 0 10166 10156 10157 10158 10159
4746,13838 14213 10591 0 10165 10154 10155 10156 10157 10158
4747,2893 11768 1001 0 10156 10158 10159 10160 10161 10162
4748,3841 11884 14566 14543 9300 10159 10163 10162 10161 10160
4749,13896 13897 13894 0 10164 10155 10156 10157 10158 10159
4750,692 14316 383 4497 0 10154 10156 10157 10158 10159
4751,14567 6583 0 10153 10155 10156 10157 10158 10159 10160
4752,8454 14268 11630 0 10168 10157 10158 10159 10160 10161
4753,12339 14569 0 10155 10157 10158 10159 10160 10161 10162
4754,14570 14241 14316 10167 10155 10156 10157 10158 10159 10160
4755,3180 10709 6036 330 10166 10156 10157 10158 10159 10160
4756,8477 2887 5689 14226 14464 10167 10157 10158 10159 10160
4757,14573 8250 692 14572 10156 10157 10158 10159 10160 10161
4758,6581 14575 14574 8250 692 14009 14492 12339 14238 10160
4759,13558 8250 692 10155 10157 10158 10159 10160 10161 10162
4760,14209 0 10166 10155 10156 10157 10158 10159 10160 10161
4761,13172 14082 0 10156 10157 10158 10159 10160 10161 10162
4762,14577 14576 10741 0 10154 10156 10157 10158 10159 10160
4763,12025 2391 11883 10166 10154 10155 10156 10157 10158 10159
4764,53 14578 0 10167 10156 10157 10158 10159 10160 10161
4765,7944 13192 2230 0 10154 10156 10157 10158 10159 10160
4766,14579 101 7223 14503 10166 10156 10157 10158 10159 10160
4767,10383 10382 8591 0 10164 10154 10155 10156 10157 10158
4768,4755 4434 14582 0 10168 10157 10158 10159 10160 10161
4769,9202 13999 6618 7351 10166 10155 10156 10157 10158 10159
4770,6797 10115 8128 10167 10155 10156 10157 10158 10159 10160
4771,11947 11426 11205 0 10167 10156 10157 10158 10159 10160
4772,14584 14583 113 11458 12427 14585 10157 10158 10159 10160
4773,10035 5620 5380 1889 10179 10178 10153 10154 10155 10156
4774,11622 6181 908 6483 10161 10165 10164 10163 10162 0
4775,12318 6884 6885 10169 10157 10158 10159 10160 10161 10162
4776,6022 3190 426 11048 14319 10163 10162 10161 10160 0
4777,4755 14451 5559 14587 10168 10157 10158 10159 10160 10161
4778,7556 12648 11426 10456 10407 10160 10163 10162 10161 0
4779,5998 13574 2741 9793 10166 10155 10156 10157 10158 10159
4780,7648 12892 8688 0 10167 10156 10157 10158 10159 10160
4781,4133 9852 8164 4605 10167 10157 10158 10159 10160 10161
4782,6622 8136 14281 6520 6476 8575 10870 10810 6886 6515
4783,12216 13726 8410 0 10157 10158 10159 10160 10161 10162
4784,11781 14365 11177 5923 13653 10160 10163 10162 10161 0
4785,12092 12612 2636 10164 10169 10168 10167 10166 10165 0
4786,11366 5226 0 10167 10155 10156 10157 10158 10159 10160
4787,14110 9022 0 10167 10156 10157 10158 10159 10160 10161
4788,13828 2650 6487 0 10156 10157 10158 10159 10160 10161
4789,12850 13885 0 10167 10155 10156 10157 10158 10159 10160
4790,13885 11366 10167 10155 10156 10157 10158 10159 10160 10161
4791,12981 7402 13679 10165 10153 10154 10155 10156 10157 10158
4792,14589 12772 0 10168 10157 10158 10159 10160 10161 10162
4793,1475 11759 0 10166 10155 10156 10157 10158 10159 10160
4794,5814 5 8324 0 10163 10167 10166 10165 10164 10161
4795,3720 5525 6984 0 10167 10157 10158 10159 10160 10161
4796,12850 13885 0 10167 10155 10156 10157 10158 10159 10160
4797,13079 1949 8580 0 10156 10157 10158 10159 10160 10161
4798,726 8590 0 10168 10156 10157 10158 10159 10160 10161
4799,11405 14591 0 10166 10155 10156 10157 10158 10159 10160
4800,4424 2951 5929 13513 13017 10167 10157 10158 10159 10160
4801,9106 1605 14592 0 10167 10156 10157 10158 10159 10160
4802,13336 3677 1475 8334 8832 10162 10166 10165 10164 10163
4803,11384 13262 553 13681 13737 6622 13365 366 14538 12850
4804,7941 4351 6004 0 10167 10157 10158 10159 10160 10161
4805,11877 4074 12838 8832 11880 0 10164 10155 10156 10157
4806,9555 13617 12928 3582 2978 14593 10160 10161 10167 10163
4807,5729 2847 14594 0 10167 10156 10157 10158 10159 10160
4808,10820 4016 6105 10166 10155 10156 10157 10158 10159 10160
4809,2152 13435 3542 0 10166 10155 10156 10157 10158 10159
4810,9106 726 11405 0 10167 10156 10157 10158 10159 10160
4811,6719 9106 726 11405 10168 10157 10158 10159 10160 10161
4812,611 6474 593 10166 10165 10164 10163 10162 0 10168
4813,14301 6654 12556 10160 10165 10164 10163 10162 10161 0
4814,6687 9655 7689 0 10156 10157 10158 10159 10160 10161
4815,14209 14596 13680 14595 0 10166 10156 10157 10158 10159
4816,8999 13680 0 10167 10155 10156 10157 10158 10159 10160
4817,14597 1483 13013 1485 10167 10156 10157 10158 10159 10160
4818,12426 405 2822 2614 2742 0 10166 10165 10164 10163
4819,5998 2742 13327 0 10165 10164 10163 10162 10161 10160
4820,14598 4550 13417 4151 10167 10156 10157 10158 10159 10160
4821,1534 5998 2814 3046 3463 14327 8834 3465 2614 14599
4822,8397 6488 8574 5131 10167 10156 10157 10158 10159 10160
4823,12949 14600 13815 10165 10153 10154 10155 10156 10157 10158
4824,2412 7341 2291 0 10165 10155 10156 10157 10158 10159
4825,1491 8670 8671 1992 1989 4946 8070 3809 4475 6702
4826,3237 54 1988 2031 11444 47 11440 10161 10162 10167
4827,11388 9150 9825 14450 10161 10165 10164 10163 10162 0
4828,4418 14602 14601 10614 7493 2321 12163 308 5182 12776
4829,13736 8020 14214 14009 14211 0 10155 10156 10157 10158
4830,5415 14603 7158 8798 1496 0 10162 10165 10164 10163
4831,100 7324 14605 14604 58 14080 8802 10162 10165 10164
4832,12235 14606 10252 0 10168 10157 10158 10159 10160 10161
4833,6622 7350 7352 0 10166 10156 10157 10158 10159 10160
4834,181 9921 13042 2574 0 10158 10159 10160 10161 10162
4835,9350 3365 1269 14607 476 176 2129 2028 3277 2448
4836,989 3242 705 10168 10157 10158 10159 10160 10161 10162
4837,14608 9910 14355 10167 10156 10157 10158 10159 10160 10161
4838,938 12761 2441 12762 0 10165 10155 10156 10157 10158
4839,14223 10266 14610 0 10167 10156 10157 10158 10159 10160
4840,195 11807 2518 2026 10886 10422 10261 10263 14611 928
4841,8059 1926 10151 7434 9650 10162 10166 10165 10164 10163
4842,8967 10867 1268 7106 10870 11621 13762 0 10163 10162
4843,4235 1391 13437 142 4942 2229 12347 3033 4246 3036
4844,12786 13233 12380 5194 0 10166 10156 10157 10158 10159
4845,7297 12515 6917 9924 130 8391 6760 4865 9315 10539
4846,230 9212 7586 8037 14613 2592 280 6481 3134 9944
4847,1216 821 8074 5512 107 3306 10159 10160 10161 10162
4848,12028 3410 1480 6242 13577 5261 4439 5911 7647 6039
4849,6572 0 10166 10155 10156 10157 10158 10159 10160 10161
4850,488 13603 6339 0 10166 10155 10156 10157 10158 10159
4851,12316 3350 1944 11717 10486 11094 10159 10160 10161 10158
4852,786 167 1047 145 2460 215 6575 0 10166 10165
4853,14617 3228 379 0 10166 10156 10157 10158 10159 10160
4854,7051 658 489 462 794 169 686 466 0 10167
4855,7802 7803 12081 6146 0 10169 10159 10160 10161 10162
4856,14367 0 10168 10156 10157 10158 10159 10160 10161 10162
4857,10814 9757 6809 0 10166 10155 10156 10157 10158 10159
4858,8893 8892 0 10167 10157 10158 10159 10160 10161 10162
4859,10151 11566 4561 7704 4668 2432 10160 10159 10161 10168
4860,3274 3275 8902 5607 3972 14544 3583 8636 1537 12785
4861,5410 488 3743 11289 1518 8515 12044 10177 10166 10158
4862,12845 651 13264 0 10167 10156 10157 10158 10159 10160
4863,14550 14618 14619 3916 1702 2262 788 12421 1409 169
4864,14621 242 3956 3407 3214 11483 2028 7495 7230 14620
4865,3510 3398 12602 6467 3475 2041 8602 1910 753 2310
4866,4599 13556 10911 0 10166 10156 10157 10158 10159 10160
4867,13826 2287 4902 8325 2716 11265 1276 10158 10159 10160
4868,13759 12296 1611 7999 1602 14623 4670 3089 3410 7939
4869,14624 9813 12594 5252 10157 10158 10159 10160 10161 10162
4870,611 9781 3213 12051 12568 10421 3872 3455 3864 2061
4871,11110 11878 2822 2814 12426 1535 10165 10157 10158 10159
4872,690 9255 4861 0 10166 10156 10157 10158 10159 10160
4873,12311 14076 13611 0 10165 10155 10156 10157 10158 10159
4874,6108 5289 5338 0 10165 10155 10156 10157 10158 10159
4875,14625 14626 1365 10166 10155 10156 10157 10158 10159 10160
4876,10484 12845 2956 0 10165 10164 10163 10162 10161 10160
4877,4575 3916 8200 0 10157 10158 10159 10160 10161 10162
4878,14627 14629 14630 3787 14628 12814 12170 0 10163 10156
4879,14632 5887 10153 10155 10156 10157 10158 10159 10160 10161
4880,8074 634 9706 14297 0 10167 10157 10158 10159 10160
4881,1264 6096 7886 1548 2451 7887 9292 1262 6559 13417
4882,794 7580 5488 10168 10157 10158 10159 10160 10161 10162
4883,5062 6223 1460 6953 2711 3026 163 7510 10424 466
4884,1746 629 14275 6488 3980 8397 2256 6118 6330 7852
4885,14635 5481 7359 0 10167 10156 10157 10158 10159 10160
4886,14636 5740 0 10154 10155 10156 10157 10158 10159 10160
4887,10834 586 882 14637 10633 9495 10507 1040 11259 5986
4888,14238 14638 11315 11306 14572 10160 10163 10162 10161 10158
4889,4850 1282 3500 1905 8195 0 10166 10157 10158 10159
4890,2337 1572 7388 10760 2332 3192 3153 4319 8063 587
4891,73 1102 4416 2704 14639 2748 10161 10162 10167 10160
4892,11082 4507 0 10155 10156 10157 10158 10159 10160 10161
4893,14625 14640 0 10153 10155 10156 10157 10158 10159 10160
4894,12696 2795 10242 10168 10156 10157 10158 10159 10160 10161
4895,9655 9650 6187 6528 9826 10237 10165 10154 10155 10156
4896,14641 10344 3009 10156 10157 10158 10159 10160 10161 10162
4897,3749 10737 1029 9912 4907 10162 10165 10164 10163 0
4898,9089 11323 7836 2116 1047 7708 2943 10164 10163 10161
4899,611 14621 11483 3214 10168 10157 10158 10159 10160 10161
4900,83 7822 8434 6054 0 10167 10157 10158 10159 10160
4901,11569 7554 7427 10199 2875 9540 1828 3415 1862 365
4902,224 4120 12652 8898 14611 10168 10158 10159 10160 10161
4903,870 476 10126 10017 4862 2739 228 3811 7495 10016
4904,11366 692 0 10167 10156 10157 10158 10159 10160 10161
4905,8035 6482 7986 8751 13691 13069 9128 13162 8271 7851
4906,1660 4419 3945 0 10167 10156 10157 10158 10159 10160
4907,7763 347 7683 323 10181 3930 7996 4801 10573 11720
4908,13017 8572 10166 10155 10156 10157 10158 10159 10160 10161
4909,9535 1003 3074 3688 10857 3667 2891 10193 8167 7096
4910,9397 796 7348 4821 1452 10742 3253 6688 6025 12852
4911,10547 9902 7371 188 12433 8724 10915 549 10883 10212
4912,1083 3250 5027 3624 5083 7397 1812 8047 10045 10665
4913,8363 14071 0 10168 10157 10158 10159 10160 10161 10162
4914,2821 5408 7691 0 10168 10158 10159 10160 10161 10162
4915,2378 1354 11777 0 10166 10155 10156 10157 10158 10159
4916,8507 12650 8576 466 13602 3214 14644 10163 9698 14643
4917,4577 8341 5711 0 10163 10168 10167 10166 10165 10164
4918,3443 3003 12376 0 10169 10158 10159 10160 10161 10162
4919,7196 7697 162 232 10168 10158 10159 10160 10161 10162
4920,6593 4824 6595 6380 6383 1474 784 5082 1656 472
4921,5570 13314 0 10165 10154 10155 10156 10157 10158 10159
4922,11306 14638 11315 8374 0 10166 10156 10157 10158 10159
4923,169 2748 12094 10832 1569 2133 10176 10175 10157 10158
4924,14646 14645 5780 0 10166 10155 10156 10157 10158 10159
4925,3149 3510 4236 10840 11481 586 11316 1485 13013 11035
4926,6465 14650 14649 14648 14647 13523 14651 956 7858 4952
4927,4726 0 10167 10156 10157 10158 10159 10160 10161 10162
4928,8570 9133 8838 12132 3241 5498 3958 2187 10281 11994
4929,12840 11849 10672 3662 12034 4408 11836 12103 389 10173
4930,3393 9374 3888 9373 3392 10158 10159 10160 10161 10162
4931,645 6823 5866 6477 10599 8836 10161 10162 10160 10159
4932,6849 578 10267 0 10167 10156 10157 10158 10159 10160
4933,14654 0 10167 10155 10156 10157 10158 10159 10160 10161
4934,14309 13186 14655 10154 10155 10156 10157 10158 10159 10160
4935,1663 14645 2438 9804 6476 12576 11214 13419 5507 14656
4936,3465 2820 13187 13540 2822 2745 2743 2816 2614 14139
4937,3262 12426 2614 1323 13330 13202 13201 2822 10159 10160
4938,6866 1535 9786 12426 4516 2814 13425 2822 405 8906
4939,13628 4515 2741 0 10166 10165 10164 10163 10162 10161
4940,2820 360 2614 4605 2743 2742 2822 1326 6866 10166
4941,10730 1529 5998 0 10166 10155 10156 10157 10158 10159
4942,12426 1529 5998 2820 0 10166 10156 10157 10158 10159
4943,626 12426 14657 1339 4516 11524 1535 10174 10161 10154
4944,2614 13330 1529 1323 405 0 10161 10165 10164 10163
4945,2614 11393 1529 3464 0 10166 10156 10157 10158 10159
4946,3602 2699 1752 0 10183 10158 10159 10160 10161 10162
4947,14315 12911 0 10167 10156 10157 10158 10159 10160 10161
4948,8802 1489 1493 9901 5567 9749 7315 2205 1481 10158
4949,12440 8693 5498 1262 1979 9242 12133 7495 10167 10166
4950,234 235 2959 6716 11254 10162 10161 10160 10170 10163
4951,14659 12480 14658 13020 3894 14043 5559 10163 10153 10154
4952,665 1160 3369 0 10169 10159 10160 10161 10162 10163
4953,14660 9799 10179 10165 10154 10155 10156 10157 10158 10159
4954,14175 11079 2901 5766 6060 10160 10164 10163 10162 10161
4955,4480 745 12053 1943 506 880 3100 5539 6027 12243
4956,10491 14284 14507 13312 10156 10157 10158 10159 10160 10167
4957,1538 3663 938 14608 12762 977 7039 8695 10157 10164
4958,6517 14661 1194 9090 0 10166 10156 10157 10158 10159
4959,14662 7236 6726 7249 14330 10159 10164 10163 10162 10161
4960,12160 8313 5277 3171 2807 1028 5653 10161 10162 10163
4961,9693 2352 9253 3192 2952 2249 3297 2078 8196 5814
4962,3222 8075 11201 9352 5808 14663 1742 10164 10163 10162
4963,2823 14139 9793 13260 10167 10156 10157 10158 10159 10160
4964,12366 14024 10967 6819 14034 13072 8698 11425 10407 14664
4965,8102 8363 10789 10169 10157 10158 10159 10160 10161 10162
4966,14666 13077 7276 14667 8133 8210 394 0 10159 10162
4967,8376 5351 9590 12421 8195 4850 0 10163 10165 10164
4968,13412 14668 9215 8872 2033 3428 6589 1479 2121 2309
4969,2296 5452 11483 0 10166 10156 10157 10158 10159 10160
4970,14670 8999 0 10168 10156 10157 10158 10159 10160 10161
4971,10237 1085 1484 10235 8347 3605 11746 10163 10167 10166
4972,1806 5577 0 10155 10156 10157 10158 10159 10160 10161
4973,347 1820 1732 502 4479 10166 6825 8651 13722 10173
4974,73 3663 3626 14534 8898 945 967 4305 1539 13721
4975,13651 13332 0 10155 10156 10157 10158 10159 10160 10161
4976,11461 4818 0 10167 10156 10157 10158 10159 10160 10161
4977,7172 5287 12208 5788 2108 12159 1896 13951 7878 4462
4978,3222 1734 10787 0 10167 10156 10157 10158 10159 10160
4979,9248 1854 2130 8286 3375 6832 7912 496 12132 14518
4980,7920 10909 1347 3955 10167 10156 10157 10158 10159 10160
4981,3510 4363 467 447 10547 8722 1381 1453 10131 10170
4982,6068 13631 337 0 10165 10154 10155 10156 10157 10158
4983,2333 134 6679 0 10168 10157 10158 10159 10160 10161
4984,6836 5785 13588 3906 14278 0 10162 10164 10163 10160
4985,1916 11777 10072 10161 10166 10165 10164 10163 10162 0
4986,651 3222 216 6577 0 10167 10157 10158 10159 10160
4987,14671 14672 13488 14673 13956 9172 11577 10158 10160 10159
4988,5255 10936 7217 1011 1773 1353 1704 1774 10172 10171
4989,9976 8555 2710 8056 0 10167 10157 10158 10159 10160
4990,11366 10867 230 0 10167 10156 10157 10158 10159 10160
4991,5829 3339 3831 10167 10155 10156 10157 10158 10159 10160
4992,4130 6599 14626 12490 12399 9140 7259 11419 12653 10381
4993,14470 14674 11217 14142 14417 14490 10156 10157 10155 10158
4994,12574 1880 10167 10155 10156 10157 10158 10159 10160 10161
4995,10452 5299 3222 9314 1574 9068 9469 7310 2448 8705
4996,7400 12185 10305 0 10157 10158 10159 10160 10161 10162
4997,4063 4062 9853 11120 1769 5846 1011 10165 10164 10163
4998,6785 13640 6244 0 10167 10156 10157 10158 10159 10160
4999,14676 8815 10077 10340 6199 4988 8246 10266 9457 11609
5000,3270 3271 3272 0 10169 10158 10159 10160 10161 10162
5001,3549 5145 7415 5790 7416 11589 6477 11074 10158 10159
5002,10626 6432 2372 9851 1778 11808 10157 10158 10159 10160
5003,8680 13236 12913 5685 9749 10808 14677 7108 1712 1146
5004,13666 12677 12676 10845 10844 14679 13703 10154 10155 10156
5005,12145 5848 12073 10367 5843 12375 9626 395 9643 12374
5006,611 2313 4848 2750 5016 3909 14680 0 10164 10163
5007,2010 2011 14681 6110 11252 11251 11368 11370 13684 10166
5008,14064 6540 6171 9826 12472 14265 3425 9806 12223 6476
5009,11188 14145 10084 0 10166 10155 10156 10157 10158 10159
5010,11386 13983 4624 0 10167 10156 10157 10158 10159 10160
5011,290 8181 3863 1451 5988 10161 10162 10160 10163 10169
5012,12259 6067 14682 1705 2875 5857 10155 10154 10156 10158
5013,780 89 10929 10167 10155 10156 10157 10158 10159 10160
5014,10524 12172 14106 14684 12 688 1302 8427 3771 10809
5015,1834 3989 12621 5398 14258 1811 11904 5623 2994 2102
5016,53 14579 13513 13991 10820 10158 10159 10160 10161 10168
5017,14259 13559 1808 4073 10821 8921 14685 9267 13928 941
5018,7121 8999 0 10168 10156 10157 10158 10159 10160 10161
5019,13692 10951 3069 0 10166 10155 10156 10157 10158 10159
5020,5210 6786 2227 10798 0 10166 10156 10157 10158 10159
5021,4313 10591 198 7380 6603 1765 3553 10162 10161 10168
5022,13637 8471 10839 0 10166 10155 10156 10157 10158 10159
5023,13231 5123 10166 10154 10155 10156 10157 10158 10159 10160
5024,14687 9511 0 10166 10155 10156 10157 10158 10159 10160
5025,6836 8190 12886 10167 10156 10157 10158 10159 10160 10161
5026,10384 14688 14689 10153 10154 10155 10156 10157 10158 10159
5027,10715 101 8999 14690 10166 10155 10156 10157 10158 10159
5028,5708 11397 14691 6489 5788 14492 10175 10174 10157 10178
5029,11961 10596 1697 10516 287 1752 2560 4532 12276 9769
5030,7229 9486 14693 7244 14539 14694 9244 10160 10164 10159
5031,3969 5950 5612 0 10167 10156 10157 10158 10159 10160
5032,8348 5049 11159 1684 2753 7957 893 3117 930 466
5033,14696 12134 14697 0 10165 10155 10156 10157 10158 10159
5034,14698 0 10167 10156 10157 10158 10159 10160 10161 10162
5035,6191 1186 14699 0 10166 10155 10156 10157 10158 10159
5036,14700 0 10167 10156 10157 10158 10159 10160 10161 10162
5037,9753 6323 7554 10180 10179 10156 10157 10158 10159 10160
5038,2129 5789 4095 4849 71 2834 2338 3607 2532 3818
5039,10715 14702 1351 14307 14703 740 14220 8376 14100 3021
5040,643 0 10168 10157 10158 10159 10160 10161 10162 10163
5041,8334 10169 10157 10158 10159 10160 10161 10162 10163 10164
5042,611 2075 0 10169 10157 10158 10159 10160 10161 10162
5043,944 10369 1332 14707 971 3805 14706 8428 7545 1885
5044,8250 12340 13838 692 14572 10166 10157 10158 10159 10160
5045,9845 14708 12565 7205 9251 0 10166 10157 10158 10159
5046,14646 13919 14304 10167 10155 10156 10157 10158 10159 10160
5047,8576 12269 12886 11189 8640 14710 8944 7945 14709 11865
5048,10441 6484 11384 9113 14316 0 10165 10164 10163 10162
5049,101 11563 2498 1696 11148 8272 10163 10166 10165 10164
5050,14136 11405 692 0 10165 10155 10156 10157 10158 10159
5051,14711 11405 1627 10166 10155 10156 10157 10158 10159 10160
5052,12850 12134 8200 14538 10155 10156 10157 10158 10159 10160
5053,2556 11574 6202 0 10156 10157 10158 10159 10160 10161
5054,14163 8999 0 10167 10155 10156 10157 10158 10159 10160
5055,14712 11109 3464 11111 13348 0 10160 10163 10162 10161
5056,4020 2748 3049 2318 753 6411 10169 10168 10167 10166
5057,14511 11134 11089 10178 10165 10155 10179 10156 10157 10158
5058,9943 9979 3457 5459 0 10162 10166 10165 10164 10163
5059,9198 8031 11894 11895 3002 8042 8730 0 10165 10164
5060,11671 12668 312 2320 502 6088 14295 5721 14298 8580
5061,58 0 10168 10156 10157 10158 10159 10160 10161 10162
5062,113 7140 2438 2358 2360 9367 10664 14669 10162 10166
5063,794 3218 488 1686 10884 3266 775 9250 6870 5743
5064,11717 9374 7 11425 13367 5329 1883 2614 1134 14587
5065,2930 11654 14227 10102 10625 10200 10166 10157 10158 10159
5066,5087 6527 3216 8963 10166 10155 10156 10157 10158 10159
5067,11958 3811 3050 3613 3833 363 11333 7385 2457 10294
5068,8747 14319 8760 0 10168 10157 10158 10159 10160 10161
5069,3753 11129 11303 11144 0 10162 10165 10164 10163 10160
5070,2607 7960 7961 10156 10157 10158 10159 10160 10161 10162
5071,6327 12200 2059 6331 10166 10156 10157 10158 10159 10160
5072,5161 2409 13690 9557 14715 10165 10164 10163 10162 10161
5073,4359 14416 14440 11137 7857 2830 10162 10165 10164 10163
5074,9088 11466 4075 10166 10155 10156 10157 10158 10159 10160
5075,8367 11478 10612 10180 10167 10157 10158 10159 10160 10161
5076,14210 12668 14108 0 10167 10156 10157 10158 10159 10160
5077,486 2428 0 10157 10158 10159 10160 10161 10162 10163
5078,7396 13235 2820 12426 0 10166 10157 10158 10159 10160
5079,14717 6493 14716 6505 10166 10156 10157 10158 10159 10160
5080,8780 14036 13513 1670 14718 10128 10129 10156 10157 10158
5081,13485 10346 6754 2811 7347 10157 10158 10159 10166 10160
5082,11586 14413 2800 9660 10157 10156 10158 10159 10168 10160
5083,3903 1058 692 0 10167 10157 10158 10159 10160 10161
5084,12292 12675 12293 10179 10166 10155 10156 10157 10158 10159
5085,7453 7971 3542 4210 8303 0 10167 10158 10159 10160
5086,14720 7967 14719 14721 1028 1351 13947 4671 10175 10164
5087,13666 11355 11988 10254 12683 265 10175 10163 10155 10178
5088,10461 8167 8166 2399 7784 0 10167 10166 10165 10164
5089,10027 9807 7934 9661 12858 10982 1178 10162 10164 10163
5090,14109 13779 2050 13777 13778 10869 2728 13678 10173 10161
5091,14722 7853 10168 10156 10157 10158 10159 10160 10161 10162
5092,14723 7712 2726 14724 10229 13839 10160 10163 10162 10161
5093,12846 14725 13776 7107 10027 0 10163 10162 10161 10160
5094,14726 14640 9436 13457 13459 7085 10154 10155 10156 10157
5095,13796 10104 7471 2992 14728 14727 6397 12650 13769 10162
5096,14598 6503 0 10167 10156 10157 10158 10159 10160 10161
5097,12961 14410 13101 10166 10165 10164 10163 10162 10161 0
5098,14173 3387 0 10168 10156 10157 10158 10159 10160 10161
5099,14174 13986 14173 14507 13760 8218 9843 7522 409 2439
5100,231 13950 7107 0 10167 10156 10157 10158 10159 10160
5101,13254 5387 0 10165 10155 10156 10157 10158 10159 10160
5102,9718 14721 691 9264 8716 10167 10157 10158 10159 10160
5103,12055 798 12682 12981 4645 4658 10132 10169 10159 10160
5104,14437 1784 2436 2434 3798 10158 10159 10160 10161 10157
5105,11346 7057 0 10165 10155 10156 10157 10158 10159 10160
5106,12159 11249 11620 7801 14161 9857 0 10164 10167 10166
5107,5818 2959 9024 13081 12854 0 10161 10164 10163 10162
5108,11984 10244 13396 8 10116 12588 3535 1122 1120 1380
5109,14730 6614 14731 9555 10168 10157 10158 10159 10160 10161
5110,12037 0 10167 10155 10156 10157 10158 10159 10160 10161
5111,1123 5729 9828 6607 14733 3469 5759 5905 5907 4709
5112,13116 14725 0 10167 10156 10157 10158 10159 10160 10161
5113,7222 3077 1863 0 10168 10157 10158 10159 10160 10161
5114,12219 13705 0 10166 10155 10156 10157 10158 10159 10160
5115,13418 12389 4706 13777 14169 5124 12827 12926 4707 1126
5116,13962 6173 1846 6490 10714 5716 8649 12928 12927 10171
5117,9 3977 13571 0 10166 10165 10164 10163 10162 10161
5118,9308 1321 2998 6356 10159 10160 10158 10161 10168 10162
5119,7568 12804 13988 230 3862 231 13950 3753 5614 12981
5120,14735 11486 0 10167 10156 10157 10158 10159 10160 10161
5121,3688 3667 7065 10167 10156 10157 10158 10159 10160 10161
5122,7095 2379 2375 9850 3667 9853 1001 8982 1000 9194
5123,1355 4141 1358 9236 1354 3416 2999 11778 9237 10163
5124,1532 2816 5193 3464 13351 2947 11899 10161 10162 10163
5125,12332 2372 14736 0 10167 10156 10157 10158 10159 10160
5126,14737 10156 4275 0 10166 10155 10157 10158 10159 10160
5127,1204 585 873 10167 10155 10156 10157 10158 10159 10160
5128,8167 12209 9194 2874 0 10157 10158 10159 10160 10161
5129,9640 1001 7062 2370 10168 10157 10158 10159 10160 10161
5130,2371 11777 0 10167 10155 10156 10157 10158 10159 10160
5131,1777 1012 9640 0 10166 10165 10164 10163 10162 10168
5132,1003 13683 3083 7093 7784 10818 2371 11777 9851 1357
5133,4693 4687 11387 1011 10169 10158 10159 10160 10161 10162
5134,943 3435 14739 0 10167 10157 10158 10159 10160 10161
5135,14105 3843 11382 0 10168 10157 10158 10159 10160 10161
5136,7554 6806 6555 5447 10156 10157 10158 10159 10160 10161
5137,10115 10416 7179 13560 10160 10164 10163 10162 10161 0
5138,2351 3589 5097 6062 4327 14096 2281 10162 10165 10164
5139,11122 2820 404 11121 1532 1166 10163 10165 10164 0
5140,1146 1136 7215 4596 1145 0 10168 10167 10166 10165
5141,6660 14099 4276 0 10163 10167 10166 10165 10164 10162
5142,9308 12079 12078 0 10168 10157 10158 10159 10160 10161
5143,12082 6476 6244 9682 10167 10156 10157 10158 10159 10160
5144,13768 6332 7869 10108 13119 764 7432 725 3993 6849
5145,2821 10387 8058 12483 14284 0 10165 10156 10157 10158
5146,6284 2086 14744 0 10166 10156 10157 10158 10159 10160
5147,12933 5673 7215 7057 5845 2869 10162 10164 10163 0
5148,4035 4037 2880 4039 14745 10169 10167 10166 10165 10164
5149,14748 12807 12942 14749 14746 14747 10570 5668 10568 14750
5150,10073 1316 4036 10817 1344 13982 13426 673 4035 10173
5151,13571 2428 643 12546 4111 2287 9657 10165 10164 10162
5152,101 0 10153 10155 10156 10157 10158 10159 10160 10161
5153,14751 12376 1011 7817 1862 9851 10246 4407 9625 10175
5154,9195 11724 4403 10166 10155 10156 10157 10158 10159 10160
5155,12846 11490 11245 14365 6090 10164 10163 10162 10161 10160
5156,10110 10316 13760 0 10166 10155 10156 10157 10158 10159
5157,14062 2730 3091 2896 0 10168 10167 10166 10165 10163
5158,6614 12833 5467 2581 7913 2927 5468 10164 10167 10166
5159,13573 4138 1354 1003 0 10166 10156 10157 10158 10159
5160,14752 14352 0 10167 10156 10157 10158 10159 10160 10161
5161,5399 1933 12892 12520 12300 10167 10157 10158 10159 10160
5162,8477 1138 4063 8708 2875 7015 1146 7014 10953 4062
5163,14723 3861 7952 14527 1181 13121 14754 275 5614 7715
5164,1317 3083 1777 7426 11724 2996 10461 8167 4688 4687
5165,1837 4851 7936 0 10167 10157 10158 10159 10160 10161
5166,8135 14281 11712 0 10168 10157 10158 10159 10160 10161
5167,11620 12520 13617 10168 10157 10158 10159 10160 10161 10162
5168,14752 0 10153 10155 10156 10157 10158 10159 10160 10161
5169,1002 9173 3083 8932 1001 10168 10158 10159 10160 10161
5170,10293 12764 67 0 10167 10156 10157 10158 10159 10160
5171,10035 8025 10167 10155 10156 10157 10158 10159 10160 10161
5172,12503 14756 14707 14755 10166 10155 10156 10157 10158 10159
5173,9665 1914 4608 5669 1917 5671 0 10166 10165 10164
5174,9124 11660 13881 0 10167 10156 10157 10158 10159 10160
5175,9950 9952 1344 0 10167 10156 10157 10158 10159 10160
5176,2858 12379 10168 10156 10157 10158 10159 10160 10161 10162
5177,13548 6589 7532 0 10166 10156 10157 10158 10159 10160
5178,6048 11589 1547 0 10164 10154 10155 10156 10157 10158
5179,3429 8016 1119 0 10154 10156 10157 10158 10159 10160
5180,1532 2614 9784 4515 8526 1323 10163 10167 10166 10165
5181,10104 5975 13667 12985 0 10163 10153 10154 10155 10156
5182,6748 12892 1561 12682 10166 10155 10156 10157 10158 10159
5183,14758 14759 9753 14760 14761 9624 10087 14270 4613 8477
5184,9127 9659 14394 10167 10156 10157 10158 10159 10160 10161
5185,5687 2618 11107 0 10167 10156 10157 10158 10159 10160
5186,14764 9307 7014 3486 13557 10911 14763 13556 11273 14762
5187,1011 6360 12895 0 10167 10156 10157 10158 10159 10160
5188,1498 315 5219 0 10166 10156 10157 10158 10159 10160
5189,14023 13814 3562 8593 7321 2665 8216 2746 4755 7748
5190,13318 12328 14664 0 10155 10156 10157 10158 10159 10160
5191,6940 12495 12740 1630 0 10166 10156 10157 10158 10159
5192,13000 13995 12311 0 10167 10156 10157 10158 10159 10160
5193,14766 14768 14767 12317 0 10165 10164 10163 10162 10161
5194,14769 14770 0 10166 10154 10155 10156 10157 10158 10159
5195,3994 14665 11685 3578 9364 12274 12182 8757 6099 14658
5196,13003 6136 0 10165 10154 10155 10156 10157 10158 10159
5197,14774 0 10167 10155 10156 10157 10158 10159 10160 10161
5198,11943 13032 0 10167 10156 10157 10158 10159 10160 10161
5199,337 10666 13714 0 10165 10154 10155 10156 10157 10158
5200,11429 6576 4766 14617 7248 14664 10158 10157 10165 10156
5201,13019 9572 9575 10182 10157 10158 10159 10160 10161 10162
5202,10696 14775 13019 4654 10162 10166 10165 10164 10163 0
5203,10696 9077 8487 0 10166 10156 10157 10158 10159 10160
5204,12187 11038 134 13402 11040 11042 0 10159 10161 10160
5205,13816 14776 6672 0 10160 10164 10163 10162 10161 10158
5206,13944 4056 2665 4058 10157 10158 10159 10160 10161 10162
5207,2614 11717 9374 2796 2797 12315 14071 11163 14023 1161
5208,8594 12092 1997 13818 0 10166 10156 10157 10158 10159
5209,5330 5328 14370 0 10166 10155 10156 10157 10158 10159
5210,14600 1130 8814 7565 12003 2665 10129 10170 10160 10161
5211,8487 12480 6824 5324 11365 10166 10156 10157 10158 10159
5212,13 12314 5254 1298 8096 10157 10158 10159 10160 10161
5213,3380 13461 14587 14779 10166 10155 10156 10157 10158 10159
5214,14019 8211 6268 13927 14658 9112 5556 4657 10159 10162
5215,13740 13 11427 10167 10155 10156 10157 10158 10159 10160
5216,14454 1883 8631 10154 10156 10157 10158 10159 10160 10161
5217,13975 10975 8903 9573 13461 10165 10155 10156 10157 10158
5218,13019 14781 14066 14769 10164 10163 10162 10161 10160 10159
5219,12614 13114 6139 14780 10177 10165 10155 10156 10157 10158
5220,13247 1884 13432 13433 0 10151 10153 10154 10155 10156
5221,13816 14782 5564 2795 10159 10164 10163 10162 10161 10160
5222,14453 0 10167 10156 10157 10158 10159 10160 10161 10162
5223,14783 1883 9015 0 10166 10155 10156 10157 10158 10159
5224,2086 14784 9077 0 10165 10154 10155 10156 10157 10158
5225,9083 4643 5565 10166 10155 10156 10157 10158 10159 10160
5226,1884 14785 13929 11187 5407 12997 3330 10976 14392 10159
5227,6099 12997 13433 10151 10152 10153 10154 10155 10156 10157
5228,4064 2664 14026 8095 13307 5328 5326 10161 10163 10162
5229,6333 2830 13567 0 10165 10154 10155 10156 10157 10158
5230,8102 5258 14373 0 10167 10156 10157 10158 10159 10160
5231,5570 5024 10497 1369 5413 1082 2510 3368 186 8210
5232,9576 10874 3831 10167 10156 10157 10158 10159 10160 10161
5233,5253 13954 293 10167 10155 10156 10157 10158 10159 10160
5234,14454 12968 12969 0 10166 10155 10156 10157 10158 10159
5235,13383 4718 13780 7443 13720 12601 14035 8617 8663 8594
5236,14779 10872 13974 10166 10155 10156 10157 10158 10159 10160
5237,7746 11284 14377 13900 14392 1475 8416 14783 10161 10160
5238,10918 13527 12998 13399 14789 3896 10175 10162 10153 10154
5239,3568 3482 5328 5327 8631 7562 5326 10156 10157 10165
5240,13915 9575 13822 11095 9079 2795 12619 1636 13720 1637
5241,8488 13612 0 10182 10156 10157 10158 10159 10160 10161
5242,14772 12182 12274 4643 13020 2805 10167 10166 10165 10164
5243,12618 9576 11191 12999 10156 10157 10158 10159 10160 10161
5244,4594 0 10168 10156 10157 10158 10159 10160 10161 10162
5245,14515 14233 12094 10978 11096 12203 14780 13780 14034 14372
5246,1351 740 14089 636 0 10156 10158 10159 10160 10161
5247,13781 12331 14018 9708 8759 8100 10161 10165 10164 10163
5248,9353 13304 13529 9772 6139 0 10162 10165 10164 10163
5249,14794 0 10166 10154 10155 10156 10157 10158 10159 10160
5250,14787 13099 5377 615 10160 10164 10163 10162 10161 0
5251,12274 6101 14795 8757 12182 14233 14066 14781 11203 11941
5252,11096 14369 3480 0 10165 10154 10155 10156 10157 10158
5253,12647 14796 8544 11206 2636 13995 2989 10162 10161 10170
5254,11210 14128 6115 5374 0 10165 10155 10156 10157 10158
5255,9575 14515 8101 1074 14797 12614 7443 0 10164 10166
5256,4714 12601 11202 0 10168 10157 10158 10159 10160 10161
5257,2636 8545 12316 10169 10157 10158 10159 10160 10161 10162
5258,13432 13608 12274 12182 10165 10154 10155 10156 10157 10158
5259,2789 12648 13946 0 10156 10157 10158 10159 10160 10161
5260,5332 6 6788 0 10166 10155 10156 10157 10158 10159
5261,13974 2567 0 10156 10157 10158 10159 10160 10161 10162
5262,14399 9896 0 10166 10155 10156 10157 10158 10159 10160
5263,5565 8634 4644 10128 10129 10157 10158 10159 10160 10161
5264,13486 783 12619 2792 12066 8759 11543 12431 6999 14798
5265,6101 6102 0 10164 10154 10155 10156 10157 10158 10159
5266,2611 2612 2610 0 10167 10166 10165 10164 10163 10169
5267,13059 404 1166 0 10167 10157 10158 10159 10160 10161
5268,13731 1529 2614 0 10166 10155 10156 10157 10158 10159
5269,3465 2614 1323 0 10161 10165 10164 10163 10162 10159
5270,1532 14079 13326 14457 12747 2614 4515 13327 405 2743
5271,13708 13052 14053 405 11112 5998 10161 10163 10162 0
5272,5998 2614 407 1880 2739 10730 13628 13650 12747 2820
5273,1325 1535 14326 4330 13323 1165 10161 10164 10163 10162
5274,12826 405 11403 10166 10155 10156 10157 10158 10159 10160
5275,8731 2614 7249 14800 0 10166 10156 10157 10158 10159
5276,1535 6113 8892 1475 405 13186 1166 10157 10158 10159
5277,1165 8526 12426 13524 2817 8727 1166 10169 10161 10162
5278,2814 1525 6489 11899 14801 9784 12426 14122 2822 13332
5279,1165 6989 11112 0 10155 10157 10158 10159 10160 10161
5280,6351 2822 13201 405 11112 0 10166 10157 10158 10159
5281,9784 2741 1165 2743 0 10162 10166 10165 10164 10163
5282,2820 1529 13202 2822 13518 13232 8907 1535 12426 12500
5283,2822 1323 2614 13352 3465 0 10163 10166 10165 10164
5284,12426 3465 2741 6352 14599 13005 11051 13347 13346 2820
5285,13730 14802 8831 14308 14124 9115 6350 13245 13357 13128
5286,2816 13327 1166 2742 2614 8641 8732 2820 3465 404
5287,5998 1532 2742 0 10167 10156 10157 10158 10159 10160
5288,5998 1527 7917 13315 2959 12905 10162 10164 10163 10161
5289,2742 13661 12742 0 10166 10155 10156 10157 10158 10159
5290,2742 13235 1165 13325 13659 10160 11046 13327 10162 10161
5291,8301 11899 1532 405 2820 1165 10164 10163 10162 10161
5292,1165 12426 13625 2820 404 1166 403 9791 10167 10166
5293,2742 1532 0 10166 10155 10156 10157 10158 10159 10160
5294,1165 13717 9791 2743 13187 12426 2742 404 1532 10160
5295,404 13187 1535 8730 5998 0 10164 10155 10156 10157
5296,1166 2741 6416 1165 4515 0 10164 10167 10166 10165
5297,11822 4514 14803 4791 12070 11111 0 10163 10162 10161
5298,6416 2741 5998 0 10161 10165 10164 10163 10162 10159
5299,1532 13188 12426 9794 405 404 1166 1535 10160 10161
5300,10260 14327 14804 13727 8828 10153 10154 10155 10156 10157
5301,2820 4516 1475 0 10168 10157 10158 10159 10160 10161
5302,1532 405 2835 12425 13336 9784 10159 10160 10158 10166
5303,13315 11555 10056 12854 14805 8362 11231 12820 0 10162
5304,2741 9784 13333 11112 14806 1475 0 10161 10163 10162
5305,2741 0 10167 10155 10156 10157 10158 10159 10160 10161
5306,2741 12425 0 10167 10156 10157 10158 10159 10160 10161
5307,5998 1529 12426 4516 2741 0 10164 10163 10162 10161
5308,1323 14807 13562 1168 405 0 10160 10163 10162 10161
5309,1532 11754 13188 12426 8828 10153 10155 10156 10157 10158
5310,11555 8362 13315 12905 10166 10155 10156 10157 10158 10159
5311,2744 2741 6352 0 10168 10157 10158 10159 10160 10161
5312,13834 11219 11218 12748 8057 10062 7045 11041 3878 10159
5313,538 4840 2811 14808 10163 10167 10166 10165 10164 0
5314,536 529 14808 538 0 10158 10159 10160 10161 10162
5315,11288 11355 12885 0 10164 10154 10155 10156 10157 10158
5316,14809 6789 14045 0 10166 10155 10156 10157 10158 10159
5317,12885 13593 7208 0 10164 10153 10154 10155 10156 10157
5318,4844 9656 578 536 538 6820 14808 10179 10166 10157
5319,14007 5998 10127 0 10167 10156 10157 10158 10159 10160
5320,9467 5325 5744 10432 12822 10211 11069 11953 9773 10173
5321,3403 6390 12667 10175 11919 1383 1995 5809 13373 9094
5322,2614 14196 12905 0 10166 10155 10156 10157 10158 10159
5323,8110 14590 3551 2614 8108 10167 10166 10165 10164 0
5324,5998 12820 11098 12821 13409 14330 14180 14195 10160 10159
5325,5036 3771 0 10183 10157 10158 10159 10160 10161 10162
5326,234 235 1618 1617 1622 1621 9694 5132 11563 2556
5327,11790 10167 10155 10156 10157 10158 10159 10160 10161 10162
5328,7486 6129 12823 0 10167 10156 10157 10158 10159 10160
5329,11871 5615 0 10154 10156 10157 10158 10159 10160 10161
5330,2614 14180 5998 0 10161 10165 10164 10163 10162 10160
5331,8111 13989 13308 10181 10167 10156 10157 10158 10159 10160
5332,2820 14811 10182 10155 10156 10157 10158 10159 10160 10161
5333,6380 1575 985 0 10165 10155 10156 10157 10158 10159
5334,14813 5208 10153 10154 10155 10156 10157 10158 10159 10160
5335,14815 14816 14817 6224 14818 9769 9776 9765 12990 9766
5336,7231 14540 0 10166 10155 10156 10157 10158 10159 10160
5337,9620 8047 14819 1935 10494 10166 10156 10157 10158 10159
5338,10407 14034 14317 10167 10155 10156 10157 10158 10159 10160
5339,11132 8518 6103 6152 7996 11862 6838 7518 7809 10167
5340,6264 8940 548 0 10167 10156 10157 10158 10159 10160
5341,3882 7687 6428 13126 476 3391 6958 3100 1280 12150
5342,14307 0 10167 10155 10156 10157 10158 10159 10160 10161
5343,1297 3891 6210 0 10165 10155 10156 10157 10158 10159
5344,7945 11049 14709 0 10165 10154 10155 10156 10157 10158
5345,14820 8186 0 10153 10155 10156 10157 10158 10159 10160
5346,482 7863 8522 5088 2479 178 625 10178 10179 10158
5347,13798 5677 11835 6011 7605 7606 13654 9393 7523 9506
5348,7155 6391 5401 0 10166 10155 10156 10157 10158 10159
5349,1401 1977 7504 3610 4704 4180 770 9367 6053 9247
5350,13214 10561 476 12085 6090 3004 14147 10008 10165 10155
5351,4406 7734 9582 2548 1374 5989 8504 8195 10237 10167
5352,11405 14200 0 10165 10154 10155 10156 10157 10158 10159
5353,14822 14821 1605 0 10165 10155 10156 10157 10158 10159
5354,4360 383 7250 13766 10165 10154 10155 10156 10157 10158
5355,12165 9263 6399 14161 0 10165 10155 10156 10157 10158
5356,12566 9682 9805 11143 10168 10157 10158 10159 10160 10161
5357,12850 13616 1558 0 10166 10155 10156 10157 10158 10159
5358,14826 14825 14827 13587 12875 8873 14824 10158 10159 10164
5359,8045 5255 11729 6785 6498 2729 3091 10164 10168 10167
5360,692 11405 14145 0 10165 10155 10156 10157 10158 10159
5361,11799 8541 13277 5689 10164 10163 10162 10161 10160 0
5362,1317 2881 6362 4060 1778 1321 1319 10157 10158 10159
5363,11977 6227 6614 0 10156 10157 10158 10159 10160 10161
5364,7966 12966 5224 6075 10076 8009 9044 6021 10158 10157
5365,12603 5757 11384 0 10167 10156 10157 10158 10159 10160
5366,5690 12209 9850 3072 2996 0 10168 10159 10160 10161
5367,6537 11218 3665 10167 10156 10157 10158 10159 10160 10161
5368,1067 5862 1283 5423 3765 2590 10244 1278 3766 1059
5369,726 816 13804 0 10167 10156 10157 10158 10159 10160
5370,7719 14674 6589 10162 10166 10165 10164 10163 0 10167
5371,3270 3272 3271 0 10169 10158 10159 10160 10161 10162
5372,11306 11315 13559 10166 10154 10155 10156 10157 10158 10159
5373,10892 12694 11692 10166 10155 10156 10157 10158 10159 10160
5374,14813 14814 0 10181 10155 10156 10157 10158 10159 10160
5375,13074 10741 451 1880 14434 1948 10161 10164 10163 10162
5376,11210 13816 4594 4641 5564 13427 11858 9559 11209 9110
5377,14148 3864 14829 0 10166 10155 10156 10157 10158 10159
5378,8675 13281 1123 14830 4300 12889 6774 7018 2633 808
5379,14832 14831 5572 11266 13144 3320 9545 3868 4905 4638
5380,8978 14394 1925 11622 8035 1267 11077 9696 5243 11359
5381,11405 4861 14224 5514 8696 10165 10164 10163 10162 10161
5382,10011 14834 14833 10165 10164 10163 10162 10161 10160 0
5383,58 0 10168 10156 10157 10158 10159 10160 10161 10162
5384,726 8562 0 10168 10156 10157 10158 10159 10160 10161
5385,611 0 10168 10156 10157 10158 10159 10160 10161 10162
5386,14522 731 0 10168 10156 10157 10158 10159 10160 10161
5387,8145 4417 11760 0 10168 10157 10158 10159 10160 10161
5388,4524 9188 174 10648 7730 10167 10166 10165 10164 10162
5389,6622 5383 8372 3955 10414 11310 10166 10157 10158 10159
5390,12707 14101 14836 1559 0 10165 10155 10156 10157 10158
5391,6604 14838 3457 13139 0 10163 10167 10166 10165 10164
5392,13937 699 0 10166 10155 10156 10157 10158 10159 10160
5393,12683 14171 12520 10168 10156 10157 10158 10159 10160 10161
5394,13388 14686 14839 14639 653 9830 14841 8999 14840 3753
5395,7946 14542 4126 0 10166 10155 10156 10157 10158 10159
5396,11765 13547 11763 0 10164 10154 10155 10156 10157 10158
5397,14351 14843 106 10179 10167 10156 10157 10158 10159 10160
5398,936 13008 14844 10731 13039 5570 14021 6721 10159 10158
5399,10523 6417 4516 0 10156 10157 10158 10159 10160 10161
5400,8112 2046 680 13697 2391 4463 10164 10167 10166 10165
5401,11188 11365 6105 0 10165 10154 10155 10156 10157 10158
5402,13502 13491 13503 13505 13507 13496 13495 13510 13506 13508
5403,14845 3813 9589 14724 3004 14738 14056 13758 12557 3265
5404,14847 1523 12893 5249 3428 13403 12892 6531 6435 0
5405,5820 3690 1686 8107 8795 7619 1734 1200 4348 1881
5406,1354 7065 9192 9194 7546 1916 7554 6806 10461 1859
5407,1384 1333 131 3149 3955 0 10167 10166 10165 10164
5408,12341 3717 2254 4553 12447 198 11977 10728 4350 8397
5409,14478 14513 11405 14706 14848 10166 10156 10157 10158 10159
5410,771 14849 0 10168 10156 10157 10158 10159 10160 10161
5411,14555 14850 14851 9510 0 10155 10156 10157 10158 10159
5412,1471 13847 14221 2410 12800 12137 14738 14734 8325 3542
5413,311 14853 9023 0 10167 10156 10157 10158 10159 10160
5414,14329 14854 6270 0 10165 10155 10156 10157 10158 10159
5415,9053 14070 8999 10786 10167 10156 10157 10158 10159 10160
5416,1295 5836 1766 0 10166 10155 10156 10157 10158 10159
5417,14856 6977 1763 6816 3292 38 3453 4928 9142 14855
5418,9719 4887 3236 4815 3641 4897 2473 3438 4891 4720
5419,12928 6483 1222 0 10167 10156 10157 10158 10159 10160
5420,4036 1779 9192 1916 8541 7065 4138 10176 10175 10180
5421,6115 10440 466 3714 11476 11735 2136 8462 5364 6904
5422,42 851 3397 2859 709 383 7480 11043 5976 3171
5423,11168 1242 4206 10227 7361 8651 3696 3139 10163 10164
5424,8541 5689 11799 0 10166 10155 10156 10157 10158 10159
5425,12156 13887 10701 3887 10168 10157 10158 10159 10160 10161
5426,7876 14861 13559 14860 11306 14859 0 10160 10159 10158
5427,13627 14168 8860 5369 14465 10176 10166 10156 10157 10158
5428,14863 7209 14864 0 10164 10154 10155 10156 10157 10158
5429,13737 13276 2681 10179 10166 10155 10156 10157 10158 10159
5430,7777 6863 3020 8427 5335 10168 10159 10160 10161 10162
5431,14824 14554 14307 14163 14867 93 12427 8999 7118 14865
5432,14872 4380 14871 10163 10152 10153 10154 10155 10156 10157
5433,1332 3093 6306 10168 10156 10157 10158 10159 10160 10161
5434,14873 4960 13949 2835 1078 0 10166 10157 10158 10159
5435,10168 7164 7336 10166 10155 10156 10157 10158 10159 10160
5436,14875 10715 52 3055 14307 716 14100 10161 10162 10160
5437,5759 14733 11124 0 10155 10156 10157 10158 10159 10160
5438,2081 2304 9429 0 10166 10156 10157 10158 10159 10160
5439,1969 1443 11017 6211 8877 3188 579 6143 162 11843
5440,9231 14188 9659 14133 14189 14186 14187 14191 14192 14185
5441,11887 9714 4524 12523 12522 8770 5136 4964 4151 8144
5442,5437 7305 0 10167 10156 10157 10158 10159 10160 10161
5443,14877 2814 408 4514 13635 5190 10160 10161 10159 10158
5444,1909 8110 13908 10166 10154 10155 10156 10157 10158 10159
5445,7767 2962 14878 9050 13825 3123 2225 10159 10158 10166
5446,922 10338 5664 11685 6754 8056 0 10165 10157 10158
5447,14844 1475 0 10165 10154 10155 10156 10157 10158 10159
5448,11734 9197 9947 0 10167 10156 10157 10158 10159 10160
5449,10784 2122 5911 14734 6663 5134 4283 10329 5664 5021
5450,13865 11456 14258 0 10165 10154 10155 10156 10157 10158
5451,5001 7348 5064 3253 2548 10019 10532 10676 7726 6960
5452,14879 1534 13910 13269 0 10163 10153 10154 10155 10156
5453,1036 8240 2137 10168 10156 10157 10158 10159 10160 10161
5454,5199 13942 10229 0 10166 10155 10156 10157 10158 10159
5455,14880 8534 8361 6337 0 10166 10157 10158 10159 10160
5456,111 2084 8802 0 10167 10166 10165 10164 10163 10162
5457,2811 7224 7748 11529 12748 10179 10166 10155 10156 10157
5458,2828 14845 1311 10168 10156 10157 10158 10159 10160 10161
5459,3398 506 9591 1161 10169 10158 10159 10160 10161 10162
5460,13879 7264 0 10166 10154 10155 10156 10157 10158 10159
5461,14136 693 692 7457 0 10166 10157 10158 10159 10160
5462,4036 10192 3442 9751 10072 4138 1011 10161 10162 10168
5463,6486 607 5354 13029 4709 1521 13843 7744 10157 10166
5464,12263 5896 4073 7401 6131 6618 11568 7342 5708 8025
5465,7124 0 10167 10155 10156 10157 10158 10159 10160 10161
5466,6572 14884 6622 11384 7219 10222 14883 9361 14368 7735
5467,14885 6622 13892 0 10152 10154 10155 10156 10157 10158
5468,13220 13696 12351 8144 14886 1311 10174 10163 10153 10176
5469,14887 257 10166 10154 10155 10156 10157 10158 10159 10160
5470,14080 9056 8588 10179 10166 10154 10155 10156 10157 10158
5471,13212 10911 6260 4229 10166 10165 10164 10163 10162 0
5472,2311 14261 1620 1649 7412 9010 1648 1617 1618 6411
5473,3665 6484 1852 8454 10679 10168 10158 10159 10160 10161
5474,14208 11405 14889 0 10165 10154 10155 10156 10157 10158
5475,5974 3595 3962 12178 1219 794 11383 514 1416 463
5476,1837 4851 231 13950 6170 7940 5157 10164 10163 10162
5477,6531 7261 10870 3859 230 1268 12081 14588 5104 4696
5478,8581 14891 8588 10165 10164 10163 10162 10161 10160 10167
5479,5852 14892 4516 5193 4515 8826 3046 10166 10165 10164
5480,9957 10982 11227 7940 0 10166 10156 10157 10158 10159
5481,2448 7915 182 0 10168 10157 10158 10159 10160 10161
5482,13388 0 10167 10155 10156 10157 10158 10159 10160 10161
5483,550 2782 3341 6055 10162 10166 10165 10164 10163 0
5484,5895 9944 14556 2277 7583 10954 5896 4073 4964 4752
5485,5250 5377 9365 626 0 10165 10155 10156 10157 10158
5486,4861 4961 14893 0 10167 10156 10157 10158 10159 10160
5487,1734 3993 2415 8028 4351 3662 10181 10168 10158 10159
5488,14689 10167 10155 10156 10157 10158 10159 10160 10161 10162
5489,10012 1544 14771 9770 14045 10230 11042 11427 4657 4656
5490,7953 11296 14894 10522 5261 6766 10160 10163 10162 10161
5491,7937 8081 1847 0 10157 10158 10159 10160 10161 10162
5492,9380 9973 9323 12860 10128 10129 10155 10156 10157 10158
5493,4138 7065 12656 10754 10167 10157 10158 10159 10160 10161
5494,14862 11308 14334 3152 14742 714 10159 10160 10167 10161
5495,3928 1812 6974 13401 10165 10155 10156 10157 10158 10159
5496,8577 1504 14113 8464 420 10162 10166 10165 10164 10163
5497,4426 6785 0 10167 10156 10157 10158 10159 10160 10161
5498,14897 14498 0 10167 10156 10157 10158 10159 10160 10161
5499,3019 11313 52 8474 76 10651 14100 7121 2203 10178
5500,1445 4544 12491 0 10156 10157 10158 10159 10160 10161
5501,13609 12266 3722 14900 10165 10155 10156 10157 10158 10159
5502,611 3595 9955 10371 10372 10373 383 1620 1621 1622
5503,626 949 4966 14699 0 10167 10157 10158 10159 10160
5504,14901 13050 10155 10156 10157 10158 10159 10160 10161 10162
5505,14425 14463 9011 0 10157 10158 10159 10160 10161 10162
5506,680 10865 8184 10178 10164 10154 10155 10156 10157 10158
5507,14904 11310 14903 10178 10164 10153 10154 10155 10156 10157
5508,10875 6710 10412 13428 2920 5640 2435 3678 12901 10160
5509,27 3214 12004 817 3365 4230 12005 2309 6198 2428
5510,8581 9299 14430 0 10166 10165 10164 10163 10162 10168
5511,11124 3885 7438 0 10167 10157 10158 10159 10160 10161
5512,14905 7643 9970 5608 10166 10155 10156 10157 10158 10159
5513,14907 14906 0 10167 10155 10156 10157 10158 10159 10160
5514,13521 14909 14908 14004 0 10164 10163 10162 10161 10159
5515,13805 6216 11550 12320 13936 10125 10166 10154 10155 10156
5516,10715 10168 10156 10157 10158 10159 10160 10161 10162 10163
5517,611 839 3476 14063 3223 14261 5042 9459 5547 3962
5518,1183 12546 10111 1677 0 10158 10159 10160 10161 10162
5519,6793 10604 14911 2982 4657 4656 1195 6087 923 6288
5520,14163 7115 14865 4841 14550 1436 1873 14092 585 4126
5521,10496 13207 7663 0 10167 10156 10157 10158 10159 10160
5522,3055 0 10168 10157 10158 10159 10160 10161 10162 10163
5523,14496 6196 11366 0 10167 10156 10157 10158 10159 10160
5524,13885 11366 5266 14479 10176 10177 10154 10155 10156 10157
5525,11366 14574 5266 14497 14486 0 10166 10157 10158 10159
5526,726 8988 11189 13956 10157 10158 10156 10159 10168 10160
5527,11366 0 10168 10156 10157 10158 10159 10160 10161 10162
5528,14801 14912 0 10166 10154 10155 10156 10157 10158 10159
5529,11366 14498 5266 10166 10155 10156 10157 10158 10159 10160
5530,13885 5266 10166 10154 10155 10156 10157 10158 10159 10160
5531,13933 6764 14461 11739 13370 10160 10164 10163 10162 10161
5532,13885 11366 12298 14497 0 10166 10156 10157 10158 10159
5533,11366 13885 14488 10168 10156 10157 10158 10159 10160 10161
5534,8609 11366 0 10167 10156 10157 10158 10159 10160 10161
5535,11366 0 10168 10156 10157 10158 10159 10160 10161 10162
5536,11366 692 12297 3857 7643 1127 7649 3428 10177 10158
5537,11366 0 10168 10156 10157 10158 10159 10160 10161 10162
5538,11366 6750 13928 4962 0 10166 10156 10157 10158 10159
5539,11366 0 10168 10156 10157 10158 10159 10160 10161 10162
5540,9424 11366 1386 4176 10162 10166 10165 10164 10163 10161
5541,14645 10441 10153 10155 10156 10157 10158 10159 10160 10161
5542,14491 14486 13885 0 10167 10156 10157 10158 10159 10160
5543,11366 0 10168 10156 10157 10158 10159 10160 10161 10162
5544,11366 14913 10591 4207 10157 10158 10156 10159 10166 10160
5545,11366 3828 0 10167 10156 10157 10158 10159 10160 10161
5546,11366 14479 692 10167 10156 10157 10158 10159 10160 10161
5547,11366 0 10168 10156 10157 10158 10159 10160 10161 10162
5548,8031 13885 14480 10169 10157 10158 10159 10160 10161 10162
5549,9424 14222 13885 0 10155 10156 10157 10158 10159 10160
5550,11366 13885 10167 10155 10156 10157 10158 10159 10160 10161
5551,11886 4746 692 11260 10167 10156 10157 10158 10159 10160
5552,11366 692 0 10167 10156 10157 10158 10159 10160 10161
5553,11366 12850 0 10167 10155 10156 10157 10158 10159 10160
5554,11366 692 13885 14486 13895 10160 10164 10163 10162 10161
5555,11366 14913 0 10166 10154 10155 10156 10157 10158 10159
5556,12850 11366 13895 14222 0 10164 10154 10155 10156 10157
5557,7876 14222 0 10167 10156 10157 10158 10159 10160 10161
5558,11366 14131 12850 13885 14222 10164 10163 10162 10161 10160
5559,13885 14500 0 10167 10156 10157 10158 10159 10160 10161
5560,11366 5266 10166 10154 10155 10156 10157 10158 10159 10160
5561,11366 13079 13392 8335 5383 2439 10162 10165 10164 10163
5562,11366 0 10168 10156 10157 10158 10159 10160 10161 10162
5563,5267 14479 11366 10167 10155 10156 10157 10158 10159 10160
5564,11366 9473 0 10168 10156 10157 10158 10159 10160 10161
5565,11366 14486 0 10167 10155 10156 10157 10158 10159 10160
5566,6761 11359 12162 11366 0 10156 10157 10158 10159 10160
5567,5266 14481 11366 10167 10155 10156 10157 10158 10159 10160
5568,11366 0 10168 10156 10157 10158 10159 10160 10161 10162
5569,5266 5267 10179 10178 10153 10154 10155 10156 10157 10158
5570,11366 11260 0 10167 10156 10157 10158 10159 10160 10161
5571,14181 14153 6298 13207 12748 8122 8127 13968 8123 14006
5572,11366 0 10168 10156 10157 10158 10159 10160 10161 10162
5573,14915 7526 6658 10166 10155 10156 10157 10158 10159 10160
5574,11366 11359 4350 0 10166 10155 10156 10157 10158 10159
5575,11366 8405 11893 0 10156 10157 10158 10159 10160 10161
5576,11366 5267 10166 10154 10155 10156 10157 10158 10159 10160
5577,11366 692 0 10167 10156 10157 10158 10159 10160 10161
5578,11366 5267 10166 10154 10155 10156 10157 10158 10159 10160
5579,11366 0 10168 10156 10157 10158 10159 10160 10161 10162
5580,11366 0 10168 10156 10157 10158 10159 10160 10161 10162
5581,11366 14477 10167 10155 10156 10157 10158 10159 10160 10161
5582,14490 13885 12321 10168 10156 10157 10158 10159 10160 10161
5583,12485 2604 0 10166 10155 10156 10157 10158 10159 10160
5584,14137 14497 0 10167 10157 10158 10159 10160 10161 10162
5585,14790 3886 11190 7244 0 10164 10163 10162 10161 10160
5586,11007 8034 11006 8143 10158 10159 10160 10161 10168 10157
5587,11405 693 0 10166 10155 10156 10157 10158 10159 10160
5588,6605 14204 6606 13183 625 14846 9258 10159 10162 10161
5589,11711 3771 10508 3486 0 10167 10158 10159 10160 10161
5590,14032 14917 14916 10161 10165 10164 10163 10162 0 10166
5591,13388 0 10167 10155 10156 10157 10158 10159 10160 10161
5592,8550 9703 169 2346 0 10168 10158 10159 10160 10161
5593,14167 12236 1559 7544 9365 10158 10159 10157 10167 10161
5594,14920 5919 0 10153 10155 10156 10157 10158 10159 10160
5595,11260 11143 6849 0 10167 10156 10157 10158 10159 10160
5596,512 8407 4350 0 10169 10158 10159 10160 10161 10162
5597,9144 14921 0 10153 10155 10156 10157 10158 10159 10160
5598,3665 6537 0 10168 10157 10158 10159 10160 10161 10162
5599,14486 4575 3771 0 10171 10160 10161 10162 10163 10164
5600,739 0 10154 10156 10157 10158 10159 10160 10161 10162
5601,14307 0 10167 10155 10156 10157 10158 10159 10160 10161
5602,6785 366 0 10168 10156 10157 10158 10159 10160 10161
5603,14923 14476 8272 0 10168 10157 10158 10159 10160 10161
5604,9054 7124 0 10166 10154 10155 10156 10157 10158 10159
5605,8473 4033 1301 14926 6079 2049 7711 2262 10159 10160
5606,11084 2834 0 10167 10155 10156 10157 10158 10159 10160
5607,9472 10615 12554 11391 7543 5163 5170 5172 10174 10165
5608,2200 5113 10183 4474 7977 8037 4074 10164 10167 10166
5609,876 12670 4474 0 10169 10158 10159 10160 10161 10162
5610,14449 14927 0 10155 10156 10157 10158 10159 10160 10161
5611,2687 13168 10670 0 10157 10158 10159 10160 10161 10162
5612,14163 0 10166 10154 10155 10156 10157 10158 10159 10160
5613,9055 4426 0 10166 10155 10156 10157 10158 10159 10160
5614,908 12264 9299 10167 10166 10165 10164 10163 10162 0
5615,8581 14928 10897 0 10166 10155 10156 10157 10158 10159
5616,12513 14427 9052 14930 3021 13134 14929 10163 10162 10161
5617,14449 14843 14404 10166 10154 10155 10156 10157 10158 10159
5618,8581 747 14709 14396 1396 14933 14162 4191 10159 10161
5619,14936 13455 14924 10178 10177 10153 10154 10155 10156 10157
5620,9054 14824 0 10166 10155 10156 10157 10158 10159 10160
5621,4426 8999 7124 0 10167 10156 10157 10158 10159 10160
5622,14937 685 11259 10166 10155 10156 10157 10158 10159 10160
5623,7115 13191 10106 11654 13208 8782 12012 10909 2932 7509
5624,4758 14939 10321 0 10166 10156 10157 10158 10159 10160
5625,14709 5137 10690 2595 14910 9278 14699 10158 10159 10164
5626,7632 1845 8282 0 10168 10157 10158 10159 10160 10161
5627,14552 3471 0 10166 10155 10156 10157 10158 10159 10160
5628,10833 7848 14940 10166 10155 10156 10157 10158 10159 10160
5629,14163 1485 1493 58 7115 11737 10162 10166 10165 10164
5630,14941 14162 5581 0 10166 10155 10156 10157 10158 10159
5631,14705 14942 13521 8428 0 10167 10157 10158 10159 10160
5632,14067 14536 14943 0 10167 10156 10157 10158 10159 10160
5633,360 11027 6836 10167 10155 10156 10157 10158 10159 10160
5634,12784 14742 0 10167 10156 10157 10158 10159 10160 10161
5635,14853 645 0 10167 10156 10157 10158 10159 10160 10161
5636,11401 1523 12640 11135 10159 10163 10162 10161 10160 10158
5637,709 10333 10638 14946 8985 12342 6562 11779 11784 10163
5638,9960 14947 9373 10181 10156 10157 10158 10159 10160 10161
5639,13935 14672 0 10167 10155 10156 10157 10158 10159 10160
5640,5726 13033 7229 10165 10154 10155 10156 10157 10158 10159
5641,14484 4028 0 10168 10157 10158 10159 10160 10161 10162
5642,14673 8833 11577 10167 10156 10157 10158 10159 10160 10161
5643,10820 714 0 10168 10156 10157 10158 10159 10160 10161
5644,14435 14948 0 10154 10156 10157 10158 10159 10160 10161
5645,6836 13335 10124 14452 6489 10238 10167 10156 10157 10158
5646,6761 11359 11358 1379 9292 9239 1380 10163 10167 10166
5647,11812 650 10679 0 10167 10157 10158 10159 10160 10161
5648,11366 13885 14491 692 0 10162 10165 10164 10163 10160
5649,12950 14949 12828 0 10164 10154 10155 10156 10157 10158
5650,14388 14951 14950 0 10165 10154 10155 10156 10157 10158
5651,4426 0 10153 10155 10156 10157 10158 10159 10160 10161
5652,14952 2319 10381 0 10166 10155 10156 10157 10158 10159
5653,4426 3930 2290 8935 3221 4090 4175 769 4777 10176
5654,3055 14714 11391 13430 14471 14483 10167 10158 10159 10160
5655,14224 13836 9583 0 10166 10155 10156 10157 10158 10159
5656,14224 14157 5107 14952 10166 10155 10156 10157 10158 10159
5657,160 4738 9430 0 10166 10156 10157 10158 10159 10160
5658,4426 0 10153 10155 10156 10157 10158 10159 10160 10161
5659,14129 4711 11084 0 10167 10156 10157 10158 10159 10160
5660,1292 337 4536 0 10168 10157 10158 10159 10160 10161
5661,10183 23 14953 0 10166 10155 10156 10157 10158 10159
5662,5107 0 10167 10155 10156 10157 10158 10159 10160 10161
5663,7109 12803 14921 0 10165 10154 10155 10156 10157 10158
5664,14695 11213 0 10153 10155 10156 10157 10158 10159 10160
5665,10238 14705 14574 0 10167 10156 10157 10158 10159 10160
5666,10566 14955 14954 10165 10154 10155 10156 10157 10158 10159
5667,577 11405 13286 0 10166 10155 10156 10157 10158 10159
5668,14505 8866 2128 0 10167 10157 10158 10159 10160 10161
5669,9490 5026 10743 0 10166 10156 10157 10158 10159 10160
5670,9615 14864 0 10166 10156 10157 10158 10159 10160 10161
5671,14304 14157 14158 8734 12032 0 10165 10164 10163 10162
5672,14304 12020 919 10865 10167 10156 10157 10158 10159 10160
5673,8323 1885 0 10167 10155 10156 10157 10158 10159 10160
5674,14932 3261 0 10166 10155 10156 10157 10158 10159 10160
5675,3720 14958 434 14957 0 10166 10156 10157 10158 10159
5676,12281 14390 0 10154 10156 10157 10158 10159 10160 10161
5677,1746 10168 10156 10157 10158 10159 10160 10161 10162 10163
5678,11221 13424 13432 0 10163 10153 10154 10155 10156 10157
5679,14132 6610 7229 0 10166 10156 10157 10158 10159 10160
5680,14276 8237 14790 0 10156 10157 10158 10159 10160 10161
5681,11366 0 10168 10156 10157 10158 10159 10160 10161 10162
5682,14205 14460 7126 9590 10167 10157 10158 10159 10160 10161
5683,3064 3068 11401 10169 10158 10159 10160 10161 10162 10163
5684,11405 14136 14704 0 10166 10156 10157 10158 10159 10160
5685,14009 10263 9805 12566 9682 13838 13893 10164 10156 10157
5686,692 14205 8145 311 10233 10163 10166 10165 10164 0
5687,692 13937 0 10166 10155 10156 10157 10158 10159 10160
5688,11702 11701 10180 10179 10154 10155 10156 10157 10158 10159
5689,2986 8979 5708 14227 6105 10166 10156 10157 10158 10159
5690,14637 14823 0 10153 10155 10156 10157 10158 10159 10160
5691,14873 14946 12779 0 10152 10154 10155 10156 10157 10158
5692,14304 14961 14848 14960 10160 10164 10163 10162 10161 0
5693,14691 14949 12950 0 10152 10154 10155 10156 10157 10158
5694,6484 6476 5923 0 10168 10157 10158 10159 10160 10161
5695,14962 4959 4958 14963 11652 7664 8177 11229 5937 10655
5696,6685 6622 13892 0 10166 10156 10157 10158 10159 10160
5697,12778 13838 0 10153 10155 10156 10157 10158 10159 10160
5698,5514 12009 12059 0 10154 10156 10157 10158 10159 10160
5699,8423 14069 14202 11428 10166 10155 10156 10157 10158 10159
5700,12840 8452 5514 11956 10166 10155 10156 10157 10158 10159
5701,2835 5521 14472 11221 13838 10162 10166 10165 10164 10163
5702,692 11366 0 10167 10156 10157 10158 10159 10160 10161
5703,692 11384 14964 10166 10154 10155 10156 10157 10158 10159
5704,13838 692 14136 0 10165 10155 10156 10157 10158 10159
5705,692 11405 14136 1667 6803 10166 10156 10157 10158 10159
5706,13949 11217 14426 0 10166 10155 10156 10157 10158 10159
5707,6622 908 13892 0 10167 10157 10158 10159 10160 10161
5708,8326 14729 0 10169 10157 10158 10159 10160 10161 10162
5709,13183 11384 692 7663 0 10166 10156 10157 10158 10159
5710,12009 14202 4968 10154 10156 10157 10158 10159 10160 10161
5711,692 14366 693 6604 14838 13838 7256 10157 10158 10166
5712,5215 187 4884 14858 10156 10157 10158 10159 10160 10161
5713,692 6312 12557 6608 14472 5521 14208 0 10163 10166
5714,12333 9961 13673 0 10157 10158 10159 10160 10161 10162
5715,14208 1701 0 10153 10155 10156 10157 10158 10159 10160
5716,692 14208 13838 6608 0 10166 10156 10157 10158 10159
5717,8272 714 5734 8581 4934 14102 12031 10163 10166 10165
5718,12161 8233 1680 0 10168 10157 10158 10159 10160 10161
5719,6622 2337 9614 6620 7936 0 10166 10157 10158 10159
5720,12392 14968 14615 10167 10155 10156 10157 10158 10159 10160
5721,7940 8114 6183 0 10166 10155 10156 10157 10158 10159
5722,11221 10836 13191 6495 6494 9226 7528 10175 10164 10156
5723,7782 11172 0 10167 10156 10157 10158 10159 10160 10161
5724,14528 11786 7663 8992 13988 8268 10159 10160 10161 10162
5725,6487 4700 13378 13359 0 10166 10156 10157 10158 10159
5726,8114 14885 14706 0 10166 10155 10156 10157 10158 10159
5727,14960 7740 6183 14706 13943 10160 10164 10163 10162 10161
5728,11384 9965 14205 9551 4046 13838 10163 10162 10161 10160
5729,12519 14065 7660 13368 5614 13405 14531 10177 10166 10155
5730,9249 14663 682 11289 14057 191 372 10165 10164 10163
5731,9106 5383 9594 0 10167 10156 10157 10158 10159 10160
5732,9594 12872 611 10893 6083 10161 10165 10164 10163 10162
5733,11126 3055 11424 9594 0 10166 10165 10164 10163 10161
5734,8190 14579 11959 0 10166 10156 10157 10158 10159 10160
5735,14733 7320 8351 0 10168 10157 10158 10159 10160 10161
5736,118 117 4726 2956 383 10165 10164 10163 10162 10161
5737,9228 7012 11654 5896 4964 10160 10159 10161 10168 10162
5738,6768 7844 2957 0 10168 10157 10158 10159 10160 10161
5739,12574 14606 5678 5676 14971 10162 10166 10165 10164 10163
5740,4279 7183 14969 10168 10156 10157 10158 10159 10160 10161
5741,8702 1988 12483 0 10166 10156 10157 10158 10159 10160
5742,7170 12633 5972 0 10166 10155 10156 10157 10158 10159
5743,14538 10168 10156 10157 10158 10159 10160 10161 10162 10163
5744,14538 10168 10156 10157 10158 10159 10160 10161 10162 10163
5745,8428 14972 14068 0 10168 10157 10158 10159 10160 10161
5746,726 0 10168 10156 10157 10158 10159 10160 10161 10162
5747,14538 14973 10168 10156 10157 10158 10159 10160 10161 10162
5748,14538 7229 10152 10154 10155 10156 10157 10158 10159 10160
5749,8577 13831 14142 0 10167 10156 10157 10158 10159 10160
5750,14538 6071 13623 10166 10154 10155 10156 10157 10158 10159
5751,14222 14223 14538 14415 10167 10156 10157 10158 10159 10160
5752,8425 1616 0 10167 10156 10157 10158 10159 10160 10161
5753,14542 0 10167 10155 10156 10157 10158 10159 10160 10161
5754,14513 14277 8547 14610 13420 10161 10164 10163 10162 0
5755,14163 1697 14523 10168 10156 10157 10158 10159 10160 10161
5756,10715 13584 1655 8298 10167 10156 10157 10158 10159 10160
5757,611 14538 1621 10168 10156 10157 10158 10159 10160 10161
5758,14974 1697 0 10167 10156 10157 10158 10159 10160 10161
5759,14974 10608 14975 8428 10166 10165 10164 10163 10162 0
5760,1754 12134 14976 12024 13764 11575 14593 10165 10164 10163
5761,8988 0 10168 10156 10157 10158 10159 10160 10161 10162
5762,14974 0 10167 10155 10156 10157 10158 10159 10160 10161
5763,14974 0 10167 10155 10156 10157 10158 10159 10160 10161
5764,14977 14656 14978 13026 13405 0 10161 10164 10163 10162
5765,11959 13056 0 10167 10156 10157 10158 10159 10160 10161
5766,1367 36 11404 10167 10156 10157 10158 10159 10160 10161
5767,9300 9749 12551 9851 0 10167 10157 10158 10159 10160
5768,10497 9606 12788 0 10167 10156 10157 10158 10159 10160
5769,726 11405 0 10167 10155 10156 10157 10158 10159 10160
5770,4746 4745 11366 0 10168 10157 10158 10159 10160 10161
5771,726 12650 6852 0 10157 10158 10159 10160 10161 10162
5772,14979 740 58 14980 8935 14013 10163 10166 10165 10164
5773,363 14981 10167 10155 10156 10157 10158 10159 10160 10161
5774,14616 8081 13365 0 10155 10156 10157 10158 10159 10160
5775,14756 13350 0 10166 10154 10155 10156 10157 10158 10159
5776,14615 14579 0 10156 10157 10158 10159 10160 10161 10162
5777,9467 14804 9300 0 10166 10155 10156 10157 10158 10159
5778,12020 14955 10865 14393 2210 10165 10155 10156 10157 10158
5779,8281 14580 13268 0 10168 10157 10158 10159 10160 10161
5780,2449 6943 5670 10168 10157 10158 10159 10160 10161 10162
5781,3116 11253 14268 10167 10156 10157 10158 10159 10160 10161
5782,14209 12251 0 10167 10156 10157 10158 10159 10160 10161
5783,14285 13896 0 10166 10155 10156 10157 10158 10159 10160
5784,10541 1287 14210 6881 10166 10156 10157 10158 10159 10160
5785,11322 10414 14714 0 10165 10154 10155 10156 10157 10158
5786,1655 11309 11565 0 10155 10156 10157 10158 10159 10160
5787,8590 8589 11212 14511 0 10156 10157 10158 10159 10160
5788,4961 14983 14874 2834 14982 0 10154 10156 10157 10158
5789,6609 5373 14203 0 10166 10155 10156 10157 10158 10159
5790,14862 8586 5945 0 10166 10155 10156 10157 10158 10159
5791,626 7544 8397 0 10168 10157 10158 10159 10160 10161
5792,692 0 10154 10156 10157 10158 10159 10160 10161 10162
5793,14984 714 3152 0 10169 10158 10159 10160 10161 10162
5794,9781 9424 11630 3152 14985 11310 10179 10178 10157 10158
5795,692 12748 0 10167 10156 10157 10158 10159 10160 10161
5796,4449 8281 11630 8258 14580 8250 692 11310 10135 10161
5797,6583 692 13058 10154 10156 10157 10158 10159 10160 10161
5798,692 8022 0 10167 10156 10157 10158 10159 10160 10161
5799,8250 12339 14569 10155 10156 10157 10158 10159 10160 10161
5800,11384 12252 692 0 10167 10156 10157 10158 10159 10160
5801,2699 7527 0 10167 10157 10158 10159 10160 10161 10162
5802,13559 14861 11306 8221 4829 7328 0 10161 10164 10163
5803,8250 14964 14572 6581 0 10156 10157 10158 10159 10160
5804,14692 13843 7696 9466 10165 10155 10156 10157 10158 10159
5805,14888 10093 13395 4954 11405 11230 10162 10161 10160 10158
5806,9094 4574 3874 476 165 13487 2134 10169 10160 10161
5807,259 14861 14573 0 10154 10156 10157 10158 10159 10160
5808,14861 4085 0 10166 10156 10157 10158 10159 10160 10161
5809,14819 14574 11630 0 10154 10156 10157 10158 10159 10160
5810,14209 14458 0 10166 10156 10157 10158 10159 10160 10161
5811,5407 7876 8374 0 10168 10158 10159 10160 10161 10162
5812,14861 11120 0 10166 10155 10156 10157 10158 10159 10160
5813,8423 14202 14425 3840 14505 14933 10174 10162 10178 10177
5814,10701 3887 12156 3665 0 10166 10165 10164 10163 10168
5815,6617 7169 3747 12083 10129 10158 10159 10160 10161 10162
5816,53 3061 3062 14840 14993 14991 14992 14987 14990 3060
5817,12748 11219 12304 0 10166 10155 10156 10157 10158 10159
5818,10420 10897 10653 9347 0 10162 10166 10165 10164 10163
5819,14854 8408 10484 0 10168 10157 10158 10159 10160 10161
5820,11405 6113 0 10166 10155 10156 10157 10158 10159 10160
5821,14581 5518 14204 10180 10155 10156 10157 10158 10159 10160
5822,8411 1627 0 10157 10158 10159 10160 10161 10162 10163
5823,12841 13997 0 10167 10156 10157 10158 10159 10160 10161
5824,11384 9836 0 10168 10156 10157 10158 10159 10160 10161
5825,2681 13276 10181 10180 10155 10156 10157 10158 10159 10160
5826,2685 1575 6342 7183 0 10167 10157 10158 10159 10160
5827,3801 14961 8421 886 0 10168 10158 10159 10160 10161
5828,14757 0 10153 10155 10156 10157 10158 10159 10160 10161
5829,8979 5670 10214 0 10165 10155 10156 10157 10158 10159
5830,13587 7124 0 10166 10154 10155 10156 10157 10158 10159
5831,10921 14995 0 10181 10155 10156 10157 10158 10159 10160
5832,4756 13511 0 10168 10156 10157 10158 10159 10160 10161
5833,14689 10167 10155 10156 10157 10158 10159 10160 10161 10162
5834,12805 9245 0 10168 10156 10157 10158 10159 10160 10161
5835,14721 14102 9938 13570 0 10165 10164 10163 10162 10161
5836,8421 7699 0 10167 10157 10158 10159 10160 10161 10162
5837,886 726 13852 14996 10178 10166 10156 10157 10158 10159
5838,12059 7457 0 10167 10157 10158 10159 10160 10161 10162
5839,10625 12541 4279 0 10166 10155 10156 10157 10158 10159
5840,14388 8421 7700 0 10155 10157 10158 10159 10160 10161
5841,11994 14565 14564 0 10165 10155 10156 10157 10158 10159
5842,14997 14986 645 8780 10156 10157 10158 10159 10160 10161
5843,726 11405 0 10167 10155 10156 10157 10158 10159 10160
5844,8190 1499 14718 4865 14140 10522 663 713 10159 10167
5845,8013 3673 14157 5515 2985 0 10164 10166 10165 10162
5846,12810 0 10168 10156 10157 10158 10159 10160 10161 10162
5847,14998 0 10166 10154 10155 10156 10157 10158 10159 10160
5848,11405 14512 11403 10165 10154 10155 10156 10157 10158 10159
5849,8408 10169 10157 10158 10159 10160 10161 10162 10163 10164
5850,75 726 4703 11399 14199 8411 10159 10160 10168 10162
5851,11405 7229 0 10165 10154 10155 10156 10157 10158 10159
5852,11655 8892 0 10154 10156 10157 10158 10159 10160 10161
5853,9423 10897 4552 0 10166 10155 10156 10157 10158 10159
5854,12487 7583 365 4397 10154 10155 10156 10157 10158 10166
5855,9226 7017 309 6622 9841 6484 0 10165 10164 10163
5856,15000 10171 7050 10166 10155 10156 10157 10158 10159 10160
5857,1277 1916 9554 0 10167 10156 10157 10158 10159 10160
5858,13672 5998 11493 2815 2742 0 10163 10165 10164 10161
5859,2820 13651 405 12380 1165 2742 6351 1166 10167 10166
5860,1259 1261 1260 10168 10157 10158 10159 10160 10161 10162
5861,14584 13587 14583 15002 3057 3058 3059 3056 15001 3054
5862,58 0 10168 10156 10157 10158 10159 10160 10161 10162
5863,8039 12897 0 10166 10155 10156 10157 10158 10159 10160
5864,1534 13561 2741 0 10167 10156 10157 10158 10159 10160
5865,2744 1166 3465 13574 10168 10157 10158 10159 10160 10161
5866,611 0 10168 10156 10157 10158 10159 10160 10161 10162
5867,2659 11440 14586 0 10168 10157 10158 10159 10160 10161
5868,14307 14514 9021 5329 9023 9022 8748 1373 13512 5020
5869,15006 1091 14475 0 10167 10156 10157 10158 10159 10160
5870,15007 14475 13920 0 10166 10155 10156 10157 10158 10159
5871,11332 15008 5369 0 10165 10154 10155 10156 10157 10158
5872,8691 4316 5016 10127 10169 10157 10158 10159 10160 10161
5873,879 6821 502 0 10156 10158 10159 10160 10161 10162
5874,14458 4953 990 0 10167 10157 10158 10159 10160 10161
5875,8421 15009 14910 8407 10178 10166 10156 10157 10158 10159
5876,2820 2614 1165 405 3465 10164 10167 10166 10165 0
5877,2820 1166 12426 2614 13356 1535 404 13248 360 13187
5878,8074 6689 5488 5490 10304 10166 10165 10164 10163 0
5879,577 3600 712 10168 10156 10157 10158 10159 10160 10161
5880,15011 0 10152 10154 10155 10156 10157 10158 10159 10160
5881,2816 8889 12671 0 10157 10158 10159 10160 10161 10162
5882,10647 13398 3656 10167 10155 10156 10157 10158 10159 10160
5883,2569 4519 3181 2199 746 3735 851 4411 2533 9588
5884,6002 6004 0 10167 10155 10156 10157 10158 10159 10160
5885,53 3055 0 10168 10157 10158 10159 10160 10161 10162
5886,9241 10230 570 7520 0 10166 10156 10157 10158 10159
5887,11392 46 10732 1577 1576 8336 8314 10176 10164 10157
5888,265 14087 10253 10705 14837 12926 13103 267 4373 13638
5889,14856 0 10155 10156 10157 10158 10159 10160 10161 10162
5890,15014 6967 1382 2448 1231 2765 3697 3033 8705 7288
5891,4924 5455 11862 4742 12343 1949 2676 12318 3296 3146
5892,4553 7398 7691 339 10155 10157 10158 10159 10160 10161
5893,14442 15015 10154 10156 10157 10158 10159 10160 10161 10162
5894,4036 1320 10355 9192 9853 7062 1001 8541 11799 1319
5895,9758 4139 10988 4603 8159 6555 5667 9647 2875 2874
5896,227 3531 3691 3500 189 3532 1432 2206 383 12204
5897,13885 12850 0 10167 10155 10156 10157 10158 10159 10160
5898,9412 12143 7014 10239 10166 10154 10155 10156 10157 10158
5899,12850 11366 13885 0 10166 10155 10156 10157 10158 10159
5900,349 4830 8176 10102 2790 2428 10163 10166 10165 10164
5901,12726 9664 11891 10574 4596 10158 10159 10160 10157 10166
5902,3663 963 15016 962 10169 10158 10159 10160 10161 10162
5903,5216 14971 4861 8 8578 10832 14903 611 0 10162
5904,14352 14752 0 10167 10156 10157 10158 10159 10160 10161
5905,6273 14155 14789 0 10165 10154 10155 10156 10157 10158
5906,15017 1011 5447 10199 6807 2996 2998 6356 10166 10165
5907,5191 10537 11045 7129 7130 79 3598 11876 3594 9925
5908,11859 14609 0 10167 10156 10157 10158 10159 10160 10161
5909,6267 7170 7967 14719 0 10166 10156 10157 10158 10159
5910,1484 3506 3027 12057 3267 2696 3029 10181 527 72
5911,5266 4862 10611 0 10167 10156 10157 10158 10159 10160
5912,1125 4697 8136 6622 616 12129 12264 12039 7888 7649
5913,6686 4559 3676 0 10169 10158 10159 10160 10161 10162
5914,11347 8164 2371 4414 4413 1354 2370 5845 4039 7215
5915,14387 13959 0 10154 10155 10156 10157 10158 10159 10160
5916,9987 3209 1981 8768 1982 1206 4157 1552 9469 1962
5917,1602 8468 7898 10168 10157 10158 10159 10160 10161 10162
5918,9686 7389 12128 11930 3923 15019 10164 10167 10166 10165
5919,7341 2306 10968 10166 10155 10156 10157 10158 10159 10160
5920,7719 6491 0 10167 10155 10156 10157 10158 10159 10160
5921,6707 1777 1826 4626 4415 13076 1008 6705 4134 10167
5922,5003 3438 3200 10180 10168 10157 10158 10159 10160 10161
5923,611 15020 0 10167 10155 10156 10157 10158 10159 10160
5924,1287 2798 9273 10127 10168 10157 10158 10159 10160 10161
5925,6027 466 10168 167 6821 2312 10166 10157 10158 10159
5926,8218 14298 2597 0 10167 10156 10157 10158 10159 10160
5927,7014 9307 10153 10155 10156 10157 10158 10159 10160 10161
5928,1295 8248 2471 10155 10156 10157 10158 10159 10160 10161
5929,15021 15022 13957 9115 2096 6065 62 1300 10128 10167
5930,6073 13695 9966 10165 10154 10155 10156 10157 10158 10159
5931,36 3726 3179 0 10182 10157 10158 10159 10160 10161
5932,14898 15023 14603 220 11939 11937 11936 424 1426 5078
5933,381 1291 13753 0 10165 10155 10156 10157 10158 10159
5934,4785 10796 3408 2174 9402 10167 10157 10158 10159 10160
5935,8582 3462 10978 11824 919 12991 14975 14809 9102 10158
5936,8413 12853 10111 10168 10156 10157 10158 10159 10160 10161
5937,6390 2498 7189 12634 10886 3456 2185 7731 7800 6695
5938,13803 7563 0 10167 10155 10156 10157 10158 10159 10160
5939,11256 2017 6330 2925 13881 10164 10163 10162 10161 0
5940,5844 13983 1011 13911 4611 0 10162 10164 10163 10160
5941,4892 11171 4717 10967 2095 6099 10162 10165 10164 10163
5942,6100 6138 13809 13975 14377 11544 10057 8295 12069 10164
5943,4882 10916 14600 12964 13432 12288 10176 10163 10153 10154
5944,11952 14319 8760 10169 10157 10158 10159 10160 10161 10162
5945,15024 0 10166 10154 10155 10156 10157 10158 10159 10160
5946,8242 2762 4770 5088 1417 8418 2294 2239 10174 10162
5947,476 12325 692 10168 10157 10158 10159 10160 10161 10162
5948,3699 4762 7403 10129 10156 10158 10159 10160 10161 10162
5949,3021 11938 7970 11440 10820 3742 12326 13134 9588 4853
5950,4948 7401 7866 576 10955 8424 10177 10165 10155 10180
5951,10910 7283 3317 3359 11748 11215 10050 1836 5508 9741
5952,15025 9433 5792 4284 0 10160 10164 10163 10162 10161
5953,1320 2371 11532 2375 1779 9192 4606 9191 6364 10159
5954,10042 2925 5143 8052 9442 10763 6103 10159 10166 10160
5955,5419 9250 128 9263 821 794 11761 1646 6411 4025
5956,740 101 0 10167 10156 10157 10158 10159 10160 10161
5957,7047 1760 715 10664 10168 10157 10158 10159 10160 10161
5958,4305 4776 13958 4946 2244 3479 2118 11298 7190 12712
5959,15026 2301 13832 8409 6620 14281 637 10161 10164 10163
5960,6349 1713 6944 6623 6476 11780 716 13597 6485 9805
5961,4201 1212 9248 1282 661 2457 10471 10160 10159 10167
5962,6468 6969 3597 2200 10893 7385 7832 1206 46 7798
5963,11355 710 1896 4358 7936 1222 2908 10160 10161 10162
5964,1190 2532 9164 2516 9906 1395 10156 10157 10158 10159
5965,8874 49 7346 1374 10168 10157 10158 10159 10160 10161
5966,6178 2107 793 4128 2307 4496 6176 10607 11194 749
5967,4037 7819 8848 9194 12914 4039 1711 1135 5449 11385
5968,13072 8215 2662 10155 10157 10158 10159 10160 10161 10162
5969,12776 1205 342 11864 9142 6981 10155 10156 10157 10158
5970,4201 6999 10418 12862 6047 5553 141 10156 10157 10163
5971,9443 3993 8700 7364 10304 5481 7430 9370 10160 10161
5972,2342 2588 1282 10182 10156 10157 10158 10159 10160 10161
5973,13388 4153 9610 3052 3051 0 10168 10159 10160 10161
5974,5580 711 2277 1346 11654 10159 10160 10161 10167 10163
5975,7077 4407 8477 11385 7785 14791 10819 12227 6276 6286
5976,14163 15029 494 2711 466 9200 15028 8999 12875 10382
5977,13312 9519 4350 0 10167 10156 10157 10158 10159 10160
5978,12507 7295 8480 12130 12510 9340 15030 4302 2614 4791
5979,4095 5927 10494 6325 14054 15032 5299 14812 14811 12502
5980,15033 0 10167 10155 10156 10157 10158 10159 10160 10161
5981,1001 4138 6847 10072 5686 7215 4598 2375 3001 2371
5982,7760 1317 4687 9886 3684 10494 2987 2719 9561 7453
5983,4045 4392 3988 4884 3236 7719 14321 3305 2483 5828
5984,12939 14313 4068 11265 0 10166 10156 10157 10158 10159
5985,10353 12748 8997 0 10159 10164 10163 10162 10161 10160
5986,13777 13610 7138 0 10165 10154 10155 10156 10157 10158
5987,2820 12007 13562 2822 2742 2815 1165 0 10165 10164
5988,15035 13960 13007 2820 11753 10207 1326 13651 13259 13700
5989,3465 1168 12007 12744 10161 10165 10164 10163 10162 10160
5990,2820 1323 14712 13661 3464 12747 14084 1166 2815 10161
5991,4330 3465 2820 1165 14879 2815 6866 9784 12032 1323
5992,2820 12426 1535 2744 11880 13518 13672 2822 1525 1475
5993,6360 9851 12075 10192 1011 1357 2371 7554 5689 10992
5994,14440 1145 14363 11350 13237 11891 8741 2096 10161 10160
5995,2557 5830 11328 10657 9773 3406 9815 10164 2555 3790
5996,9534 5687 1011 10199 7427 7057 7091 10164 10166 10165
5997,512 5312 90 10166 10155 10156 10157 10158 10159 10160
5998,3365 499 470 2224 1642 768 12916 6702 2231 6127
5999,248 12176 8888 10168 10157 10158 10159 10160 10161 10162
6000,6094 5650 10131 9894 10128 10529 707 498 12984 6130
6001,8986 10059 9533 7630 15036 6129 11098 10164 10163 10162
6002,6471 182 3310 9530 10300 10180 10179 10158 10159 10160
6003,10092 3393 13593 421 10168 10157 10158 10159 10160 10161
6004,15038 12027 7393 12842 7908 4790 8761 1740 10163 10166
6005,6375 11139 5186 4406 9441 5622 10433 10158 10159 10160
6006,3543 8553 7552 9171 6858 12730 4139 7062 4606 0
6007,10990 12656 1011 7449 9084 9749 7554 6805 8982 10994
6008,715 27 5791 8307 9252 3035 5750 363 8455 2366
6009,5155 4496 8349 1478 1504 3199 8522 1835 811 1198
6010,13923 4020 708 0 10167 10156 10157 10158 10159 10160
6011,15040 15039 12759 14282 10163 10162 10161 10160 0 10165
6012,383 7913 1301 3983 10158 10157 10159 10160 10168 10161
6013,12105 2575 3367 8422 10891 5541 161 166 9467 5655
6014,5462 11735 197 4220 46 885 2225 1787 11903 3495
6015,15041 5688 10258 2869 14682 1774 11074 5854 7554 2876
6016,4516 13452 14127 0 10154 10155 10156 10157 10158 10159
6017,3847 5901 5199 10154 2859 13634 10161 10162 10169 10163
6018,14163 771 0 4424 53 12031 3222 100 14210 6646
6019,2579 47 2504 0 10168 10157 10158 10159 10160 10161
6020,13905 1302 9495 0 10166 10155 10156 10157 10158 10159
6021,771 0 10169 10157 10158 10159 10160 10161 10162 10163
6022,8889 1475 11583 10178 10165 10155 10156 10157 10158 10159
6023,1536 7135 15042 10883 2526 9159 10893 6016 6015 12559
6024,6933 14844 0 10167 10156 10157 10158 10159 10160 10161
6025,11718 11440 10776 10168 10156 10157 10158 10159 10160 10161
6026,1814 1641 420 6382 11658 11574 2645 5577 149 6829
6027,4660 4663 0 10155 10157 10158 10159 10160 10161 10162
6028,9372 9249 3304 3821 6489 0 10167 10158 10159 10160
6029,10901 8104 3394 14358 10166 10165 10164 10163 10162 10160
6030,14280 372 15044 10667 12307 12741 5026 8768 10159 10160
6031,14163 14307 0 10167 10155 10156 10157 10158 10159 10160
6032,323 176 6411 4468 4821 7420 6374 873 1564 1565
6033,6400 12752 13124 14541 467 6312 6463 15046 11406 11361
6034,1351 10390 5858 242 0 10165 10155 10156 10157 10158
6035,1539 2283 4028 12538 1784 5259 10163 10162 10161 10159
6036,4413 6360 7096 0 10167 10156 10157 10158 10159 10160
6037,2741 11881 0 10167 10155 10156 10157 10158 10159 10160
6038,10560 14752 7264 0 10166 10155 10156 10157 10158 10159
6039,13486 11545 10166 10154 10155 10156 10157 10158 10159 10160
6040,11528 7366 1011 5535 0 10162 10166 10165 10164 10163
6041,3717 5116 314 9934 16 10178 10167 10156 10157 10158
6042,1355 1354 0 10166 10156 10157 10158 10159 10160 10161
6043,14636 10968 2309 11550 3765 0 10163 10162 10161 10160
6044,11231 560 0 10182 10156 10157 10158 10159 10160 10161
6045,4514 11121 3464 14799 3465 6992 8828 10165 10164 10163
6046,14803 9784 11111 0 10154 10155 10156 10157 10158 10159
6047,4643 4642 10169 10157 10158 10159 10160 10161 10162 10163
6048,12283 3914 4160 0 10167 10156 10157 10158 10159 10160
6049,7374 9911 9898 6025 1980 4957 3015 11954 2576 12244
6050,12250 15047 9984 0 10156 10157 10158 10159 10160 10161
6051,1721 4407 14438 8152 10246 7215 14439 2881 1776 6219
6052,6034 1584 3020 5052 7044 6035 8452 6968 6832 4761
6053,3957 1512 0 10167 10156 10157 10158 10159 10160 10161
6054,2799 4344 4906 0 10169 10158 10159 10160 10161 10162
6055,5076 9390 9048 0 10166 10156 10157 10158 10159 10160
6056,6378 2225 8198 0 10154 10156 10157 10158 10159 10160
6057,2488 11970 7321 0 10167 10156 10157 10158 10159 10160
6058,12506 14151 15048 12783 9244 5818 2109 5188 15030 10758
6059,2962 10657 3553 10169 10157 10158 10159 10160 10161 10162
6060,15049 4596 1709 4072 10716 3667 7065 6360 9851 8477
6061,11673 4117 11707 4116 10167 10157 10158 10159 10160 10161
6062,9784 6990 5190 10168 10156 10157 10158 10159 10160 10161
6063,6908 11954 1960 4370 3160 8503 0 10168 10167 10166
6064,3423 9805 7740 905 6228 10322 7487 5247 10164 10163
6065,13047 8023 15051 0 10167 10156 10157 10158 10159 10160
6066,4589 12946 9880 9879 966 2196 10161 10165 10164 10163
6067,15052 9880 12944 967 8263 1540 12943 966 12946 15053
6068,586 7961 4843 6402 6391 10439 4355 7869 9053 3881
6069,6065 13948 6109 11634 9847 10153 10155 10156 10157 10158
6070,3383 6322 3148 5078 10660 5812 3350 10166 10168 10167
6071,13080 13823 6095 10176 10175 10152 10153 10154 10155 10156
6072,2834 13342 2402 5607 4577 6789 8408 12797 10259 10168
6073,1537 3025 10066 10157 10158 10159 10160 10161 10162 10163
6074,5730 5011 2126 7921 1641 9166 5414 6033 3195 7181
6075,15055 4167 668 2990 887 3678 1979 864 4779 3682
6076,1404 12197 14265 2117 11293 4861 10155 10156 10157 10165
6077,4718 11036 10182 10156 10157 10158 10159 10160 10161 10162
6078,12480 7843 2015 911 5336 3838 4645 10163 10166 10165
6079,11370 11368 4660 4663 10167 10156 10157 10158 10159 10160
6080,2325 117 10383 10382 8591 10156 10157 10158 10165 10155
6081,625 8239 14585 10154 10156 10157 10158 10159 10160 10161
6082,13647 13673 708 149 10165 10154 10155 10156 10157 10158
6083,14163 58 13919 3021 8999 0 10164 10166 10165 10162
6084,425 4757 10920 1666 11643 9000 944 10160 10159 10168
6085,14713 11460 14585 7223 1449 11662 15057 4816 4591 380
6086,12800 9367 2659 11391 3503 10263 1044 9 10659 9667
6087,9412 9406 7014 9307 7015 10178 10165 10154 10155 10156
6088,15058 2865 271 10169 10157 10158 10159 10160 10161 10162
6089,10095 13682 9407 2869 2374 9410 14616 8997 10175 10165
6090,8702 4805 14220 0 10168 10157 10158 10159 10160 10161
6091,1394 15059 13930 699 10166 10156 10157 10158 10159 10160
6092,3055 15063 101 15060 8999 8370 15062 8369 15061 3059
6093,14306 11126 6106 1858 12206 10161 10164 10163 10162 0
6094,14891 10667 14910 0 10160 10164 10163 10162 10161 10159
6095,771 15064 3405 9024 11920 12201 8411 2129 10164 10163
6096,3801 13943 14961 11087 12324 10161 10165 10164 10163 10162
6097,12574 0 10168 10156 10157 10158 10159 10160 10161 10162
6098,14550 15065 0 10168 10157 10158 10159 10160 10161 10162
6099,15066 15067 101 10053 11125 11124 10014 14639 9009 1569
6100,14163 9300 0 10168 10156 10157 10158 10159 10160 10161
6101,8241 3903 10173 6592 2764 5540 2021 8798 1391 5586
6102,8474 52 10715 10168 10157 10158 10159 10160 10161 10162
6103,14166 14951 9054 4162 9472 8999 10155 10156 10157 10158
6104,14209 3153 11043 14213 10165 10155 10156 10157 10158 10159
6105,14088 14558 12513 6521 0 10166 10156 10157 10158 10159
6106,625 13517 10153 10155 10156 10157 10158 10159 10160 10161
6107,12338 7937 14860 14508 10155 10157 10158 10159 10160 10161
6108,7116 7127 7113 3022 7134 4423 9113 7177 15002 2084
6109,12134 13899 0 10167 10156 10157 10158 10159 10160 10161
6110,8408 13018 14854 7381 7170 14526 10158 10159 10160 10161
6111,3711 2448 488 176 4761 11070 3713 2709 879 4771
6112,328 5140 3587 5313 12819 12868 876 9211 578 10163
6113,14958 15070 14652 13627 0 10166 10156 10157 10158 10159
6114,11195 8560 10168 10156 10157 10158 10159 10160 10161 10162
6115,232 2829 11299 10169 10157 10158 10159 10160 10161 10162
6116,6869 11299 6316 13429 10153 11847 14096 14473 8560 6306
6117,3841 13526 8256 0 10167 10157 10158 10159 10160 10161
6118,10565 5674 1907 11894 12387 10161 10165 10164 10163 10162
6119,14450 5599 3656 3654 13211 10177 10165 10180 10179 10157
6120,14240 11124 8871 2324 6411 8500 287 5325 13933 5375
6121,1500 12811 14620 11563 8690 7002 12689 15072 13949 10162
6122,74 2986 541 5415 10163 10168 10167 10166 10165 10164
6123,15075 15074 12017 14092 0 10167 10157 10158 10159 10160
6124,12178 9262 11459 6596 4 6374 0 10162 10165 10164
6125,10715 75 3055 10483 4417 1865 10559 8969 1949 8131
6126,10256 15076 786 9227 13369 3576 7131 12013 3041 15072
6127,8095 7962 1886 3561 14255 13929 2015 4564 10159 10158
6128,2938 13560 2781 11993 10156 10158 10159 10160 10161 10162
6129,11096 8901 14780 13917 10165 10154 10155 10156 10157 10158
6130,7433 5928 12549 11934 5028 10167 10157 10158 10159 10160
6131,46 9683 2277 10180 10167 10156 10157 10158 10159 10160
6132,14080 0 10152 10154 10155 10156 10157 10158 10159 10160
6133,5330 14022 5329 0 10164 10154 10155 10156 10157 10158
6134,14781 9573 15077 7240 10166 10155 10156 10157 10158 10159
6135,4205 951 3019 12995 6890 2234 9480 7726 2499 9161
6136,11654 6543 6495 0 10167 10156 10157 10158 10159 10160
6137,14631 12290 12293 0 10155 10156 10157 10158 10159 10160
6138,9566 8087 14371 12613 2089 1637 12277 10133 8101 13969
6139,11836 8196 12852 0 10166 10155 10156 10157 10158 10159
6140,15078 3214 10168 10156 10157 10158 10159 10160 10161 10162
6141,14578 4426 3055 15013 101 611 15002 3735 15007 8050
6142,2086 8921 1173 10168 10157 10158 10159 10160 10161 10162
6143,11210 645 9566 11246 11247 14664 12328 4594 4641 5563
6144,14307 0 10167 10155 10156 10157 10158 10159 10160 10161
6145,1368 8413 14865 14867 8999 14163 91 14559 14612 7118
6146,10134 2607 7960 9092 2929 10164 10167 10166 10165 0
6147,13388 12689 13937 0 10166 10155 10156 10157 10158 10159
6148,10696 13945 2717 0 10167 10156 10157 10158 10159 10160
6149,3691 5823 6812 0 10166 10155 10156 10157 10158 10159
6150,15013 0 10152 10154 10155 10156 10157 10158 10159 10160
6151,14223 14106 10121 6346 14160 8737 6614 10163 10166 10165
6152,794 12386 12388 0 10167 10156 10157 10158 10159 10160
6153,12388 12387 2828 9343 0 10162 10166 10165 10164 10163
6154,14703 200 10182 10156 10157 10158 10159 10160 10161 10162
6155,15081 14840 0 10167 10155 10156 10157 10158 10159 10160
6156,8663 1886 10918 13527 1883 5634 8416 12104 1544 9770
6157,4215 6964 3441 6366 1798 0 10165 10164 10163 10162
6158,8666 3548 656 0 10168 10157 10158 10159 10160 10161
6159,13637 11398 4238 6610 7632 10167 10157 10158 10159 10160
6160,15082 692 15083 8198 4406 10158 10159 10160 10161 10168
6161,13215 14721 13838 10165 10153 10154 10155 10156 10157 10158
6162,15060 14826 10166 10154 10155 10156 10157 10158 10159 10160
6163,12134 0 10167 10155 10156 10157 10158 10159 10160 10161
6164,6836 5595 8272 14689 14543 10161 10165 10164 10163 10162
6165,8050 58 14742 10167 10156 10157 10158 10159 10160 10161
6166,6099 0 10166 10155 10156 10157 10158 10159 10160 10161
6167,14555 13587 7124 15079 9054 14296 10161 10165 10164 10163
6168,1456 14120 14299 0 10166 10155 10156 10157 10158 10159
6169,182 7723 2103 2107 2949 2748 580 11461 10161 10162
6170,798 12463 713 0 10168 10158 10159 10160 10161 10162
6171,7440 1028 15085 1238 12313 10163 10167 10166 10165 10164
6172,2653 6558 5452 4973 1304 11733 11665 3411 10163 10162
6173,625 12966 10339 10637 3821 5376 6881 8007 9207 15006
6174,6785 8081 7170 0 10155 10156 10157 10158 10159 10160
6175,13538 15086 0 10167 10156 10157 10158 10159 10160 10161
6176,1553 518 794 9319 383 7223 8483 15056 12983 11653
6177,14396 4576 14268 0 10167 10156 10157 10158 10159 10160
6178,8588 9056 15072 0 10156 10157 10158 10159 10160 10161
6179,8904 1533 10152 10154 10155 10156 10157 10158 10159 10160
6180,2317 11196 9947 749 859 8184 10129 10158 10159 10160
6181,11157 7393 5850 0 10165 10155 10156 10157 10158 10159
6182,11709 12828 6613 12371 13577 10161 10165 10164 10163 10162
6183,7380 14215 11073 10165 10164 10163 10162 10161 10160 0
6184,7648 14039 10253 10254 12719 2839 11610 7889 4700 13605
6185,2774 2133 6826 4 6255 10138 10164 10167 10166 10165
6186,45 8999 3504 12237 10798 6065 10508 11529 7572 11632
6187,6329 4265 8960 413 0 10165 10155 10156 10157 10158
6188,4028 14482 8340 6270 0 10169 10159 10160 10161 10162
6189,11402 11405 2151 0 10165 10154 10155 10156 10157 10158
6190,4700 4963 12385 10169 10158 10159 10160 10161 10162 10163
6191,405 6415 13932 0 10166 10155 10156 10157 10158 10159
6192,7163 12247 14858 1018 7663 9964 4450 10162 10167 10163
6193,8376 2204 0 10169 10158 10159 10160 10161 10162 10163
6194,13556 14764 5058 3006 962 963 15016 9537 10171 10159
6195,478 1004 5438 651 1069 15088 10178 10166 10158 10159
6196,12276 14398 352 15089 10695 6276 6268 11654 10157 10156
6197,10281 9071 0 10154 10156 10157 10158 10159 10160 10161
6198,1747 1752 2240 2930 12667 5132 10167 10158 10159 10160
6199,2556 11480 12087 0 10168 10157 10158 10159 10160 10161
6200,14180 12843 5430 0 10165 10154 10155 10156 10157 10158
6201,4840 14416 13813 10154 10155 10156 10157 10158 10159 10160
6202,15090 5747 4705 0 10168 10157 10158 10159 10160 10161
6203,528 12820 13315 10166 10155 10156 10157 10158 10159 10160
6204,2820 13200 9784 2614 12007 1167 2365 1532 2742 11112
6205,2742 5998 0 10168 10156 10157 10158 10159 10160 10161
6206,6000 13248 1535 12509 1528 8892 13244 13128 405 1323
6207,1535 405 14084 2815 2816 1166 0 10167 10159 10160
6208,13628 13650 13271 13574 404 1165 13327 10165 10155 10156
6209,2742 405 1323 6001 2820 2816 14122 13007 2814 2741
6210,177 1880 13129 7923 0 10167 10157 10158 10159 10160
6211,13422 6326 12502 0 10164 10154 10155 10156 10157 10158
6212,14374 14375 14376 0 10124 10156 10157 10158 10159 10160
6213,3464 1166 8904 1529 2815 0 10167 10158 10159 10160
6214,13187 2820 2614 1166 3464 13326 10160 10159 10161 10162
6215,12826 12475 403 13345 14122 10177 10164 10153 10154 10155
6216,1166 11052 3464 0 10167 10156 10157 10158 10159 10160
6217,1166 8730 13186 14015 13005 13346 13562 2822 405 1323
6218,12502 14408 11123 14812 14811 10162 10161 10160 10159 10158
6219,6867 13422 404 1166 9791 3464 12502 9792 10163 10165
6220,12742 9784 2815 1532 2742 11112 10164 10163 10162 10161
6221,9792 14812 15091 0 10167 10156 10157 10158 10159 10160
6222,404 13562 405 13334 1323 0 10160 10163 10162 10161
6223,14655 14029 15032 15091 10161 10166 10165 10164 10163 10162
6224,11955 14562 5998 13327 3465 10162 10165 10164 10163 0
6225,2742 1165 12426 13327 0 10167 10157 10158 10159 10160
6226,1165 1879 4330 13625 1535 2814 13650 13323 14405 1532
6227,2365 15093 14374 9784 14375 0 10165 10156 10157 10158
6228,1532 2742 2741 13651 14327 5430 13423 13672 2614 11524
6229,2742 2822 14881 5998 2815 3465 0 10164 10165 10162
6230,1324 11052 3463 13731 3464 2744 1165 15035 2741 2816
6231,12426 13248 6351 0 10166 10156 10157 10158 10159 10160
6232,14183 14662 1323 0 10160 10164 10163 10162 10161 10158
6233,2365 1532 0 10165 10154 10155 10156 10157 10158 10159
6234,2820 405 13672 1535 11392 11052 1323 2614 1530 1330
6235,1533 13660 13186 13932 13700 8402 5475 13628 1168 12006
6236,2742 4515 2744 1535 12747 2820 1165 10160 10161 10168
6237,362 13562 13959 9791 1532 11121 405 3465 12446 10161
6238,405 2744 4515 0 10163 10167 10166 10165 10164 10162
6239,8907 405 4514 1529 3465 1166 3464 8109 12301 13575
6240,3465 6350 5344 13339 7686 2614 10162 10165 10164 10163
6241,3465 15097 0 10168 10156 10157 10158 10159 10160 10161
6242,1339 6991 5998 1534 11112 0 10165 10156 10157 10158
6243,14655 14335 6353 0 10167 10156 10157 10158 10159 10160
6244,6350 12425 13339 2614 10207 5998 3465 2815 8904 11112
6245,2741 2614 0 10168 10156 10157 10158 10159 10160 10161
6246,13806 0 10166 10154 10155 10156 10157 10158 10159 10160
6247,1532 1165 8830 14138 0 10165 10156 10157 10158 10159
6248,8907 4516 4330 0 10168 10157 10158 10159 10160 10161
6249,4330 9786 2820 13188 11418 12426 1529 13187 2364 2741
6250,11899 408 2820 0 10167 10156 10157 10158 10159 10160
6251,14150 6989 404 0 10166 10156 10157 10158 10159 10160
6252,2741 8907 0 10167 10156 10157 10158 10159 10160 10161
6253,2741 2742 1165 12994 0 10167 10157 10158 10159 10160
6254,2741 11898 8907 6994 8830 0 10165 10164 10163 10162
6255,10790 1381 6109 4315 0 10165 10156 10157 10158 10159
6256,15098 11782 2498 4290 14890 1557 14446 11684 3955 13117
6257,5359 14120 14674 10166 10154 10155 10156 10157 10158 10159
6258,6162 1874 1844 13070 14588 10159 10163 10162 10161 10160
6259,6069 11620 1912 10254 7571 10162 10165 10164 10163 10161
6260,12494 11011 947 14000 10162 10166 10165 10164 10163 10161
6261,10868 6613 9205 11153 13046 13004 1669 5970 14090 13971
6262,13765 10184 6090 0 10165 10154 10155 10156 10157 10158
6263,13452 13482 14657 8869 2614 10160 10164 10163 10162 10161
6264,8647 11780 4459 10168 10156 10157 10158 10159 10160 10161
6265,12559 1133 0 10168 10157 10158 10159 10160 10161 10162
6266,12924 10376 10377 9712 5111 10160 10163 10162 10161 0
6267,11537 9547 0 10155 10156 10157 10158 10159 10160 10161
6268,1684 286 10417 816 4285 478 10818 10160 10161 10159
6269,4755 968 5728 15099 10838 8038 10157 10156 10158 10159
6270,4450 10911 14762 14546 7014 2009 11571 10159 10160 10161
6271,15027 6432 12332 12934 10461 7072 8164 10131 10127 10159
6272,1018 7474 1226 1117 0 10168 10158 10159 10160 10161
6273,4605 8164 11120 0 10167 10157 10158 10159 10160 10161
6274,14226 9249 0 10167 10156 10157 10158 10159 10160 10161
6275,1748 267 7827 13103 14182 12611 6842 13368 13647 9961
6276,2874 1011 1861 13483 10163 10167 10166 10165 10164 10162
6277,4599 9851 2014 0 10168 10157 10158 10159 10160 10161
6278,5273 14729 3602 6909 10169 13004 14091 10175 10156 10157
6279,7018 2946 10519 2418 13142 12959 5287 6884 10175 10164
6280,13238 4523 6548 13605 7253 560 7628 14170 11642 10162
6281,14342 6782 8555 9233 13459 10163 10167 10166 10165 10164
6282,14237 6163 13070 6225 6228 12765 12229 10161 10160 10158
6283,3878 900 9807 9661 12025 10167 10166 10165 10164 10163
6284,6513 1847 1268 6240 7948 6174 7947 1592 13880 7106
6285,8032 14533 1126 13770 11908 14006 13841 10490 4458 10158
6286,14146 1700 1846 8114 2008 6183 4068 6171 1864 13961
6287,12196 21 0 10167 10156 10157 10158 10159 10160 10161
6288,8136 6168 6240 6479 14731 11529 1665 12748 11219 10157
6289,1844 12432 8144 6781 7938 11648 10159 10160 10158 10161
6290,127 13285 7302 0 10168 10157 10158 10159 10160 10161
6291,8516 13782 3862 10168 10156 10157 10158 10159 10160 10161
6292,1532 11112 11418 2820 0 10156 10157 10158 10159 10160
6293,10029 6548 8590 0 10166 10155 10156 10157 10158 10159
6294,5895 13184 14091 10166 10155 10156 10157 10158 10159 10160
6295,3947 9183 7394 11273 0 10167 10157 10158 10159 10160
6296,14182 7660 14001 6669 13537 10163 10166 10165 10164 0
6297,11996 15101 13665 10164 10153 10154 10155 10156 10157 10158
6298,12576 8335 10441 10168 10157 10158 10159 10160 10161 10162
6299,9795 12500 13441 10041 15102 10164 10163 10162 10161 10160
6300,7401 14353 7571 0 10167 10156 10157 10158 10159 10160
6301,4035 10073 1011 0 10169 10158 10159 10160 10161 10162
6302,13692 9803 7571 0 10165 10155 10156 10157 10158 10159
6303,11387 12077 13519 0 10167 10156 10157 10158 10159 10160
6304,7702 13556 12147 10167 10155 10156 10157 10158 10159 10160
6305,14085 10986 0 10181 10155 10156 10157 10158 10159 10160
6306,7630 14672 13585 10435 1751 3044 1752 10158 10159 10160
6307,2820 0 10167 10156 10157 10158 10159 10160 10161 10162
6308,3092 10282 0 10169 10158 10159 10160 10161 10162 10163
6309,15105 15104 0 10167 10156 10157 10158 10159 10160 10161
6310,10941 6486 9683 14057 13697 9199 11190 10158 10162 10161
6311,1001 2869 1145 1002 0 10170 10160 10161 10162 10163
6312,7217 9194 0 10153 10155 10156 10157 10158 10159 10160
6313,11025 2885 5129 1772 4285 10165 10164 10163 10162 0
6314,12802 0 10168 10156 10157 10158 10159 10160 10161 10162
6315,1354 2378 6360 0 10167 10156 10157 10158 10159 10160
6316,5673 1003 4430 0 10155 10157 10158 10159 10160 10161
6317,11703 9173 12297 6550 2378 8476 11002 2869 3083 8166
6318,8210 13728 0 10165 10154 10155 10156 10157 10158 10159
6319,10365 9236 2014 10167 10155 10156 10157 10158 10159 10160
6320,6526 8181 11469 3676 0 10166 10156 10157 10158 10159
6321,5363 9510 10625 3197 14721 1527 14740 15034 10155 10156
6322,4752 11054 12568 7623 13105 12717 0 10164 10163 10162
6323,344 370 13741 576 2592 323 11117 12717 13419 11375
6324,12719 13171 13795 12499 0 10155 10156 10157 10158 10159
6325,10488 13793 4672 11248 14229 13848 10156 10157 10165 10159
6326,4605 4135 2875 0 10157 10158 10159 10160 10161 10162
6327,8541 9748 9747 11537 11648 10167 10157 10158 10159 10160
6328,13766 14115 0 10167 10155 10156 10157 10158 10159 10160
6329,4138 1354 2371 0 10166 10155 10156 10157 10158 10159
6330,2725 7539 6764 1809 10892 14118 10251 10158 10159 10160
6331,5007 5006 5005 0 10161 10166 10165 10164 10163 10162
6332,13567 5452 14057 9085 10156 10157 10158 10155 10166 10159
6333,7408 12565 1127 4700 12470 13741 14311 14739 10162 10164
6334,8296 14764 2881 7014 11273 10167 10157 10158 10159 10160
6335,8844 574 5793 102 0 10165 10156 10157 10158 10159
6336,12221 102 7960 3197 2023 11477 0 10158 10159 10160
6337,15107 4576 0 10168 10157 10158 10159 10160 10161 10162
6338,10786 1672 10435 9053 4787 10166 10156 10157 10158 10159
6339,12253 8386 383 12311 4045 0 10168 10167 10166 10165
6340,14475 625 1993 6596 9263 14162 6576 2311 9296 7697
6341,1367 7121 514 8621 3055 10162 10161 10163 10164 10170
6342,7441 12975 0 10167 10155 10156 10157 10158 10159 10160
6343,10037 12617 10168 10156 10157 10158 10159 10160 10161 10162
6344,4655 4657 9361 0 10163 10166 10165 10164 10162 10168
6345,2093 9470 9473 10168 10156 10157 10158 10159 10160 10161
6346,2093 2086 6347 10086 416 10168 10158 10159 10160 10161
6347,3571 13065 12949 1996 3572 3573 1998 10012 10170 10159
6348,9202 11038 12565 10153 10155 10156 10157 10158 10159 10160
6349,14777 13257 14276 14790 15108 13810 7444 10171 10175 10153
6350,13811 13721 10151 10153 10154 10155 10156 10157 10158 10159
6351,7309 6136 7563 0 10167 10156 10157 10158 10159 10160
6352,1884 13703 12647 0 10166 10155 10156 10157 10158 10159
6353,6334 5364 5374 10165 10153 10154 10155 10156 10157 10158
6354,6303 10166 10154 10155 10156 10157 10158 10159 10160 10161
6355,15109 10084 8636 6111 3784 3716 9004 10178 10179 10158
6356,12274 12182 1956 0 10157 10158 10159 10160 10161 10162
6357,10918 13432 9760 13433 14031 12172 13532 14809 12997 10171
6358,8214 2663 3572 4056 1997 12949 3566 10162 10165 10164
6359,14381 8617 15109 6128 0 10156 10157 10158 10159 10160
6360,13382 8096 15 8095 4565 9759 13 12049 10164 10169
6361,12870 14381 8617 15109 0 10156 10157 10158 10159 10160
6362,11165 14428 1161 158 9494 9027 147 3233 6306 11198
6363,4651 3451 12740 10167 10155 10156 10157 10158 10159 10160
6364,12544 2663 4056 12977 8663 13817 12183 13944 1635 8215
6365,10259 12410 11261 0 10166 10155 10156 10157 10158 10159
6366,12092 12949 1996 14600 8629 11203 11191 14372 3274 8216
6367,3804 6852 13904 0 10167 10156 10157 10158 10159 10160
6368,14916 14919 14032 14918 14917 6334 10156 10157 10155 10159
6369,10872 13461 9027 0 10166 10155 10156 10157 10158 10159
6370,3712 12069 13063 25 9571 8899 14796 10165 10157 10158
6371,11184 12877 15112 0 10165 10154 10155 10156 10157 10158
6372,2311 6577 7723 13071 7225 580 15113 10161 10162 10160
6373,14388 14706 12494 0 10165 10154 10155 10156 10157 10158
6374,612 6198 3222 3596 4762 170 9781 11683 794 216
6375,6874 14900 1956 5116 10161 10166 10165 10164 10163 10162
6376,15116 15115 15117 0 10165 10156 10157 10158 10159 10160
6377,4217 8918 1247 2761 5758 10167 10166 10165 10164 0
6378,1396 12668 15118 4426 0 10167 10158 10159 10160 10161
6379,1489 14937 14278 1488 14396 13848 8572 14891 10172 10176
6380,10215 14320 0 10166 10155 10156 10157 10158 10159 10160
6381,10095 14582 10167 10156 10157 10158 10159 10160 10161 10162
6382,9350 11631 10168 10157 10158 10159 10160 10161 10162 10163
6383,7993 8140 14436 0 10156 10157 10158 10159 10160 10161
6384,4180 3791 1797 363 10161 10166 10165 10164 10163 10162
6385,9924 5044 6522 6523 3309 5567 10156 10158 10159 10160
6386,13435 8852 12233 10153 10155 10156 10157 10158 10159 10160
6387,4451 14228 14434 10167 10155 10156 10157 10158 10159 10160
6388,6701 8201 4031 3167 3367 12097 3860 10169 10168 0
6389,4191 10171 14307 15074 11914 1204 744 7579 10166 10165
6390,7145 13364 11317 0 10160 10164 10163 10162 10161 10158
6391,12748 10701 15120 0 10166 10155 10156 10157 10158 10159
6392,8322 11873 10558 881 2867 12708 3805 979 2912 10168
6393,4985 10675 4348 7326 4900 10180 10179 10160 10161 10162
6394,7344 1796 3811 0 10160 10165 10164 10163 10162 10161
6395,15122 15121 15124 15123 692 10175 10162 10178 10177 10176
6396,2380 9853 12238 0 10167 10156 10157 10158 10159 10160
6397,10050 11856 14013 12973 14095 4731 11249 10156 10157 10158
6398,11908 2979 2438 9810 5385 1665 9809 12576 10441 5716
6399,6251 12208 13251 3878 2439 6187 14776 4971 7796 13138
6400,9128 8041 1119 1122 8885 8024 8029 14050 13673 13267
6401,12361 5063 11681 3936 4503 4769 12053 9974 4490 805
6402,5325 12043 9066 1217 879 894 2133 10532 3033 974
6403,4424 0 10153 10155 10156 10157 10158 10159 10160 10161
6404,13131 13716 13879 9895 0 10163 10153 10154 10155 10156
6405,2614 8761 5571 529 6940 7333 8489 7334 10168 10167
6406,3266 1499 8403 1047 1901 10162 10166 10165 10164 10163
6407,3561 13821 6137 10167 10155 10156 10157 10158 10159 10160
6408,10369 0 10167 10155 10156 10157 10158 10159 10160 10161
6409,5194 12742 13623 6004 1535 1166 407 10161 10164 10163
6410,13521 8428 14944 0 10167 10157 10158 10159 10160 10161
6411,6961 7611 5074 209 10645 4422 2987 10164 10167 10166
6412,11366 0 10168 10156 10157 10158 10159 10160 10161 10162
6413,618 3200 15065 10169 10158 10159 10160 10161 10162 10163
6414,4909 12593 9566 3330 8100 158 13462 12649 10181 10166
6415,14986 258 12568 8027 14483 10162 10166 10165 10164 10163
6416,4424 11147 0 10166 10155 10156 10157 10158 10159 10160
6417,4311 9308 9302 9406 4132 0 10166 10165 10164 10163
6418,11210 12649 9110 11209 9111 7 14787 10162 10166 10165
6419,15125 5198 2982 10167 10156 10157 10158 10159 10160 10161
6420,7682 14754 8398 5358 1621 5338 11888 13024 13643 12439
6421,771 4964 15060 5896 4754 5325 4073 4710 10167 10166
6422,9901 6890 9924 8722 9312 9310 9311 9585 12109 1806
6423,14893 4871 3811 0 10165 10164 10163 10162 10161 10160
6424,12877 11126 0 10165 10154 10155 10156 10157 10158 10159
6425,15060 14570 10155 10156 10157 10158 10159 10160 10161 10162
6426,26 7992 2340 10167 10156 10157 10158 10159 10160 10161
6427,2201 715 14504 7904 2457 13805 15072 5140 12668 10708
6428,7554 6360 4036 2887 1777 14225 6364 2881 9852 13981
6429,6327 15127 0 10153 10155 10156 10157 10158 10159 10160
6430,836 7462 138 10167 10156 10157 10158 10159 10160 10161
6431,9306 11462 4757 9299 10162 10167 10166 10165 10164 10163
6432,5882 12546 10111 10210 8427 8695 8921 15128 4572 10167
6433,5929 8735 15129 10167 10156 10157 10158 10159 10160 10161
6434,15131 10000 9232 13253 13255 13252 6945 12931 1789 9542
6435,625 3407 10154 10156 10157 10158 10159 10160 10161 10162
6436,4237 7399 9064 6999 8450 2139 458 5523 1807 1391
6437,14117 9713 12653 9126 13548 13024 8613 11783 14521 11884
6438,9806 13889 9810 11177 1939 2627 13070 4069 7651 1522
6439,5 4020 611 12032 10161 10166 10165 10164 10163 10162
6440,516 2319 11235 0 10167 10157 10158 10159 10160 10161
6441,4688 11537 2369 10167 10155 10156 10157 10158 10159 10160
6442,14971 12298 0 10167 10156 10157 10158 10159 10160 10161
6443,10622 8141 11120 0 10157 10158 10159 10160 10161 10162
6444,7796 9393 13404 11358 4971 10130 10131 10158 10159 10160
6445,6572 137 81 7120 7113 12877 4363 8494 6990 2155
6446,3017 11255 406 3210 13741 14743 14040 13366 10174 10173
6447,9055 13587 0 10166 10154 10155 10156 10157 10158 10159
6448,8873 14997 14718 10180 10179 10156 10157 10158 10159 10160
6449,14299 571 10042 10904 10166 10155 10156 10157 10158 10159
6450,13430 0 10152 10154 10155 10156 10157 10158 10159 10160
6451,13957 10746 3437 10165 10153 10154 10155 10156 10157 10158
6452,14555 13587 14306 14427 7124 14865 9055 91 10172 10173
6453,11167 14142 15132 0 10165 10155 10156 10157 10158 10159
6454,13999 15133 12991 0 10166 10155 10156 10157 10158 10159
6455,5783 10255 5782 2287 5917 5781 1253 6228 6623 1845
6456,15134 0 10153 10155 10156 10157 10158 10159 10160 10161
6457,14826 8999 53 8587 15134 10162 10165 10164 10163 0
6458,12134 1518 14886 0 10155 10156 10157 10158 10159 10160
6459,14930 13937 6902 1385 5545 2498 10161 10165 10164 10163
6460,5430 8108 14196 2669 13409 3171 1785 10159 10160 10161
6461,15136 15138 15137 15135 15116 10287 15117 2626 15140 15139
6462,15143 15140 15142 15141 14855 10287 15139 10481 12469 8708
6463,9826 3859 6785 0 10168 10157 10158 10159 10160 10161
6464,6415 2958 10277 7249 0 10166 10156 10157 10158 10159
6465,14847 4066 2916 412 2013 2919 10048 15145 14541 1594
6466,11319 11318 12756 0 10154 10155 10156 10157 10158 10159
6467,15101 8057 6780 10167 10156 10157 10158 10159 10160 10161
6468,14824 78 0 10181 10155 10156 10157 10158 10159 10160
6469,7845 14931 9511 15146 10165 10164 10163 10162 10161 10167
6470,15147 3790 739 0 10168 10157 10158 10159 10160 10161
6471,14427 3021 3160 13033 10158 10159 10160 10161 10162 10163
6472,1721 4133 9625 10067 8164 9751 4605 4137 7015 8477
6473,8999 15148 0 10168 10156 10157 10158 10159 10160 10161
6474,12617 7909 1883 0 10167 10156 10157 10158 10159 10160
6475,3019 11405 10154 10155 10156 10157 10158 10159 10160 10161
6476,15149 0 10167 10155 10156 10157 10158 10159 10160 10161
6477,1532 5365 7993 8860 6378 10166 10156 10157 10158 10159
6478,15150 3828 0 10167 10155 10156 10157 10158 10159 10160
6479,11904 12191 11669 10910 0 10162 10165 10164 10163 10160
6480,6784 7855 1126 6502 13416 10179 10167 10158 10159 10160
6481,2189 2230 14128 3691 9341 14344 10653 8176 8462 10164
6482,7002 15059 15119 0 10166 10155 10156 10157 10158 10159
6483,5998 2614 15152 0 10162 10166 10165 10164 10163 10160
6484,15027 0 10166 10154 10155 10156 10157 10158 10159 10160
6485,11210 13914 12648 14467 6796 14234 10696 10873 7759 10874
6486,10701 8409 8057 14616 0 10158 10159 10160 10161 10162
6487,6788 2567 4909 10080 14413 10162 10166 10165 10164 10163
6488,7237 9784 6866 1532 15153 10155 10156 10157 10158 10165
6489,13916 13064 8899 10959 9348 9574 13067 12618 10158 10157
6490,1436 664 14699 1620 8798 11080 15021 10157 10158 10159
6491,4978 15057 4437 4199 10166 10156 10157 10158 10159 10160
6492,5896 13184 4966 10167 10156 10157 10158 10159 10160 10161
6493,1516 859 11424 8038 10167 10156 10157 10158 10159 10160
6494,12717 7937 12748 0 10166 10156 10157 10158 10159 10160
6495,6567 13685 15101 0 10165 10154 10155 10156 10157 10158
6496,8419 8479 2643 9774 4288 11148 6872 8195 5281 10014
6497,5221 3573 13065 3567 7558 4882 7560 2797 9372 10242
6498,9307 15106 13101 15155 7014 15156 3486 13557 8848 2869
6499,14218 10998 10999 11382 10952 10994 6805 11923 5845 5450
6500,5552 2709 9779 0 10167 10156 10157 10158 10159 10160
6501,4909 13399 13484 0 10165 10155 10156 10157 10158 10159
6502,8087 3896 14775 10976 11042 10164 10154 10155 10156 10157
6503,8453 5084 6959 1567 6381 458 2767 10471 9065 1238
6504,499 3402 1033 6473 1880 2501 2547 2241 3500 4240
6505,9367 9779 4406 2936 10039 438 8753 1992 1989 6022
6506,11544 9348 12066 0 10168 10157 10158 10159 10160 10161
6507,6781 1665 6783 9803 13887 9809 14219 14732 14340 4551
6508,4736 5042 6636 5012 3186 2021 9319 0 10166 10165
6509,11328 1028 323 10167 10156 10157 10158 10159 10160 10161
6510,10382 8591 3662 0 10166 10156 10157 10158 10159 10160
6511,3055 0 10168 10157 10158 10159 10160 10161 10162 10163
6512,5618 2168 1047 0 10166 10156 10157 10158 10159 10160
6513,1583 4295 593 0 10161 10165 10164 10163 10162 10160
6514,11475 5246 6513 12927 14732 12928 10164 10163 10162 0
6515,10373 9323 9324 1558 0 10166 10156 10157 10158 10159
6516,12159 10821 13286 10167 10155 10156 10157 10158 10159 10160
6517,3040 10898 8526 10171 10159 10160 10161 10162 10163 10164
6518,5090 2457 1201 4219 10162 10166 10165 10164 10163 0
6519,5331 9015 10917 0 10153 10155 10156 10157 10158 10159
6520,12655 11721 7058 12211 4137 7784 3083 4597 2875 5367
6521,1870 11813 6275 10152 10154 10155 10156 10157 10158 10159
6522,14985 6716 11254 5253 13954 10157 10158 10159 10166 10160
6523,15162 15161 10257 274 723 568 7096 1799 3074 4300
6524,14025 11945 10407 10086 13051 49 7844 10160 10161 10162
6525,12624 4398 9407 2010 3005 5732 13681 5253 13954 2011
6526,9303 6360 3083 3442 2881 7057 8164 8166 2890 6553
6527,4973 11113 2584 13571 10664 296 7184 82 38 56
6528,12875 9319 9306 2206 14718 14493 10129 10158 10159 10160
6529,15128 6103 1187 0 10166 10155 10156 10157 10158 10159
6530,12171 2793 14780 637 14451 3274 1636 5222 2480 10166
6531,53 15163 11911 11883 0 10164 10163 10162 10161 10159
6532,8526 1166 3464 10169 10157 10158 10159 10160 10161 10162
6533,11257 8554 3808 10167 10156 10157 10158 10159 10160 10161
6534,12129 12470 7643 1554 1874 10160 10164 10163 10162 10161
6535,1473 13108 7857 15159 10642 3097 13438 1471 1472 10654
6536,14274 12620 0 10167 10155 10156 10157 10158 10159 10160
6537,11384 12064 14169 12741 12385 14956 9961 12333 13647 13673
6538,1367 1496 2804 10168 10156 10157 10158 10159 10160 10161
6539,115 1901 82 8695 0 10165 10164 10163 10162 10160
6540,8948 1613 3395 10168 10156 10157 10158 10159 10160 10161
6541,10305 10301 12023 6644 3698 1456 3206 3473 2780 3773
6542,6789 12418 11824 6576 1796 0 10163 10162 10161 10160
6543,14136 11405 12497 0 10166 10155 10156 10157 10158 10159
6544,794 3574 149 4462 5581 2306 4695 0 10165 10167
6545,15119 8130 15051 0 10155 10157 10158 10159 10160 10161
6546,14361 9522 11124 0 10167 10156 10157 10158 10159 10160
6547,12198 6120 2741 0 10168 10157 10158 10159 10160 10161
6548,233 11291 7205 9143 9241 10247 12600 15046 10165 10164
6549,2788 9348 14377 0 10167 10156 10157 10158 10159 10160
6550,3144 2313 385 618 10169 10158 10159 10160 10161 10162
6551,2597 14628 7687 10167 10156 10157 10158 10159 10160 10161
6552,6280 14371 15166 11197 14658 15165 14164 13160 10171 10152
6553,10036 9708 9358 2805 8899 13703 7309 1544 14795 2567
6554,4594 9558 14770 3896 0 10168 10158 10159 10160 10161
6555,5565 14659 12366 10154 10155 10156 10157 10158 10159 10160
6556,13306 13361 15167 1636 11944 14798 1637 14451 11544 10160
6557,5332 3482 5331 10153 10154 10155 10156 10157 10158 10159
6558,12093 5 1128 14453 12274 13936 11844 0 10163 10165
6559,14783 12091 7909 14076 12999 10159 10158 10157 10167 10160
6560,10542 14683 8295 10872 0 10165 10156 10157 10158 10159
6561,8420 13256 14022 6796 1544 1883 0 10156 10157 10158
6562,9814 11850 2010 10180 10179 10156 10157 10158 10159 10160
6563,8634 12274 12182 8663 10179 10166 10156 10157 10158 10159
6564,11427 11199 13382 0 10165 10154 10155 10156 10157 10158
6565,12748 2015 10456 0 10165 10154 10155 10156 10157 10158
6566,14624 9772 13817 12967 11165 13818 13814 13944 5557 10160
6567,4594 9350 6795 2787 10180 10169 10158 10159 10160 10161
6568,10456 13399 12998 10165 10154 10155 10156 10157 10158 10159
6569,11143 5351 0 10166 10154 10155 10156 10157 10158 10159
6570,5784 3801 8421 7699 13520 10159 10160 10158 10168 10161
6571,15168 15059 0 10167 10155 10156 10157 10158 10159 10160
6572,15012 9819 14993 3060 3061 3062 14840 14578 15013 15061
6573,4671 6622 8575 7384 10168 10157 10158 10159 10160 10161
6574,11120 12147 13590 12866 11776 10161 10165 10164 10163 10162
6575,11352 1778 6363 9192 6361 11532 6362 2375 4606 1779
6576,3723 11837 2945 0 10168 10158 10159 10160 10161 10162
6577,8491 8596 14892 0 10166 10155 10156 10157 10158 10159
6578,771 15029 10169 10157 10158 10159 10160 10161 10162 10163
6579,11373 0 10168 10156 10157 10158 10159 10160 10161 10162
6580,1140 4035 5535 0 10169 10158 10159 10160 10161 10162
6581,1532 4840 13613 14262 14892 11470 10162 10161 10160 10159
6582,871 7696 11383 5732 3015 0 10166 10157 10158 10159
6583,611 3213 578 618 5601 287 8460 14056 7865 12204
6584,14635 8737 4956 0 10168 10157 10158 10159 10160 10161
6585,4426 15045 0 10167 10156 10157 10158 10159 10160 10161
6586,8935 6084 9834 0 10165 10154 10155 10156 10157 10158
6587,3141 4712 11868 11046 12503 10160 15031 12783 12150 10657
6588,1752 5987 2735 4225 10930 10931 4568 1521 779 5141
6589,2875 4139 5447 2869 2883 2881 10165 10169 10168 10167
6590,8479 14669 2310 0 10166 10155 10156 10157 10158 10159
6591,8659 7311 7040 10154 10156 10157 10158 10159 10160 10161
6592,14384 10167 10155 10156 10157 10158 10159 10160 10161 10162
6593,8020 14213 15169 692 13050 8525 14214 14209 15086 10166
6594,4590 7654 2442 0 10169 10158 10159 10160 10161 10162
6595,9349 5466 9284 1186 5059 11481 3718 7861 5205 7569
6596,12533 579 5079 8742 1685 9390 6964 4353 1568 0
6597,12065 11384 8272 10082 12312 13 14891 10165 10164 10163
6598,6414 7224 2614 8869 10160 10165 10164 10163 10162 10161
6599,15100 4126 4752 15171 10162 10165 10164 10163 0 10167
6600,12850 0 10167 10155 10156 10157 10158 10159 10160 10161
6601,6617 1840 13214 0 10167 10156 10157 10158 10159 10160
6602,6160 2705 8409 10155 10157 10158 10159 10160 10161 10162
6603,4616 12608 7099 13981 3085 10091 11102 1011 8849 14269
6604,14764 14762 9406 10168 10156 10157 10158 10159 10160 10161
6605,14887 14688 10153 10154 10155 10156 10157 10158 10159 10160
6606,14887 0 10166 10154 10155 10156 10157 10158 10159 10160
6607,10125 633 5917 10128 10127 10157 10158 10159 10160 10161
6608,15000 1395 8777 5225 4030 7631 7398 1463 9135 3405
6609,4742 8238 8614 5499 14502 14967 562 13057 10558 5604
6610,1061 5497 12850 0 10167 10156 10157 10158 10159 10160
6611,8999 78 0 10167 10156 10157 10158 10159 10160 10161
6612,7470 12254 12164 11575 13761 14505 5788 14671 6935 10164
6613,9507 7540 811 8943 3122 3242 2359 5738 9844 233
6614,4956 14986 10183 10157 10158 10159 10160 10161 10162 10163
6615,4557 14996 7841 10168 10156 10157 10158 10159 10160 10161
6616,9051 7717 6902 10155 10156 10157 10158 10159 10160 10161
6617,14926 14299 2595 14910 14388 15009 0 10158 10161 10160
6618,8456 14209 14276 14561 12206 15173 10162 10164 10163 10160
6619,9588 9789 10169 10168 10157 10158 10159 10160 10161 10162
6620,3578 3401 5764 0 10167 10166 10165 10164 10163 10162
6621,15174 0 10166 10154 10155 10156 10157 10158 10159 10160
6622,7014 7015 1709 10126 10168 10157 10158 10159 10160 10161
6623,12850 7177 14887 0 10154 10155 10156 10157 10158 10159
6624,15032 14811 14812 12825 8904 1532 3465 10175 10161 10177
6625,8950 14539 478 173 0 10162 10166 10165 10164 10163
6626,1452 11758 12320 14140 1397 1796 126 9265 10166 10157
6627,8971 9061 1732 3134 12144 0 10163 10166 10165 10164
6628,11219 4447 14353 0 10167 10157 10158 10159 10160 10161
6629,4434 6951 4630 0 10168 10157 10158 10159 10160 10161
6630,1390 0 10156 10157 10158 10159 10160 10161 10162 10163
6631,7847 14704 5938 10162 10166 10165 10164 10163 0 10168
6632,10552 5938 0 10155 10156 10157 10158 10159 10160 10161
6633,12321 5938 7847 10169 10157 10158 10159 10160 10161 10162
6634,11366 5938 0 10167 10155 10156 10157 10158 10159 10160
6635,15175 5938 0 10154 10155 10156 10157 10158 10159 10160
6636,12321 7847 5938 10169 10157 10158 10159 10160 10161 10162
6637,1883 9026 14496 0 10166 10156 10157 10158 10159 10160
6638,11366 13079 0 10166 10155 10156 10157 10158 10159 10160
6639,15175 14496 10154 10156 10157 10158 10159 10160 10161 10162
6640,11366 14477 10167 10155 10156 10157 10158 10159 10160 10161
6641,15175 14496 10154 10156 10157 10158 10159 10160 10161 10162
6642,5267 14491 14496 10167 10156 10157 10158 10159 10160 10161
6643,11366 14496 14486 0 10168 10157 10158 10159 10160 10161
6644,15175 14146 14361 0 10155 10156 10157 10158 10159 10160
6645,11366 994 0 10167 10156 10157 10158 10159 10160 10161
6646,15175 10152 10154 10155 10156 10157 10158 10159 10160 10161
6647,13885 14480 10180 10167 10156 10157 10158 10159 10160 10161
6648,14481 6077 15176 0 10154 10155 10156 10157 10158 10159
6649,12850 5266 14486 13885 10160 10164 10163 10162 10161 10158
6650,11366 5267 10166 10154 10155 10156 10157 10158 10159 10160
6651,11366 14532 0 10167 10155 10156 10157 10158 10159 10160
6652,11366 14491 0 10167 10155 10156 10157 10158 10159 10160
6653,8427 10210 5267 10154 10155 10156 10157 10158 10159 10160
6654,11366 13697 0 10166 10154 10155 10156 10157 10158 10159
6655,11366 1181 0 10156 10157 10158 10159 10160 10161 10162
6656,11366 10552 692 2332 10168 10157 10158 10159 10160 10161
6657,11366 14486 14913 14838 3334 12528 0 10164 10163 10162
6658,11366 14481 0 10167 10155 10156 10157 10158 10159 10160
6659,14508 15177 0 10166 10155 10156 10157 10158 10159 10160
6660,15178 15144 0 10166 10155 10156 10157 10158 10159 10160
6661,10552 2332 6834 0 10168 10157 10158 10159 10160 10161
6662,15179 13957 10151 10153 10154 10155 10156 10157 10158 10159
6663,5170 5163 4126 0 10156 10157 10158 10159 10160 10161
6664,4016 11260 14055 0 10167 10156 10157 10158 10159 10160
6665,11366 0 10168 10156 10157 10158 10159 10160 10161 10162
6666,11366 0 10168 10156 10157 10158 10159 10160 10161 10162
6667,11366 14486 14481 15175 10167 10166 10165 10164 10163 0
6668,11366 14485 15175 0 10155 10156 10157 10158 10159 10160
6669,11366 12785 6903 7716 14486 0 10163 10166 10165 10164
6670,11366 0 10168 10156 10157 10158 10159 10160 10161 10162
6671,6834 14485 11366 0 10168 10157 10158 10159 10160 10161
6672,11366 476 3126 5170 10434 14897 3965 202 5266 10176
6673,11366 0 10168 10156 10157 10158 10159 10160 10161 10162
6674,11366 11050 0 10166 10155 10156 10157 10158 10159 10160
6675,11366 692 0 10167 10156 10157 10158 10159 10160 10161
6676,11366 0 10168 10156 10157 10158 10159 10160 10161 10162
6677,11366 0 10168 10156 10157 10158 10159 10160 10161 10162
6678,692 5266 14491 0 10168 10157 10158 10159 10160 10161
6679,11366 6467 10167 10155 10156 10157 10158 10159 10160 10161
6680,11366 0 10168 10156 10157 10158 10159 10160 10161 10162
6681,11366 14486 0 10167 10155 10156 10157 10158 10159 10160
6682,11366 0 10168 10156 10157 10158 10159 10160 10161 10162
6683,14480 12850 14486 10168 10156 10157 10158 10159 10160 10161
6684,11059 7115 3019 0 10157 10158 10159 10160 10161 10162
6685,10135 4345 8882 12429 10157 10158 10159 10160 10161 10162
6686,7233 8891 10658 0 10166 10156 10157 10158 10159 10160
6687,6725 11405 693 0 10167 10156 10157 10158 10159 10160
6688,279 11237 14959 6345 13640 0 10157 10158 10159 10160
6689,9116 11124 3798 0 10167 10156 10157 10158 10159 10160
6690,11700 14835 8221 0 10166 10155 10156 10157 10158 10159
6691,15180 14564 0 10166 10155 10156 10157 10158 10159 10160
6692,14233 2089 14042 10168 10156 10157 10158 10159 10160 10161
6693,14193 8564 13207 0 10166 10155 10156 10157 10158 10159
6694,14555 14449 10154 10155 10156 10157 10158 10159 10160 10161
6695,14555 14721 0 10156 10157 10158 10159 10160 10161 10162
6696,14941 3793 13752 10179 10178 10155 10156 10157 10158 10180
6697,15181 13588 4191 0 10165 10154 10155 10156 10157 10158
6698,14162 4191 0 10166 10155 10156 10157 10158 10159 10160
6699,14166 0 10166 10154 10155 10156 10157 10158 10159 10160
6700,14705 14706 0 10166 10155 10156 10157 10158 10159 10160
6701,9055 2391 12651 0 10160 10165 10164 10163 10162 10161
6702,9197 8012 11734 0 10165 10155 10156 10157 10158 10159
6703,2598 15182 8666 0 10165 10155 10156 10157 10158 10159
6704,9014 11973 776 0 10168 10157 10158 10159 10160 10161
6705,4591 14716 14141 0 10166 10155 10156 10157 10158 10159
6706,10042 10210 2918 0 10157 10158 10159 10160 10161 10162
6707,11654 4474 14227 0 10167 10156 10157 10158 10159 10160
6708,13836 22 2598 0 10154 10156 10157 10158 10159 10160
6709,14925 2637 14741 0 10156 10157 10158 10159 10160 10161
6710,13912 7124 0 10166 10154 10155 10156 10157 10158 10159
6711,10833 10834 14821 11731 10115 14822 14592 10176 10163 10154
6712,8444 6544 1855 0 10166 10165 10164 10163 10162 10160
6713,8143 9578 14970 10169 10157 10158 10159 10160 10161 10162
6714,9055 8413 8762 0 10168 10157 10158 10159 10160 10161
6715,14555 8999 14166 14550 14081 15184 14620 91 3373 11820
6716,5412 11485 138 9613 10167 10156 10157 10158 10159 10160
6717,611 8335 5381 0 10168 10157 10158 10159 10160 10161
6718,3548 8666 0 10167 10156 10157 10158 10159 10160 10161
6719,4426 14163 0 10167 10156 10157 10158 10159 10160 10161
6720,14834 14436 14833 5709 11400 5788 10156 10155 10157 10154
6721,5572 1885 8323 0 10167 10156 10157 10158 10159 10160
6722,15185 14953 0 10165 10154 10155 10156 10157 10158 10159
6723,12875 0 10153 10155 10156 10157 10158 10159 10160 10161
6724,14527 13697 5016 14132 10166 10155 10156 10157 10158 10159
6725,9803 6780 8575 10167 10156 10157 10158 10159 10160 10161
6726,15026 14522 14095 0 10156 10157 10158 10159 10160 10161
6727,641 610 614 6509 10169 10158 10159 10160 10161 10162
6728,13924 11554 13673 12659 0 10165 10155 10156 10157 10158
6729,692 693 14136 11402 11405 10165 10155 10156 10157 10158
6730,13943 13892 0 10166 10155 10156 10157 10158 10159 10160
6731,6622 6761 8016 9239 11358 15186 10164 10163 10162 10161
6732,13182 11405 11402 14208 0 10164 10154 10155 10156 10157
6733,8016 9239 15070 0 10166 10156 10157 10158 10159 10160
6734,12254 12164 6614 14502 0 10168 10158 10159 10160 10161
6735,10484 8408 13018 14329 14970 9430 10161 10164 10163 10162
6736,14465 14652 15187 0 10166 10155 10156 10157 10158 10159
6737,5895 4964 9228 5896 4073 7744 7745 645 10167 10166
6738,8133 8007 8132 10182 10156 10157 10158 10159 10160 10161
6739,8127 15188 8459 4450 14209 14213 10162 10164 10163 10160
6740,13265 13690 15186 0 10164 10153 10154 10155 10156 10157
6741,5352 14008 13694 10164 10153 10154 10155 10156 10157 10158
6742,7256 11962 14209 0 10167 10156 10157 10158 10159 10160
6743,2108 6189 6622 6761 1380 10162 10165 10164 10163 0
6744,13207 1380 1379 0 10168 10157 10158 10159 10160 10161
6745,8666 13208 7256 0 10165 10154 10155 10156 10157 10158
6746,3019 0 10168 10157 10158 10159 10160 10161 10162 10163
6747,10821 14959 8145 0 10167 10156 10157 10158 10159 10160
6748,13943 14563 13350 0 10165 10154 10155 10156 10157 10158
6749,6621 5486 6619 6617 6622 10155 10157 10158 10159 10160
6750,14213 6991 0 10153 10155 10156 10157 10158 10159 10160
6751,14517 10906 13949 12901 3771 7984 8134 10163 10165 10164
6752,12474 8145 5788 10165 10154 10155 10156 10157 10158 10159
6753,10786 2149 3886 5897 7497 10163 10166 10165 10164 10161
6754,11632 15189 14579 0 10154 10156 10157 10158 10159 10160
6755,10011 14143 14667 0 10166 10155 10156 10157 10158 10159
6756,1846 1111 6171 7401 7664 11786 14528 10177 10166 10156
6757,9842 15100 15172 6952 13602 10161 10165 10164 10163 10162
6758,8914 6516 0 10153 10155 10156 10157 10158 10159 10160
6759,7222 6887 7253 10166 10155 10156 10157 10158 10159 10160
6760,15189 1845 11796 7528 10166 10155 10156 10157 10158 10159
6761,13388 0 10167 10155 10156 10157 10158 10159 10160 10161
6762,740 14907 15190 10167 10155 10156 10157 10158 10159 10160
6763,8999 0 10168 10156 10157 10158 10159 10160 10161 10162
6764,8617 14035 0 10156 10157 10158 10159 10160 10161 10162
6765,259 14660 924 0 10167 10156 10157 10158 10159 10160
6766,14711 12850 0 10168 10156 10157 10158 10159 10160 10161
6767,1694 14883 14229 10165 10154 10155 10156 10157 10158 10159
6768,13179 5717 10701 0 10167 10156 10157 10158 10159 10160
6769,10380 9242 14704 9989 1500 10156 10157 10158 10159 10166
6770,12850 14538 10168 10156 10157 10158 10159 10160 10161 10162
6771,7719 14886 14674 14470 10161 10165 10164 10163 10162 0
6772,15191 14509 5972 10165 10154 10155 10156 10157 10158 10159
6773,1901 871 857 10155 10156 10157 10158 10159 10160 10161
6774,12850 0 10167 10155 10156 10157 10158 10159 10160 10161
6775,10169 15192 10166 10154 10155 10156 10157 10158 10159 10160
6776,14329 13132 0 10182 10156 10157 10158 10159 10160 10161
6777,14538 10168 10156 10157 10158 10159 10160 10161 10162 10163
6778,11287 8428 15193 10154 10155 10156 10157 10158 10159 10160
6779,7888 1127 7643 8397 10131 10132 10159 10160 10161 10162
6780,15064 15134 92 8999 0 10167 10157 10158 10159 10160
6781,14618 93 7572 0 10154 10156 10157 10158 10159 10160
6782,5023 7229 12483 10668 11932 9486 10160 10163 10162 10161
6783,14938 14538 12850 10166 10155 10156 10157 10158 10159 10160
6784,14306 10215 14320 0 10166 10155 10156 10157 10158 10159
6785,5107 11668 0 10168 10156 10157 10158 10159 10160 10161
6786,2804 342 8141 8374 0 10169 10159 10160 10161 10162
6787,3213 10893 7230 14620 10126 10167 10157 10158 10159 10160
6788,14565 13602 11026 0 10165 10154 10155 10156 10157 10158
6789,58 0 10168 10156 10157 10158 10159 10160 10161 10162
6790,740 6881 15074 7898 8992 14564 7865 106 10162 10161
6791,8999 14320 0 10167 10156 10157 10158 10159 10160 10161
6792,5971 7898 10921 10215 6881 5541 149 10174 10175 10155
6793,3616 3617 0 10170 10158 10159 10160 10161 10162 10163
6794,14974 1904 0 10167 10155 10156 10157 10158 10159 10160
6795,9056 14904 9300 10165 10153 10154 10155 10156 10157 10158
6796,15173 14285 14286 10160 10165 10164 10163 10162 10161 10158
6797,1697 8123 8459 0 10168 10157 10158 10159 10160 10161
6798,13896 692 13897 0 10153 10155 10156 10157 10158 10159
6799,15194 11311 4379 0 10166 10155 10156 10157 10158 10159
6800,15195 1858 0 10166 10155 10156 10157 10158 10159 10160
6801,15195 1858 13896 13897 0 10164 10155 10156 10157 10158
6802,91 2083 12711 10166 10155 10156 10157 10158 10159 10160
6803,1858 13896 13897 0 10164 10154 10155 10156 10157 10158
6804,14637 692 15196 0 10165 10155 10156 10157 10158 10159
6805,2013 2134 13896 0 10167 10156 10157 10158 10159 10160
6806,9698 2424 0 10168 10157 10158 10159 10160 10161 10162
6807,14561 5683 0 10166 10155 10156 10157 10158 10159 10160
6808,8054 11307 714 8456 10162 10166 10165 10164 10163 0
6809,13813 14074 12841 10165 10154 10155 10156 10157 10158 10159
6810,15134 15060 10153 10155 10156 10157 10158 10159 10160 10161
6811,6622 2108 0 10183 10157 10158 10159 10160 10161 10162
6812,7002 6622 0 10167 10156 10157 10158 10159 10160 10161
6813,15077 6971 10157 10158 10159 10160 10161 10162 10163 10164
6814,13653 15197 0 10165 10155 10156 10157 10158 10159 10160
6815,1222 7936 11711 0 10155 10157 10158 10159 10160 10161
6816,11473 13699 10820 113 10662 9359 5096 10163 10162 10161
6817,5110 9220 0 10167 10155 10156 10157 10158 10159 10160
6818,1855 10414 773 5325 0 10162 10166 10165 10164 10163
6819,14911 7002 14143 0 10166 10155 10156 10157 10158 10159
6820,7002 14143 14911 0 10166 10155 10156 10157 10158 10159
6821,4591 7141 12837 0 10167 10156 10157 10158 10159 10160
6822,12083 10765 7271 10167 10156 10157 10158 10159 10160 10161
6823,12547 630 7457 6220 4541 1332 10157 10158 10159 10160
6824,10028 15198 0 10154 10156 10157 10158 10159 10160 10161
6825,4598 9547 9548 9666 10164 10168 10167 10166 10165 10163
6826,10865 15199 7229 0 10153 10154 10155 10156 10157 10158
6827,8299 12059 7457 0 10167 10158 10159 10160 10161 10162
6828,14276 14790 15108 7336 10155 10156 10157 10158 10159 10160
6829,58 0 10168 10156 10157 10158 10159 10160 10161 10162
6830,771 0 10169 10157 10158 10159 10160 10161 10162 10163
6831,12689 8272 14493 10169 10158 10159 10160 10161 10162 10163
6832,13511 10200 14565 14564 0 10166 10156 10157 10158 10159
6833,11054 15202 15164 2596 0 10165 10155 10156 10157 10158
6834,3771 14393 14693 2678 0 10168 10158 10159 10160 10161
6835,7678 10986 9331 5788 9830 9999 0 10162 10164 10163
6836,8407 10495 0 10157 10158 10159 10160 10161 10162 10163
6837,14441 3801 14004 0 10156 10157 10158 10159 10160 10161
6838,15203 0 10166 10155 10156 10157 10158 10159 10160 10161
6839,15003 3061 3062 9818 0 10169 10159 10160 10161 10162
6840,9052 12015 10167 10155 10156 10157 10158 10159 10160 10161
6841,14596 14209 0 10167 10156 10157 10158 10159 10160 10161
6842,14209 14596 13680 14595 0 10166 10156 10157 10158 10159
6843,14596 14209 0 10167 10156 10157 10158 10159 10160 10161
6844,11549 0 10167 10155 10156 10157 10158 10159 10160 10161
6845,3061 3062 14840 10184 10158 10159 10160 10161 10162 10163
6846,14586 14524 471 10156 10157 10158 10159 10160 10161 10162
6847,611 6825 0 10169 10157 10158 10159 10160 10161 10162
6848,15204 7313 10166 10155 10156 10157 10158 10159 10160 10161
6849,11147 11758 5376 11140 10178 10165 10155 10156 10157 10158
6850,11863 9306 8479 15154 15205 9319 1500 10127 10166 10156
6851,3744 0 10168 10156 10157 10158 10159 10160 10161 10162
6852,12277 5222 10356 11190 6140 10603 10236 10165 10154 10155
6853,3288 650 1160 0 10169 10158 10159 10160 10161 10162
6854,1963 853 6050 0 10167 10156 10157 10158 10159 10160
6855,10554 14363 6339 0 10166 10156 10157 10158 10159 10160
6856,15207 15206 7428 5527 0 10157 10158 10159 10160 10161
6857,12543 7697 3538 7152 7907 0 10166 10157 10158 10159
6858,14763 14764 15155 8269 15209 12632 15208 4086 2443 12760
6859,1456 11087 1619 234 235 10162 10166 10165 10164 10163
6860,9117 10404 4276 2156 1505 8819 12050 6143 3653 10158
6861,8808 14877 14662 1475 11583 13635 8894 13441 10733 8809
6862,10524 12584 0 10167 10156 10157 10158 10159 10160 10161
6863,12689 11271 11865 15088 12620 12784 10158 10159 10166 10160
6864,1917 9526 10905 661 3132 10163 10167 10166 10165 10164
6865,9991 5025 10470 5960 2182 666 4186 3976 7243 4335
6866,8025 5243 5244 11357 0 10161 10165 10164 10163 10162
6867,9294 1987 9458 0 10167 10156 10157 10158 10159 10160
6868,14443 970 764 773 782 5683 5898 14967 10135 10173
6869,11184 7324 11061 11058 100 15215 15211 13891 75 14670
6870,6719 8517 6718 14652 8897 6984 6725 6717 3893 15187
6871,15216 14810 12797 10177 10164 10153 10154 10155 10156 10157
6872,1001 2876 0 10156 10158 10159 10160 10161 10162 10163
6873,3667 2999 9193 0 10167 10157 10158 10159 10160 10161
6874,4661 6431 11347 14283 3001 1355 10165 10164 10163 10162
6875,10537 9781 7965 3407 8061 1008 14388 10759 2028 6762
6876,11044 6675 9249 4985 6637 10179 10156 10157 10158 10159
6877,9532 973 3800 10168 10156 10157 10158 10159 10160 10161
6878,2809 10275 4818 10169 10157 10158 10159 10160 10161 10162
6879,15049 6067 4402 2875 11102 1151 1711 12261 1723 12146
6880,277 888 5613 10022 11856 13130 10166 10165 10164 10163
6881,560 3842 1145 0 10168 10158 10159 10160 10161 10162
6882,7123 113 0 10168 10156 10157 10158 10159 10160 10161
6883,1572 1943 506 10179 10165 10155 10156 10157 10158 10159
6884,101 3219 0 10167 10156 10157 10158 10159 10160 10161
6885,15217 15218 15169 15170 15219 15220 11251 11252 13736 9418
6886,10192 6550 8253 0 10167 10156 10157 10158 10159 10160
6887,14359 8808 11111 9784 1532 13482 13711 10158 10161 10160
6888,10695 14770 10085 0 10166 10155 10156 10157 10158 10159
6889,15220 15217 7065 3442 12629 3444 11001 1317 10166 10165
6890,6770 12212 701 0 10167 10156 10157 10158 10159 10160
6891,8697 3148 5540 15222 10169 10158 10159 10160 10161 10162
6892,4889 4992 4885 4636 5787 5786 7000 5020 4638 7011
6893,14752 14352 0 10167 10156 10157 10158 10159 10160 10161
6894,1759 4085 2798 9265 9715 7398 10162 10166 10165 10164
6895,3903 3347 10500 0 10167 10156 10157 10158 10159 10160
6896,15224 2614 14408 5192 15223 10157 10158 10159 10160 10167
6897,547 11713 2063 7646 10168 10158 10159 10160 10161 10162
6898,7696 176 6596 7697 10167 10157 10158 10159 10160 10161
6899,5703 10007 5384 1211 9218 13392 2439 10441 10157 10158
6900,1957 4452 0 10169 10157 10158 10159 10160 10161 10162
6901,15225 0 10167 10155 10156 10157 10158 10159 10160 10161
6902,5322 6984 994 12829 15092 10154 10155 10156 10157 10158
6903,611 9781 0 10168 10156 10157 10158 10159 10160 10161
6904,1949 8926 9060 0 10167 10156 10157 10158 10159 10160
6905,2597 1533 13329 1532 0 10164 10154 10155 10156 10157
6906,2404 12899 14641 11941 4421 12276 8084 10160 10161 10162
6907,1345 11821 10165 10154 10155 10156 10157 10158 10159 10160
6908,3613 13317 13783 10178 10177 10154 10155 10156 10157 10158
6909,14986 0 10166 10155 10156 10157 10158 10159 10160 10161
6910,4254 11804 3925 6381 7619 2778 1967 6920 420 3678
6911,14205 6622 11384 14889 0 10164 10154 10155 10156 10157
6912,3055 114 13953 3021 771 3037 14430 12689 13977 8588
6913,2106 4020 2448 770 769 7680 2771 10136 10175 10165
6914,613 13535 11221 5373 284 9393 10163 10165 10164 10161
6915,13414 9117 7159 15226 14898 114 7123 7128 13952 1367
6916,9272 245 585 6638 11985 1024 1581 10241 7931 1732
6917,13439 13850 0 10153 10155 10156 10157 10158 10159 10160
6918,5579 5578 0 10168 10156 10157 10158 10159 10160 10161
6919,13408 13972 0 10166 10155 10156 10157 10158 10159 10160
6920,1859 1860 0 10168 10156 10157 10158 10159 10160 10161
6921,9505 2024 466 10294 3196 3104 4221 607 6854 2763
6922,9313 8704 7763 8716 6831 7365 3468 1881 3135 8194
6923,3551 5502 226 10169 10157 10158 10159 10160 10161 10162
6924,6963 1443 3196 1460 8070 1638 6961 3441 815 10164
6925,11815 11442 13412 11460 12105 6760 10379 1463 3755 2317
6926,11043 12467 13069 0 10155 10156 10157 10158 10159 10160
6927,8737 7531 8661 10166 10155 10156 10157 10158 10159 10160
6928,3942 5594 7394 10168 10156 10157 10158 10159 10160 10161
6929,169 2960 46 0 10168 10157 10158 10159 10160 10161
6930,335 14857 10640 10152 10154 10155 10156 10157 10158 10159
6931,53 15228 13912 8999 8377 14404 3179 3177 3176 3178
6932,15043 8494 0 10167 10156 10157 10158 10159 10160 10161
6933,12941 11854 705 10167 10156 10157 10158 10159 10160 10161
6934,5791 3501 131 10547 67 10165 10164 10163 10162 0
6935,3332 1544 1623 10167 10155 10156 10157 10158 10159 10160
6936,12582 5982 12198 12200 5326 5328 13002 4889 2833 5770
6937,15007 15204 0 10153 10155 10156 10157 10158 10159 10160
6938,8702 1028 0 10168 10156 10157 10158 10159 10160 10161
6939,15229 14418 6523 383 3471 11485 3910 1204 1660 770
6940,1532 14324 1533 13329 10155 10156 10157 10158 10164 10159
6941,1839 3404 10278 0 10168 10157 10158 10159 10160 10161
6942,9819 15012 325 9802 9928 3500 2191 105 2304 1027
6943,6622 9965 5446 7628 7625 0 10163 10165 10164 10161
6944,14426 13920 14862 13518 14904 14941 5183 14389 692 13670
6945,15230 3021 2142 739 7113 14136 13670 5516 10159 10160
6946,8597 13037 5109 14881 14857 13371 10159 10161 10160 0
6947,3112 6870 6910 0 10168 10157 10158 10159 10160 10161
6948,1320 1779 1319 0 10160 10164 10163 10162 10161 10158
6949,15232 15231 1942 4462 7466 9697 1898 6297 10165 10164
6950,5696 12519 11611 10168 10156 10157 10158 10159 10160 10161
6951,12182 15005 8964 0 10155 10157 10158 10159 10160 10161
6952,6415 5570 13144 8710 4840 10731 6284 8713 13314 7249
6953,4350 15227 1463 0 10166 10155 10156 10157 10158 10159
6954,15234 15233 0 10168 10156 10157 10158 10159 10160 10161
6955,15235 13101 15106 0 10167 10156 10157 10158 10159 10160
6956,7100 7099 7070 0 10166 10156 10157 10158 10159 10160
6957,233 4913 7877 4905 3377 9499 3236 4901 4813 4891
6958,5524 1638 223 0 10168 10157 10158 10159 10160 10161
6959,11880 8892 11112 0 10153 10155 10156 10157 10158 10159
6960,13669 7860 14178 0 10166 10155 10156 10157 10158 10159
6961,4416 3843 2876 12071 6811 7091 12077 14156 4132 6810
6962,9393 12948 9392 6761 10152 10154 10155 10156 10157 10158
6963,13556 9412 3486 0 10166 10155 10156 10157 10158 10159
6964,7015 7014 10167 10155 10156 10157 10158 10159 10160 10161
6965,9422 13557 0 10166 10154 10155 10156 10157 10158 10159
6966,8439 7293 1300 6790 8821 989 7916 9364 13904 411
6967,11598 6245 13981 4037 1011 1862 7498 12332 10158 10159
6968,10715 10766 870 1902 12429 82 9582 10163 10165 10164
6969,14339 14338 12628 12632 0 10157 10158 10159 10160 10161
6970,4314 2712 0 10155 10157 10158 10159 10160 10161 10162
6971,11199 15167 9769 14772 0 10165 10164 10163 10162 10161
6972,15156 9308 10153 10155 10156 10157 10158 10159 10160 10161
6973,13456 13170 4710 10168 10156 10157 10158 10159 10160 10161
6974,5190 14286 0 10167 10155 10156 10157 10158 10159 10160
6975,11149 884 6812 0 10182 10157 10158 10159 10160 10161
6976,3407 4326 2344 3439 11030 3602 258 2928 3376 8193
6977,15054 12763 15053 0 10165 10155 10156 10157 10158 10159
6978,8348 5415 12105 9320 6522 2794 5004 4726 155 10373
6979,91 87 6916 1367 12222 11443 2554 3270 2547 11482
6980,3153 346 2012 451 4295 3910 968 1802 4046 10179
6981,14762 8296 15156 13212 14764 14546 10163 10162 10161 10160
6982,7070 10996 4743 0 10167 10156 10157 10158 10159 10160
6983,14080 12440 10167 10155 10156 10157 10158 10159 10160 10161
6984,6889 1373 10537 9903 6899 10158 10159 10160 10161 10169
6985,625 9296 12784 0 10155 10156 10157 10158 10159 10160
6986,311 9101 14076 7759 12977 10165 10155 10156 10157 10158
6987,2741 11879 0 10167 10155 10156 10157 10158 10159 10160
6988,11368 11370 11369 4655 4657 4662 4660 11371 4663 10128
6989,3299 8973 11952 11671 2209 10167 10158 10159 10160 10161
6990,2892 4138 11723 1321 1320 4687 4132 4688 1779 2372
6991,11160 1021 12190 3373 3187 10736 10163 10166 10165 10164
6992,6406 6407 9130 10167 10155 10156 10157 10158 10159 10160
6993,2508 12782 2232 10167 10156 10157 10158 10159 10160 10161
6994,14288 6664 14290 0 10159 10164 10163 10162 10161 10160
6995,2869 12332 5449 0 10168 10157 10158 10159 10160 10161
6996,330 12543 12085 10155 10157 10158 10159 10160 10161 10162
6997,6773 5468 1183 10167 10155 10156 10157 10158 10159 10160
6998,4608 8165 4136 7498 0 10167 10157 10158 10159 10160
6999,5035 7369 6987 507 10167 10156 10157 10158 10159 10160
7000,9185 2243 8177 13365 1960 9132 6476 12775 3822 8493
7001,4133 8164 4605 15238 13665 10166 10156 10157 10158 10159
7002,1373 2527 1737 2758 0 10167 10157 10158 10159 10160
7003,6364 2371 4060 9192 1777 1778 2477 3674 4416 2881
7004,4415 6362 6361 2375 2371 2881 4606 10167 10166 10165
7005,7449 7064 2379 13878 2375 2380 10158 10159 10160 10157
7006,13139 3171 10619 8399 8670 3170 1684 3457 10472 5778
7007,12377 12332 11598 8541 5689 0 10164 10167 10166 10165
7008,7145 1069 10303 3773 10823 3701 14661 4782 1243 1452
7009,3824 7545 13040 14215 14314 10158 10159 10157 10160 10161
7010,12309 14056 8576 7527 6060 5969 13122 354 12867 13121
7011,5673 11120 8477 10067 12551 2887 7296 437 10161 10162
7012,6360 1721 4133 5689 12075 9851 2887 0 10165 10163
7013,167 1452 0 10167 10156 10157 10158 10159 10160 10161
7014,568 1799 15162 7952 3074 723 274 7096 4306 10257
7015,5141 363 14870 12434 12436 618 287 13129 40 2963
7016,612 14717 1880 10168 10156 10157 10158 10159 10160 10161
7017,6363 7427 4606 7217 2869 10168 10158 10159 10160 10161
7018,3055 9420 6309 2342 7186 12579 8044 12002 10163 10165
7019,9165 13415 0 10165 10154 10155 10156 10157 10158 10159
7020,12423 6953 5545 888 0 10159 10160 10161 10162 10163
7021,13842 9996 7725 3091 10161 10165 10164 10163 10162 10160
7022,1136 3443 7215 0 10167 10156 10157 10158 10159 10160
7023,15226 3055 8999 9519 9426 5460 0 10166 10165 10164
7024,13590 12756 13568 0 10165 10154 10155 10156 10157 10158
7025,3153 10618 9887 6214 722 6132 6192 243 4774 8146
7026,6897 6895 5424 7133 10474 10167 10155 10156 10157 10158
7027,9850 11028 11798 7960 5636 3458 10157 10158 10159 10160
7028,7217 1353 1006 0 10181 10156 10157 10158 10159 10160
7029,6053 7510 2758 8047 1798 3556 2932 1836 7696 2754
7030,1163 4891 3237 8349 4913 10169 10159 10160 10161 10162
7031,12114 8709 0 10155 10156 10157 10158 10159 10160 10161
7032,2133 12106 2794 5748 1291 9774 9908 11069 4760 7727
7033,14120 1106 12011 10142 0 10156 10157 10158 10159 10160
7034,15096 1660 408 13575 2824 13926 14331 10163 10162 10161
7035,8376 11374 6908 6892 46 3742 5135 10712 2130 3283
7036,9340 8832 2837 0 10168 10157 10158 10159 10160 10161
7037,14131 11405 6934 0 10154 10156 10157 10158 10159 10160
7038,3 8195 0 10168 10156 10157 10158 10159 10160 10161
7039,2375 4060 10169 10156 10157 10158 10159 10160 10161 10162
7040,2498 49 1532 0 10166 10155 10156 10157 10158 10159
7041,14520 2362 0 10166 10155 10156 10157 10158 10159 10160
7042,12376 2371 1780 1320 9192 2375 10165 10164 10163 10162
7043,640 15005 4452 5328 0 10166 10156 10157 10158 10159
7044,8999 8591 0 10167 10156 10157 10158 10159 10160 10161
7045,8802 5498 6899 7758 8972 9921 10162 10166 10165 10164
7046,9054 8999 10483 611 10482 3021 9924 3178 9299 10160
7047,12512 8482 3071 0 10167 10156 10157 10158 10159 10160
7048,7863 2277 6613 10642 2927 11466 10177 10176 10157 10158
7049,8429 14801 7442 13923 0 10165 10155 10156 10157 10158
7050,2189 5415 14907 1698 1420 15123 1215 10294 7377 1488
7051,13853 4580 0 10168 10157 10158 10159 10160 10161 10162
7052,12906 12905 0 10166 10154 10155 10156 10157 10158 10159
7053,5041 3222 795 176 794 1646 4216 4231 2448 2777
7054,7249 15199 7675 0 10167 10156 10157 10158 10159 10160
7055,11121 13007 6352 10166 10155 10156 10157 10158 10159 10160
7056,7057 4132 4687 10167 10157 10158 10159 10160 10161 10162
7057,3464 3046 1529 0 10167 10156 10157 10158 10159 10160
7058,1166 14712 2820 3464 11122 3465 13007 10163 10165 10164
7059,2820 6000 6001 14084 0 10167 10157 10158 10159 10160
7060,11121 1532 404 9791 11122 3465 6352 10163 10162 10161
7061,8904 11121 1529 10165 10154 10155 10156 10157 10158 10159
7062,12426 13717 14599 13186 2364 1529 10152 10154 10155 10156
7063,404 405 1166 1532 1529 3465 0 10161 10163 10162
7064,11644 10140 2234 9282 2518 2528 5187 10177 10166 10157
7065,1438 206 2696 11088 2702 9816 11323 10159 10160 10161
7066,4753 11397 11871 6231 10168 10157 10158 10159 10160 10161
7067,15240 2952 12781 9607 10065 9440 4313 2714 3029 9680
7068,14137 13998 0 10167 10156 10157 10158 10159 10160 10161
7069,2804 13022 11369 10168 10156 10157 10158 10159 10160 10161
7070,8286 8179 2228 1219 1683 5591 4250 4223 6469 5586
7071,5748 2271 2519 10123 5308 8998 11975 154 9349 10961
7072,15241 8023 10168 10156 10157 10158 10159 10160 10161 10162
7073,207 4712 1545 10168 10156 10157 10158 10159 10160 10161
7074,3528 5858 5424 2318 189 0 10166 10165 10164 10162
7075,12763 9880 2441 0 10166 10155 10156 10157 10158 10159
7076,727 0 10168 10156 10157 10158 10159 10160 10161 10162
7077,4845 13724 7925 4207 10176 10175 10155 10156 10157 10158
7078,4909 1288 9188 10006 4984 11364 4920 457 4761 5322
7079,3393 10056 13125 15242 7071 10278 10169 10159 10160 10161
7080,4814 3320 3727 9096 2290 3884 9352 15243 9353 9347
7081,3222 9072 6402 6767 4974 1191 5292 10159 10160 10158
7082,8376 0 10168 10157 10158 10159 10160 10161 10162 10163
7083,7662 10104 1784 0 10167 10156 10157 10158 10159 10160
7084,1493 12017 1488 5282 740 8651 10163 10166 10165 10164
7085,13282 3486 4399 0 10168 10157 10158 10159 10160 10161
7086,716 13597 10584 0 10166 10155 10156 10157 10158 10159
7087,3709 769 1973 0 10168 10157 10158 10159 10160 10161
7088,3876 1088 501 2449 8993 5346 5347 12716 9993 5772
7089,2142 10651 7115 101 2125 7128 1287 9319 630 13808
7090,3595 6052 11960 3594 466 3599 734 879 7918 4232
7091,11550 12347 14710 0 10167 10156 10157 10158 10159 10160
7092,3680 5361 3348 5803 13041 10356 12108 0 10165 10164
7093,13193 13194 1540 8263 10930 0 10163 10162 10161 10165
7094,9799 15242 0 10182 10156 10157 10158 10159 10160 10161
7095,6914 2562 2551 2505 2503 2536 10236 10181 10157 10158
7096,14155 9761 4356 6350 3892 3897 13614 5554 12027 14892
7097,11120 0 10156 10157 10158 10159 10160 10161 10162 10163
7098,15098 11937 10167 10155 10156 10157 10158 10159 10160 10161
7099,8481 3312 7048 7561 4344 1163 6928 10163 10166 10165
7100,611 11938 11937 11936 11939 8998 10177 10164 10155 10180
7101,10102 6954 10567 6651 12021 0 10164 10163 10162 10161
7102,2776 4227 3702 4510 2711 2799 1987 11216 2147 6442
7103,15163 5514 5515 0 10167 10157 10158 10159 10160 10161
7104,13878 5673 14236 0 10166 10155 10156 10157 10158 10159
7105,1053 3547 6108 0 10166 10156 10157 10158 10159 10160
7106,11156 2286 8512 13425 4044 6084 15058 7623 3980 5982
7107,3019 9055 0 10168 10157 10158 10159 10160 10161 10162
7108,6041 6046 12022 4863 4249 1880 10018 6596 2503 3404
7109,4009 13145 0 10168 10157 10158 10159 10160 10161 10162
7110,11376 45 14298 6889 10547 9910 10158 11969 7263 10341
7111,2079 9680 2081 0 10168 10157 10158 10159 10160 10161
7112,8085 7911 12669 10961 10163 10167 10166 10165 10164 0
7113,2369 1354 6320 11987 10155 10156 10157 10158 10159 10160
7114,8802 4422 6929 4423 8199 13808 10157 10158 10159 10161
7115,14534 5210 12571 0 10168 10157 10158 10159 10160 10161
7116,14789 15198 0 10166 10155 10156 10157 10158 10159 10160
7117,6332 2953 5579 0 10166 10155 10156 10157 10158 10159
7118,7071 14347 14265 0 10166 10155 10156 10157 10158 10159
7119,1868 83 4442 0 10182 10157 10158 10159 10160 10161
7120,4488 4929 782 4181 3487 4004 10742 1568 3976 10175
7121,11676 9493 88 2470 4911 11974 10166 10157 10158 10159
7122,2614 2815 13701 6352 10161 10165 10164 10163 10162 0
7123,7146 920 10864 2688 2258 2717 10159 10160 10161 10167
7124,12435 8846 9349 10168 10157 10158 10159 10160 10161 10162
7125,10964 0 10167 10155 10156 10157 10158 10159 10160 10161
7126,45 7121 6677 9457 9883 7458 2083 2085 2084 7191
7127,7245 4235 2782 2934 11550 2767 6053 2103 6643 8223
7128,6220 2790 2428 10168 10157 10158 10159 10160 10161 10162
7129,44 771 13412 6902 9203 28 10238 10158 10159 10160
7130,705 11469 240 2266 12941 3242 10157 10158 10159 10160
7131,8553 2790 3110 10170 10158 10159 10160 10161 10162 10163
7132,3409 8457 4029 4717 9494 4178 2219 3645 2490 4031
7133,3038 2880 4036 4598 6432 14751 1011 10166 10165 10172
7134,7504 3748 10762 3255 1551 871 0 10166 10165 10164
7135,8800 8461 4933 9692 0 10167 10166 10165 10164 10163
7136,74 8561 6823 3803 8388 9770 7082 10164 10165 10166
7137,10281 3811 11272 1252 648 4405 10167 10166 10165 10164
7138,12469 0 10167 10156 10157 10158 10159 10160 10161 10162
7139,11042 8585 12268 2611 10160 10164 10163 10162 10161 0
7140,3055 13388 11126 561 14988 14989 14990 14992 14991 14993
7141,1779 1319 6361 2371 6362 2375 1320 10128 10167 10156
7142,2996 11626 0 10167 10156 10157 10158 10159 10160 10161
7143,10429 9798 10428 9797 15133 9100 13620 10162 10164 10163
7144,10476 14896 1213 466 870 1204 494 655 85 8463
7145,11001 6701 10498 6560 1029 11739 2500 11643 2652 10526
7146,14986 15246 0 10181 10155 10156 10157 10158 10159 10160
7147,3132 250 11587 10432 3222 509 1646 4350 4241 4292
7148,3707 2694 984 0 10167 10156 10157 10158 10159 10160
7149,740 14163 14979 9341 4845 8195 11391 46 3164 3173
7150,9350 12417 6269 7868 2664 12291 12290 11426 12179 13160
7151,3055 3019 13016 0 10168 10159 10160 10161 10162 10163
7152,14383 0 10167 10156 10157 10158 10159 10160 10161 10162
7153,1255 10168 10156 10157 10158 10159 10160 10161 10162 10163
7154,14163 101 15233 0 10165 10154 10155 10156 10157 10158
7155,9056 9260 5608 4788 15205 10157 10158 10159 10166 10156
7156,3055 15069 58 11126 12862 15072 7844 11404 1409 1381
7157,2320 13847 3771 9491 5023 917 10168 10159 10160 10161
7158,9884 3028 6463 4076 9219 13263 10472 3097 10592 9295
7159,12360 7290 3095 10156 10158 10159 10160 10161 10162 10163
7160,4553 7448 5630 0 10168 10158 10159 10160 10161 10162
7161,9209 14920 0 10153 10155 10156 10157 10158 10159 10160
7162,14163 14618 740 14547 14866 0 10166 10157 10158 10159
7163,14977 13026 12525 59 10168 10157 10158 10159 10160 10161
7164,58 0 10168 10156 10157 10158 10159 10160 10161 10162
7165,14555 12513 14163 14868 1498 78 9054 8122 8272 3021
7166,8301 3560 11931 7146 11324 6419 3785 10165 10164 10163
7167,15081 0 10168 10156 10157 10158 10159 10160 10161 10162
7168,11061 111 10167 10155 10156 10157 10158 10159 10160 10161
7169,8999 1696 10503 14547 611 4727 10165 10164 10163 10162
7170,2739 10159 5479 10168 10156 10157 10158 10160 10161 10162
7171,15007 14543 14566 0 10166 10155 10156 10157 10158 10159
7172,1367 0 10168 10156 10157 10158 10159 10160 10161 10162
7173,8669 2254 8692 11302 5610 3180 7337 7386 928 2588
7174,15011 15022 0 10167 10155 10156 10157 10158 10159 10160
7175,7129 79 14840 0 10166 10155 10156 10157 10158 10159
7176,3612 3611 13783 0 10168 10158 10159 10160 10161 10162
7177,14519 15247 12877 15011 0 10153 10155 10156 10157 10158
7178,5846 4060 2375 2380 9303 10157 10158 10159 10160 10161
7179,7128 8999 0 10168 10156 10157 10158 10159 10160 10161
7180,58 0 10168 10156 10157 10158 10159 10160 10161 10162
7181,5739 2777 7697 6473 10167 10157 10158 10159 10160 10161
7182,611 2739 9119 1368 45 4426 12186 9821 9819 9818
7183,8735 8734 3068 0 10156 10158 10159 10160 10161 10162
7184,8999 6106 15248 0 10166 10156 10157 10158 10159 10160
7185,740 12084 5641 866 10168 10157 10158 10159 10160 10161
7186,3055 0 10168 10157 10158 10159 10160 10161 10162 10163
7187,11126 13388 0 10167 10155 10156 10157 10158 10159 10160
7188,10193 1013 1001 0 10169 10158 10159 10160 10161 10162
7189,3161 12063 9680 3552 0 10168 10159 10160 10161 10162
7190,3055 15247 13626 7994 0 10166 10156 10157 10158 10159
7191,11930 1738 3989 0 10168 10157 10158 10159 10160 10161
7192,3222 10710 10509 1602 3337 5061 2784 4229 10641 10160
7193,1352 0 10167 10156 10157 10158 10159 10160 10161 10162
7194,6657 14302 0 10167 10155 10156 10157 10158 10159 10160
7195,15045 0 10167 10155 10156 10157 10158 10159 10160 10161
7196,11549 14597 103 15249 8999 1367 15067 15066 101 2325
7197,13132 10484 14616 242 13262 10166 10156 10157 10158 10159
7198,79 7129 13891 0 10166 10156 10157 10158 10159 10160
7199,15051 15168 5376 0 10166 10155 10156 10157 10158 10159
7200,5516 14114 13355 0 10156 10157 10158 10159 10160 10161
7201,8581 14862 0 10167 10156 10157 10158 10159 10160 10161
7202,7843 11367 7842 7844 14447 10164 10167 10166 10165 10163
7203,9054 12015 0 10166 10154 10155 10156 10157 10158 10159
7204,46 1883 11205 12977 10155 10156 10157 10158 10159 10160
7205,71 2575 7911 0 10157 10158 10159 10160 10161 10162
7206,9610 10553 2160 0 10157 10158 10159 10160 10161 10162
7207,13427 11166 12277 0 10165 10154 10155 10156 10157 10158
7208,14592 14821 15252 0 10166 10156 10157 10158 10159 10160
7209,4060 6361 6362 1779 5845 10163 10167 10166 10165 10164
7210,12290 12293 12289 12674 12292 12675 15253 6792 10162 10164
7211,11769 12479 561 0 10154 10156 10157 10158 10159 10160
7212,13784 8655 6311 12641 3802 10639 9552 10163 10165 10164
7213,611 15064 14689 15254 235 1618 14905 1619 1333 2960
7214,15255 0 10182 10155 10156 10157 10158 10159 10160 10161
7215,14930 110 9054 91 14824 14555 7632 14166 14486 14165
7216,14295 3498 11229 0 10168 10157 10158 10159 10160 10161
7217,740 8572 14979 10169 10158 10159 10160 10161 10162 10163
7218,1011 2616 7546 2870 3075 3079 7076 7221 9835 12237
7219,12383 15132 9544 10161 10166 10165 10164 10163 10162 0
7220,6468 13514 3149 6261 7965 10160 10161 10162 10159 10169
7221,14955 14393 15108 4940 1204 3615 9618 10159 10167 10161
7222,9781 15074 10381 1589 1988 0 10166 10157 10158 10159
7223,12024 13764 12626 11575 0 10160 10164 10163 10162 10161
7224,7124 9054 14555 10161 10166 10165 10164 10163 10162 0
7225,12578 399 14793 0 10156 10157 10158 10159 10160 10161
7226,3174 3160 3975 11379 11441 7005 12016 10167 10166 10165
7227,855 7520 6443 0 10167 10156 10157 10158 10159 10160
7228,14373 8100 8099 0 10167 10156 10157 10158 10159 10160
7229,2876 4416 6364 10168 10157 10158 10159 10160 10161 10162
7230,13976 13051 10975 0 10156 10157 10158 10159 10160 10161
7231,4117 15050 4118 4116 4581 12763 0 10165 10164 10162
7232,1534 6989 7686 2614 4516 13960 13701 12301 13333 13352
7233,6353 3465 5430 4516 1339 0 10163 10165 10164 10162
7234,2614 4516 6353 1532 0 10166 10165 10164 10163 10162
7235,2614 8728 7686 4516 14084 1534 1532 0 10165 10164
7236,13339 5998 4516 3465 10162 10166 10165 10164 10163 10161
7237,14014 14325 10182 10155 10156 10157 10158 10159 10160 10161
7238,4515 13323 13628 10162 10166 10165 10164 10163 0 10168
7239,8904 1532 2614 7686 13960 0 10161 10164 10163 10162
7240,13561 4516 6352 0 10163 10166 10165 10164 10162 10168
7241,8904 8907 1533 4515 11112 4330 1532 2743 6992 8810
7242,14044 15096 8828 0 10167 10156 10157 10158 10159 10160
7243,1532 14138 5818 15257 0 10164 10154 10155 10156 10157
7244,4515 5194 4330 0 10168 10157 10158 10159 10160 10161
7245,3213 2131 2548 10157 10158 10159 10160 10161 10162 10163
7246,5991 14753 2302 10153 10155 10156 10157 10158 10159 10160
7247,14811 406 14812 10165 10154 10155 10156 10157 10158 10159
7248,12826 15164 12502 10178 10165 10154 10155 10156 10157 10158
7249,1880 2739 6868 10181 10167 10156 10157 10158 10159 10160
7250,13932 14122 13421 0 10165 10154 10155 10156 10157 10158
7251,1323 11121 3923 13421 14044 14123 8727 3465 10173 10155
7252,12742 3464 2820 13731 10166 10156 10157 10158 10159 10160
7253,11121 1532 1535 13244 1165 8727 1166 10173 10161 10155
7254,2820 1166 13931 11121 14150 3465 10156 10157 10158 10159
7255,13259 1167 404 10156 10157 10158 10159 10160 10161 10162
7256,3463 3464 1166 0 10168 10157 10158 10159 10160 10161
7257,13347 13624 2820 12747 14457 1535 8730 1166 405 14122
7258,2614 11121 1529 11112 14405 408 13334 1532 2364 10159
7259,2820 2614 12426 13421 14599 10169 10159 10160 10161 10162
7260,6351 6417 3465 2742 11122 1532 11121 0 10164 10163
7261,361 359 15258 10125 10153 10155 10156 10157 10158 10159
7262,6417 3465 15257 10166 10154 10155 10156 10157 10158 10159
7263,359 14333 0 10167 10156 10157 10158 10159 10160 10161
7264,15094 359 15258 10126 10154 10156 10157 10158 10159 10160
7265,15094 12098 15259 362 359 10127 10128 10156 10157 10158
7266,13701 3465 4516 5430 10167 10156 10157 10158 10159 10160
7267,1830 13401 10142 2101 6861 11904 4005 10162 10161 10164
7268,7719 9143 15260 10166 10154 10155 10156 10157 10158 10159
7269,13902 9587 10166 10154 10155 10156 10157 10158 10159 10160
7270,11407 11710 0 10154 10156 10157 10158 10159 10160 10161
7271,8214 2662 4059 12268 13944 8275 7916 3716 2480 3830
7272,4594 6795 0 10157 10158 10159 10160 10161 10162 10163
7273,13257 8592 1954 0 10166 10156 10157 10158 10159 10160
7274,14066 12617 9772 13462 13063 8899 14797 14041 1883 10156
7275,6818 7017 1742 11425 8487 2801 12266 8712 6819 10167
7276,2086 8585 11039 0 10168 10157 10158 10159 10160 10161
7277,14020 14664 13063 3274 11096 14658 4719 10874 7759 10873
7278,12992 13222 8393 7903 2012 945 6099 4655 10164 10163
7279,13721 1635 11714 0 10153 10155 10156 10157 10158 10159
7280,12290 4896 12293 12289 13381 10037 14777 147 10176 10175
7281,9409 2112 460 10587 14888 9410 10235 10164 10152 10153
7282,11166 6792 6099 0 10166 10155 10156 10157 10158 10159
7283,5563 9560 0 10166 10155 10156 10157 10158 10159 10160
7284,14787 5785 13118 10166 10154 10155 10156 10157 10158 10159
7285,8105 8090 13821 0 10165 10164 10163 10162 10161 10160
7286,10716 6528 5157 11274 2654 6240 12566 6622 6228 2982
7287,12253 10527 12091 0 10168 10157 10158 10159 10160 10161
7288,5368 8058 5109 7825 0 10166 10156 10157 10158 10159
7289,9759 12 13307 13 10163 10166 10165 10164 10162 10168
7290,12290 12289 12292 13381 8270 12996 4910 10177 10163 10155
7291,6789 7824 14043 0 10168 10157 10158 10159 10160 10161
7292,5788 4450 9657 0 10167 10156 10157 10158 10159 10160
7293,8629 14785 13355 0 10166 10155 10156 10157 10158 10159
7294,8663 12993 8903 10165 10154 10155 10156 10157 10158 10159
7295,12290 12291 12289 13381 10165 10155 10156 10157 10158 10159
7296,2793 9669 12618 12292 13381 12978 9772 8899 10162 10165
7297,14771 11942 0 10167 10156 10157 10158 10159 10160 10161
7298,5578 13907 5258 1958 4654 7916 10242 4738 14769 10160
7299,12290 12293 12292 12673 12291 12675 10178 10165 10179 10156
7300,1890 3274 2665 12268 8103 8899 14041 1911 3011 3010
7301,3113 5349 14399 6094 2833 7916 903 10322 10159 10158
7302,14752 13643 13642 12439 13741 12522 7940 10159 10158 10165
7303,4964 4753 6544 0 10168 10157 10158 10159 10160 10161
7304,11219 6537 6171 7264 10166 10155 10156 10157 10158 10159
7305,4045 9846 5973 13263 9691 15261 11114 7436 11785 14968
7306,12333 12577 906 0 10158 10159 10160 10161 10162 10163
7307,5601 1265 10756 0 10168 10157 10158 10159 10160 10161
7308,14217 5929 8735 0 10157 10158 10159 10160 10161 10162
7309,5778 3094 9439 0 10167 10156 10157 10158 10159 10160
7310,15262 14008 0 10153 10155 10156 10157 10158 10159 10160
7311,5392 6300 4904 7331 2478 7564 1162 122 5215 3237
7312,5896 4964 4073 0 10168 10158 10159 10160 10161 10162
7313,14122 14029 14359 13320 0 10162 10165 10164 10163 10161
7314,6782 5157 11227 11912 4948 7574 10162 10165 10164 10163
7315,6990 11108 10563 0 10153 10155 10156 10157 10158 10159
7316,7124 11045 5595 9207 7631 5233 9204 10159 10162 10161
7317,9308 7215 6356 0 10166 10156 10157 10158 10159 10160
7318,5112 4292 6104 2859 13113 5898 8529 7408 3980 13180
7319,1507 10809 5685 13130 0 10166 10156 10157 10158 10159
7320,12354 7628 904 10169 10157 10158 10159 10160 10161 10162
7321,9422 13282 9406 3486 10164 10163 10162 10161 10160 0
7322,11729 13733 9997 10167 10156 10157 10158 10159 10160 10161
7323,14217 14471 15129 0 10167 10156 10157 10158 10159 10160
7324,13566 10009 13968 0 10166 10155 10156 10157 10158 10159
7325,6908 11223 9930 68 5305 2493 3067 2206 10159 10167
7326,1532 11112 2614 0 10166 10156 10157 10158 10159 10160
7327,4401 14678 10199 2881 1317 8541 1318 7784 13982 10134
7328,4514 1532 15153 13855 2614 0 10161 10164 10163 10162
7329,1709 1711 8541 12332 1011 0 10169 10160 10161 10162
7330,5964 8144 5707 9806 12215 13726 10157 10158 10159 10160
7331,5689 14464 8477 0 10167 10156 10157 10158 10159 10160
7332,6744 13551 5288 13023 354 7662 14411 15141 10161 10163
7333,8848 1709 3075 11569 10169 10159 10160 10161 10162 10163
7334,360 1532 8869 13855 13351 10159 10163 10162 10161 10160
7335,8808 13351 4514 1534 0 10162 10165 10164 10163 10161
7336,1013 2888 14347 10170 10158 10159 10160 10161 10162 10163
7337,5201 12309 5798 0 10166 10156 10157 10158 10159 10160
7338,6162 8335 5383 5385 1864 10165 10155 10156 10157 10158
7339,3443 10071 8645 13981 2880 4037 10165 10164 10163 10162
7340,14678 13878 0 10165 10154 10155 10156 10157 10158 10159
7341,9784 12744 14359 10168 10156 10157 10158 10159 10160 10161
7342,9553 4315 15240 72 6311 10639 2779 0 10165 10164
7343,12659 13647 903 0 10167 10156 10157 10158 10159 10160
7344,11651 14765 0 10167 10155 10156 10157 10158 10159 10160
7345,12607 4611 11537 0 10156 10157 10158 10159 10160 10161
7346,9127 14394 1947 0 10165 10155 10156 10157 10158 10159
7347,13282 14545 3486 0 10167 10156 10157 10158 10159 10160
7348,10041 4514 6990 8906 13235 3465 12500 9784 10164 10163
7349,13483 14464 11120 0 10166 10155 10156 10157 10158 10159
7350,6553 4133 4605 0 10166 10156 10157 10158 10159 10160
7351,7784 1011 11768 0 10168 10157 10158 10159 10160 10161
7352,8477 14571 2377 10167 10155 10156 10157 10158 10159 10160
7353,11267 1527 7241 0 10166 10155 10156 10157 10158 10159
7354,4514 1532 4329 6990 11899 14803 14408 12070 10162 10161
7355,6990 12070 11111 0 10166 10156 10157 10158 10159 10160
7356,3079 10626 7222 7076 3443 13483 2616 5845 13209 7215
7357,14571 7014 7015 10179 10165 10154 10155 10156 10157 10158
7358,4296 14754 3259 0 10167 10156 10157 10158 10159 10160
7359,4580 11794 2981 3789 10158 10157 10159 10160 10168 10161
7360,13906 7627 2928 0 10166 10155 10156 10157 10158 10159
7361,14445 14038 4034 0 10167 10156 10157 10158 10159 10160
7362,6611 2852 9828 10170 10158 10159 10160 10161 10162 10163
7363,8581 8009 0 10168 10157 10158 10159 10160 10161 10162
7364,4426 13016 15263 0 10165 10155 10156 10157 10158 10159
7365,2156 14502 0 10168 10157 10158 10159 10160 10161 10162
7366,1437 5423 9781 4342 7561 2476 2475 2540 9687 5207
7367,3465 2614 10208 15095 1532 4516 10160 10159 10161 10168
7368,12134 14887 12574 10155 10156 10157 10158 10159 10160 10167
7369,13301 1743 8487 14782 13740 8825 12314 10163 10162 10161
7370,11112 1529 2614 0 10166 10156 10157 10158 10159 10160
7371,5121 12190 9200 2318 11873 12853 5325 10130 10168 10157
7372,3055 45 1452 4988 7697 12921 0 10165 10167 10166
7373,3736 11477 9817 12320 10170 10159 10160 10161 10162 10163
7374,6537 12748 2650 10167 10155 10156 10157 10158 10159 10160
7375,592 9975 635 1066 3731 5590 2331 4341 10159 10160
7376,13233 13717 13423 14879 13202 0 10161 10152 10153 10154
7377,208 6378 2247 10176 2249 9800 3161 2225 3153 465
7378,415 2490 11949 3943 8067 10293 8621 15227 3662 3812
7379,8390 133 4182 0 10168 10157 10158 10159 10160 10161
7380,8999 7545 0 10168 10156 10157 10158 10159 10160 10161
7381,10015 13436 2145 9096 3214 4292 2802 2500 10283 5309
7382,3403 15264 5365 0 10166 10155 10156 10157 10158 10159
7383,8272 7632 12876 0 10167 10156 10157 10158 10159 10160
7384,3471 14557 8473 618 10914 0 10166 10157 10158 10159
7385,4840 1511 11284 2133 3755 3754 2580 11231 8562 10165
7386,14264 14538 10153 10155 10156 10157 10158 10159 10160 10161
7387,8748 1619 14939 0 10167 10157 10158 10159 10160 10161
7388,14144 11004 11042 8585 4576 10163 10162 10161 0 10165
7389,15145 2853 11725 14545 0 10162 10166 10165 10164 10163
7390,14181 8454 12536 0 10167 10156 10157 10158 10159 10160
7391,14341 10381 0 10167 10156 10157 10158 10159 10160 10161
7392,7727 837 742 1334 11482 10159 10160 10161 10168 10158
7393,13282 0 10168 10156 10157 10158 10159 10160 10161 10162
7394,9909 10178 2198 6908 9901 9911 10712 2489 2157 1291
7395,478 5542 3036 10169 10157 10158 10159 10160 10161 10162
7396,112 11479 116 0 10167 10156 10157 10158 10159 10160
7397,3871 4989 3870 8180 7729 4909 11094 3869 3301 3236
7398,9783 12507 5606 0 10155 10156 10157 10158 10159 10160
7399,1441 855 478 4257 2775 775 8945 464 10962 4177
7400,5689 0 10153 10155 10156 10157 10158 10159 10160 10161
7401,11289 344 15265 0 10166 10155 10156 10157 10158 10159
7402,14163 13388 5216 14585 14543 10161 10165 10164 10163 10162
7403,7386 6817 7385 0 10167 10156 10157 10158 10159 10160
7404,1532 8803 2614 13319 6969 6477 399 14337 11899 13006
7405,3055 1617 1618 235 234 12005 1619 10161 10160 10170
7406,1507 1373 2200 2559 2140 7727 9914 3402 2552 549
7407,15029 11838 5517 15205 1287 3055 10158 10159 10160 10161
7408,7530 617 4550 13848 2587 2866 2855 2852 12162 2845
7409,1532 11112 13855 0 10152 10154 10155 10156 10157 10158
7410,9054 0 10167 10155 10156 10157 10158 10159 10160 10161
7411,5450 8191 2876 3844 0 10155 10157 10158 10159 10160
7412,3088 11709 1893 0 10169 10158 10159 10160 10161 10162
7413,13434 34 1573 0 10165 10155 10156 10157 10158 10159
7414,843 7300 2324 821 775 10181 10158 10159 10160 10161
7415,15267 12704 6748 12702 12701 0 10156 10157 10158 10159
7416,4693 4135 4607 2869 1827 9751 7553 10164 10169 10163
7417,6668 0 10167 10155 10156 10157 10158 10159 10160 10161
7418,8808 1532 2614 0 10167 10156 10157 10158 10159 10160
7419,7703 13337 15268 10125 10166 10155 10156 10157 10158 10159
7420,14464 2887 8477 0 10167 10156 10157 10158 10159 10160
7421,7881 12651 6614 0 10166 10156 10157 10158 10159 10160
7422,9187 4944 10078 823 2344 7279 668 7926 8243 14344
7423,15204 0 10166 10155 10156 10157 10158 10159 10160 10161
7424,13412 1918 9920 14272 15084 8048 2493 7726 12514 5309
7425,3873 14344 949 8176 8950 15159 779 9783 499 2134
7426,49 3599 12666 0 10169 10158 10159 10160 10161 10162
7427,11078 11077 0 10167 10155 10156 10157 10158 10159 10160
7428,8600 152 11562 10167 10155 10156 10157 10158 10159 10160
7429,7469 9623 0 10153 10155 10156 10157 10158 10159 10160
7430,7171 5246 13137 7002 0 10166 10156 10157 10158 10159
7431,3964 6411 11759 1219 794 3596 10164 10166 10165 10162
7432,12518 0 10167 10155 10156 10157 10158 10159 10160 10161
7433,13847 7350 8239 72 0 10166 10156 10157 10158 10159
7434,938 11478 13310 6522 6523 715 7146 3560 10160 10161
7435,13125 12422 14981 10167 10156 10157 10158 10159 10160 10161
7436,15269 6522 6523 12436 12435 12434 10159 10160 10161 10162
7437,237 323 13756 0 10167 10156 10157 10158 10159 10160
7438,8466 9262 0 10168 10156 10157 10158 10159 10160 10161
7439,13129 9165 5779 0 10166 10155 10156 10157 10158 10159
7440,2116 10531 7290 3715 10618 2508 10165 10164 10163 10162
7441,12501 11822 408 1323 8808 10733 10041 11897 1534 11111
7442,1724 14736 2869 15027 0 10163 10166 10165 10164 10162
7443,164 8484 1295 5835 4341 3298 1369 10167 10159 10160
7444,10999 10630 11000 1001 10993 13209 10997 6804 5845 10157
7445,9159 12420 5298 0 10166 10155 10156 10157 10158 10159
7446,2526 2570 1090 549 11855 478 3288 10165 10168 10167
7447,7264 13177 13770 0 10164 10154 10155 10156 10157 10158
7448,9788 4791 6990 0 10166 10156 10157 10158 10159 10160
7449,2871 2873 9644 7818 10165 10169 10168 10167 10166 10164
7450,6544 4962 6622 0 10167 10157 10158 10159 10160 10161
7451,715 2581 2706 10633 10625 0 10167 10158 10159 10160
7452,8480 12764 10965 14037 1880 12130 7726 3403 10612 12446
7453,6674 6197 2477 8248 0 10165 10164 10163 10162 10160
7454,10369 0 10167 10155 10156 10157 10158 10159 10160 10161
7455,8701 637 0 10167 10156 10157 10158 10159 10160 10161
7456,14578 13587 15013 15270 101 14407 10156 10157 10158 10159
7457,15079 0 10168 10156 10157 10158 10159 10160 10161 10162
7458,4635 1371 3381 2539 4906 3237 8180 5834 7566 10274
7459,4313 8113 4486 0 10157 10158 10159 10160 10161 10162
7460,15060 13414 15063 15028 10156 10157 10158 10159 10160 10161
7461,14776 14622 6679 5824 13528 10160 10164 10163 10162 10161
7462,14578 13587 53 3055 14826 14320 7176 10160 10161 10162
7463,14997 5682 1480 10166 10154 10155 10156 10157 10158 10159
7464,4424 0 10153 10155 10156 10157 10158 10159 10160 10161
7465,15271 0 10153 10155 10156 10157 10158 10159 10160 10161
7466,149 12573 11140 12765 0 10166 10156 10157 10158 10159
7467,5427 4482 5425 0 10168 10157 10158 10159 10160 10161
7468,7463 1551 478 2018 287 1545 5507 2700 12841 6419
7469,1762 12588 8144 10166 10155 10156 10157 10158 10159 10160
7470,1133 10866 8486 8525 10168 10157 10158 10159 10160 10161
7471,3442 6809 7404 10167 10155 10156 10157 10158 10159 10160
7472,10715 10168 10156 10157 10158 10159 10160 10161 10162 10163
7473,1548 10497 12922 0 10165 10154 10155 10156 10157 10158
7474,6969 0 10168 10156 10157 10158 10159 10160 10161 10162
7475,1839 13194 12322 10167 10156 10157 10158 10159 10160 10161
7476,12575 14685 0 10167 10156 10157 10158 10159 10160 10161
7477,1291 23 10654 2509 1880 8817 14144 10159 10158 10167
7478,9054 0 10167 10155 10156 10157 10158 10159 10160 10161
7479,10623 3468 4291 11975 1758 5558 469 10176 10164 10156
7480,8194 7089 9518 918 4295 10163 10167 10166 10165 10164
7481,3560 11017 8665 6032 8339 4495 611 2067 11172 6135
7482,8693 2340 3641 1285 1766 3502 471 5275 10163 10166
7483,740 4871 9511 10124 10167 10156 10157 10158 10159 10160
7484,529 11410 7236 10166 10155 10156 10157 10158 10159 10160
7485,7398 3924 9284 5621 9221 14419 1572 10960 8351 10159
7486,12813 5306 4635 12018 5215 10158 10159 10160 10157 10166
7487,2739 6800 10156 10157 10158 10159 10160 10161 10162 10163
7488,15255 0 10182 10155 10156 10157 10158 10159 10160 10161
7489,9069 4370 1919 0 10168 10157 10158 10159 10160 10161
7490,6238 1846 4300 0 10165 10164 10163 10162 10161 10160
7491,11227 13391 1846 10190 0 10165 10155 10156 10157 10158
7492,9014 4468 3952 0 10167 10157 10158 10159 10160 10161
7493,2625 10144 2192 0 10168 10157 10158 10159 10160 10161
7494,15272 0 10153 10155 10156 10157 10158 10159 10160 10161
7495,11051 13347 13346 0 10163 10162 10161 10160 10159 10165
7496,9052 10078 14320 14869 10166 10155 10156 10157 10158 10159
7497,75 0 10156 10157 10158 10159 10160 10161 10162 10163
7498,14578 53 13414 14824 8376 14607 14510 0 10165 10164
7499,10409 0 10168 10156 10157 10158 10159 10160 10161 10162
7500,5322 6580 7913 0 10167 10157 10158 10159 10160 10161
7501,1160 379 10780 0 10167 10157 10158 10159 10160 10161
7502,8106 5366 3980 10161 10166 10165 10164 10163 10162 0
7503,7361 3937 760 0 10167 10156 10157 10158 10159 10160
7504,13013 7153 14870 0 10154 10155 10156 10157 10158 10159
7505,3055 0 10168 10157 10158 10159 10160 10161 10162 10163
7506,6836 10168 10156 10157 10158 10159 10160 10161 10162 10163
7507,10715 15274 8474 1351 52 14307 740 15273 11045 113
7508,14486 11366 0 10167 10155 10156 10157 10158 10159 10160
7509,5267 14491 14486 14479 10168 10157 10158 10159 10160 10161
7510,7849 3066 11366 0 10168 10157 10158 10159 10160 10161
7511,11366 692 0 10167 10156 10157 10158 10159 10160 10161
7512,11366 0 10168 10156 10157 10158 10159 10160 10161 10162
7513,11366 0 10168 10156 10157 10158 10159 10160 10161 10162
7514,11366 14404 0 10166 10154 10155 10156 10157 10158 10159
7515,11366 0 10168 10156 10157 10158 10159 10160 10161 10162
7516,11366 14404 0 10166 10154 10155 10156 10157 10158 10159
7517,11366 14404 0 10166 10154 10155 10156 10157 10158 10159
7518,11366 4027 0 10167 10156 10157 10158 10159 10160 10161
7519,11366 0 10168 10156 10157 10158 10159 10160 10161 10162
7520,11366 5267 10166 10154 10155 10156 10157 10158 10159 10160
7521,692 11366 14486 0 10167 10156 10157 10158 10159 10160
7522,11366 0 10168 10156 10157 10158 10159 10160 10161 10162
7523,11366 0 10168 10156 10157 10158 10159 10160 10161 10162
7524,11366 5266 10166 10154 10155 10156 10157 10158 10159 10160
7525,11366 0 10168 10156 10157 10158 10159 10160 10161 10162
7526,11366 692 0 10167 10156 10157 10158 10159 10160 10161
7527,11366 0 10168 10156 10157 10158 10159 10160 10161 10162
7528,11366 0 10168 10156 10157 10158 10159 10160 10161 10162
7529,11366 5267 10166 10154 10155 10156 10157 10158 10159 10160
7530,11366 0 10168 10156 10157 10158 10159 10160 10161 10162
7531,3055 8369 15062 8370 15061 0 10169 10161 10162 10163
7532,7124 0 10167 10155 10156 10157 10158 10159 10160 10161
7533,14675 3308 8139 0 10155 10156 10157 10158 10159 10160
7534,14578 14825 15029 10166 10155 10156 10157 10158 10159 10160
7535,15029 14668 10167 10155 10156 10157 10158 10159 10160 10161
7536,14577 14576 13513 15277 10168 10157 10158 10159 10160 10161
7537,14163 14668 0 10167 10155 10156 10157 10158 10159 10160
7538,11126 14984 0 10166 10155 10156 10157 10158 10159 10160
7539,7002 15123 15121 0 10165 10155 10156 10157 10158 10159
7540,1332 7580 10154 10156 10157 10158 10159 10160 10161 10162
7541,14391 14163 0 10166 10155 10156 10157 10158 10159 10160
7542,9054 15076 0 10156 10157 10158 10159 10160 10161 10162
7543,739 0 10154 10156 10157 10158 10159 10160 10161 10162
7544,14555 12427 10155 10157 10158 10159 10160 10161 10162 10163
7545,8999 0 10168 10156 10157 10158 10159 10160 10161 10162
7546,14166 9052 10166 10154 10155 10156 10157 10158 10159 10160
7547,14865 59 9260 6836 9227 13884 10129 10169 10159 10128
7548,2739 12014 1620 1617 1622 1621 8048 10157 10158 10159
7549,14166 1374 3906 10166 10155 10156 10157 10158 10159 10160
7550,12545 46 9200 0 10166 10156 10157 10158 10159 10160
7551,7632 8391 8690 0 10169 10158 10159 10160 10161 10162
7552,12878 15279 15278 0 10161 10164 10163 10162 10160 10166
7553,12386 692 0 10168 10156 10157 10158 10159 10160 10161
7554,8123 8459 8121 0 10167 10156 10157 10158 10159 10160
7555,7581 14157 14159 10166 10154 10155 10156 10157 10158 10159
7556,692 0 10154 10156 10157 10158 10159 10160 10161 10162
7557,11126 13388 10715 547 1367 10891 12931 10232 10165 10154
7558,3055 798 0 10169 10159 10160 10161 10162 10163 10164
7559,15067 0 10167 10156 10157 10158 10159 10160 10161 10162
7560,12850 0 10167 10155 10156 10157 10158 10159 10160 10161
7561,10715 10168 10156 10157 10158 10159 10160 10161 10162 10163
7562,857 7141 14143 0 10156 10157 10158 10159 10160 10161
7563,11120 14209 0 10166 10155 10156 10157 10158 10159 10160
7564,14862 14654 0 10166 10155 10156 10157 10158 10159 10160
7565,14654 692 0 10166 10155 10156 10157 10158 10159 10160
7566,12512 4570 3800 8580 15019 11836 6966 917 2016 10164
7567,7784 5846 7057 4135 11347 5447 6705 7065 2875 4138
7568,2253 12976 3321 1033 10162 10165 10164 10163 10161 10167
7569,10513 10514 0 10183 10157 10158 10159 10160 10161 10162
7570,13382 12184 14370 0 10157 10158 10159 10160 10161 10162
7571,11938 139 3916 10167 10155 10156 10157 10158 10159 10160
7572,9204 10711 1834 0 10166 10155 10156 10157 10158 10159
7573,1686 8619 2717 10169 10157 10158 10159 10160 10161 10162
7574,4454 3494 13632 14355 0 10157 10158 10159 10160 10161
7575,7913 12848 10167 10155 10156 10157 10158 10159 10160 10161
7576,7215 4599 13111 9853 2375 0 10166 10157 10158 10159
7577,3223 715 8837 7820 1869 11623 1686 11957 3504 7270
7578,8474 4426 91 7128 7122 9928 2198 15002 9284 12054
7579,3730 3374 4780 9107 13053 10157 10158 10159 10160 10161
7580,5149 2546 2527 0 10167 10156 10157 10158 10159 10160
7581,4999 11240 12189 163 2521 10169 10159 10160 10161 10162
7582,11325 6742 3415 3674 1001 7062 2374 10165 10164 10163
7583,12624 4652 12625 9110 10161 10166 10165 10164 10163 10162
7584,5278 3160 64 9923 3461 9159 7762 4235 46 2538
7585,9269 6135 9553 14954 0 10166 10156 10157 10158 10159
7586,2535 9891 6134 2185 12295 0 10165 10156 10157 10158
7587,10552 6204 4832 4324 6205 9985 12974 5587 6248 9425
7588,5628 12172 0 10154 10156 10157 10158 10159 10160 10161
7589,3314 1507 9441 9601 0 10166 10156 10157 10158 10159
7590,1995 9246 3811 10169 10157 10158 10159 10160 10161 10162
7591,4718 1541 4713 8274 14377 10159 10160 10161 10162 10168
7592,7324 14159 1131 3395 5513 10159 10160 10161 10162 10168
7593,14578 15028 12877 0 10166 10155 10156 10157 10158 10159
7594,739 11255 6676 7491 0 10163 10167 10166 10165 10164
7595,8057 10813 2979 13366 0 10165 10155 10156 10157 10158
7596,167 5419 476 6579 9309 3222 6832 2761 3370 2764
7597,14391 796 5545 0 10167 10157 10158 10159 10160 10161
7598,6097 1649 9743 3033 12305 3713 1059 5048 3103 3345
7599,2441 12944 15042 0 10167 10156 10157 10158 10159 10160
7600,2495 5209 11970 10168 10156 10157 10158 10159 10160 10161
7601,15280 2609 0 10167 10155 10156 10157 10158 10159 10160
7602,3157 5346 4282 7695 0 10165 10164 10163 10162 10160
7603,4687 4688 4132 1153 10183 10159 10160 10161 10162 10163
7604,12110 3582 2563 1018 1090 10165 10169 10168 10167 10166
7605,4020 6437 7247 7681 10156 10157 10158 10159 10168 10160
7606,5219 1698 619 7439 10019 8872 11834 3253 7512 1446
7607,12761 2442 12760 4589 9879 4590 967 966 9880 0
7608,10978 5304 10222 1130 10223 10165 10164 10163 10162 0
7609,87 9815 2574 0 10169 10158 10159 10160 10161 10162
7610,4902 12280 2063 1042 1083 3848 8515 10236 10154 10239
7611,10257 13950 7571 0 10164 10154 10155 10156 10157 10158
7612,8708 15245 15116 3222 4788 14120 4127 10163 10164 0
7613,10095 14458 1859 13737 0 10156 10157 10158 10159 10160
7614,15281 14141 1044 10166 10155 10156 10157 10158 10159 10160
7615,1155 1723 1721 0 10169 10158 10159 10160 10161 10162
7616,625 8704 176 5507 2508 6596 5016 8995 784 10167
7617,14383 693 11403 10153 10155 10156 10157 10158 10159 10160
7618,2586 6032 457 0 10155 10157 10158 10159 10160 10161
7619,6799 4661 4659 4658 2615 10165 10168 10167 10166 0
7620,10715 14702 10167 10156 10157 10158 10159 10160 10161 10162
7621,8150 1709 2880 0 10169 10158 10159 10160 10161 10162
7622,9610 8999 1287 0 10167 10157 10158 10159 10160 10161
7623,7559 3235 4906 7326 4901 4903 1371 3234 12140 116
7624,13412 10549 11874 9925 10890 9898 7461 2491 13724 1496
7625,13333 405 1323 10160 10165 10164 10163 10162 10161 0
7626,8857 12043 10389 10155 10156 10157 10158 10159 10160 10161
7627,12376 10246 2014 12757 9084 10157 10156 10155 10165 10159
7628,6353 2815 2743 14879 2742 11548 14662 8835 10160 10159
7629,11407 6483 8605 0 10167 10156 10157 10158 10159 10160
7630,275 3398 8558 7483 334 3826 593 7286 10165 10164
7631,3149 9316 4437 8748 0 10169 10159 10160 10161 10162
7632,7272 7402 9689 10154 10156 10157 10158 10159 10160 10161
7633,293 476 4765 11014 1999 4664 947 6102 12462 8552
7634,6114 2520 1302 13752 2962 9321 10163 10165 10164 10161
7635,2139 3328 5386 437 10166 10165 10164 10163 10162 10161
7636,12618 13067 9575 4715 10978 14779 4584 10162 10165 10164
7637,15282 1650 0 10166 10154 10155 10156 10157 10158 10159
7638,504 1646 8403 871 806 5853 10166 10157 10158 10159
7639,3055 0 10168 10157 10158 10159 10160 10161 10162 10163
7640,2550 7243 7238 0 10155 10156 10157 10158 10159 10160
7641,4726 6434 2472 0 10168 10157 10158 10159 10160 10161
7642,7149 3338 6648 6375 3905 2158 4007 3812 12449 163
7643,219 1454 625 7417 1477 6373 3026 10473 3307 3207
7644,13304 12977 10181 10154 10155 10156 10157 10158 10159 10160
7645,14259 5828 3494 9946 6863 10156 10157 10158 10159 10160
7646,4881 7319 0 10168 10156 10157 10158 10159 10160 10161
7647,6369 5817 10066 11298 4902 6306 12127 10162 10165 10164
7648,585 1885 4762 11949 14158 10156 10157 10158 10159 10160
7649,1406 6638 585 2653 3190 4241 1170 10165 10181 10157
7650,10430 11377 1160 0 10168 10157 10158 10159 10160 10161
7651,5134 8317 6408 0 10168 10157 10158 10159 10160 10161
7652,12627 3486 9421 0 10167 10156 10157 10158 10159 10160
7653,8376 7208 0 10167 10156 10157 10158 10159 10160 10161
7654,1201 3254 6516 0 10167 10157 10158 10159 10160 10161
7655,728 8644 4307 6453 8667 10161 10165 10164 10163 10162
7656,10240 826 6053 9470 7956 887 10130 10156 10158 10159
7657,11059 0 10153 10155 10156 10157 10158 10159 10160 10161
7658,7069 6245 12908 12895 10166 10155 10156 10157 10158 10159
7659,9214 12653 6228 4375 13538 14890 0 10164 10156 10157
7660,5577 170 7001 0 10156 10157 10158 10159 10160 10161
7661,4324 9905 3629 3343 11155 6380 10168 10159 10160 10161
7662,11347 2372 2369 0 10166 10155 10156 10157 10158 10159
7663,8188 3362 3705 6954 10167 10156 10157 10158 10159 10160
7664,3226 7460 9587 794 4220 1213 0 10165 10167 10166
7665,8368 161 9802 12813 8499 166 5362 10178 10180 10159
7666,14688 6581 0 10152 10154 10155 10156 10157 10158 10159
7667,7115 3019 9223 6259 0 10168 10158 10159 10160 10161
7668,2525 6043 8704 6318 6787 7917 7838 3712 10288 3533
7669,7499 12560 11298 0 10156 10157 10158 10159 10160 10161
7670,1354 2869 3001 4060 1826 2881 4134 9194 10199 7425
7671,1519 1095 2763 0 10166 10156 10157 10158 10159 10160
7672,2996 4316 9636 9642 0 10157 10158 10159 10160 10161
7673,73 2675 5436 0 10168 10157 10158 10159 10160 10161
7674,5345 1475 0 10166 10155 10156 10157 10158 10159 10160
7675,8869 15097 13320 14183 4711 13855 10159 10158 10160 10167
7676,4662 2663 13462 0 10168 10157 10158 10159 10160 10161
7677,3637 328 6879 9390 1763 0 10167 10158 10159 10160
7678,3735 43 12077 1081 4138 1280 10275 1719 2377 11347
7679,3055 11045 4878 13077 558 394 10176 10164 10155 10156
7680,546 3103 3300 15243 7138 4637 2721 2366 4313 9285
7681,75 8999 0 10156 10157 10158 10159 10160 10161 10162
7682,11578 1915 9662 0 10167 10156 10157 10158 10159 10160
7683,11313 0 10167 10155 10156 10157 10158 10159 10160 10161
7684,3206 6038 6596 6426 4468 10742 3699 12438 6026 10310
7685,15283 0 10167 10155 10156 10157 10158 10159 10160 10161
7686,5299 5305 9135 4969 10166 10156 10157 10158 10159 10160
7687,2156 8307 70 7461 11739 2509 1090 2205 2563 8500
7688,1840 12131 11567 0 10163 10166 10165 10164 10162 10168
7689,3316 11812 5212 8954 0 10153 10155 10156 10157 10158
7690,6897 7726 1880 2549 10965 10165 10164 10163 10162 10161
7691,3053 3052 3051 0 10159 10161 10162 10163 10164 10165
7692,5075 1457 3211 6381 5089 839 12246 13048 10164 826
7693,1146 1136 1145 1722 0 10165 10169 10168 10167 10166
7694,10651 7324 7325 0 10168 10157 10158 10159 10160 10161
7695,10715 3368 5812 3383 0 10167 10157 10158 10159 10160
7696,15073 3953 14894 0 10166 10155 10156 10157 10158 10159
7697,9800 9048 14112 12865 10413 7698 1755 10127 10167 10157
7698,9191 6364 1777 1826 1008 6705 10179 10157 10158 10159
7699,1532 2822 13201 0 10167 10156 10157 10158 10159 10160
7700,2238 6347 2704 697 1548 5494 1818 434 5866 11738
7701,1806 13012 1483 5415 14419 10161 10165 10164 10163 10162
7702,3403 9490 3407 2216 10985 154 8 3134 2928 9088
7703,7315 5835 121 3835 10167 10156 10157 10158 10159 10160
7704,796 5057 7835 0 10169 10159 10160 10161 10162 10163
7705,11899 2614 5998 0 10166 10165 10164 10163 10162 10161
7706,2774 101 14898 0 10167 10156 10157 10158 10159 10160
7707,1583 4828 6962 0 10166 10155 10156 10157 10158 10159
7708,2574 11874 2576 6896 130 2026 2571 0 10169 10168
7709,13904 9495 2645 0 10165 10155 10156 10157 10158 10159
7710,1367 11954 0 10168 10156 10157 10158 10159 10160 10161
7711,3465 1529 0 10167 10156 10157 10158 10159 10160 10161
7712,2185 1383 10140 10169 10158 10159 10160 10161 10162 10163
7713,7121 0 10167 10155 10156 10157 10158 10159 10160 10161
7714,9366 3779 1529 0 10166 10155 10156 10157 10158 10159
7715,3027 8648 3151 10171 10159 10160 10161 10162 10163 10164
7716,10715 10168 10156 10157 10158 10159 10160 10161 10162 10163
7717,1870 11016 3289 10155 10157 10158 10159 10160 10161 10162
7718,2815 2742 3465 0 10168 10157 10158 10159 10160 10161
7719,3313 3985 843 1454 8451 10163 10167 10166 10165 10164
7720,2745 2742 4515 1529 2614 0 10161 10165 10164 10163
7721,6682 822 820 3372 7840 894 5153 6767 3256 778
7722,3205 5054 12232 768 7681 10163 10167 10166 10165 10164
7723,13380 10071 4035 0 10168 10157 10158 10159 10160 10161
7724,4636 1082 4905 3348 3328 5392 4885 10165 10164 10163
7725,5756 7506 6265 887 1448 5575 1652 7149 13051 3411
7726,3617 3912 15054 0 10157 10158 10159 10160 10161 10162
7727,11028 6432 11808 0 10166 10155 10156 10157 10158 10159
7728,13835 8382 13224 14126 12793 10166 10165 10164 10163 0
7729,15284 0 10167 10155 10156 10157 10158 10159 10160 10161
7730,9207 15084 0 10168 10157 10158 10159 10160 10161 10162
7731,2139 8500 612 10163 10167 10166 10165 10164 0 10169
7732,771 9223 0 10168 10157 10158 10159 10160 10161 10162
7733,13825 475 9216 4797 10177 10176 10155 10156 10157 10158
7734,11535 0 10153 10155 10156 10157 10158 10159 10160 10161
7735,12647 12068 10086 0 10155 10157 10158 10159 10160 10161
7736,7121 8999 15069 823 10159 10160 10161 10162 10168 10163
7737,91 0 10153 10155 10156 10157 10158 10159 10160 10161
7738,228 5613 3970 0 10167 10156 10157 10158 10159 10160
7739,6572 8071 10790 7389 10166 10156 10157 10158 10159 10160
7740,626 10337 5709 4966 5113 15100 10167 10158 10159 10160
7741,7115 11366 0 10166 10155 10156 10157 10158 10159 10160
7742,3019 108 45 0 10157 10158 10159 10160 10161 10162
7743,1072 3575 2139 0 10167 10166 10165 10164 10163 10162
7744,1354 2380 3074 3666 11778 3687 10161 10162 10168 10160
7745,10620 9017 12552 13268 13577 0 10160 10163 10162 10161
7746,15030 5948 10167 10155 10156 10157 10158 10159 10160 10161
7747,3945 227 7552 0 10167 10156 10157 10158 10159 10160
7748,625 12178 0 10154 10156 10157 10158 10159 10160 10161
7749,11720 12108 8669 0 10167 10157 10158 10159 10160 10161
7750,2509 742 5281 0 10167 10156 10157 10158 10159 10160
7751,3008 3007 961 3664 10182 10168 10158 10159 10160 10161
7752,9901 13412 8801 1033 11045 10889 2538 13724 11646 10130
7753,9043 9586 2536 2533 9585 9709 549 10163 10167 10166
7754,10539 97 6898 10019 5314 10166 10156 10157 10158 10159
7755,740 0 10154 10156 10157 10158 10159 10160 10161 10162
7756,1721 1145 14345 0 10170 10159 10160 10161 10162 10163
7757,7513 1457 6031 3811 824 834 4782 10162 10164 10163
7758,2739 4437 380 10155 10157 10158 10159 10160 10161 10162
7759,7512 1690 860 163 796 0 10158 10159 10160 10161
7760,6682 3223 3935 2255 0 10162 10165 10164 10163 10161
7761,1351 4426 10715 7124 8999 13912 0 10164 10163 10161
7762,12822 4863 5412 10154 10156 10157 10158 10159 10160 10161
7763,15110 15166 0 10166 10155 10156 10157 10158 10159 10160
7764,2131 7138 2483 3822 2488 9182 3494 10158 10159 10160
7765,7090 4712 7386 0 10168 10157 10158 10159 10160 10161
7766,11732 3961 10666 10168 10157 10158 10159 10160 10161 10162
7767,15043 1540 15042 0 10166 10155 10156 10157 10158 10159
7768,10379 5281 6898 0 10155 10156 10157 10158 10159 10160
7769,9111 11166 9354 0 10167 10156 10157 10158 10159 10160
7770,12324 994 0 10168 10157 10158 10159 10160 10161 10162
7771,4664 4656 0 10168 10157 10158 10159 10160 10161 10162
7772,5299 3857 0 10168 10156 10157 10158 10159 10160 10161
7773,14163 0 10166 10154 10155 10156 10157 10158 10159 10160
7774,14306 0 10167 10155 10156 10157 10158 10159 10160 10161
7775,11126 0 10168 10156 10157 10158 10159 10160 10161 10162
7776,14163 0 10166 10154 10155 10156 10157 10158 10159 10160
7777,14551 9054 0 10167 10155 10156 10157 10158 10159 10160
7778,739 14555 14852 0 10155 10156 10157 10158 10159 10160
7779,15147 1490 1880 3600 7301 2206 10162 10165 10164 10163
7780,4426 14163 58 12427 0 10168 10158 10159 10160 10161
7781,14166 3021 14929 0 10167 10157 10158 10159 10160 10161
7782,11126 58 15285 0 10165 10164 10163 10162 10161 10159
7783,8999 14851 11045 14560 13015 11718 3471 3960 10171 10170
7784,14899 14701 11478 15285 10154 10155 10156 10157 10158 10159
7785,2026 2146 2544 10167 10156 10157 10158 10159 10160 10161
7786,14345 11340 3414 3413 10750 0 10165 10156 10157 10158
7787,13964 13965 13966 0 10165 10156 10157 10158 10159 10160
7788,8413 13891 2154 15255 10166 10155 10156 10157 10158 10159
7789,12877 0 10153 10155 10156 10157 10158 10159 10160 10161
7790,14166 12513 14427 7115 14867 14931 14930 110 2189 15250
7791,13414 0 10166 10155 10156 10157 10158 10159 10160 10161
7792,15284 0 10167 10155 10156 10157 10158 10159 10160 10161
7793,8999 0 10168 10156 10157 10158 10159 10160 10161 10162
7794,4813 7332 4884 4823 3235 10168 10158 10159 10160 10161
7795,1419 11675 10435 6911 10162 10166 10165 10164 10163 10161
7796,3055 11126 0 10168 10157 10158 10159 10160 10161 10162
7797,13414 14826 13587 0 10165 10154 10155 10156 10157 10158
7798,14163 10715 10167 10155 10156 10157 10158 10159 10160 10161
7799,14108 0 10167 10155 10156 10157 10158 10159 10160 10161
7800,14080 15287 1500 0 10160 10164 10163 10162 10161 10158
7801,5037 14939 14391 0 10154 10156 10157 10158 10159 10160
7802,14555 15288 0 10167 10155 10156 10157 10158 10159 10160
7803,5222 3318 8903 10168 10156 10157 10158 10159 10160 10161
7804,8041 6943 1947 10169 10158 10159 10160 10161 10162 10163
7805,2009 8997 12481 0 10166 10155 10156 10157 10158 10159
7806,4665 7739 8077 0 10167 10156 10157 10158 10159 10160
7807,13195 8467 5347 10167 10155 10156 10157 10158 10159 10160
7808,15129 5929 0 10153 10155 10156 10157 10158 10159 10160
7809,11368 4653 2804 11370 4663 4660 4650 10160 10161 10159
7810,4426 13016 0 10153 10155 10156 10157 10158 10159 10160
7811,13753 3403 10124 10237 10166 10154 10155 10156 10157 10158
7812,14559 7124 0 10167 10155 10156 10157 10158 10159 10160
7813,13193 10930 12060 0 10165 10155 10156 10157 10158 10159
7814,9801 856 12308 10168 10156 10157 10158 10159 10160 10161
7815,3465 8904 14324 2820 11122 10162 10165 10164 10163 10161
7816,14826 0 10167 10155 10156 10157 10158 10159 10160 10161
7817,2585 1381 5278 10265 9284 2497 10162 10165 10164 10163
7818,14555 0 10153 10155 10156 10157 10158 10159 10160 10161
7819,7124 53 14578 12877 10165 10164 10163 10162 0 10167
7820,14824 58 0 10155 10156 10157 10158 10159 10160 10161
7821,13412 8872 10156 10157 10158 10159 10160 10161 10162 10163
7822,3237 12325 4736 3234 7332 7564 124 150 7561 2566
7823,53 0 10168 10156 10157 10158 10159 10160 10161 10162
7824,1316 10158 12336 10168 10156 10157 10159 10160 10161 10162
7825,15289 11045 14700 10164 10153 10154 10155 10156 10157 10158
7826,9306 13798 13640 10166 10154 10155 10156 10157 10158 10159
7827,13587 8370 15061 8369 15062 10167 10157 10158 10159 10160
7828,4416 2876 1826 3843 0 10168 10158 10159 10160 10161
7829,6364 1826 0 10167 10156 10157 10158 10159 10160 10161
7830,1081 13755 1392 5064 494 10364 10157 10158 10166 10160
7831,3405 10123 13310 10166 10155 10156 10157 10158 10159 10160
7832,15290 10168 10156 10157 10158 10159 10160 10161 10162 10163
7833,7760 7322 975 0 10168 10157 10158 10159 10160 10161
7834,7128 1367 13891 15276 0 10165 10164 10163 10162 10161
7835,6791 3055 4820 0 10169 10158 10159 10160 10161 10162
7836,3471 14550 0 10166 10155 10156 10157 10158 10159 10160
7837,2209 88 2191 10155 10156 10157 10158 10159 10160 10161
