user_id,recommendation
0,21 24 1 20 17 2 7 23 22 13
1,39 31 38 37 33 35 36 32 30 34
2,94 92 80 76 79 77 50 57 60 82
3,157 132 145 140 162 151 155 168 166 172
4,192 204 203 202 205 195 200 197 207 194
5,221 223 222 212 224 219 218 220 217 216
6,229 230 231 232 3862 2829 13950 7568 13988 5638
7,246 240 250 249 245 247 236 243 242 248
8,258 257 256 14986 4385 10616 14417 13371 14483 5920
9,262 264 261 263 1556 4381 13709 11774 4023 1263
10,274 273 271 269 272 270 268 14061 14059 14060
11,279 280 277 278 14959 11237 3994 6345 183 13640
12,285 133 293 292 286 294 284 291 290 282
13,321 313 303 327 307 319 300 320 335 326
14,351 349 339 350 346 341 343 344 342 340
15,355 356 354 12532 12531 12533 12382 12046 4571 8493
16,359 360 15258 361 14333 15094 1532 2820 14524 2742
17,365 364 363 10905 7583 10904 12829 8307 9540 7300
18,367 368 13198 13197 13199 7999 4806 12766 1347 1648
19,377 389 388 383 372 387 385 382 381 384
20,393 401 398 397 402 394 395 396 399 400
21,405 404 2820 1166 403 1323 1535 1532 12426 2742
22,411 296 409 410 7767 7293 11113 7534 7537 7535
23,497 498 474 446 470 501 458 441 480 444
24,535 533 537 530 531 532 534 536 526 538
25,545 544 549 548 547 543 539 51 546 542
26,557 558 556 553 552 554 555 13077 6709 14532
27,574 566 564 565 571 573 575 562 568 570
28,323 577 583 578 582 579 580 581 712 13044
29,592 600 599 598 83 597 593 596 594 595
30,615 610 623 628 614 619 606 626 620 613
31,169 634 14297 8074 149 466 165 5984 2960 712
32,642 639 643 644 645 638 641 640 636 14853
33,650 649 648 3288 11812 3359 2484 2494 1160 2482
34,659 658 657 466 656 653 288 654 661 660
35,667 666 665 3479 5838 2350 7760 7483 10245 11291
36,669 5105 5104 5103 5102 5101 5100 5099 5098 5097
37,672 671 670 10090 10089 10091 12657 10088 5686 10074
38,706 708 682 701 709 692 690 693 707 681
39,720 719 721 718 5090 5092 5093 5094 5095 5096
40,584 726 730 731 733 732 728 723 725 729
41,833 829 767 755 793 776 800 828 819 812
42,884 886 882 869 874 881 868 865 885 876
43,897 899 898 5091 5093 5094 5095 5096 5097 5098
44,905 900 903 906 904 902 901 12838 7740 10322
45,962 963 958 965 915 973 977 927 933 916
46,1002 1011 999 1001 1004 1007 1005 1003 1009 1008
47,1063 1032 1015 1040 1086 1058 1082 1072 1078 1053
48,1115 1107 1113 1114 1112 1110 1108 1111 2914 1109
49,1119 1121 1123 1120 1122 1125 1124 8021 5244 9393
50,1130 1131 1128 1132 25 9610 1129 14159 5513 7467
51,1142 1139 1137 1149 1157 1147 1155 1150 1151 1141
52,1160 1161 1162 10542 1501 7286 4901 11151 3280 164
53,1166 1165 23 1168 2820 1167 2742 14953 3464 13200
54,1174 1172 1173 1171 12985 11983 10644 3854 7293 3616
55,1170 1180 1178 1179 626 358 1177 4966 7376 2653
56,1184 1185 1183 9858 9865 9864 9863 9860 9862 9859
57,1210 1199 1205 1197 1212 1214 1187 1211 323 1213
58,1224 1228 1221 1223 1220 1226 1222 1227 904 1225
59,467 1232 1231 1233 1234 1230 1229 14287 10301 3473
60,686 687 1239 1238 1242 466 1241 873 3811 476
61,1245 1244 1246 6291 6292 6272 6283 6275 6287 6273
62,1248 1249 1247 2754 2753 5428 3751 4512 18 12555
63,1255 44 1252 1256 1253 1254 1251 13100 13099 987
64,1264 1260 1262 1266 1263 1265 1261 1259 9292 6096
65,1277 1279 1278 1081 1281 1280 1274 1275 1276 1270
66,1287 1285 1286 2798 9273 10541 9610 11739 8273 11975
67,1292 1291 337 1289 1290 3970 3968 3969 3228 3967
68,1299 1303 1297 705 1302 1300 1296 1301 1295 1304
69,1310 1312 1309 1308 1307 1313 1311 1306 1305 3859
70,1319 1316 1317 1315 1314 6362 1318 1778 1320 1779
71,1323 1325 1324 405 2820 2614 2742 12426 3465 11052
72,1331 1329 1330 1328 1327 10731 1531 6730 586 11076
73,611 1333 15254 14905 14914 118 1618 10421 383 10893
74,1340 1337 1339 1338 1336 254 1335 4514 4516 5675
75,1343 426 1283 8508 12313 7753 12314 1742 11284 12316
76,1346 1345 2277 11857 13955 10782 2283 2292 8787 2276
77,1350 1351 1348 1349 10715 13606 13607 15273 15274 13912
78,1354 1355 1356 1357 1353 4141 2369 4144 4143 2378
79,1364 1359 1362 1363 1361 1360 1365 57 980 10489
80,1367 1368 1371 1369 1164 1370 15276 8999 3237 9972
81,1375 1379 1381 1376 1374 1380 1377 55 1378 1373
82,1429 1438 1408 1435 838 1425 1415 1413 1431 1388
83,1462 1465 1464 1395 1463 1461 11946 1466 5901 5914
84,1469 1468 1470 1473 1471 1472 13108 7857 15159 14444
85,1485 1483 1491 885 1487 1489 1490 1488 1484 1486
86,1501 1503 1500 1498 1499 15287 1502 1161 3280 3727
87,1509 1507 1508 13827 3314 7122 7117 9601 6142 1588
88,1513 1514 1512 9443 6181 9227 2432 10716 6246 4782
89,782 419 773 1516 1517 149 14443 747 2064 5683
90,1523 1522 1521 11401 14847 7233 11402 11690 11403 3428
91,1532 1526 1533 1531 1529 2614 1530 1534 1527 1525
92,1539 1538 1541 1540 1542 1536 1537 15043 15042 3663
93,1545 1546 1547 3127 7463 11706 2018 11705 7483 12841
94,1551 1550 1552 3473 2018 7463 3210 287 794 478
95,1559 1556 1557 1558 1554 1555 14167 12236 14101 14836
96,1563 1562 5107 5106 5105 5104 5103 5102 5101 5100
97,1581 1577 1583 1576 1578 1582 1575 598 1579 1580
98,1594 1593 169 1592 1590 163 1591 685 686 12988
99,1599 1598 1597 1609 1617 1607 1601 1616 235 1615
100,1627 1628 14711 8411 11405 5103 5102 5101 5100 5099
101,1631 1632 1629 1630 9190 12838 8007 7658 8027 9189
102,1636 1635 1634 13721 11714 13361 15167 13306 1637 14451
103,43 1650 15282 1645 1649 1643 1642 1648 879 1647
104,1655 1656 1654 11309 437 5384 2438 5155 9682 5701
105,1660 1659 1658 15096 12494 13552 3977 11720 8616 1328
106,1662 1664 1663 9810 1665 2438 6623 1939 6162 11567
107,1668 1667 6803 12212 12909 8958 8225 11405 811 7705
108,1678 1675 1677 1673 1676 1672 1674 1671 11101 10189
109,794 1690 860 489 1686 1688 1689 1687 14260 1684
110,1695 1694 1699 1697 1087 1698 1696 1693 14547 11961
111,1717 1708 1718 1706 1722 1145 1136 1703 1725 1150
112,476 478 1734 1732 14548 1733 466 10517 794 3222
113,1737 1280 1063 1736 1081 3539 8294 3530 8738 1050
114,1742 1741 1740 11253 7017 2801 7687 5230 5231 5232
115,1746 1748 1747 342 1744 1745 1938 13888 5675 12611
116,1750 196 573 11830 1068 8984 5046 574 5458 566
117,1515 1764 1761 1762 1757 1758 1763 1754 1760 1759
118,1770 1773 1776 1136 1774 1772 1775 1771 1724 2893
119,1782 1785 1781 1786 1784 1783 873 12429 686 8577
120,1790 1794 1788 1792 1791 1793 1789 1787 10000 12529
121,1801 1799 1800 1802 1796 1798 1199 1197 1797 12814
122,1818 1817 1813 1807 1815 1816 1814 1811 1048 1812
123,1826 1821 1822 1827 1825 1823 3843 6364 2869 1824
124,1833 1835 873 1834 1831 1832 10182 1830 14121 6176
125,1842 1843 1849 1841 1853 1857 1851 1850 1855 1844
126,1863 1864 1862 1858 1859 1861 1011 1860 7469 12206
127,1869 1868 1867 10542 4815 1162 3237 4901 88 3504
128,1263 1872 1873 4023 13407 13774 13773 10150 12550 4841
129,1877 1875 1876 2755 11601 2309 3811 7518 7998 11600
130,1880 23 6868 1879 15147 2739 14953 13129 1291 2509
131,1885 1884 1882 1883 9026 12997 8323 13532 14158 5327
132,1611 1888 1887 13662 8822 673 14623 5491 2990 13759
133,1891 1894 1893 1896 1113 1895 1892 13630 6616 3088
134,868 871 1901 1390 1900 1570 857 1239 115 1899
135,1907 1908 1909 1904 444 1905 1906 5674 9763 1903
136,1915 1916 1914 1913 7358 11777 11578 1003 9665 9662
137,1918 1919 9904 1640 9282 7726 2559 2522 2493 9920
138,1930 1921 1922 1929 1923 1924 1926 1928 1935 1933
139,1944 1941 1943 1942 1940 506 8206 8204 2162 13141
140,902 1946 1945 1896 33 11686 12892 13416 1046 7892
141,1955 1956 1953 1884 1951 1954 1950 1949 1952 10721
142,806 1977 1959 600 1976 1974 1973 1975 803 1970
143,795 1219 1986 794 7516 2933 1985 9390 13884 3033
144,1989 1990 1991 10912 7143 7144 3764 2689 7145 1766
145,1997 1996 1994 1995 1044 15281 1993 12949 2668 11095
146,2005 1263 2006 2003 2004 2000 2001 2002 260 4023
147,1303 1354 1357 2009 2011 2010 2014 2013 2015 14681
148,2023 2030 101 2020 1093 2031 2028 2022 2021 1686
149,2039 998 2041 2040 2037 501 2034 2038 2036 2035
150,2047 2050 2055 2054 2056 2053 2052 2051 2045 2046
151,2058 2061 2059 2060 6327 12200 3671 12051 3213 10350
152,2064 2063 1079 419 875 2062 5499 14130 12280 4978
153,2073 2072 2074 2075 2077 2076 631 1692 2071 2067
154,2085 2084 2083 1367 12711 15276 12710 722 11370 4663
155,2086 2093 2092 2091 2090 2087 2089 2094 1578 2088
156,2100 788 484 2101 2102 2103 2104 2007 2097 2099
157,2116 2115 2113 2112 2114 2109 2111 2110 14888 12569
158,2143 2149 2131 2142 2150 2144 2125 618 2147 2146
159,466 2167 2168 2166 1902 2161 2160 873 2164 6602
160,2171 2176 2178 2177 2179 2173 2183 2172 2181 2180
161,2196 2199 374 2033 2198 2197 2190 2195 2191 1426
162,2243 2245 2227 2242 2241 2238 306 2236 2230 2208
163,2256 2257 453 10183 7946 6118 765 14275 7515 12306
164,1987 2260 2259 7080 8064 8062 3413 9294 7041 12297
165,169 2261 1902 466 149 5984 2960 165 712 171
166,720 719 721 718 5090 5092 5093 5094 5095 5096
167,2264 2265 2266 2267 12941 6749 240 4848 11469 3651
168,2283 2272 2285 2292 2281 2275 2273 2280 1346 2286
169,2300 2298 2299 2297 2035 3927 12639 12638 2302 10201
170,2320 2315 2310 2314 2318 2317 2319 1381 2305 2321
171,873 2328 2327 3973 686 1079 3676 6650 217 9992
172,2352 2353 2355 2348 2350 2351 2340 65 2354 2349
173,2363 1088 2362 7968 2249 780 9993 7118 8993 5824
174,464 788 1481 2366 2005 794 10499 476 1489 466
175,2375 1354 2371 2373 2369 2374 2372 2370 1357 1778
176,2386 2398 2384 2396 2383 2389 2390 2388 2385 2387
177,2403 2401 2404 2402 526 14641 12899 4421 11941 13342
178,2406 5105 5104 5103 5102 5101 5100 5099 5098 5097
179,476 2408 480 738 466 2407 794 478 14897 464
180,2433 2434 2435 2429 2430 2419 2410 2431 2432 2423
181,2441 2443 2442 977 4590 12761 2988 967 12760 4589
182,2448 2446 268 2447 2445 13636 176 879 13637 7915
183,2449 2451 2450 9292 1262 6096 5670 6943 1264 8993
184,775 780 455 2156 2462 331 2367 2460 2461 2459
185,871 1047 1901 2030 2465 8403 2145 2466 868 879
186,2475 2472 2474 2469 2470 2473 2476 2471 1164 9972
187,2524 2537 2534 2544 2508 2153 2552 2204 2511 2558
188,2577 2578 12305 6097 8668 9743 3713 3033 1649 1059
189,2582 2583 2581 2580 1621 2579 1757 10633 11931 1622
190,2586 2589 2457 2588 1521 1238 2587 1282 10931 7054
191,2598 2596 2594 2593 2591 2595 2597 2592 15182 15202
192,2603 2601 2602 10345 10346 10344 2042 717 1801 12814
193,2605 2604 12485 6799 4658 4659 14402 10836 4647 12740
194,2609 15280 2608 2607 6106 7960 2653 3624 5950 10134
195,2611 2612 2613 2610 9426 1129 9813 9814 8212 10036
196,1729 2618 2620 1730 2619 2623 2622 703 2621 369
197,2626 2625 10144 15140 15139 10287 10481 15137 13594 15138
198,2630 2628 14067 2629 13646 4315 997 7339 8484 5820
199,2635 2221 2634 2632 2633 1173 10560 1174 5850 5364
200,2646 2640 2639 2642 2643 2647 2648 2644 2649 2645
201,2651 2655 2296 2657 1204 2650 2656 2652 10094 2293
202,2666 1635 2663 2662 2665 2664 4056 4059 8214 13721
203,2671 2672 2673 2670 2669 3849 5339 3851 9287 5338
204,2713 2714 2710 2681 2685 1761 2693 2678 2708 2696
205,2724 1840 2725 2729 2723 2728 2726 2727 7802 6598
206,2735 2734 2733 1687 7955 10507 10931 8837 6166 5987
207,2741 2742 2743 2738 2740 6996 6416 10207 1165 2614
208,1247 2754 2751 2753 1815 2752 807 2750 2748 138
209,2770 2776 2777 2779 2760 2774 2778 1452 2025 772
210,2788 2803 2801 2797 2787 2794 2795 2804 2786 2800
211,2812 2813 2811 8430 7224 10189 10190 7748 1857 13485
212,2820 405 2819 1166 1535 2817 2818 2816 2742 2815
213,2827 1626 2826 2825 7644 3748 7645 8294 226 7151
214,2835 2834 2829 2833 2836 2832 2831 2830 2828 13699
215,2839 2840 2841 9384 1360 9377 9379 9386 9376 9378
216,2861 2854 2844 2862 2853 2850 2855 2858 2847 2857
217,2869 2871 2875 2876 2870 2873 2874 2872 7818 1826
218,611 10421 11936 11939 11937 15020 11938 9955 11230 383
219,2893 2881 2882 2883 2875 2888 2887 2892 2890 2880
220,2910 2909 2908 2895 2906 2905 2899 2907 2898 2903
221,2925 2927 1747 2926 2917 2916 2918 2924 2922 2921
222,2938 2933 2939 2935 2937 2936 2934 2932 2759 3678
223,2943 2944 5265 5174 2013 4021 8965 1947 4274 9089
224,1328 2951 1660 2948 0 2950 61 2199 1879 2945
225,2959 2960 2961 2958 482 2957 2956 13850 2955 10730
226,2972 2970 2975 2978 2973 2974 2967 2965 2968 2966
227,74 2986 2985 8561 8562 3031 6823 10767 5415 8979
228,2987 2719 3684 1317 9886 4687 10494 7453 7611 6961
229,2988 2989 2442 31 8813 4590 8814 2443 4589 2441
230,625 2993 10492 2992 2257 1056 2991 13796 14728 12178
231,3002 2996 1321 2997 3001 3000 6363 4316 1320 1778
232,3008 3007 58 3011 3009 3012 3010 3005 3006 3004
233,3016 2024 1569 3015 3711 10462 10369 3014 11174 10424
234,3018 3019 2029 2131 114 11586 105 3213 11405 2548
235,2225 3023 3024 6378 14878 9877 298 3584 8198 12974
236,3032 3038 3034 3037 3039 1653 3029 3031 2318 3027
237,3043 1752 3044 2560 5070 13585 12404 11230 1751 2270
238,3046 1529 3045 2614 2820 9366 13578 12426 5998 4514
239,3048 960 3047 6377 10487 2217 4725 2785 2117 7212
240,3059 3058 3057 3056 3053 3054 3051 3055 3052 15063
241,3068 3064 3065 3066 3067 12900 8735 7849 13166 11401
242,3072 3071 3069 5690 3070 14072 12209 9850 7073 8437
243,3078 1314 3076 3075 3080 3081 3082 3083 3079 1001
244,1893 3088 3089 3086 3087 11744 11709 1895 11743 1891
245,3093 3092 106 10282 14843 14351 1257 1332 14703 4558
246,3094 13572 2869 5778 9439 10098 4597 8164 6847 3001
247,1684 3102 879 3101 500 2926 2236 3100 3099 3097
248,3107 3106 11107 11104 11103 11106 11100 1722 3003 8152
249,3114 3115 2692 3112 2293 3113 3111 1097 3108 3110
250,3118 11152 13666 13267 6069 6617 2731 9213 8846 11475
251,3127 205 3123 3128 3125 2945 3126 203 2649 3104
252,3166 3172 2603 3155 3171 3150 3137 3167 3174 3168
253,3204 3208 3205 1976 3207 3206 2208 467 1684 3198
254,3215 3222 478 466 1646 3223 163 14548 744 1071
255,3227 3229 3232 3230 3231 3233 3234 3228 909 1298
256,3240 3243 3019 3242 243 3244 3241 705 10797 11260
257,3141 15031 4712 11868 14408 12503 12783 12150 10160 11046
258,2709 3255 3254 3253 3248 3252 3251 784 3250 3249
259,3262 1311 3261 3259 14932 3263 3260 11627 5195 11747
260,3266 3267 3268 13824 6698 1499 11477 488 8403 10884
261,3271 3270 2794 3269 3272 5740 9320 3955 9305 6872
262,3324 3281 3334 3363 2048 3330 3349 3331 1162 3339
263,3388 3387 10051 2280 8884 13987 5402 7706 3411 14173
264,3390 3389 7617 4143 5458 11713 1486 10636 1584 1652
265,555 3394 3392 3399 3400 3393 3401 3403 1537 2959
266,3408 3407 10796 2174 51 4785 2187 3406 9402 3891
267,3412 3411 3410 13210 9713 13211 12990 1448 5575 4270
268,673 3413 3415 1887 3414 14345 11340 10750 8822 7080
269,3419 3418 3417 8301 4769 4925 323 4973 7701 2408
270,3421 3425 3424 3423 3422 2908 3426 1938 10118 14265
271,3428 3429 3427 9256 1119 4350 5743 9393 12155 13405
272,3431 3430 3434 3432 3433 3435 14739 943 5105 5104
273,3436 5105 5104 5103 5102 5101 5100 5099 5098 5097
274,3441 4 1390 1389 2221 3438 3440 3439 7955 5850
275,3451 3448 3447 3450 3446 3445 3449 4723 8320 6403
276,3452 5105 5104 5103 5102 5101 5100 5099 5098 5097
277,3460 1099 343 1445 2156 14125 3459 661 12491 3457
278,2614 3465 3464 3463 2820 13578 1166 13731 2742 11052
279,3467 3466 2537 4174 12285 3695 3879 8950 12097 4865
280,3471 3469 3470 14550 14560 14851 6925 13015 11230 11718
281,3210 3473 1550 3472 1982 2750 3017 2790 14743 7043
282,1201 128 3479 3477 3049 3478 666 31 323 7483
283,3481 3480 8244 8646 1703 3482 8645 14155 1882 13002
284,3484 3084 3483 1720 3083 7101 12733 11056 13375 13374
285,3321 1978 3487 12976 2253 3283 7299 1033 7104 8083
286,3491 3489 3490 13776 13778 11611 13777 8115 9454 9453
287,3496 198 3505 3504 3500 3499 3502 3498 3493 2469
288,3510 3513 3512 3511 67 10840 9656 10530 2412 2195
289,2781 3518 3517 3186 3519 2750 3515 3516 3514 760
290,3541 3542 3537 3540 3523 3535 194 2357 3543 3538
291,3551 3242 3556 3557 1514 3552 3553 3555 518 3550
292,3564 3565 3568 3569 2086 3562 3566 3563 3567 3570
293,3576 770 3577 3575 3574 1875 13369 11588 786 9227
294,3579 876 9254 3578 994 12670 12324 11090 11977 12329
295,3585 3588 3584 3587 3586 3581 3582 3583 2233 13337
296,3592 3590 3593 3198 3591 11089 5798 8818 8779 6398
297,2738 3599 3595 3598 3596 42 3594 3597 11960 734
298,1765 3609 3605 3608 1868 3610 3603 3606 1019 233
299,3616 3615 1171 3617 1174 14955 14393 12558 15108 8020
300,3628 3625 3626 3630 3636 3638 3627 3631 3639 3640
301,2422 3647 3661 2421 3655 3591 3659 3656 2414 567
302,3667 3666 1007 7065 7078 3074 9536 1003 11626 11778
303,3671 3672 3669 3670 2060 4070 7625 4065 4067 10350
304,3677 3687 3684 3685 3688 3680 3683 3686 3689 3691
305,231 3707 3708 3706 3705 3700 3703 3702 1972 3699
306,3717 3716 3138 968 3714 3715 15099 11848 5116 13609
307,3721 3722 9078 9077 1536 9076 9079 11363 8215 1128
308,3737 3115 3736 3740 3741 2692 3734 3732 1983 1066
309,3749 3748 3750 1080 2826 1112 1943 3745 3747 3454
310,3754 500 1435 3753 1667 11014 11284 3755 4840 8562
311,3758 3757 3759 3764 3763 1050 1098 1278 3761 2682
312,3771 3772 3770 3769 11711 3767 14693 14393 3768 10669
313,3776 3783 3778 3780 3781 3784 3775 3786 3779 3777
314,3792 3790 3791 7631 9093 4230 15147 4669 1624 739
315,476 3795 3794 3796 466 794 5333 10323 478 477
316,3798 2430 3799 9116 2434 2433 2435 2429 2431 2432
317,3804 3808 3806 3807 3809 3801 3805 3803 3802 3800
318,3811 884 6812 1101 14893 2309 11149 3810 9604 5502
319,3815 3816 3818 3817 3814 3263 3813 5886 10595 14738
320,3824 3828 3835 3829 1181 3834 3830 3832 3833 3836
321,3844 3843 3845 2767 2876 1826 3516 14105 3842 4416
322,3849 3851 3852 2673 3847 3848 1878 3850 3396 12432
323,399 3407 246 3856 3855 8803 12578 14793 13319 6477
324,3861 230 3862 3863 2830 3859 3860 2831 629 12606
325,3871 3868 3869 3870 3867 3866 30 4989 8498 11094
326,3880 3887 3888 3884 3883 3885 3882 3877 3886 3879
327,3907 3906 3898 3903 2043 3900 3895 3904 3905 3899
328,383 851 3909 2153 996 3252 4519 2859 4759 709
329,3927 3914 3912 3929 2298 3928 3920 3923 852 253
330,3945 3881 3946 873 714 732 3943 3942 3944 7552
331,3952 3950 3951 9014 4468 6187 13358 5285 7939 7805
332,3954 3953 15073 14894 8102 8093 9077 8094 8092 5560
333,1292 654 3968 3970 3228 3967 3961 3969 3955 3956
334,3979 3978 10170 5058 12688 121 9463 1447 10209 12547
335,3982 626 3980 3981 2131 5898 4595 5347 7115 1755
336,3986 3720 3984 3985 14957 11363 5176 14958 509 7984
337,3990 3989 3991 10330 14121 12621 14258 5623 11904 1834
338,1095 3993 3994 1519 183 9443 7430 2415 5265 280
339,3998 3996 10408 3995 3997 10409 11546 1896 7893 5891
340,4005 4007 4003 4008 4006 1811 4004 4000 1817 2332
341,4012 11469 762 3970 4808 1809 6535 5156 4013 11468
342,3945 625 4016 7552 4015 476 227 10359 6833 4014
343,4018 4026 4022 4027 4025 476 2456 179 2739 163
344,4034 4037 4035 4036 3442 13426 1317 4609 13380 10073
345,4046 4047 4043 4042 4044 4041 1372 4040 4045 1051
346,4051 3111 3108 4050 11363 1128 4049 245 11362 3721
347,4054 5105 5104 5103 5102 5101 5100 5099 5098 5097
348,4055 5105 5104 5103 5102 5101 5100 5099 5098 5097
349,4056 4058 4057 2663 13944 5222 13461 12949 13818 13451
350,1778 4060 4061 6362 2375 1319 2371 1320 6363 1321
351,3670 4065 4067 4064 4070 4072 3669 4071 3097 4066
352,4078 4094 4091 3664 4092 4088 1908 1100 4095 4090
353,4100 652 4113 4109 4108 4105 4110 4107 4112 4099
354,4117 4118 203 3040 4116 15050 4120 3498 4119 12763
355,4123 5256 5104 5103 5102 5101 5100 5099 5098 5097
356,4129 4125 4124 4128 3811 4130 807 1684 4127 4126
357,4144 4143 1354 1829 4141 4140 1357 2378 1356 2371
358,4153 4150 4149 3648 4148 4151 4152 9610 13388 14598
359,4155 988 4156 4160 4165 4161 4164 4162 4166 410
360,4168 4173 2108 4170 4172 2982 4171 1123 4169 5788
361,4177 476 794 478 1213 494 14548 4176 797 437
362,4248 4252 2107 4243 4240 4245 1418 4256 4258 4234
363,4273 4275 4274 1176 4272 4809 9823 9448 6944 11733
364,4294 4296 4289 4287 4279 4298 4297 3554 4290 4295
365,4314 4313 4309 4311 4306 4312 4310 4307 4305 4304
366,4321 2910 4324 3730 998 4325 4322 4323 593 4319
367,2820 1866 4329 4330 12534 3846 1166 12426 2742 405
368,4332 2243 4331 5933 11858 11527 2245 9533 3752 2246
369,4335 4333 4334 3994 183 5576 5341 1176 12459 505
370,240 7966 4338 4337 12941 11469 2266 7965 2731 13459
371,4346 4344 2488 3831 2540 3289 3826 4345 4343 4347
372,4350 4352 2305 4351 687 13618 13312 1805 8882 6268
373,4355 4353 4354 6391 873 292 12204 5140 8971 4406
374,2614 618 287 7700 7699 15065 10347 3465 2820 2742
375,1222 4358 282 1938 7936 10001 10323 710 10003 2908
376,4362 4361 12879 10195 7530 1669 6392 13142 4737 4734
377,4363 137 8494 7120 12877 81 7113 447 3510 467
378,209 4251 1568 4365 4364 5858 7955 3453 3185 4238
379,4367 2916 412 2919 4066 10048 15145 14541 10499 2013
380,4376 1764 4373 4371 4374 4375 4377 3920 1798 822
381,4382 4383 1452 4381 12863 4380 14432 14872 14871 7244
382,4394 4390 4393 4412 4389 4391 4410 4408 4400 4392
383,1306 4414 4415 1102 1826 11654 5411 11651 4416 3006
384,4417 4418 10559 10483 8145 1949 8969 1865 8131 9060
385,4433 4435 4432 4434 4431 2832 4421 4429 4424 4420
386,707 4438 4439 4440 13058 5569 10064 10529 12028 5769
387,4445 4444 4443 9435 9700 9705 9710 9708 2790 8816
388,4448 4450 4449 4447 4446 936 13409 13968 11852 5788
389,2686 4453 9521 842 3750 7301 6787 9249 6317 4006
390,1823 4459 4463 4456 623 4458 1927 4462 2866 4454
391,4498 540 4502 542 4495 4489 4479 3922 4485 4486
392,1340 1529 4514 4515 2741 2814 15153 13453 6416 2742
393,827 2569 4517 4519 746 9588 7373 851 4411 13129
394,4528 4525 4520 4526 4529 4530 4522 4527 4524 14266
395,4533 1731 4535 4531 981 4534 4532 12792 955 11792
396,4536 4543 4540 4539 4542 4538 4549 4541 4548 4551
397,1257 3092 4552 4558 4557 3769 4554 4556 4555 4553
398,4564 4565 4563 569 4561 4560 4562 11744 12184 11743
399,4587 4582 4584 4583 4586 1336 4585 4576 4581 2726
400,1322 4604 4605 4606 4133 15238 2881 2875 4401 1721
401,4610 698 10271 7506 563 10272 2000 4277 1404 13536
402,4621 4620 4622 4623 4618 4615 4612 4625 4619 4617
403,4633 559 3639 443 1231 4629 704 2462 116 354
404,4635 3380 2539 4636 2483 4637 1163 1275 7138 3237
405,4659 4658 4660 4650 4646 2615 4648 4655 4645 4656
406,4666 4667 13406 12330 13770 231 10867 7722 11147 2904
407,2556 4669 4668 11566 7438 4561 10151 7704 1410 2506
408,4672 4671 10488 11248 13793 7384 14229 8575 6622 13848
409,4675 5106 5105 5104 5103 5102 5101 5100 5099 5098
410,4679 4685 4680 4676 4681 4683 4682 4678 4684 4677
411,4689 4690 4132 4687 3443 4688 4692 1136 2873 13270
412,807 4376 4492 4129 4125 1764 4130 822 4373 4374
413,4698 4702 1699 4706 4705 4701 4704 4703 4700 4699
414,4712 4711 3121 7386 7090 15097 13320 14183 8869 13855
415,4718 4713 4714 14377 11036 8274 4719 4715 4717 1541
416,4724 4305 4722 2480 11420 137 4723 4720 4721 13958
417,4728 4727 7713 7712 7714 7715 7849 14547 7848 7847
418,4730 5106 5105 5104 5103 5102 5101 5100 5099 5098
419,4735 4737 4734 4733 4738 4739 4361 1193 4732 448
420,4741 4575 4742 8200 3916 14486 8238 13057 6254 5499
421,1296 4743 4077 4877 5041 6874 5846 13209 5992 10630
422,4749 4745 2894 4747 2982 4748 1269 4746 15125 10117
423,4751 4753 4754 4752 4964 2947 15060 15171 5896 4073
424,4759 4756 383 4762 3811 697 4262 3016 4761 3711
425,3097 4766 894 1732 4768 2294 4767 2366 4765 4200
426,4779 4778 3386 1960 4775 4777 4772 4776 4774 4773
427,1513 4782 3525 4781 9443 6181 1457 9227 2432 7513
428,4800 4784 4783 4795 4785 4802 4798 4796 312 4799
429,2362 4810 4811 2363 14520 1088 6848 4726 10505 10504
430,4814 1392 798 4813 184 3397 3219 3398 2607 4812
431,4061 4820 4819 3110 4818 6791 4817 3055 1778 4060
432,4825 4823 3771 4822 4824 4821 4813 4884 7332 3234
433,4830 1083 2751 1060 890 4831 4828 3363 4829 4827
434,4839 538 4840 4835 4841 4837 529 526 4844 14808
435,4852 1751 4854 4853 4850 4861 2262 3044 2579 3262
436,3034 4879 794 4877 2692 1657 2150 2775 136 251
437,393 395 401 402 398 397 394 396 400 399
438,4899 4895 4903 4905 3238 1371 4901 4427 4902 4892
439,3496 4901 4920 2488 4638 4918 4913 4916 2567 4914
440,46 4925 4924 7516 12709 12205 11392 10732 13884 6002
441,3513 46 420 2323 4929 813 4928 6853 4930 235
442,4935 4371 8357 6525 1910 4376 1764 4374 4373 4377
443,4941 4808 4939 4944 4945 4943 2008 4940 4942 4938
444,4950 4949 2770 10914 9458 1476 7832 7041 5660 6970
445,4955 4958 4963 4956 4752 4966 4964 4960 4961 4954
446,3544 3546 4974 3819 4975 3108 4976 4973 1014 1041
447,1369 4982 4990 3359 4986 135 4716 3860 4878 4987
448,4995 4996 4994 3458 12166 8776 2625 386 8854 8199
449,4158 3553 3366 4997 4999 5001 89 4998 5002 11240
450,5006 5007 5005 5009 5008 5010 11146 11783 7659 11781
451,5057 5055 5046 4050 2253 4354 5048 2006 5021 4308
452,5086 5090 2066 1653 5085 5088 5084 5089 5083 5082
453,5098 5096 4729 5097 5099 4384 5100 11481 12420 9349
454,5103 5102 5108 5105 5101 5106 5113 5112 5109 5107
455,5115 5106 5105 5104 5103 5102 5101 5100 5099 5098
456,5122 5121 5116 3245 2703 3151 5120 5119 3167 975
457,5125 5128 5127 5129 5126 5124 9967 9968 11406 9179
458,5160 3129 5154 5071 5142 5130 5162 5150 4326 5158
459,4085 5181 3557 5182 2714 14861 1993 7455 585 4766
460,5185 753 4369 4090 5184 4021 6388 9051 12127 3547
461,5193 4038 5192 5189 5190 1461 1620 5191 5188 12534
462,5197 4465 5196 2699 6097 6498 2705 2600 14423 10464
463,5202 5199 5201 5198 5200 15125 12309 13942 10229 7972
464,5205 5204 4033 1451 12869 12868 6079 14926 11592 5466
465,5214 4979 5213 5216 4976 5219 5217 5215 1271 3831
466,5225 5224 26 7054 5223 7966 12966 2457 9044 10076
467,5230 5231 5232 5228 5229 5227 1740 3449 14305 1741
468,5236 5237 3526 5235 10902 5233 5234 3644 5758 11882
469,5240 5239 5241 5238 5242 5092 5093 5094 5091 5096
470,5248 1119 5247 5245 5244 5243 5246 1379 1121 9393
471,5250 5251 5341 505 13918 4333 4406 7174 6848 4244
472,5255 678 5252 5256 1886 5254 5253 8259 13705 11610
473,1799 5260 1801 2156 15162 15161 5159 2290 4933 1802
474,5265 5174 2944 2013 3993 4274 5264 2657 4021 5263
475,299 1492 5276 5277 5278 5280 4313 5281 3792 5275
476,4273 5282 2268 12479 11712 12432 12017 4596 10455 5447
477,5285 1177 5287 1897 5286 3950 2984 5284 9594 10868
478,5289 5296 5294 2830 5292 5295 4871 5293 5291 4409
479,1994 1367 5311 5310 3019 3136 5307 5309 5306 2492
480,5318 5320 5319 5317 8255 7472 2624 9962 9961 2014
481,5324 467 5322 5323 1391 4224 5321 15092 6002 6824
482,5327 1882 3482 5326 5328 5330 5329 5332 9074 3481
483,5333 3794 5334 2901 1979 11079 15055 9796 10323 6632
484,5339 5338 2673 5336 5337 5335 3849 2671 2672 3851
485,3384 5342 3385 1281 5435 5501 175 5343 5859 6433
486,1533 5344 2824 1532 8526 15096 2744 13926 1165 14324
487,5346 5347 5349 5348 13195 7695 4282 6333 8467 6094
488,5357 5356 576 5358 5355 5352 5353 13024 12597 5354
489,2139 3428 5361 5360 5359 3550 436 9256 1257 3429
490,5375 5377 5373 5371 626 5369 2169 5378 5374 5379
491,5389 5391 3289 5390 2540 5392 5388 8217 5394 5393
492,2101 5396 5397 10572 4091 1568 10142 4188 253 3911
493,5399 12300 1933 12892 12520 5102 5101 5103 5100 5093
494,209 5400 4937 11193 6248 4422 12974 10631 12281 9985
495,685 5401 5402 10781 466 6445 7149 787 4233 790
496,5406 147 5408 5407 5405 5403 5404 10037 7691 14777
497,466 5411 5410 1686 4908 4823 4891 4878 2470 12044
498,5417 1752 3043 5419 5420 711 4228 5416 5415 5418
499,5427 3453 3529 5425 1484 1611 5426 874 5424 5423
500,2422 5428 12036 2421 2414 3661 10224 567 9807 3647
501,5432 5429 5435 3384 5431 5433 11091 5434 5430 4202
502,5442 5443 5439 5446 5441 1721 5440 5444 5445 4407
503,1826 4139 2996 5447 5449 5450 5448 10199 3843 6364
504,3770 5459 5454 1104 5460 5458 5462 1112 5457 5461
505,5466 5467 5463 991 5465 5464 4867 11116 6144 3866
506,5484 5470 5469 5479 5476 5481 5482 1677 5478 5483
507,5490 5488 5489 3042 5082 5487 6689 8074 10304 4183
508,5494 5493 5492 8297 12791 12790 6699 12789 1818 13719
509,5496 5495 5105 5103 5102 5101 5100 5099 5098 5097
510,5502 5505 5499 5501 3909 5503 5498 5504 5497 5500
511,5511 1684 5509 5510 1749 5508 2702 5507 10262 4547
512,5514 5513 5515 5516 15163 14114 1131 14224 13431 14159
513,5518 5519 5520 14581 14424 14204 10163 14222 14380 14379
514,5524 478 4816 5528 5527 5523 14548 660 465 5329
515,5530 5532 5529 5448 5536 5535 1140 5449 5534 5533
516,5545 2758 4340 5544 5548 4766 4031 2774 4201 4364
517,638 344 5556 5555 5558 5557 2795 5554 15265 1254
518,2309 5561 3811 466 2755 1875 774 476 686 478
519,5566 5565 4644 4642 5564 5563 9559 9560 9558 4594
520,5569 5571 1553 5572 5570 5573 879 2669 2445 2192
521,149 5577 5576 5475 169 481 5433 170 466 794
522,466 4925 5580 5579 1690 860 5578 7516 4924 476
523,5582 5583 7670 7488 11341 3193 4120 6103 667 996
524,5591 4478 5589 5590 5585 587 3913 5588 3519 5586
525,5592 1836 5594 5593 7050 7246 4175 13401 11935 11748
526,5605 4747 4750 5604 5603 5601 1940 5600 2905 5599
527,5607 5608 2081 5606 937 5609 6144 13342 932 13629
528,5612 5620 5621 5615 1297 5619 5617 357 5618 2930
529,5626 5628 5627 12172 12310 12068 12649 8626 8637 8636
530,664 5636 5637 5634 1419 134 648 5167 5633 5635
531,5299 3714 3857 5305 9135 3717 4969 14054 12487 8747
532,5647 5644 5649 5648 5646 5643 5659 5645 5650 5654
533,5665 5666 13894 11574 9492 2705 380 4940 1098 10235
534,5671 5669 5667 5670 1773 5668 9665 10214 1917 9967
535,5675 5674 1337 1748 1360 5676 4386 9175 1907 1746
536,5683 177 5682 782 14443 14561 14997 5680 3101 5434
537,642 5685 648 11022 2010 922 5684 643 639 644
538,5687 1011 5688 4132 1861 5447 4688 2887 4134 5686
539,5697 5693 5691 5692 5696 5694 5695 13218 8357 12088
540,5699 5701 5702 5705 5704 5698 5703 1654 5700 2849
541,5713 990 626 5711 5709 5710 569 4668 5712 5708
542,2589 873 5723 5722 5717 5721 2309 686 5720 4765
543,5734 5732 5682 4312 5737 5735 5736 5729 1402 1191
544,2064 5499 3532 2063 1079 8238 4742 13057 419 2062
545,5744 5747 1752 5746 3043 5751 3403 5749 2134 5750
546,5757 5758 5759 5235 8324 553 8323 5236 14733 7249
547,5762 5767 3719 5763 3441 5768 5769 3937 450 5766
548,5772 5774 5773 212 5771 5770 1758 5414 8993 5280
549,5780 5781 5782 644 5779 3028 3038 5777 5778 5775
550,5788 5786 5787 7000 4450 6497 3178 3177 9657 7678
551,3467 4558 5789 1257 3092 4557 11084 3769 4556 9130
552,5792 5791 15025 8307 27 9252 3035 5750 4764 9433
553,5797 5796 5801 4339 5794 271 3137 5800 5799 2857
554,4915 5816 5806 5805 5827 5803 5823 5824 1159 2567
555,5841 5842 5847 5844 1826 5849 4139 5848 2884 5843
556,5850 2221 5851 11982 6930 11981 4728 2444 6726 1076
557,5856 5861 5855 5870 5872 5873 5868 5866 5857 5875
558,2405 5882 3411 5885 5886 5879 5884 5883 3814 5878
559,586 1329 5891 2723 5620 5177 3881 11546 3995 1331
560,2993 226 2736 5894 3342 1075 5893 10492 1760 3286
561,3982 2131 4595 4964 5896 5898 5895 5897 4710 1753
562,1466 5901 5908 1464 1465 5914 5917 5906 5910 5912
563,5933 5930 5936 5939 5949 5924 5948 5935 5944 5940
564,3811 2309 764 5958 5957 420 5961 745 5960 5959
565,5966 1596 5965 5963 5968 2903 5967 5964 5969 3125
566,5580 249 1340 3499 1341 466 618 4925 246 1690
567,280 3699 5974 5980 5975 5978 5977 5979 2754 5972
568,5983 1366 5984 4518 4709 712 169 12590 7846 10581
569,5992 5991 5988 5987 5994 1296 5993 4399 5990 5826
570,2820 2742 5344 2614 5999 6000 6001 5998 1529 3465
571,6002 1957 46 5324 618 3213 7182 578 4452 12205
572,6010 6006 6007 6009 6011 6008 11835 5677 13654 13798
573,4762 6035 6021 6015 6028 1612 6034 2366 1450 5211
574,5073 6050 5072 6051 5065 5067 6049 4366 169 6047
575,1684 5416 6054 1416 6055 5417 5418 6214 7385 286
576,6060 6059 4748 6057 6058 684 6061 14047 14048 10220
577,2133 6064 6063 9276 10061 5517 702 7275 12308 3916
578,4132 4687 4138 4688 1317 1719 1011 3083 7057 1354
579,6069 6068 11412 11411 11413 11414 7640 13631 10024 4709
580,5638 231 6070 13950 230 13406 9190 229 7658 1631
581,6077 6072 6076 6073 202 6074 4350 6075 578 6071
582,6082 6081 6080 7873 7870 7874 7872 3125 7871 7369
583,1732 848 6083 10517 7338 2781 8971 476 2452 7337
584,6092 6090 5598 6093 6091 4207 893 6084 5434 4225
585,5729 14594 6097 6096 1898 2847 14733 8206 8204 9828
586,6099 6101 6100 6102 1883 13809 13975 14795 10057 8757
587,6104 5997 3863 5837 6103 2186 1471 412 13113 5112
588,3556 1239 1238 15085 8879 3557 4 7052 2784 794
589,6112 6113 733 5727 6116 3983 6109 6114 6115 6106
590,6124 6120 6121 6123 6122 6119 12198 2741 11239 7620
591,3222 6003 31 6128 30 6126 665 6129 2959 5
592,1282 1765 6133 6132 6131 6130 4850 2342 12847 2210
593,3938 3029 2680 4695 382 5768 12193 503 3027 10617
594,6136 1374 6139 13003 6137 4903 6138 4890 3906 7563
595,3727 3312 3359 4912 164 1501 11588 3280 2470 1295
596,4830 3602 6142 349 8176 679 3692 8719 5210 1060
597,4458 6145 6144 6524 6525 5463 3533 5607 14533 13725
598,6156 6151 6148 6153 6155 6147 6149 6152 6154 6150
599,6158 11660 614 9314 604 11661 11030 2563 11336 9392
600,6160 6167 6161 6163 5445 6168 6169 1253 6165 1662
601,6178 6176 6177 4000 2772 6175 5396 14419 4128 3308
602,6180 6187 6186 6184 4781 6185 6181 6173 399 4948
603,6195 6196 2470 6197 144 5542 466 140 6199 6200
604,6206 6207 4877 6205 6203 6204 13190 11244 12974 5587
605,6218 6220 6219 1650 3499 6221 4475 6217 1520 806
606,4749 6227 6226 6225 6224 11239 7620 6122 11592 11964
607,6229 6230 6233 6232 6236 6231 213 684 1302 3814
608,6239 6259 6256 6238 6249 2983 6258 6188 5525 6250
609,5452 2151 2296 3876 5801 7499 3824 5229 13567 10124
610,6268 12417 6269 13018 4352 2664 7868 12291 11426 12276
611,994 1673 1712 6271 12324 876 11872 13236 5685 8680
612,6291 6275 6292 6272 6283 6287 6277 6273 1246 6282
613,6293 6294 774 6296 624 6295 4532 8490 466 12406
614,6299 6297 2723 5600 6173 1844 5894 6298 4068 6598
615,4951 5401 2469 4636 3826 4344 295 3371 3378 6301
616,2221 6304 2482 5850 5851 1076 46 466 3298 964
617,6310 3507 3049 6311 6315 6312 3806 6309 6316 4158
618,1577 11392 1564 1565 1576 10732 46 1583 7017 1581
619,1136 6320 6324 5686 4597 5689 6323 10098 1145 1861
620,6331 6328 636 6332 2831 6049 6330 6327 4581 4583
621,6339 5362 6347 6346 644 6345 2689 3342 3943 6337
622,6352 6351 6350 3465 2614 1532 10208 11122 6417 13578
623,2594 917 6354 2598 2596 2593 2595 2597 2591 10225
624,2628 1011 1145 1146 4596 1136 9534 10751 5686 9539
625,318 6358 6357 12640 10264 344 8455 9367 198 38
626,1320 6362 1778 6363 1319 6361 6364 1321 9192 1779
627,2151 6371 5739 2467 6365 3916 6373 1206 5090 3931
628,1250 1019 2356 10094 13886 2657 1216 8819 1039 9060
629,6384 6385 6378 466 6382 6380 6383 6381 324 1381
630,6391 6392 6389 6388 6390 13123 5601 5967 13980 12879
631,6395 6399 4272 1176 6396 6397 6398 7536 10109 12982
632,6406 1213 3908 1300 1426 1215 6403 2240 6410 6407
633,6416 2614 1529 4514 6415 3465 2820 6414 5998 13578
634,6424 6418 6420 6359 6422 6425 4508 6429 6430 5664
635,6364 6431 6432 14283 1826 13223 7426 10096 9192 3001
636,3108 1622 149 1618 3530 1617 611 1280 3751 234
637,4507 6438 6441 6442 11082 4769 6440 6439 4241 6049
638,5449 6446 6447 7077 2869 1778 6847 2880 1011 5448
639,6458 6461 6449 6459 6455 6452 6448 6450 6460 6454
640,6467 6466 6465 348 6464 5653 5652 5654 7925 2458
641,6471 6054 6470 5487 2509 4639 458 5135 6469 5490
642,2808 5195 6114 3905 4577 1608 328 50 6473 6474
643,6506 6492 6509 6480 3087 6491 1680 6504 6502 1521
644,6530 6527 6524 6526 3609 6525 6528 6529 6531 6144
645,6534 5104 5103 5102 5101 5100 5099 5098 5097 5096
646,6536 6545 1341 6542 6538 6541 230 6540 6543 6544
647,6549 6548 4357 7584 1327 7980 6897 8786 9838 7967
648,6550 6555 6551 2369 1357 6553 3081 6552 2014 6360
649,6566 3237 5793 6563 4568 4891 6562 3049 4887 705
650,6568 1303 6410 7 11320 6681 1426 1213 8694 5427
651,6572 6570 6571 8071 6569 10790 7389 12501 12505 12508
652,6579 6577 6576 6578 6575 6574 15113 5852 11429 7800
653,2013 6582 6583 6581 6584 14688 14567 5147 4803 5265
654,6588 6589 420 1479 6586 6590 3195 3102 6585 1211
655,794 775 873 1203 3943 476 764 323 466 464
656,6595 772 3206 1568 2768 6592 6594 6593 3185 4366
657,6598 6597 2723 431 1237 4696 10809 4018 2724 2267
658,6602 6600 2857 6601 2167 6599 11419 9140 12653 12399
659,6616 6611 6619 6610 6609 6606 6614 6608 6617 6605
660,6627 1110 6631 6630 6632 6628 6629 6626 4465 9972
661,6633 734 3985 6639 1453 2106 6643 6642 5422 3253
662,6667 6660 6663 6664 6655 6665 6666 6662 6657 3652
663,4368 6669 14207 14182 14001 7660 13537 7473 7479 7486
664,211 6677 6357 5894 4555 3811 6678 12324 994 6676
665,2221 341 6686 973 1600 5850 8220 9532 7083 5851
666,5490 6157 2139 1686 3039 5488 5489 6471 3635 6689
667,4017 6693 6697 6546 1512 6694 6498 249 6499 3996
668,6156 6147 6701 3354 6702 6148 6700 6155 6153 6151
669,3078 3076 6703 2870 3079 2883 4134 3077 6704 2890
670,6709 554 6725 6721 6711 6720 6712 6715 6724 6723
671,6729 4595 6728 14543 3982 2131 5355 5898 8677 9563
672,6732 6731 1855 4013 950 12296 2534 8444 10414 5325
673,6735 6739 6736 6740 6738 4136 6737 6733 6734 1015
674,6743 6744 13551 13023 354 5288 14411 15141 7662 5098
675,6745 6746 6747 5090 5091 5092 5093 5094 5095 5096
676,104 6749 6673 3908 1804 7362 5304 4080 12133 9711
677,5917 5904 632 2005 6750 10125 11050 6751 1466 5901
678,6754 6753 4771 13485 10346 10338 5664 922 11685 2811
679,6759 6756 6757 6758 2971 6761 6760 11358 9239 11359
680,6766 6765 751 3931 4480 4876 6764 6580 3926 6763
681,4309 6774 6501 6772 6770 6773 6771 5171 943 934
682,6776 6775 6184 6778 6779 6777 4281 6783 6780 6781
683,6789 6786 6788 1128 6790 2221 6787 7824 14043 11363
684,4594 6797 6795 6794 5564 6796 5563 4646 4655 4648
685,3909 6802 2235 1429 6800 4477 6801 14680 3581 3602
686,6809 6811 6810 2996 3442 6806 2997 7091 4604 6323
687,6813 6812 6697 748 884 4864 11149 1443 4017 5186
688,3548 3163 8666 6816 6814 9428 6815 949 13664 5630
689,1869 1871 4985 6818 4897 6819 1890 4901 4815 10542
690,538 4844 6820 536 531 14808 4839 9656 529 526
691,133 4182 6821 5053 6824 697 6822 167 11734 8390
692,6830 6832 6831 2448 4419 2225 6519 444 1206 3361
693,6836 6837 6835 4787 2918 6839 1263 6838 563 12135
694,6846 6843 6845 6840 6844 6842 6841 5296 12090 12089
695,6364 6847 1826 7077 1320 9192 2371 1778 1777 4413
696,5884 5584 823 3151 6849 6850 6848 6851 8648 15069
697,6853 420 3225 2211 1641 3678 1646 3195 5577 15055
698,5398 5779 4131 4453 1834 592 6861 4006 6177 2102
699,404 6867 1166 9791 2820 13422 1532 405 6866 9784
700,6878 6871 2661 1295 6877 3871 2675 3312 6872 186
701,3453 5858 4251 3185 4031 6676 5540 6545 6536 3528
702,6885 6884 6883 12318 8032 11978 5788 8059 4530 11979
703,6909 6904 6910 6905 6903 90 5325 6892 6911 6907
704,1071 694 6919 832 1899 2770 6918 4208 4862 796
705,6922 6921 5103 5102 5101 5100 5099 5098 5097 5096
706,6926 6925 3469 119 4894 6927 6928 4922 5637 3744
707,6938 5403 6933 6932 6936 6934 3950 2274 6937 336
708,6947 6951 6950 5600 6949 6948 5603 6547 6499 6946
709,6962 6966 2053 5778 6439 6643 1766 6957 6964 496
710,6986 6979 6974 6978 6987 4121 6984 226 6985 6340
711,1529 2815 2742 2614 2820 6989 3465 3464 12426 13453
712,4515 6993 6992 1532 2742 13234 11897 8810 13324 13328
713,6990 6995 5194 11108 12070 4791 9788 10563 4514 11111
714,7003 7002 4643 2151 4642 2936 5191 7004 476 7000
715,7008 7007 7010 7009 4875 3497 7011 4990 14010 2483
716,7014 7015 7013 14571 14445 14236 12632 4062 7016 12657
717,6114 6769 7020 6345 7018 7019 7017 683 1028 4952
718,7026 7029 7032 7024 7035 7034 7033 7023 7028 7030
719,7041 7036 6970 7039 1273 4950 1987 1436 7037 7042
720,7044 7043 465 6445 2139 3210 454 227 5032 6958
721,7047 4834 4992 185 7048 4993 2488 3348 821 6263
722,7051 7050 4850 7052 7053 1282 5592 658 8195 5351
723,7061 7060 7063 7071 4142 7070 556 3077 7067 7074
724,4956 7082 225 14986 3994 183 8561 14650 14649 14651
725,7084 5105 5104 5103 5102 5101 5100 5099 5098 5097
726,964 7085 7403 3683 10680 14726 974 2304 10679 4862
727,6399 4553 3588 7087 3585 3587 3586 6395 3584 3581
728,4776 7089 145 4305 4772 8194 12280 13958 2220 4774
729,6551 7100 3774 2372 2375 2616 7098 7091 7099 4461
730,1169 4964 7103 5896 5978 7106 6163 7104 4073 7105
731,6196 7109 7110 14496 12803 14921 5107 13430 11366 8587
732,111 7111 7120 7114 7126 7125 7127 7112 7123 108
733,7138 4637 88 3899 6973 7137 3377 2863 12493 15243
734,5452 3543 1602 2297 39 7139 3546 3544 4979 10509
735,3811 385 742 3470 3598 1101 14893 2309 2755 466
736,4056 1635 2663 2662 8214 11714 13721 7142 3572 8215
737,1989 1684 7144 3764 7143 7145 1766 644 1990 2689
738,466 7149 6445 685 787 3937 433 8959 1331 476
739,3931 592 243 2781 4876 635 9975 1066 3926 1206
740,2799 2697 2720 7151 3361 3358 10424 3016 10510 5766
741,7159 4426 7157 7158 7156 7127 2507 7123 15045 3021
742,7161 7170 6612 7171 7165 7166 3997 7163 7168 7164
743,323 138 865 10143 11485 31 10144 466 128 794
744,3969 7176 3455 14826 14320 1292 2061 3970 3968 12051
745,7179 7178 7180 1367 7177 4307 15276 11767 728 2084
746,1957 7182 3149 4452 2321 6002 7181 9316 4437 1384
747,6348 7186 6814 7185 732 3943 7184 3881 2215 7183
748,985 7195 668 7196 665 7191 7194 1093 7193 2350
749,7200 7199 10186 10187 5103 5102 5101 5100 5099 5098
750,6939 5511 2858 3852 4802 953 546 4354 7201 5952
751,7204 7203 7208 6319 7209 4126 2954 6585 7207 7205
752,7214 5882 1677 5483 1660 1873 7213 328 13615 1678
753,4599 7215 2014 5845 4596 13111 2375 7427 7216 1357
754,7219 9808 11849 1845 1700 8114 1846 6785 11848 14884
755,3075 6704 7221 6703 3079 3077 3076 2870 3078 6324
756,7228 7227 7226 7225 7224 7223 10084 10081 10083 10080
757,6303 7230 7248 2273 12339 8690 11036 2263 9768 8578
758,7232 873 7233 7231 5740 4027 14540 3168 14636 1585
759,7238 4889 6755 7237 7236 2791 10521 10520 10519 7243
760,7244 7240 7243 4382 7242 782 7241 7239 6296 5755
761,2739 6868 4454 7247 1880 4920 13632 14355 4437 380
762,7249 4836 7250 6465 13766 13854 7202 1988 1873 602
763,3793 7253 7252 7251 12622 14941 6319 7401 13752 5975
764,7136 7258 5710 7257 5979 7262 5337 4788 1522 7261
765,1739 7276 7272 6831 7268 5491 2300 3730 5960 7273
766,2078 2234 7283 4377 474 3301 6934 679 7282 1334
767,7290 1419 7289 7291 3203 6651 796 6367 7286 6014
768,1471 1473 7292 1469 1468 1470 1472 7938 13108 13847
769,7300 3680 7294 7299 363 2036 1487 3043 7298 7297
770,7307 7308 7312 7311 7322 4983 187 4558 7181 3607
771,7333 7334 3892 1345 8761 8489 4356 6940 14155 9761
772,7338 611 848 7337 2452 370 446 228 7335 7336
773,6729 7344 7347 7343 4071 6365 7346 7345 7342 10094
774,7352 7351 7350 7349 11968 10609 10610 4701 8264 12564
775,7356 6265 7355 7357 5599 5885 4489 2143 7354 6058
776,7358 1916 11777 1915 9192 1913 1914 7065 4036 12896
777,775 484 728 2760 4858 7364 6445 5134 7361 698
778,7367 3741 7369 7371 37 7372 7370 1540 7368 4088
779,7376 7375 7381 7242 1180 7382 2661 4840 4836 528
780,2810 7384 7391 205 7385 7389 964 7386 4712 7390
781,2742 7395 7396 7394 4346 7393 7397 2820 2614 2741
782,7401 7402 12981 7272 7253 14528 14353 11786 4948 1846
783,1778 1319 6362 1320 7404 1779 6363 4060 1321 2375
784,7407 7405 7406 4563 2594 684 6246 1844 6528 5657
785,3116 5315 7416 2989 7415 4269 6373 1217 1236 1439
786,7426 1826 7425 6364 2869 6707 1777 3843 12334 14736
787,611 634 618 14297 7428 15207 15206 6471 5527 612
788,6186 7433 7434 6708 6763 7436 5947 887 618 7432
789,7438 2556 90 4864 3738 5613 1410 6813 7437 5312
790,7225 7443 7442 7441 7440 2068 333 7228 15113 15085
791,7447 7445 7446 3189 2024 467 2460 8225 3208 5280
792,7450 7449 2887 5599 7451 7448 14450 13878 8477 14464
793,7452 3903 1058 7910 692 3907 3899 5952 10500 14406
794,3055 7455 13626 5869 11126 6909 7453 15247 7454 9957
795,7462 7458 7457 7463 7459 1212 7456 1610 1061 4255
796,2013 7467 7466 1132 10934 1892 10798 4803 5265 6582
797,7469 1480 1549 14997 5682 9623 1862 12028 9287 4439
798,4932 7475 6669 7476 7473 7471 1117 7486 7483 5799
799,6151 6153 7492 6154 487 7491 4346 6156 7490 6148
800,2706 4789 6463 6671 12901 6622 10592 2707 10766 715
801,3368 5096 7283 7355 5812 3383 10715 186 5024 10497
802,7494 7497 3497 7314 5501 5859 611 7496 1618 3213
803,5452 7499 3824 2296 13040 11298 12560 5229 11417 11416
804,3042 7509 7512 7513 842 4175 7505 7511 7506 860
805,7520 7521 7517 7518 7519 3851 7998 11601 10450 11600
806,33 715 1573 7377 4947 2313 11686 1946 13416 13434
807,7525 7524 4465 7529 3591 7526 6058 5179 7527 8375
808,7534 7537 7535 7536 7542 7541 1577 7544 4808 411
809,7547 7545 72 7546 11236 11237 390 11238 794 846
810,7549 7550 7548 10140 2523 5281 7465 56 742 5097
811,3479 666 7551 7483 1867 4305 13958 9149 3477 3049
812,1354 1827 1136 2875 7553 3846 1145 1866 4693 1821
813,7560 7555 3237 7559 7564 7562 4882 2667 7561 7558
814,2981 7568 7567 13988 9238 3789 1700 6183 11794 4580
815,3811 4978 195 6768 4933 2225 2081 7570 1474 971
816,7573 6484 6779 7572 7571 7574 6228 5375 7575 7576
817,7580 7577 7578 7579 1332 5488 794 10171 11914 15074
818,7582 5105 5104 5103 5102 5101 5100 5099 5098 5097
819,7584 6549 7249 7586 1700 7585 13854 4357 6548 7229
820,7607 7602 7603 7592 7587 7590 7591 7608 7601 7598
821,7611 761 810 9402 8073 163 6961 1646 3222 478
822,6830 7615 268 7614 7612 3622 7616 3550 6453 3144
823,6153 7622 7621 6151 6154 6156 6148 4862 6152 8444
824,7628 7627 7629 7342 7626 13906 7623 7625 7624 12354
825,7632 7631 7633 8690 8391 3792 5595 14165 9093 8272
826,7634 7638 1595 7635 7636 7637 7639 7642 7641 7640
827,2827 1626 7644 226 1675 7645 1118 7151 2750 1250
828,1035 3529 4220 7646 2021 3751 7647 6019 2063 1972
829,7650 7643 4073 6165 7651 1855 7649 7648 6780 12296
830,4087 7654 2442 4587 4586 4086 967 1336 4585 966
831,7658 7657 7656 4530 1416 9190 14257 1631 9189 4529
832,219 6963 6036 4189 209 1477 10329 7417 3609 1454
833,7666 7665 7661 7667 4781 5715 5597 1940 7663 7664
834,7668 1375 7814 563 9509 4788 7570 2463 9508 1376
835,5582 7670 7675 7201 6271 7681 3193 7676 667 7682
836,7249 7687 1741 2304 1740 7686 7685 5607 7684 2834
837,7688 648 4395 11019 13899 10121 10281 11272 1252 4405
838,4132 4687 4688 1317 4689 9753 8166 4138 3083 4690
839,1011 1862 1002 7469 14751 5687 7498 11598 1001 13981
840,7690 5078 5105 5104 5103 5102 5101 5100 5099 5098
841,7692 7693 2402 7791 4152 8528 8529 926 8527 5468
842,7695 5346 4282 6333 7694 3157 13567 5347 10499 5349
843,6821 879 323 1206 1452 6822 2133 2448 4235 149
844,7700 7699 287 281 2700 13520 10347 8421 12841 2018
845,6799 1645 748 4659 2615 4661 4658 11023 8962 1451
846,7702 7701 6 11612 11613 11614 13557 13556 12147 10911
847,7705 7706 7707 7708 7704 5763 7709 7710 6500 8958
848,7713 7712 7714 4728 7715 14723 10229 12599 12596 12595
849,466 7719 686 873 15260 7718 14674 14886 624 7716
850,586 1191 2415 9072 9510 1329 6402 4974 3993 5292
851,1398 3209 7724 1229 7722 1259 7723 4239 5538 7721
852,2544 2334 2511 1381 7156 7733 7732 2527 2234 2535
853,7736 780 4660 7735 7737 2779 2804 4653 11370 4663
854,7746 5713 4836 6299 7740 6825 1985 7744 7742 6615
855,7750 7751 7752 7749 3677 2170 10674 4984 10973 2041
856,7756 7755 7753 7754 11947 11948 8392 7903 3838 1635
857,611 6574 7763 7759 7764 7765 3904 7761 385 3181
858,7777 7772 7776 4997 1548 7771 7775 6585 7774 1810
859,7782 7781 7780 12090 12089 6844 14319 11172 7946 12088
860,1003 3085 7784 3083 1011 2875 2891 1354 1318 3667
861,7786 7787 7792 7794 7793 7795 7797 7789 7790 7788
862,1573 2535 7243 819 1329 7798 13434 6134 12166 13454
863,7802 7803 2728 7801 2898 6146 14161 12081 10113 4941
864,6749 3908 1804 4080 2266 7917 2264 13630 7916 777
865,7165 7166 11594 7807 7806 5714 8788 11710 11709 7105
866,7814 3112 2295 7813 7812 7808 777 4490 1097 7811
867,4693 7817 7818 4599 2874 4138 3845 4687 2875 5689
868,545 142 2985 7820 7821 4189 1686 11623 10767 8837
869,7824 6790 1955 6789 14043 1956 7293 8439 1951 1953
870,7828 7827 7826 11073 12680 12611 2449 14182 5046 2842
871,6406 6407 7829 9130 3908 13169 1215 1213 1300 11735
872,6149 6157 5740 6153 6152 1519 3099 806 244 1505
873,7849 7848 7847 4727 6584 7842 7846 7843 12321 7845
874,7850 5105 5104 5103 5102 5101 5100 5099 5098 5097
875,7859 7854 7860 7857 3863 7864 7858 7853 6329 1523
876,7873 7870 6080 7874 7872 3125 7871 7369 6082 6081
877,7875 4861 7876 14224 5514 14893 11405 14859 14860 14861
878,7894 7882 7879 7893 7890 2846 2984 7885 7884 1177
879,1219 4182 3115 1836 6985 1079 4146 7042 3529 6861
880,7907 6 2608 2459 7362 7903 7905 3254 2458 7908
881,5592 7246 4175 1836 7913 7050 12848 1401 12085 12766
882,7917 3908 7916 6749 6043 6318 8214 1804 10288 5349
883,6399 5053 177 7921 7919 7923 7335 7920 7922 2036
884,1001 2996 7094 4604 1002 10818 11768 2864 11986 6364
885,1048 7927 6588 7926 9590 4347 3741 7511 5056 4031
886,836 7928 5580 7930 5167 7929 7538 6833 7462 2446
887,6074 3088 6085 6077 1893 6072 6075 6076 353 6073
888,7942 7941 7944 7937 7945 3422 7292 1108 7948 7938
889,2407 6312 7953 576 5105 6815 7952 2447 12713 6035
890,3811 7954 778 805 5290 463 6813 5606 12484 824
891,3182 7689 7956 4902 3916 6254 6687 4422 7959 760
892,5206 7963 1607 5902 11732 3369 1713 8004 8604 11238
893,240 7966 5224 7965 12966 12941 9044 10076 8009 11469
894,2363 780 2249 7968 1088 7339 7736 7735 7737 2362
895,5202 7970 803 3110 241 778 789 7969 7971 7291
896,6187 7936 3821 7978 5325 7976 7977 1222 6251 12590
897,7984 7983 7982 7981 3984 5485 3401 14517 5176 509
898,7985 7721 11774 11773 3489 9327 5095 5096 5097 5098
899,5171 230 4309 6774 7543 7018 7987 7986 684 12033
900,7993 7139 2652 7992 4553 7137 7990 3345 2069 7991
901,2023 656 297 659 2030 2031 3548 101 658 288
902,5502 3468 5972 4383 1101 7996 7997 12201 1181 3811
903,8001 5920 8003 8004 7518 8000 6838 2172 8002 2653
904,8011 8010 8008 8017 8015 8034 4746 8022 7202 8036
905,1071 811 3928 6471 8046 2326 2195 8045 794 8396
906,112 8052 6263 8053 476 8050 8049 5311 2806 4726
907,8054 8055 8021 11307 4446 9393 4428 8456 714 9291
908,3862 8058 8057 5408 2560 8056 230 10813 7691 3043
909,8060 5106 5105 5104 5103 5102 5101 5100 5099 5098
910,8064 8062 2260 8070 8069 8063 8061 7457 8067 8066
911,8072 6277 6291 6292 6272 6283 6275 6287 6273 1246
912,7611 8073 810 9402 761 13912 5642 5074 5219 2490
913,2748 64 143 1568 5422 4205 182 73 2781 14639
914,7231 14540 8075 5634 7232 5151 12309 11201 13527 9352
915,8084 8076 2746 8083 8079 8077 6587 4352 8082 8080
916,8094 8092 5560 8102 8091 8089 8096 8087 8099 8101
917,4399 1869 5218 8107 4858 8106 3552 14429 10542 14483
918,8110 8108 14590 8109 3551 2614 14196 5430 11109 8827
919,8132 8135 8121 8130 5259 8129 8125 1630 8133 5522
920,3500 8146 6322 1779 5176 509 10360 4850 8711 1282
921,8148 8147 7628 5679 5093 5094 5095 5096 5092 5098
922,8154 8155 8157 8149 8160 8151 8163 5689 1861 8158
923,4384 4729 5412 12822 11485 4863 138 9613 5098 4096
924,8171 8172 8175 8169 8178 8173 8174 270 1339 6129
925,2005 6677 8181 8179 2036 8180 306 6526 4122 2228
926,8187 8186 3986 8185 5092 8184 788 14820 2458 2749
927,8190 1500 15287 8189 23 1697 14080 14579 7954 2111
928,1206 8191 323 2781 760 2307 2133 618 2211 3931
929,8200 8198 1270 8194 587 651 8201 8181 6342 205
930,8206 8204 1942 6503 8205 8208 8209 5729 274 8207
931,8210 14666 14667 8649 13728 7754 7401 5024 7276 10497
932,2662 8214 8215 8212 6099 8213 7916 4655 6798 7444
933,8217 5389 5391 3289 2540 5392 5390 5394 5393 5212
934,476 6580 8219 6596 3805 7915 8018 6217 6035 6107
935,8224 8223 3937 1643 3931 8225 8220 6211 8221 3768
936,8226 4775 3109 7042 11871 12286 6942 5622 4972 3391
937,8234 8236 8230 8237 8228 8231 8233 7642 7641 8235
938,4217 8240 8239 3692 2447 5753 6377 13839 5758 4096
939,3541 4346 3526 8241 8242 6971 3540 5343 15077 10868
940,1501 1083 1687 1161 3280 3727 2470 164 4348 5209
941,49 2556 3251 1290 3599 9773 11919 12666 2149 7438
942,8248 4902 5637 3379 2495 5996 5388 2186 8246 8247
943,692 8250 11366 12340 14964 14572 14569 12386 13558 14573
944,8251 1112 3751 8259 7570 3108 3932 3352 1207 8258
945,8254 3407 4778 8255 8253 5568 12561 5317 4779 7192
946,8259 8251 888 8258 8256 8257 678 5256 13705 9711
947,8262 5106 5105 5104 5103 5102 5101 5100 5099 5098
948,8264 2298 3927 8263 2300 2299 10609 7352 10610 14178
949,3722 8279 8282 8284 6405 8295 1353 8289 1275 8296
950,8301 3418 1993 7146 11931 3560 11899 11324 6419 8311
951,8307 4319 8306 2363 611 7761 516 363 5501 1611
952,8311 8301 8315 8314 8312 8313 7555 3418 12160 5277
953,4447 8316 5570 13409 11219 13314 8713 14353 10731 6415
954,8319 8318 7878 8317 4707 2861 12925 13226 569 14134
955,5985 8321 6290 7436 8322 10506 7406 7674 10558 12891
956,8324 5759 7249 8323 1387 13854 5758 5757 14733 7961
957,8329 8328 8331 8330 8332 8327 8341 8333 8342 225
958,337 8348 8350 8349 3301 8346 3380 3316 8347 13714
959,466 8352 1419 6577 6381 1796 126 11243 15113 476
960,8355 8354 8356 8353 7205 441 10489 9288 10490 9782
961,8360 8357 8358 8359 13229 9454 9453 9450 9455 3490
962,49 611 2149 10786 8362 7497 8361 3599 140 14880
963,3609 219 2055 209 3634 8365 4485 694 8364 3628
964,3055 8369 8370 15061 15062 11126 1490 15147 8368 13626
965,3938 4695 382 5768 6854 8371 6833 3029 5762 377
966,8374 8373 2804 8141 342 14638 7876 5407 11315 11306
967,8375 7525 5077 5104 5103 5102 5101 5100 5099 5098
968,8376 1935 4848 4428 7208 2204 5351 13909 4446 11378
969,8381 8379 8380 8384 8387 7747 8388 7960 3786 8385
970,4057 4058 8392 4056 8215 8216 9012 4648 2663 4645
971,8394 6769 8395 7020 6114 6345 14291 14294 14290 14292
972,7533 5114 4442 5500 3260 7526 4585 3984 14289 6667
973,4884 5185 7646 4813 4823 4369 5215 7332 3235 187
974,611 10421 11936 11939 11937 11938 383 488 15020 3213
975,8397 578 3112 5468 1097 2685 5138 4350 6773 6488
976,8400 5105 5104 5103 5102 5101 5100 5099 5098 5097
977,2329 1701 8401 8402 466 871 8403 5275 3286 7021
978,8425 8426 8414 8424 263 8421 8417 8406 6567 7226
979,6586 8430 14104 1856 14175 2905 13281 9542 1857 2813
980,8434 7822 8433 8431 8432 83 6054 10308 10306 7429
981,8435 8436 8438 8437 3453 371 3512 218 12223 290
982,6632 3794 6413 5261 8439 6627 1110 6631 6630 14894
983,5044 8441 11882 2806 5808 11606 8972 7906 3364 6523
984,4071 1347 6441 8442 11855 7149 5910 2165 1601 5911
985,4413 5845 8443 13209 1379 6364 10630 11889 1001 12644
986,3528 8449 5424 189 5100 6440 4146 1216 8450 1687
987,8456 6357 5988 5561 466 8457 5290 8455 5580 2317
988,8466 8475 8470 8468 8473 8474 8459 8471 8472 8465
989,8477 4605 7016 8478 8164 4133 8476 7015 5689 2887
990,3811 1875 2309 2755 1101 14893 10347 5561 10881 9604
991,1447 7324 8479 2808 8480 9319 14348 11863 14605 14604
992,8484 3913 6028 5386 488 5777 5207 8483 3316 3329
993,8488 8486 8489 8487 5554 2833 3897 4356 14155 10866
994,5386 2473 3339 3316 3831 5829 2476 4876 3329 2474
995,8497 8498 3795 3009 3005 8496 8494 8082 7760 5804
996,8504 2192 6522 8502 2579 2124 4959 8501 8505 71
997,8507 528 5360 1742 8301 8506 4836 3953 12650 4295
998,8510 8511 5105 5104 5103 5102 5101 5100 5099 5098
999,5968 4748 5736 7415 5145 7416 1308 8512 1591 3549
1000,8513 5163 8514 14083 9427 11857 13955 5170 14055 6806
1001,8516 4223 1519 1441 1894 13782 8515 1095 5945 1219
1002,8518 1877 8517 4809 8519 10240 9448 4275 7809 6944
1003,169 586 4930 5719 8521 8522 4859 7717 5962 6050
1004,3298 8523 2334 690 8484 125 14322 13379 11607 2798
1005,5998 8526 2614 2742 11755 2741 15152 1529 12426 13932
1006,2402 4152 7693 8528 8529 7791 5468 8527 926 6723
1007,1903 5090 1206 4130 5548 4000 7462 6785 1748 704
1008,3931 2067 2294 3642 8533 98 2290 2293 12359 8418
1009,8534 1237 14880 6986 8361 6598 6337 5935 9648 5929
1010,8539 8538 8537 8536 1011 8541 8540 1725 4401 11799
1011,8545 8543 8544 5559 12 2636 13 13307 9759 12647
1012,3386 8547 8553 3949 5002 7974 317 8552 6063 8554
1013,3498 4470 698 14295 11229 1118 11114 12611 476 6833
1014,8562 74 3031 8561 6823 3803 8388 726 2986 9770
1015,1092 8572 8564 5258 6466 8570 8573 5202 3957 4419
1016,8579 8587 8583 8586 7110 8588 8585 8581 8582 8584
1017,8278 7518 5913 10450 7998 6519 12499 11601 5043 7904
1018,7344 8452 5834 1796 12840 5514 10176 9149 3811 8365
1019,3417 8600 4365 3183 8558 2034 7391 8599 8603 7761
1020,8615 1335 8609 8613 6754 8616 8611 6117 2196 8610
1021,8621 8622 8620 7514 8619 8521 4871 8618 4185 5142
1022,8626 8632 8634 8633 8625 8630 8624 8628 8637 8635
1023,8639 2242 4441 2243 2239 2245 2246 2241 2244 2233
1024,8642 5430 8643 4854 8641 4702 3465 4516 8108 14196
1025,1354 3079 1357 1355 2369 2371 4138 10626 4141 2378
1026,3480 8646 8244 1703 8645 2182 3481 13160 2833 10071
1027,8649 6172 8650 6949 6478 8648 3038 10714 12937 1851
1028,8657 1584 8655 3703 143 1568 1970 3696 8652 4002
1029,8661 163 7340 8660 8662 5247 6033 860 8659 3139
1030,2560 2722 3043 3044 5027 1752 4863 2489 9605 10123
1031,8664 24 8185 689 8663 12993 8699 8187 21 8186
1032,8668 3923 3970 3517 8666 2578 3618 2577 2003 1689
1033,1419 8673 241 1404 8748 4188 8672 11675 10435 6911
1034,8674 8675 5969 7207 7872 2346 8576 10644 14056 5966
1035,8677 6728 12252 900 12251 10584 10316 4497 5640 6729
1036,2234 5163 7270 6340 4928 1600 8513 8546 9427 8514
1037,8685 8684 8683 8681 7652 8679 8682 8686 8687 3858
1038,4178 4179 228 8689 6087 5613 10170 3970 11090 4496
1039,687 8693 1061 8692 8691 2044 476 8669 12017 12440
1040,8697 8695 8694 363 8698 7470 3582 8696 7301 722
1041,4659 6799 4661 8702 4658 8701 2615 8700 5747 4647
1042,176 8704 3713 1796 3711 1452 769 3015 4235 784
1043,8705 3710 2587 2448 2765 9314 15014 3222 2024 794
1044,8708 15245 15116 8707 8706 14120 3222 4788 12657 4063
1045,8709 8711 8710 2207 10 5176 509 10360 440 3984
1046,5066 5833 662 6579 8717 512 6580 8715 1095 6030
1047,46 7153 7762 7926 56 6522 2538 8724 2026 8721
1048,8725 10187 13195 5103 5102 5101 5100 5099 5098 5097
1049,8729 405 8726 3465 2820 8727 1323 2742 2614 1166
1050,2040 6794 5066 4 2039 4648 4645 466 10391 5833
1051,8733 8739 8736 8735 5929 8738 8737 1737 8734 15129
1052,1642 4825 821 2711 8742 8741 6954 1460 3707 8745
1053,1419 8748 1404 8747 6325 8673 5299 14939 14319 10271
1054,4290 8754 3231 3232 1080 2649 3382 8753 8554 3762
1055,8757 4736 5277 12182 12274 2566 5042 7332 7564 12325
1056,2667 8758 418 7562 12616 11203 5472 14018 10975 11208
1057,8760 5229 1740 14319 5230 5231 5232 5228 5227 1741
1058,842 8768 826 788 1967 1642 1968 6040 8766 8765
1059,8771 8774 8772 8773 8770 11887 12523 12522 4524 4151
1060,184 2168 6020 3104 585 8288 8775 5488 7004 6046
1061,8640 7962 8779 14255 11701 9565 1926 8095 3561 1886
1062,8780 14986 1670 14036 14997 645 13037 8964 13513 7442
1063,7238 2897 8783 778 149 7835 1396 7211 304 8782
1064,6773 6849 8786 8785 6626 6501 8784 6728 6750 7944
1065,7165 7166 8788 11594 1896 11709 11710 6435 4750 7105
1066,7657 757 2072 8790 6983 8791 7929 7137 2163 6950
1067,2032 8796 8797 2142 3021 9180 8793 8223 2490 8801
1068,8807 8805 8806 8760 8810 8808 2816 7249 3882 8809
1069,8813 8814 2989 8815 8812 1661 4965 2988 2442 10517
1070,769 3916 8816 7257 7822 7428 760 8200 11764 14619
1071,2959 8817 7294 13850 3403 10730 12667 2652 555 3400
1072,488 7683 8818 3097 3553 8146 590 2225 1972 5804
1073,5863 1603 910 3777 5480 5883 1357 1011 11624 2377
1074,6135 3584 8823 3602 14954 3585 3588 9877 3586 3587
1075,8825 2015 3012 3011 8627 12480 3010 14782 1303 1743
1076,8834 8833 8826 8831 8732 1532 8835 8832 8828 3779
1077,2253 732 5851 6266 8836 8800 6383 5850 12976 8461
1078,8841 8843 8842 7519 5265 8840 8839 11690 10151 12234
1079,611 3998 3118 8846 2497 7373 7377 10408 2675 10265
1080,1709 1863 8848 8847 8849 1711 8850 13713 9967 9968
1081,8851 6574 9486 248 9484 9485 333 4286 2240 436
1082,8664 7334 24 689 8185 7333 3892 6940 11270 1345
1083,8860 8859 3244 4318 4026 476 8855 8858 2949 1855
1084,5074 1201 8659 7207 4232 1766 8865 6215 6694 452
1085,8869 8341 192 13320 13855 15097 4711 14183 13321 13351
1086,611 8873 8871 8872 14997 8874 2185 14718 14827 14240
1087,6044 503 3713 466 7435 1584 8878 8877 1452 2798
1088,8882 4852 10481 4352 10135 4455 4345 2657 12429 2206
1089,8887 8886 8885 8884 10184 7657 11693 7529 14437 6950
1090,8893 2599 8889 8888 6004 5372 8896 8483 6105 8892
1091,7562 8901 7218 8899 8900 1894 6165 2667 7742 13917
1092,4515 8905 1532 6351 8904 8907 8906 6992 2742 13324
1093,8909 8910 8911 8912 8908 5942 8913 11693 8886 12904
1094,8927 8919 8881 8930 8920 8929 8924 8916 8928 1552
1095,7280 5436 8939 7403 8954 8948 8953 3389 8640 5760
1096,585 4382 8200 4383 1734 5140 1516 8962 1242 8963
1097,2267 6597 8965 1936 4696 1191 6117 1592 8969 4848
1098,8742 4227 2780 8971 8745 8974 8973 1580 1256 5014
1099,8977 3888 2600 8976 7234 9373 10640 9374 12195 14321
1100,4238 4227 4194 13722 4349 4235 2779 4245 11398 5595
1101,1317 8982 8981 7554 6809 8980 4407 3442 8979 4687
1102,5858 8984 3453 196 3528 5046 4251 9985 5424 1737
1103,8987 8989 2740 8988 3502 2042 8985 3553 272 2160
1104,8994 7696 7417 2809 14692 176 6596 13843 1484 11906
1105,180 6013 8995 2448 8346 7769 10430 1055 488 12395
1106,8506 1274 22 9012 14 11 9004 7225 8386 9018
1107,9038 1367 9043 9042 4431 15276 1072 668 3230 9041
1108,4162 9044 1739 8655 14951 5558 9472 9054 5224 7966
1109,2139 7044 227 7506 6958 454 2767 3203 7971 6439
1110,6444 9048 9050 9049 3386 5084 7392 2227 5323 9047
1111,9055 9054 9053 3611 9052 1392 6063 8999 9051 2949
1112,9059 9060 1949 13886 3444 10559 10483 4417 8969 1865
1113,4771 5033 5029 9069 625 8766 1382 2784 3518 8447
1114,1320 4060 1778 6362 6363 1780 1319 2375 9192 1779
1115,9072 1191 688 9071 4974 5292 6402 6767 3222 14684
1116,8761 9074 9075 9073 8710 7333 5328 9123 11942 8698
1117,8349 1296 5425 4875 4874 7133 4873 6998 8350 337
1118,9078 9077 1536 9076 9079 8215 3721 11363 8093 11128
1119,5411 2304 6870 9081 9082 9080 10680 466 2323 1686
1120,9083 9084 912 10246 12376 13684 12757 11022 9749 13682
1121,2158 3191 9090 3837 895 8183 8618 8963 6193 9089
1122,7556 9100 9101 12648 10431 14010 10036 14041 8592 2610
1123,6781 1662 9103 576 5204 1665 7108 1222 9810 9809
1124,9114 9105 9109 9116 9113 9106 4662 9119 9112 9117
1125,559 2291 3111 9122 4860 12379 5954 443 12380 4633
1126,995 9124 5938 9123 704 12321 7868 2953 8210 6713
1127,9127 1947 8885 9128 9126 14394 7259 8041 9659 8035
1128,5859 9134 5234 9130 9133 2585 9131 2048 7494 9132
1129,7653 9137 9136 9138 12684 11611 7650 12685 2840 14181
1130,3749 9140 1063 6195 2713 9141 1081 10459 11419 9523
1131,625 9144 4756 9143 14921 5552 7697 13517 15260 2067
1132,9146 9145 551 10 5095 5096 5097 5098 5099 5094
1133,3933 109 5282 3743 5774 2252 7709 4276 2247 391
1134,8961 8441 2002 9162 9156 9165 1980 9141 9166 6767
1135,9174 9173 9172 1002 3170 3083 14671 8476 13488 11703
1136,9175 9178 9179 9176 5676 7960 5617 12962 11406 434
1137,9187 3860 3237 9181 9186 9182 3989 4992 6856 6985
1138,618 612 14717 15065 12633 6002 287 11963 2476 5580
1139,9190 7658 1631 9189 231 8007 8027 9717 9716 9718
1140,6362 1319 9193 6363 1321 1778 2375 1322 9191 9192
1141,9220 9217 9210 2931 3692 2904 9208 4936 9218 9209
1142,9230 9231 5339 9229 9232 8966 6266 14185 14187 14188
1143,6361 2378 9236 9235 9237 10365 1354 2371 1320 1778
1144,9238 2981 6877 3789 1700 6183 9796 11794 4580 7568
1145,4205 4126 2856 64 6914 998 1206 3738 15171 7245
1146,4383 9243 9245 9242 9244 2418 9249 9246 478 9250
1147,3428 9256 3429 1121 3427 2843 11772 1119 11978 11344
1148,9257 5256 5104 5103 5102 5101 5100 5099 5098 5097
1149,1819 8643 5663 3643 7721 2992 1378 7387 2019 9269
1150,9277 5140 1516 9278 202 1193 9497 6077 11726 476
1151,9280 2922 6335 8210 2350 9284 9282 3891 9015 2550
1152,9287 1133 1549 3040 9288 4550 2670 10866 8486 617
1153,4446 8055 4428 9291 4048 9290 7615 9289 4836 8054
1154,3269 9295 476 9294 3387 9293 1638 7206 8865 1968
1155,9301 1587 9298 9304 9302 9303 9308 9316 4311 9300
1156,9320 6514 2794 64 4853 9321 8280 5004 8348 9129
1157,9325 9326 9327 633 4083 1557 3753 2750 585 9324
1158,9333 9328 2327 9332 9329 7213 5761 9336 9331 1838
1159,9357 7142 3873 8897 7626 9353 9352 9354 5563 7738
1160,3500 2595 9367 2594 2598 2596 1779 2593 2591 2597
1161,9369 9368 5104 5103 5102 5101 5100 5099 5098 5097
1162,9371 4404 3858 4799 9370 13705 3789 13845 8256 8715
1163,7234 9373 8977 9374 10640 335 9375 9372 2015 2017
1164,9384 2841 9377 9379 9386 9376 9378 9383 9385 9382
1165,3055 11126 7716 13626 4820 15247 6791 53 3056 3059
1166,507 7338 6019 3518 5545 7737 9390 4201 795 6021
1167,8647 7796 3086 9395 9393 1119 8612 5248 9392 9394
1168,9397 2721 4725 7327 7189 9396 5069 2338 3509 3253
1169,9400 9399 502 9401 114 9161 7432 9398 9320 3996
1170,9402 7611 7210 10796 2174 4785 3408 6661 13036 12297
1171,2632 9404 4800 5198 5939 9403 11445 11446 15125 269
1172,9413 9416 9419 9417 9408 9414 9420 9411 9415 9406
1173,7748 9423 5441 9790 2811 7224 4552 641 5442 5443
1174,1204 9424 6919 1213 873 466 585 4191 14955 494
1175,3518 145 423 167 6596 786 625 7737 2148 3186
1176,9428 9427 7290 9426 3163 5630 2584 3548 12360 1129
1177,9430 8404 6336 6128 1271 14970 14329 13018 14381 10484
1178,9432 9434 9431 7086 9433 12902 15025 5792 4284 5096
1179,466 6682 8623 662 8719 7816 251 5066 3223 5833
1180,9438 5784 9440 9439 1758 8550 9441 8509 3683 6347
1181,6394 1686 5877 8784 7542 3814 2867 9446 6649 9445
1182,1281 9447 9448 4071 5292 4809 4275 6441 9648 6944
1183,9454 9453 9450 9455 8358 3490 9449 9452 8359 9451
1184,4940 409 6343 8219 2750 4789 8705 6826 6020 14955
1185,169 149 165 466 171 873 4385 476 686 1436
1186,4950 1476 2748 9458 7832 2770 9457 2356 3704 4221
1187,9460 5106 5105 5104 5103 5102 5101 5100 5099 5098
1188,9462 9461 4722 9465 5110 3589 9464 929 8069 8071
1189,9473 9477 9476 9478 9470 9472 2356 3792 2768 9475
1190,8851 9486 6574 9484 9485 7684 8319 9482 333 9483
1191,3744 4717 9494 9495 3186 9493 6768 4922 4894 8714
1192,3237 4899 4901 4905 9499 4900 2696 3836 4992 3524
1193,2463 2727 9506 9509 9508 1912 7668 3875 563 4786
1194,9510 2415 1878 14850 14740 5363 3993 12861 10625 1734
1195,5493 6699 1810 4378 8137 5494 5492 7774 10173 4500
1196,9512 5078 5105 5104 5103 5102 5101 5100 5099 5098
1197,9514 9515 9516 9513 2981 9238 3789 1700 6183 11794
1198,1467 9517 5283 10150 10557 5343 12906 7583 11286 12903
1199,9523 9522 9526 2828 9520 9521 8458 2199 9525 9519
1200,5079 1643 9390 6954 2468 1967 5162 8764 9530 2062
1201,9532 8604 9531 3945 1491 7336 146 1206 323 13909
1202,6129 9533 2243 10059 15036 8986 7630 11098 14154 10731
1203,9539 1145 1136 6742 9534 1721 1146 9535 402 3083
1204,796 775 3191 860 794 14391 7835 478 466 476
1205,8675 5604 6952 2281 6235 50 8674 9842 15172 5969
1206,5287 7910 3261 9543 4551 9542 431 14932 5285 6598
1207,871 1869 9545 4502 3213 9546 8417 3119 10542 879
1208,9549 9553 2879 3415 9550 9551 3774 9552 9548 1475
1209,4700 1115 3894 9555 4963 1107 1113 1840 2907 2914
1210,9558 9559 4594 9560 4644 4642 14770 5566 5565 5564
1211,8485 9562 3811 7289 6343 4789 9564 9563 1550 4166
1212,8252 9573 9574 7563 6137 9571 6138 4718 9575 8777
1213,4605 5689 4693 1153 8164 4133 4687 1721 15238 8477
1214,2309 2764 139 3811 2755 466 1875 476 5561 169
1215,1384 9583 9579 851 27 2597 5415 160 9585 9587
1216,2560 3043 4769 2234 2240 4228 455 2199 7348 9592
1217,9594 7515 9593 5286 5285 11424 9621 9106 8470 9623
1218,150 4341 9595 125 4910 5809 2963 3298 11813 4342
1219,9596 9598 9599 9600 9597 9601 9441 6337 6384 9483
1220,9605 9604 6684 2722 5682 2276 5727 3811 4890 2736
1221,8259 9607 5461 9510 8497 8251 14052 14053 11258 2415
1222,230 3862 3762 1235 1236 6019 7568 13988 229 3861
1223,9610 7046 9611 5664 1130 11591 353 7523 9509 11657
1224,5949 1422 540 9612 11244 2708 6203 5933 1444 5939
1225,9616 9139 9363 9618 7439 1917 3947 5104 9614 611
1226,9621 9623 7515 1508 277 7619 9620 6639 7469 9150
1227,4139 5848 9626 396 395 6555 7091 9625 5847 2733
1228,9630 9636 9634 9641 9633 9632 9631 9635 9637 6808
1229,9648 1237 4972 1281 3109 1943 5423 3351 5742 5342
1230,3825 9649 1953 6818 13529 13367 1292 4369 11944 3970
1231,9650 6262 7567 8059 9655 7745 11406 13763 9179 12148
1232,6699 3811 8992 8884 9652 7931 3135 9561 9651 7936
1233,7689 3672 4169 6687 586 9656 1707 9655 5664 1852
1234,1071 8396 794 1986 5934 466 1079 2935 1737 4769
1235,9658 585 4523 9470 9657 5174 13238 5265 14158 1885
1236,7945 7260 9661 7943 7543 6854 8372 5156 11031 5157
1237,1915 2375 11578 9665 9662 5671 9664 4693 5669 1723
1238,9668 9667 529 12962 11790 10180 38 5123 8659 7248
1239,9673 9671 9670 9677 9676 5526 2114 8304 9674 6578
1240,1460 8550 6646 9682 2864 5246 7171 9703 9438 9440
1241,5784 3028 10912 13520 8199 9439 7699 3801 8421 10592
1242,9686 7337 9688 4322 2254 8069 9285 4492 2117 7176
1243,9694 9693 5764 3507 9690 9692 340 9691 2144 5766
1244,9695 5219 8063 9696 3538 5950 3963 1267 10019 5220
1245,1896 6616 6949 4019 1946 7892 11686 1891 4947 33
1246,2899 9698 8474 9202 17 2397 8128 2424 13738 52
1247,9700 4443 6691 9701 9704 8816 3999 9705 1349 8106
1248,606 1340 9712 7624 9714 620 1341 3070 621 4455
1249,195 7995 139 6997 2762 8304 14358 14254 13524 11579
1250,9717 9716 9718 2910 9189 9550 7925 9190 2909 2908
1251,6791 9719 8668 4635 4820 3055 122 4815 4897 10275
1252,9728 9727 9730 9720 9721 9726 9725 9731 9723 9735
1253,9756 9747 6734 1354 6741 8847 9757 9748 4141 9754
1254,9763 9762 9482 9760 1909 9761 9759 14305 14031 4356
1255,9767 9768 9774 9764 9775 3833 3832 2614 9772 7230
1256,3811 9777 9778 9779 924 14660 3153 259 1101 14893
1257,9781 9587 9780 3598 2516 7732 13902 12273 3596 2738
1258,9787 9785 9788 9784 9783 9786 9782 9552 245 13354
1259,3318 9109 2484 5222 8903 3359 4913 10738 3302 186
1260,8375 7525 3591 7529 7524 6058 4465 7526 7528 5179
1261,9790 7748 641 610 614 2811 7224 6509 9423 8356
1262,404 9794 9793 9791 9792 1166 1532 6867 13422 13354
1263,9797 10428 9798 9796 10429 9100 15133 13620 6477 5334
1264,823 3657 5279 4503 7926 60 66 9800 8512 9258
1265,9803 6162 6783 9807 9806 6781 6251 7934 9805 9103
1266,7239 760 5755 854 9811 14358 2465 14254 13524 11579
1267,2613 9426 2612 9814 1129 9813 2611 8212 6099 1543
1268,46 6304 4984 7989 11392 12205 10732 6002 4925 1576
1269,9821 9818 9820 3457 9819 3772 131 5023 9817 4164
1270,9826 230 3859 1467 4275 2420 4274 9824 9823 9825
1271,9830 9829 4124 8613 9828 10986 9331 7678 13631 6611
1272,9839 9840 9833 9338 7260 8515 9837 7575 7977 6061
1273,9847 9845 8657 7851 6566 9843 9844 573 9072 9846
1274,611 3909 3602 14680 9849 7310 14729 7139 12741 6135
1275,6446 1011 2869 6447 4036 9852 7427 1719 7057 4134
1276,9855 9856 7206 13640 6161 2983 6499 5092 5094 5095
1277,9858 9865 9864 9863 9860 9862 9859 9867 9873 9872
1278,9877 3584 9876 3031 3024 7336 3027 3153 486 4166
1279,1136 1145 5667 1146 1721 9967 1722 9968 11099 10751
1280,9561 1736 3303 7279 2416 9878 5948 2336 8753 15030
1281,9880 9879 961 8239 966 938 12761 12945 4589 4590
1282,1399 3868 3287 3871 4989 3870 3869 135 4988 1369
1283,971 3581 6802 9122 7282 319 9881 3585 3588 3584
1284,9885 9883 8520 476 9884 9529 2324 2939 1685 7569
1285,685 790 4233 466 6445 787 7149 4096 433 775
1286,1160 9887 6912 7327 3811 9875 420 4326 3678 3444
1287,9343 1540 2323 6870 9888 8458 46 1415 2216 1440
1288,9891 9414 9890 6134 4554 12317 8044 2535 744 12295
1289,9895 9894 9892 9893 9220 4576 13716 13879 5110 15107
1290,5070 383 3043 3044 4865 5275 2270 1752 2560 5132
1291,9915 181 9925 174 9926 6907 7919 9921 3272 9902
1292,3749 659 9933 9934 314 5940 8599 2597 10459 5116
1293,31 323 27 128 30 6003 2988 1239 6128 6126
1294,5404 9938 6529 9942 1183 2063 9941 2828 9944 9945
1295,9952 9951 9949 9948 9950 8382 13835 12793 13224 14267
1296,5255 3160 5079 7371 9911 9953 6899 5078 13824 11610
1297,9497 9955 5972 1516 9954 8482 463 8932 8931 1512
1298,6144 5463 6524 6525 5607 3533 9956 2254 9155 6530
1299,6362 1319 1778 1320 9192 1779 6363 4606 1321 2375
1300,9957 3055 11126 13626 15247 4820 10982 6791 7994 3056
1301,9960 9959 5329 9958 9814 5330 5327 14232 1882 11850
1302,5317 8255 6431 9961 2624 9962 2014 7472 4574 1726
1303,9963 1554 9965 9964 8145 12685 14858 12247 10427 7663
1304,9967 9968 5667 5129 1709 9969 1151 2893 11638 11640
1305,9970 5608 14905 7643 6848 4726 10505 10504 7673 4024
1306,5319 1387 9971 2923 7808 8002 5318 5320 10154 5759
1307,2268 4800 6093 4273 6091 12432 3848 5282 5023 2632
1308,9972 6629 1164 2770 12980 6627 1110 6631 6630 6632
1309,9979 9987 8678 9458 9986 2054 2056 4819 1749 9976
1310,1088 9993 7118 5607 5824 3627 8993 14049 9992 2363
1311,611 10421 9924 11936 11939 11937 11938 15020 9955 383
1312,4631 9999 9996 2902 1265 59 8781 7205 5969 9316
1313,10000 5237 3644 3086 5236 13255 1795 7166 15131 12930
1314,10003 10001 1861 6772 10002 5898 282 13230 4134 1011
1315,10004 3756 9094 5214 6200 5386 4981 10006 4986 10005
1316,10009 2391 10008 5505 1713 10010 10007 10720 5775 7646
1317,244 10012 248 7831 1970 1421 828 350 5089 1427
1318,8999 1640 54 2146 10014 8792 12096 2026 2128 9922
1319,10024 778 5294 1811 3098 5733 888 7633 10022 4242
1320,10026 541 10025 2986 74 8796 12188 552 2711 4914
1321,10031 7963 6839 10030 10032 10033 10029 10028 7809 9401
1322,10035 5620 5380 1889 8025 5096 5097 5098 5099 5100
1323,10038 10037 10039 10036 6217 14041 11314 8592 13381 12289
1324,5193 8808 2816 13351 4038 5189 8807 14328 2820 5192
1325,2655 3853 10044 4023 10042 10043 2651 11525 2446 1263
1326,2763 2457 3963 8622 7496 10045 3732 1095 1519 4365
1327,10047 10046 10052 10048 10051 10049 2288 563 10050 5174
1328,10057 10058 4834 9896 3651 10056 7687 6412 6100 13809
1329,10061 4772 10060 14382 9276 7299 14129 4911 10391 12494
1330,10063 10062 7209 4837 419 248 11769 11041 13834 4835
1331,6684 1491 3627 7385 3023 298 10065 2319 3256 6686
1332,4818 2754 1202 2758 9562 10066 1192 1247 7423 2753
1333,10073 10071 8645 10070 10074 4035 9437 8541 3442 10068
1334,10076 3551 10077 7282 8110 14590 14331 13926 13353 5224
1335,10084 7227 10080 10081 10083 10082 7228 2662 8812 10079
1336,672 671 10089 10090 10091 670 1136 10074 10088 5686
1337,3210 7043 10092 3017 7044 3473 14743 406 1550 9048
1338,264 1556 1263 262 4023 261 13903 5335 5471 5625
1339,9427 5163 881 5089 1850 9428 8513 14055 8514 7701
1340,7627 10093 8514 923 342 13906 8513 7628 7629 13395
1341,10094 2657 7347 1250 8224 14082 2651 2655 5264 5265
1342,10095 6280 13682 15166 9407 14458 11197 1132 11968 7467
1343,8808 4056 2663 13351 5193 3572 14328 8214 4058 2816
1344,6364 6706 10096 10098 1826 7098 7099 10995 10097 4413
1345,5192 10101 5193 12534 4038 5189 5190 1461 1620 4329
1346,7402 4365 199 345 7955 7272 12981 9689 2735 205
1347,4803 10110 10111 10103 5126 2013 9940 861 6752 6396
1348,7083 8220 341 10114 3811 10113 10112 5960 6516 14009
1349,101 873 3244 3240 3243 14898 686 2774 15013 8189
1350,10118 10121 10116 10120 10117 7651 4072 3426 10119 7629
1351,7302 4966 10123 13285 13310 3405 626 12037 5709 5113
1352,10126 10125 5904 5917 2324 632 14378 7300 11050 633
1353,5570 10130 8713 10131 7685 5206 10129 10128 13314 13144
1354,9681 10135 6969 10137 10133 10134 3835 4986 9330 9669
1355,10144 10143 865 3195 8047 5134 8662 10142 1451 2293
1356,10154 10147 7410 10149 8842 2426 7704 10152 9971 10151
1357,10158 1489 1481 10159 1316 12336 1487 1488 5567 2916
1358,10165 5520 10166 510 2161 1559 10162 2987 8145 10163
1359,1617 1621 1622 1618 2358 443 4902 235 6177 4355
1360,6362 1319 1320 1778 4060 6363 4415 1779 1321 9192
1361,10177 8574 10172 3401 10173 2687 8840 10170 648 8858
1362,5161 8024 10181 9557 14715 2409 13690 8029 1122 8041
1363,10182 1832 8447 6960 5054 1972 1833 4223 1219 1835
1364,7946 10183 2256 765 14953 14542 7711 12326 4574 9398
1365,10034 10185 5354 575 10184 12234 13384 8231 1125 13710
1366,10187 10186 7200 7199 8725 13195 5104 5103 5020 5021
1367,8430 2813 10189 10190 1857 10188 2812 6586 13391 1846
1368,9665 10192 7222 10191 7093 1721 1915 1153 1001 2622
1369,10195 10197 10194 1365 10196 12492 4361 12879 12217 12214
1370,7427 10199 2883 7785 7554 6707 10198 9540 4134 5447
1371,10203 10200 9978 10202 6340 3605 10201 9476 13511 3635
1372,10205 6510 11849 5104 5103 5102 5101 5100 5099 5098
1373,4330 10207 10206 2820 2741 2742 4515 12426 1532 1535
1374,9510 6827 7162 104 10210 3420 4280 3823 9356 10213
1375,10219 5195 10217 1028 10218 10216 14354 12683 12681 12679
1376,10221 5105 5104 5103 5102 5101 5100 5099 5098 5097
1377,10223 10222 10182 1537 1004 1130 10978 5304 9217 1832
1378,10225 6354 2594 6932 1388 10518 5466 4911 10391 917
1379,3303 9363 10227 10228 1736 7279 9561 2416 3016 2697
1380,10229 2989 2988 5199 14723 13942 7712 2726 14724 13839
1381,10233 6400 2607 3725 10231 7049 10235 7960 10237 3624
1382,8518 10240 7939 4809 13109 7956 11132 9448 7809 4275
1383,4925 323 466 7516 4769 1071 13884 2408 3419 3033
1384,230 3862 7568 13988 10243 10169 5634 10242 3861 229
1385,8959 5047 7488 787 11718 3366 5049 1368 9040 7088
1386,10244 10184 7527 5819 2420 10450 12910 12499 2590 4593
1387,10245 665 3369 1160 10247 5280 667 666 985 7196
1388,2882 1721 1729 1136 4407 10246 1146 1145 2620 1730
1389,10247 5280 665 10245 9143 7205 3523 11291 12600 15046
1390,7701 9427 1535 5926 3417 7761 10248 445 405 1166
1391,10250 10252 10251 14606 12235 455 14237 6174 6241 8967
1392,230 9826 2982 1269 10255 6225 1253 15125 3859 5783
1393,7767 10260 411 2247 10259 4094 2274 14878 10258 13727
1394,10264 6358 9367 1483 198 1487 998 8455 38 9472
1395,2990 1611 5491 10237 3718 4970 10212 3527 4147 4146
1396,107 1809 6585 10266 8045 7821 8074 2725 11730 1216
1397,7453 3544 6336 2719 9546 7021 3216 7398 5766 10267
1398,10271 10272 7506 563 4610 1404 2000 10269 10270 4567
1399,3377 2961 10275 9861 9719 4993 4635 122 5825 10274
1400,3974 5140 6086 13410 1747 7249 12584 3400 8817 1106
1401,10279 8977 9366 10278 715 10280 7783 10277 7234 10640
1402,10282 5613 10284 4074 5731 10281 3792 3724 7904 2581
1403,10285 5104 5103 5102 5101 5100 5099 5098 5097 5096
1404,209 3989 1836 10142 439 3478 7799 3990 14121 5592
1405,10286 8934 9823 10287 2287 4809 4275 7809 4274 9448
1406,3811 1673 755 1101 2309 2114 14893 9604 5502 2755
1407,7336 8415 10289 2074 15108 10669 14276 14790 9560 9532
1408,6576 2105 8601 11429 14617 4766 6579 12430 11064 4924
1409,7346 9283 5143 2417 10042 2559 2925 9442 2490 10763
1410,1880 5096 3214 8480 10292 6868 10290 5750 2963 10291
1411,6617 8719 3510 10294 6142 1347 6682 466 6619 8623
1412,769 3309 4468 9702 3120 4194 10295 8933 6038 10763
1413,9169 5487 635 8433 5489 1456 8431 7428 6689 10307
1414,9466 1073 9039 14692 7140 837 3095 5164 4411 3691
1415,8959 787 7488 4808 3366 3190 4789 8345 434 5618
1416,1201 714 865 4868 559 8054 10143 11307 10144 14417
1417,10319 10315 10313 10318 10317 5903 10320 2215 697 2556
1418,2437 5605 4750 10323 4747 5604 11710 6849 8778 5603
1419,10325 10324 10326 13568 4673 10941 13567 602 10937 10940
1420,10328 10327 1833 2691 10329 10240 1685 820 2024 1568
1421,1447 3105 764 9319 2035 2684 7088 14443 7186 10871
1422,10332 10330 1108 7671 102 6515 10331 9204 14322 1107
1423,10338 10333 3994 7671 10335 872 2170 10334 10337 4798
1424,2139 1993 2307 793 6178 4128 4085 3575 2107 6596
1425,10341 7263 9915 14298 45 6889 10547 3461 10342 1018
1426,3411 3387 3412 1448 5575 4270 9577 13051 6265 5885
1427,10345 10344 10346 717 2603 2042 10343 1801 13485 12814
1428,5561 10347 476 466 7814 14548 478 3811 774 686
1429,10353 10349 10351 10350 10352 641 10354 6537 12228 11227
1430,6364 7427 9192 1779 1320 1778 6363 1826 2371 4060
1431,5176 10360 10358 509 6322 8711 10359 10356 3984 5361
1432,873 1377 4385 1375 13371 686 8189 3927 149 3912
1433,10364 122 1762 6932 4069 10363 13755 9719 1392 3377
1434,1011 1357 6320 10365 9236 6360 10366 2369 1354 2378
1435,10374 10380 10375 2358 10377 10376 10378 10381 10372 10373
1436,8704 7918 5011 6052 5507 10387 10385 457 10386 8767
1437,2301 6675 3762 588 7737 2233 6517 3026 1974 2023
1438,10391 10060 4911 2040 466 4772 7993 6905 9344 7266
1439,10394 7368 10392 10395 10404 10399 10398 10393 10405 10403
1440,10407 8393 8215 4057 2663 3565 8216 8275 8214 4056
1441,10408 3998 10409 9502 7292 3996 3995 3997 3118 8846
1442,10410 2823 10411 1535 13187 2820 1166 13260 2742 14332
1443,796 1732 5202 5545 8948 7972 14391 860 7503 10517
1444,10413 10412 1225 14112 13428 12865 10875 9800 7698 9048
1445,10423 10420 10276 3117 9167 5062 8672 854 10414 8619
1446,10426 10425 10427 8900 7076 6504 1714 7895 13191 12694
1447,9797 10428 9798 10429 9100 15133 13620 9796 5103 5102
1448,3857 4789 2308 5299 14400 6343 8485 8959 1523 9564
1449,10430 8346 488 7769 1058 9249 769 1055 6013 1037
1450,7556 10431 12648 10036 9101 14041 8592 9100 2610 1885
1451,794 1071 1986 8396 476 466 3222 7580 478 464
1452,10438 729 10239 8836 9896 10439 2294 1329 691 8467
1453,3916 7429 10306 8433 83 8431 7822 8434 10308 8200
1454,10441 8335 8112 5385 5383 6162 14316 12576 14645 9113
1455,5299 7730 2519 3857 9607 14054 14052 5305 14053 8747
1456,10444 10443 10442 7888 2850 1127 8397 7643 5199 6094
1457,10447 10446 10448 12869 2263 12954 12952 12953 3823 9804
1458,10452 1574 9314 9068 6372 10451 437 17 2130 20
1459,7401 7253 4276 8141 8644 13360 11602 7513 11940 2295
1460,133 292 127 1836 13285 6676 4127 7302 2457 4182
1461,10455 10457 3482 10456 5282 2438 3009 4273 5332 5327
1462,7149 1347 5910 5911 1601 4740 4071 6441 8442 14734
1463,249 1385 2699 5580 7527 14423 8856 6175 9249 7969
1464,1112 1207 3932 4906 3497 2474 8251 3751 11258 9286
1465,469 339 2689 794 1702 7547 12784 390 11237 2366
1466,10458 6760 8755 2240 11916 9820 13783 6831 10102 7910
1467,10460 476 466 8670 1588 945 2920 2124 13168 8524
1468,2221 4348 2913 3298 5850 164 2470 5851 12168 3280
1469,6364 6363 6553 9194 10461 1320 1321 1778 4060 9192
1470,1101 3811 5502 2063 14893 3300 5359 1192 12201 10881
1471,10462 735 3016 7238 5482 4929 812 1217 464 450
1472,10467 6670 10465 9290 10466 10464 10463 7410 4446 14085
1473,3014 10470 10471 796 10472 864 1455 1271 1981 5551
1474,1317 6360 9851 1011 1357 4687 3083 2014 2881 4037
1475,10475 10477 8502 8501 9906 10478 2569 7734 10479 742
1476,10481 3069 5151 8882 12309 3072 811 3071 10951 13692
1477,3055 10482 10398 2519 11126 3407 2575 13626 8245 15247
1478,10485 651 2099 10484 8289 4485 3342 7414 4923 10439
1479,3008 3007 3664 961 3012 3009 3011 3010 3006 3005
1480,10181 5488 6691 9706 5489 7247 7821 4789 5490 10487
1481,10489 9288 10490 8354 9782 10488 1362 13841 4672 8355
1482,10491 14284 14507 13312 5091 5092 5093 5094 5095 5090
1483,1102 10495 10496 10492 8554 4011 1306 4077 9986 8407
1484,10502 10501 10500 6848 257 9970 10503 5251 4726 2362
1485,2734 8837 10507 6166 10508 4774 2733 11623 7820 2735
1486,5427 3819 4181 5425 4975 4482 6376 12180 3544 3546
1487,10512 10511 2810 475 1990 2118 3148 324 6049 10514
1488,10521 10520 10519 7238 10518 1016 10294 7708 4889 7243
1489,1660 2428 8798 15096 10522 14894 1328 11720 2824 8616
1490,10523 10525 1532 10524 2614 14138 11112 11121 11122 8904
1491,7369 4975 3819 10236 1517 7367 3994 183 7873 1041
1492,10527 6040 247 2155 1187 8717 3799 3269 7191 476
1493,6816 10529 10530 14856 6094 12700 12699 12703 12705 3548
1494,1219 4223 10531 1235 6651 4769 8447 7500 8854 5951
1495,2307 2938 1206 3253 2211 6651 3678 9396 7973 2221
1496,10534 10533 5104 5103 5102 5101 5100 5099 5098 5097
1497,10536 7994 4426 7431 9134 10537 6106 2206 7297 7006
1498,10542 3237 1869 4815 4901 1162 88 7564 10054 4887
1499,10327 5362 3624 8197 2799 4831 10430 8303 10238 7189
1500,8982 10355 7554 1317 6805 4407 8981 1721 8980 11119
1501,1493 9911 10342 10549 9927 10546 6913 8368 9389 1018
1502,10552 9221 2332 10237 5938 6834 11366 7398 692 5621
1503,7178 5011 2021 10553 5815 7179 7180 5730 9610 2126
1504,4596 1828 10554 10555 5686 14363 9540 4139 10987 7427
1505,1320 6362 6361 1319 1778 6363 1779 4060 9192 2375
1506,1467 10150 10557 5343 13839 9841 9517 7524 1263 6061
1507,1738 3028 9439 3946 10227 10559 6036 5784 601 5778
1508,2635 10560 5364 10561 228 7264 13214 14147 2634 443
1509,4329 1443 4398 10562 8768 10563 11108 13954 12534 6990
1510,618 685 1701 10564 10565 586 2029 6434 13919 4207
1511,9249 8704 10567 9075 5742 176 8995 6043 6318 9648
1512,7077 10569 10570 10568 5871 14748 14749 14747 12807 14746
1513,10572 4005 6032 1480 3601 10571 12327 14997 3911 2586
1514,10575 10577 4608 13565 5849 4139 5451 5687 10578 10576
1515,1520 9296 9177 5142 10579 625 3678 14217 14216 7778
1516,10581 8005 10580 8006 6771 6770 4518 5264 10583 2657
1517,466 6682 8719 8623 662 7816 208 251 476 413
1518,4513 9392 9393 10469 10881 11359 6761 11358 9179 5244
1519,9425 5756 1693 3205 5585 794 476 10588 4739 817
1520,10589 7070 8598 10590 7066 7061 7060 4142 3077 7063
1521,1585 3248 6649 7233 5986 11193 5887 2781 6394 7834
1522,745 3742 10591 13056 9943 3841 1252 14913 14519 5958
1523,10593 4795 10335 5916 2284 4381 11540 12863 11542 11538
1524,5549 149 10594 4930 4479 1192 11474 169 484 1101
1525,618 7716 612 10595 287 5580 15065 3403 12785 611
1526,10598 5095 10597 10600 10348 298 5957 9622 4835 3024
1527,9051 2290 2294 846 98 2067 8418 4090 2293 12359
1528,4194 5568 7491 9389 10602 3139 3276 4238 4227 769
1529,10604 10603 6793 14911 2982 4656 6288 4657 6087 1195
1530,10606 336 8558 4978 275 7483 334 3398 2063 3826
1531,2993 10492 2992 10498 226 2736 5894 3342 625 1075
1532,2988 3358 7416 3549 2989 2442 2697 3528 7415 4235
1533,3445 4532 14492 6293 10516 3448 3447 4533 11961 3451
1534,2219 1302 4286 10607 3472 14413 13905 13877 13752 705
1535,1689 6591 8546 7274 8925 933 7930 8927 8919 1552
1536,10609 7352 8264 10610 3838 7350 7351 14178 12518 13254
1537,10611 10613 8480 4902 336 3202 10612 2224 1619 928
1538,10615 3467 1623 4037 5814 3028 5994 1317 10616 163
1539,10624 1171 10621 3988 1188 8597 5500 1892 6590 7962
1540,10626 10627 10628 7215 3079 2996 10629 6804 14347 5873
1541,4744 4923 10633 578 1511 6625 46 10632 2675 922
1542,83 3602 6694 7429 10635 10634 6546 5597 5864 4462
1543,4941 10113 9234 7801 10637 7382 10387 10638 715 7802
1544,1317 7818 10072 4687 3442 4693 1011 3083 4037 4688
1545,8297 5494 10639 8051 6311 5493 8655 15240 13784 4315
1546,8977 10640 7234 335 9373 9374 9375 14857 2600 3888
1547,2375 6364 2869 1320 1321 1778 2371 2372 6363 4060
1548,738 7456 5591 7314 4485 5604 8553 3967 12462 1079
1549,10642 9088 11466 15159 13108 1999 4406 7857 4664 4765
1550,10643 5105 5104 5103 5102 5101 5100 5099 5098 5097
1551,10644 2287 10514 5969 9521 8576 8674 14056 10513 1174
1552,10646 5105 5104 5103 5102 5101 5100 5099 5098 5097
1553,10647 5576 2411 4876 1800 1198 3837 4870 779 8945
1554,9878 6814 10650 2340 5433 10651 2245 1304 8802 4841
1555,3944 591 10658 6880 10664 10663 10665 8461 10653 5837
1556,10669 9560 3772 10670 10289 6792 2074 6313 277 1445
1557,9161 10674 4954 3309 8504 4902 502 6916 10673 2129
1558,10680 10679 2304 964 203 10678 10963 4447 13344 13338
1559,10685 10687 10683 10684 10688 10689 10686 10682 10681 10690
1560,1826 6735 4414 3843 4416 6364 2876 4134 10199 2869
1561,10692 10693 5075 5101 5100 5099 5098 5097 5096 5095
1562,10085 10694 10695 13114 15089 14398 12276 352 8275 10677
1563,9801 9071 10704 10228 1658 10706 10711 2127 2911 6690
1564,2893 1011 9968 1776 9967 11768 1770 9969 1773 5667
1565,1345 11821 1346 7334 7333 3892 12167 7508 3317 4357
1566,10717 7145 9267 970 6135 10718 4879 3041 3613 4660
1567,9569 4493 1377 760 450 5893 191 6854 3916 778
1568,2221 1076 9715 5850 3104 6905 1888 5851 12267 11747
1569,10720 10010 5776 10009 10008 2391 1713 5505 11335 11331
1570,10722 10721 9073 10725 10723 4051 7868 782 2134 3131
1571,1826 4414 10199 7218 10627 4134 3843 6735 5876 15017
1572,10727 10729 794 10728 887 2251 350 3099 685 3941
1573,1331 10731 10730 13850 14154 13144 5570 11410 8713 10963
1574,10734 8809 10733 12884 13082 8808 10041 11822 12500 8806
1575,4716 10737 6064 7196 10736 8271 1163 650 9474 10738
1576,1069 1188 7353 1412 10621 5500 7815 14661 10624 7145
1577,5344 10741 8811 13074 8805 13635 8808 8807 10876 1880
1578,10601 10743 2777 1210 761 8352 6411 10171 3222 126
1579,10215 10745 6146 10120 10744 6490 9104 14306 8051 14320
1580,9538 10747 3415 10749 7076 3831 5835 3371 5388 8492
1581,10755 8082 10032 8084 8498 2746 3795 8497 3009 12591
1582,9796 5334 10757 2981 10756 1227 8967 2649 2647 7167
1583,3385 4874 4832 5501 1281 5342 175 5343 2335 4779
1584,2024 7831 10762 466 3748 3196 3104 1686 4221 4235
1585,10765 10766 10764 10763 2925 12083 12901 10042 6622 7271
1586,10771 10768 10770 10767 10776 10773 10314 10769 10778 4524
1587,7489 5180 9789 10779 3864 13536 4171 8235 6488 9588
1588,3328 5779 388 3288 3348 9165 13129 4885 3826 2139
1589,10780 3943 2675 3472 13973 4998 543 6957 7490 7501
1590,1257 5361 4020 4015 432 4558 3092 13354 4552 13923
1591,10783 8787 10782 5886 6773 4359 7705 10784 10781 1346
1592,10789 5370 1660 8616 3637 8598 324 10787 10788 344
1593,8294 4827 3761 1050 1280 1103 10762 3748 1484 3539
1594,10793 10791 10794 10795 10792 10796 2174 4785 3408 9402
1595,10797 5624 3190 9990 243 9490 5625 8937 6708 4077
1596,10800 10799 10801 5101 5100 5099 5098 5097 5096 5095
1597,10803 10805 10802 10804 9229 7899 2848 11075 13170 1260
1598,2881 5129 10807 1723 9967 1721 9968 1151 5125 5667
1599,6780 1665 7651 6165 10810 9810 9809 6781 9803 13366
1600,3085 4603 5875 2877 14350 14349 11536 1318 4139 14351
1601,10811 10816 10812 10817 7092 10814 1710 1354 10813 2370
1602,3055 7124 10820 13912 11126 13626 14578 53 14559 15247
1603,3016 1219 796 6919 4862 1071 1649 4220 702 10822
1604,10826 10827 10825 10828 10830 10829 7476 6243 7473 4932
1605,7144 4310 4267 1866 5260 12809 12577 13177 2156 1766
1606,6202 10833 10834 9511 10836 8221 10835 14835 14822 14940
1607,1978 10840 7299 8083 611 8782 8616 10061 3280 6372
1608,6587 10841 4949 5504 9594 2583 7454 10579 4973 8083
1609,10842 2432 2433 2434 2435 2429 2431 2430 2426 7704
1610,2117 26 3910 7992 4467 3977 1659 6377 6312 10487
1611,4605 8164 4413 15238 1778 10843 4133 13665 3667 6361
1612,10845 10844 13001 12677 12645 8085 9652 13666 13000 12999
1613,10848 10846 10847 5104 5103 5102 5101 5100 5099 5098
1614,10849 10852 10853 10851 10850 260 13061 4537 10832 2003
1615,10854 10856 4039 2374 10859 5672 2370 10858 10857 5531
1616,10862 2868 10861 7987 1301 5294 10863 7614 10608 8854
1617,10869 1864 10868 1177 5914 2045 10867 7172 4462 5597
1618,488 611 1447 10871 1572 9491 8303 6576 9319 1474
1619,10872 10874 10873 14516 10976 3834 12616 13461 1298 14412
1620,10876 10878 10879 715 10078 10875 10877 10790 228 8811
1621,3811 10881 9179 9392 4513 12962 10029 11406 12654 8966
1622,7243 1206 10883 323 10884 4205 3738 3920 7245 1217
1623,5589 2360 1345 10567 3619 3210 2581 6689 3096 5814
1624,10503 9928 10888 2523 10887 7263 6896 7730 9921 6889
1625,1112 1079 1614 5046 8552 1014 3352 3751 8251 1737
1626,2281 10891 6233 1367 13388 547 10715 1302 11126 213
1627,1329 3881 1300 586 12205 11294 11293 14005 1781 5148
1628,4398 4604 1322 5732 13954 13681 9407 8768 1443 1132
1629,2928 10310 7847 12321 6038 5938 3206 13906 6026 12438
1630,1081 9140 8083 701 3395 11419 12653 12399 1280 13755
1631,495 2262 4579 14619 6155 488 6427 10884 14618 10835
1632,10897 4837 7244 6104 10896 6897 10895 10894 2550 1622
1633,10898 8278 6519 7904 5043 7685 2 5041 2201 5747
1634,287 10347 7700 6005 7699 618 4303 3811 281 2700
1635,4605 8164 4133 5367 7071 1721 15238 13723 2875 4137
1636,10901 9814 8104 10900 11850 2010 11230 8212 9426 3394
1637,10902 3556 8879 3099 10473 9981 3557 3526 3100 1584
1638,8148 7628 8147 5679 7629 7627 12354 7625 7342 7626
1639,363 10904 10905 365 364 12829 1917 8307 9526 7300
1640,7855 4787 4570 569 10907 10438 8987 2016 990 15019
1641,3222 6836 625 287 14452 7700 13517 15245 7699 10509
1642,7920 5053 10909 8415 8449 167 8836 4769 6382 4211
1643,3386 10139 10885 8065 6444 4779 4778 9050 1960 9049
1644,5576 7681 3130 3881 575 8855 2457 2582 4335 10034
1645,10912 5784 9407 10911 2659 1989 13682 931 13520 14586
1646,10914 2602 4949 5660 10915 8458 1606 486 618 9131
1647,10918 10917 9374 10916 13527 9373 4882 12964 5517 5331
1648,7696 4757 182 1568 6216 10919 10227 6211 7420 2448
1649,10923 10927 10926 10928 10925 10930 10929 10924 10039 5245
1650,8832 2215 10934 1738 13336 2459 8834 1132 7467 3677
1651,10937 10940 10947 10944 10942 10939 10950 10951 10957 10935
1652,2142 9901 7374 5234 10549 2500 7130 7129 9911 10715
1653,3973 2328 1518 10632 6650 217 1079 9992 3676 8056
1654,10964 10963 2113 11267 8906 10679 1529 13931 13330 13423
1655,5453 10966 10967 2755 10270 237 7969 467 4862 2480
1656,10970 10969 14117 13776 13034 1524 13639 12131 1767 11964
1657,782 1387 4031 10972 3984 661 419 9875 1995 8324
1658,8685 8684 8683 8681 7652 8679 8687 8686 8682 3858
1659,5172 5170 8644 1479 9593 6589 5802 5359 745 4861
1660,10977 10976 10975 3834 9342 1884 12101 14516 14412 14775
1661,6812 10982 10983 3699 9049 10981 3507 3050 7145 5119
1662,5199 10986 6640 5676 9830 10229 9175 9178 13942 7678
1663,8152 1153 1721 13573 3693 11528 4688 7554 4687 1156
1664,10995 10754 10630 5845 10999 11000 10628 7098 10998 8900
1665,2086 11003 11004 14744 8585 11039 2093 12602 6284 14144
1666,3635 9978 3636 11022 6066 3628 3626 3625 3630 5623
1667,11005 11006 4753 6623 11007 6621 6483 8605 11407 9225
1668,478 811 3620 747 3387 7515 3690 14548 8943 10266
1669,2715 11010 11011 11012 11009 505 6707 7363 10409 11016
1670,5569 13058 4438 7123 5571 13729 5573 5572 5570 2192
1671,11020 13117 6936 5105 5104 5103 5102 5101 5100 5099
1672,11022 6066 3635 642 2010 3636 11819 13684 9978 9084
1673,11023 8962 1451 1645 3850 6799 5205 43 12869 1650
1674,11026 4336 11027 1904 8760 8477 1576 11025 14319 7881
1675,7859 3241 10232 4627 11028 8838 2446 7960 5280 5772
1676,994 7643 12324 4669 9781 11030 2599 12470 15092 7649
1677,11031 11032 5157 11034 1785 11033 7943 4174 5872 11264
1678,7804 5864 9954 5246 8779 10050 7815 4462 10504 4303
1679,11036 6303 6083 8690 9778 7248 10564 922 9 3470
1680,2314 2216 460 6437 10440 4015 3685 1407 14888 9410
1681,46 3111 6341 2360 4307 6383 472 14669 728 12205
1682,5225 7054 2457 5224 26 5223 15000 476 5090 4219
1683,1273 2676 8266 6970 1987 3403 7041 11447 7042 1436
1684,6549 11038 11004 11039 9202 9071 2912 11042 8585 11003
1685,11047 9614 5457 5802 11046 9705 9107 9579 5604 11044
1686,7173 355 3890 7807 2020 10204 11048 1684 7588 5493
1687,11050 5917 2305 632 5904 5477 13618 10125 2152 1805
1688,2614 6326 2820 1532 6386 2465 11052 11051 11053 3465
1689,1721 11055 10863 10956 11056 7221 6245 3077 6537 8152
1690,3055 11126 13626 15247 9957 14875 7994 4820 11424 3056
1691,1690 860 287 1796 7512 4925 466 5580 163 796
1692,11059 2154 11058 15255 13891 8413 7115 9655 97 1441
1693,4381 275 263 11063 12863 2718 8558 7483 261 3398
1694,11065 11067 11068 10139 3695 11071 6727 10965 5456 255
1695,9590 3741 6828 4347 7511 4031 1048 5056 6053 1031
1696,11073 3526 7828 5046 3311 10902 196 2449 11474 3541
1697,7803 5899 1327 11076 7802 3086 11075 3090 1267 2728
1698,11079 1638 736 2901 5766 476 3708 6060 6963 14175
1699,488 495 10884 3266 6155 794 4579 2262 476 611
1700,5352 10716 14008 13694 12590 11665 12987 5356 5357 6240
1701,5577 8775 11080 7902 3373 5549 5422 3314 4226 3557
1702,11082 6178 8224 7992 8434 1832 4645 4000 4507 14419
1703,11084 1826 9130 9520 3467 8191 2348 8069 11083 3843
1704,1226 7474 10785 6159 1707 3421 747 6240 1036 11085
1705,4867 991 3348 5828 5836 9946 6863 14259 3494 13363
1706,11089 8779 8818 5798 3198 3257 2355 4805 11088 7207
1707,11091 5435 4596 4407 1721 5686 5432 5429 3384 5433
1708,611 11092 612 10375 6535 941 9 7538 618 14717
1709,1778 2375 2371 6363 1321 6361 9192 4060 6362 1779
1710,3543 3544 4773 3546 1737 3539 7552 8553 7453 6336
1711,3271 3270 3272 5740 3955 14636 2362 6872 2457 7118
1712,8490 6296 926 6411 6293 2402 4152 370 7791 8528
1713,1997 11096 11095 11094 3350 10149 1996 2668 13917 11093
1714,6773 10746 5468 10031 13957 1183 13592 6501 3437 4359
1715,3106 11104 11103 11106 11100 11107 3107 3003 1722 11102
1716,1532 2820 10179 11108 11112 11110 2614 6352 11109 2742
1717,3992 7822 7419 8434 9370 10304 10307 7737 8432 8046
1718,11081 1684 9561 3708 735 1981 736 7505 142 4471
1719,1150 1717 5139 1146 1145 1136 1708 1726 1725 1722
1720,11116 10929 11115 2215 7184 3866 5466 11113 7864 11114
1721,3997 7893 2848 2977 7899 13170 9229 7892 1260 1896
1722,11118 11119 3693 6542 1862 9754 8151 2869 1721 11120
1723,11121 1532 3465 11122 1166 2820 404 6417 2742 14405
1724,11126 11125 8999 9116 58 3798 11124 1367 15285 14984
1725,9078 11128 9077 1536 9076 9079 8215 3721 13703 2805
1726,9017 11129 9470 4018 9018 13268 13577 9150 12552 11940
1727,11038 4498 2945 5294 6814 2239 9563 2242 4222 13664
1728,3048 960 8820 3047 4199 6377 10487 2217 4725 9527
1729,8191 2333 3629 4313 4011 2336 3640 10470 10649 1305
1730,1313 3859 6879 11135 11133 6335 11137 11131 11130 10786
1731,11143 11144 2933 2174 11141 10909 11145 2648 2644 9141
1732,6540 7980 11146 5010 5006 14265 14064 4357 5009 5008
1733,5218 6304 4918 46 10493 4399 3316 2482 4014 10564
1734,1429 9712 2045 620 8230 10869 1704 7217 6363 9714
1735,9426 11148 3205 7364 5580 2575 8623 42 5466 7361
1736,5876 3843 1826 4063 1777 6705 4134 9194 2890 2876
1737,796 1646 3678 5315 5853 1439 1446 860 504 163
1738,2063 4978 10606 2064 15057 12280 1035 3124 3529 1101
1739,11114 3265 15261 13679 13980 13263 4470 7436 11785 4045
1740,4673 11156 8460 10781 238 5010 3242 705 11155 8292
1741,11157 5747 8700 5746 2 15090 8098 5408 8285 7430
1742,9953 3219 2462 5683 3202 11161 6696 1051 5035 6753
1743,6794 4648 4645 4057 11166 4058 4661 11164 9350 4647
1744,1458 358 10311 11171 9882 11172 7565 6222 8936 7867
1745,9284 8851 2043 2825 10841 3458 3321 715 10510 4772
1746,11176 6521 4378 7284 9901 14088 10551 9930 2198 3598
1747,5098 8229 2285 10145 2436 2432 13769 13120 13768 7410
1748,11178 11180 11179 5103 5102 5101 5100 5099 5098 5097
1749,11181 11182 10114 3492 4635 9719 2399 9121 11183 913
1750,3635 5623 8818 5573 10607 10641 6702 5080 11022 6066
1751,8999 3055 1367 15276 7128 7134 15112 7116 7113 45
1752,11185 8999 7121 15148 15069 7974 14406 15248 14690 14951
1753,7423 7448 9562 6258 2980 6239 6238 6259 7450 6249
1754,4053 11188 2593 8100 11187 2598 2594 2596 2595 11365
1755,4865 11189 11190 4770 10273 5140 4350 7869 1734 2493
1756,1687 8197 4343 4874 11191 4571 1760 2953 10327 7133
1757,3811 9604 10976 9605 1101 6684 2276 2722 14893 5727
1758,11063 2718 4210 3251 3542 275 7453 8303 1206 7971
1759,2248 7877 3374 11196 5065 3624 5072 5073 11194 2779
1760,11208 11207 8903 11206 11205 11209 9111 8812 11210 8758
1761,11212 42 6434 10892 8589 2738 8590 2137 3599 8190
1762,6237 1232 4587 10459 6014 1017 6688 1034 5018 598
1763,1767 879 3581 11216 11215 4502 4243 457 4241 3474
1764,11219 6537 11218 6245 11217 12748 4447 7264 11041 14353
1765,11223 4866 2547 8391 4024 8990 1446 8530 11161 5077
1766,2371 11225 2375 11224 1778 1321 11347 4060 11625 6364
1767,6623 11227 1662 2438 1663 1126 11912 6253 9810 1664
1768,10901 11230 611 1752 3043 3471 11229 7698 14550 3044
1769,11232 11231 11701 1926 11274 14469 11702 10716 12566 2982
1770,5882 9887 11083 2168 4767 7327 7214 3157 2348 2248
1771,2352 7192 4886 4778 11234 11045 3316 10736 3022 4301
1772,7547 11236 11237 6267 11238 794 390 5270 5483 866
1773,2100 2779 3609 3605 8940 6264 4349 2774 1765 7736
1774,11239 7620 6122 6227 705 238 4804 8343 250 4286
1775,1684 1436 1442 463 1520 2408 7778 14699 664 286
1776,7804 6613 8788 11241 2725 1699 8676 14501 13971 13979
1777,3160 188 11242 7371 9911 9923 11379 12433 8724 3174
1778,11244 6203 6097 1422 3329 2540 6206 6207 5197 6205
1779,11247 11246 11245 7722 9558 6795 11210 4594 1524 13586
1780,11081 176 2586 336 6198 3015 9318 1796 10606 8799
1781,11252 2011 11251 2010 14681 6110 11573 11572 11570 4507
1782,1742 11253 1741 1740 2801 7017 6818 11425 8487 8508
1783,3476 2475 1371 7326 4891 185 11216 11255 3109 12140
1784,7824 11256 1058 9079 8275 8213 8215 14043 3903 11171
1785,6982 7527 1596 1337 11873 5969 4631 1269 4933 5966
1786,11146 3367 10359 3602 1419 5079 11258 11257 964 2767
1787,11260 11259 2930 4568 5862 10210 5425 6563 9885 705
1788,11262 2942 4334 4075 822 5830 66 489 6223 2200
1789,11264 11265 11034 11263 1266 8325 13826 4902 2716 11031
1790,11269 11268 9491 7440 1572 7736 276 5607 3869 133
1791,2371 7215 2375 2374 1778 1354 7064 11347 4060 2370
1792,4844 538 4839 6820 14808 536 9656 531 529 526
1793,8808 1752 11271 3043 5193 15088 13351 14328 1532 2816
1794,11273 11272 4360 6182 8697 7545 6071 4229 2878 11154
1795,1731 1728 11274 3781 8153 13223 12334 7379 11700 4533
1796,11277 11276 11275 5102 5101 5100 5099 5098 5097 5096
1797,11280 11279 11278 11281 4040 9620 6790 14819 4046 4047
1798,11288 11287 11286 7408 11289 383 5368 7409 914 11285
1799,3528 2697 3358 4777 2826 5501 2692 1030 5424 189
1800,11294 11293 8756 1781 11295 8620 11296 10530 3881 1329
1801,10960 11043 10218 6826 2747 7398 12467 9221 5621 3924
1802,7087 3095 7900 12360 5360 7290 6399 9878 4411 3691
1803,9402 8242 8623 357 6203 6166 349 7959 7466 4011
1804,4780 11302 6564 9693 472 6560 3335 2141 7184 8495
1805,576 11303 10764 2288 11304 5356 5358 5357 13681 11144
1806,1795 1792 2627 11305 1852 10000 1794 1790 6484 12930
1807,2920 13428 10412 10875 6710 476 466 10460 6314 945
1808,11314 11313 11312 11311 11309 11308 4379 10038 11307 11310
1809,8971 5864 5045 7496 6338 11317 8937 7494 9061 6345
1810,11319 11318 12756 5104 5103 5102 5101 5100 5099 5098
1811,6410 6568 11320 1213 6681 1426 6280 1303 7 794
1812,7175 11322 11321 14714 10414 9236 12282 10365 13226 3083
1813,10281 9407 732 2581 3627 9112 10664 6369 3047 10691
1814,467 4468 10454 14287 6216 1423 6038 3206 3952 176
1815,5583 11173 11341 11326 727 6103 11337 7097 11334 9142
1816,4415 1778 2375 11346 6363 1319 1321 6362 2371 6361
1817,11353 11355 11354 4871 1878 1415 5717 10565 14893 710
1818,11359 11358 9392 908 11356 6170 4971 6761 9239 6240
1819,4260 11361 658 4027 3100 7051 462 9249 416 6035
1820,11363 1128 4051 245 3985 11362 3721 5556 9250 9570
1821,806 8578 385 3603 7248 1835 11036 8690 780 811
1822,11366 11367 11368 4650 8663 4663 12993 11370 4892 4660
1823,2741 2614 1475 6416 2742 5345 5998 12535 2820 14844
1824,11372 4782 760 5080 3700 4226 4227 186 9529 6975
1825,11378 11373 8793 11375 6603 8501 6788 3271 1367 3270
1826,10627 11000 11382 10952 5845 4743 10999 1771 10994 10997
1827,149 4385 10700 773 5477 6365 6191 1186 169 11050
1828,1452 2688 8619 8941 7972 3550 694 3604 4817 3122
1829,1315 2881 6360 7218 5536 6321 2889 1157 9645 3082
1830,11384 7718 3945 510 7676 4869 9094 2251 12065 479
1831,5537 11386 4615 4619 4618 4622 11387 4621 4620 4623
1832,10510 10424 5766 3016 4374 10474 3361 4324 5764 5079
1833,9825 11388 11389 9150 14450 6558 1593 2440 12988 5426
1834,11390 11391 4302 7295 14979 14471 11915 2270 14714 12130
1835,2739 11393 6897 11392 6005 6868 1880 10732 4357 10347
1836,11395 712 11396 577 3600 5984 169 7846 8952 8473
1837,11402 11401 11403 11405 11404 692 11398 11397 14512 11399
1838,11407 11408 8605 11409 6483 2397 637 11361 7748 8701
1839,4939 11089 4765 6237 14511 7938 780 13179 1498 11134
1840,11412 11414 11413 11411 7640 6069 10024 4709 11417 11416
1841,6620 1596 5602 15026 2301 6982 2108 5966 14281 8409
1842,4968 8423 14202 8117 12009 14069 14425 3840 12011 14064
1843,1866 3846 4328 10843 1003 2875 1354 3688 7144 4329
1844,3943 578 11076 1409 6826 445 974 1387 439 9567
1845,1535 11418 11112 405 2820 1532 2742 1166 12426 1323
1846,7910 8687 4982 1083 8347 10181 7527 5864 10656 12492
1847,11420 4724 4305 10073 8645 10072 10071 4035 2869 4722
1848,11076 4745 9838 3887 7528 1840 6182 11421 663 6544
1849,9956 7005 1815 3030 7826 3811 2897 3620 3940 4797
1850,11423 11422 5077 5103 5102 5101 5100 5099 5098 5097
1851,9711 9171 1279 836 7362 9563 6673 6375 8257 888
1852,11427 11426 11425 6 844 11268 11428 4644 5071 11174
1853,5401 2587 1022 10781 8705 4636 3710 3826 2469 4951
1854,11432 11431 11430 11433 5599 935 14450 3656 9225 3654
1855,11435 11439 5440 11437 11438 11436 1721 9664 10936 1136
1856,11440 11443 11442 11441 7006 4437 7135 6254 2490 2503
1857,11445 11446 9404 269 5339 9165 13415 5712 2632 5338
1858,1953 6296 11447 1387 10721 8490 10456 9649 13529 6818
1859,11457 11451 11449 11452 11456 11454 11450 11455 11448 2634
1860,11459 618 1782 11462 10340 11461 11458 1500 1206 1803
1861,8542 4461 10998 10994 9854 4145 10990 13785 2881 11000
1862,7052 611 11241 10509 10372 10290 10371 3556 153 10373
1863,7339 780 11465 5460 6039 6237 8415 518 2363 7735
1864,11467 3575 3638 1621 2992 1620 8950 732 1734 7910
1865,4012 11468 4013 11469 4808 3970 282 6597 1809 762
1866,2741 11470 2742 7296 2314 6416 14262 11965 13613 5998
1867,9805 6167 1015 12566 11471 9682 4664 3665 1077 6161
1868,715 8748 8201 14939 2201 7047 14504 4437 11623 1404
1869,1323 10208 6352 13344 2614 2820 405 3465 13578 12426
1870,8525 13050 2155 1443 10866 2358 15169 1133 14213 8486
1871,11473 8853 10499 2916 13699 1481 1489 7248 10132 113
1872,11474 5164 5491 1096 1073 8170 2248 1611 3374 3410
1873,5197 6097 6498 4465 6546 11244 6499 12986 12305 13840
1874,6987 8045 8689 5742 9648 11844 9249 107 5035 4179
1875,10323 3794 4358 1222 1837 1266 6547 3948 6692 4350
1876,4135 2374 2370 1354 2371 2869 7062 2375 5672 2369
1877,7169 11475 1898 6617 3747 5246 10049 6513 12873 7049
1878,6698 11477 3267 10190 9877 11476 3909 1524 3231 3526
1879,10292 11479 605 4720 11480 11484 11483 10476 9771 11482
1880,212 11137 4359 14440 14416 1313 5772 3859 5774 6335
1881,1419 5461 3378 1404 11675 8748 10435 6911 8673 8747
1882,11078 11489 10449 11491 11488 11492 11487 11490 11245 12846
1883,10932 11493 13672 5998 10529 2815 2742 6094 5650 707
1884,11518 11522 11511 11515 11514 11520 11494 11505 11516 11508
1885,1826 4416 4414 3843 2876 6364 6735 10199 3000 1777
1886,3372 6380 2764 1206 5276 3090 2729 4324 821 3931
1887,2820 1475 1166 2742 12426 405 3465 2614 11524 1535
1888,11525 3853 9234 11526 2655 10044 4023 10113 4941 10043
1889,11527 3752 11532 4332 2892 11531 4457 10582 11530 11529
1890,11534 7694 9939 1147 2821 7695 5346 6333 4282 12765
1891,11535 5105 5104 5103 5102 5101 5100 5099 5098 5097
1892,11536 3082 1314 4617 1826 2869 11537 1318 3085 4607
1893,11540 11542 11538 11541 11539 10593 4795 10335 5916 2284
1894,11545 1160 11544 11543 9358 2480 13486 14798 6136 10430
1895,11546 3995 5891 11547 1940 11548 6631 6630 4710 6626
1896,9042 10174 2129 3964 2130 10362 9043 1367 11759 9038
1897,11549 15067 36 13013 5787 3178 15190 9134 13173 13174
1898,11550 3622 3183 14710 5852 12347 4780 6579 3313 14636
1899,11552 11553 7674 7406 10506 11657 8322 8821 11650 13840
1900,1624 11557 11559 7022 11558 10596 10127 8710 11554 2169
1901,1665 11564 8143 9810 11593 9809 6780 6781 7651 1662
1902,2449 11073 3441 7828 4911 11474 4347 1083 9293 7488
1903,11567 6615 11566 11568 1664 6624 4073 6622 6623 6189
1904,715 9519 13312 1850 11569 2750 5789 3142 11048 2491
1905,11573 11572 11570 11251 11571 11252 2011 15218 15217 15170
1906,424 11574 4961 7495 14983 14874 14893 14982 2556 1222
1907,8352 6381 4031 6768 1028 1908 11576 12709 1787 7914
1908,11577 7342 14673 14671 7628 8833 7629 7627 13488 9172
1909,222 10236 4997 3820 10128 4975 223 9956 1050 221
1910,1938 1746 4358 2908 9652 12965 11356 13888 710 2909
1911,3083 6553 4413 7784 12211 1357 1315 4687 2371 10461
1912,873 149 2763 686 169 466 794 476 1095 8189
1913,11582 11580 11581 11585 11583 8976 3720 4588 11579 5680
1914,3491 9138 13778 13777 3489 13776 8115 3490 7653 9136
1915,2131 3727 3359 11588 3576 11748 1501 10910 2470 1161
1916,3745 2054 11589 8678 2056 3549 11727 3369 2047 5206
1917,726 8843 7522 409 11590 9053 11591 14174 13986 14507
1918,323 236 9817 971 3802 6593 11477 3736 11929 11928
1919,6099 1883 9026 13256 6101 2009 14454 14496 6100 14022
1920,4553 11151 730 3717 2254 7448 12341 10728 7286 12447
1921,11593 11564 6171 6349 1110 753 1846 14528 7264 6627
1922,5777 4196 1984 4483 3247 11595 13935 9309 3555 7955
1923,11596 4838 11597 12473 12471 12474 12472 12344 12346 5570
1924,4913 4889 8350 4901 7238 8349 218 337 3237 3301
1925,2869 11598 14736 1826 7426 7425 13270 3094 12332 13682
1926,11601 11600 7998 7518 11602 11603 5984 1877 3851 7612
1927,10902 8614 204 2839 11606 11589 3526 8238 13057 11882
1928,11608 4555 10343 383 3949 6386 8563 1216 5456 1436
1929,3489 11611 11610 3491 9137 12684 7650 12685 5255 7985
1930,11612 11613 11614 7702 7701 13557 13556 12147 10911 6
1931,11615 11618 11616 11617 9699 11621 7976 7883 11619 11620
1932,11623 177 10618 3879 2160 9478 9474 9518 2527 5540
1933,2869 5129 6556 4626 6555 11625 11624 4139 6364 9967
1934,11627 8622 3262 5312 8872 2565 5307 1504 28 5989
1935,11628 11629 5103 5102 5101 5100 5099 5098 5097 5096
1936,11631 9660 4451 11630 2800 11687 7880 11688 14228 11305
1937,6685 6520 5353 8112 12572 13882 8575 10870 12082 6257
1938,11636 11633 11635 11634 11263 12537 12400 14046 14045 10467
1939,1894 6345 1895 11637 9293 5864 8515 5054 1750 1891
1940,11638 11640 1721 1155 7218 1151 10716 11639 9967 9968
1941,11642 4700 1840 6493 4963 9226 7328 11567 3887 8885
1942,900 6638 1728 779 8677 4497 585 1170 7379 12047
1943,1498 8577 11038 9286 4939 880 7310 14142 4929 13402
1944,10020 3456 2124 8972 11644 6916 3179 11443 181 9709
1945,11647 7402 8142 7272 12981 9689 13679 7401 12775 7774
1946,1099 618 10178 1420 742 9923 3460 612 15065 343
1947,11650 221 11648 1227 6185 11649 8650 1111 7934 13840
1948,11654 1306 1102 11651 5411 8494 3006 14227 4289 8599
1949,11655 4559 4531 8232 7224 7104 4595 3158 9591 5435
1950,7165 8967 5711 7166 11594 6511 10251 1268 5714 7106
1951,1320 6362 6363 1778 9192 1319 1779 4060 1321 2375
1952,11591 7523 11657 9611 7871 9883 2431 11656 10506 7406
1953,11658 150 11659 4887 5828 4987 2734 3237 148 7564
1954,6158 11660 11661 3055 614 604 7884 7885 9392 6512
1955,8176 8707 5464 11663 11662 11664 349 8706 4830 13093
1956,11666 11668 11667 5107 5256 5976 5119 7059 12200 8164
1957,9221 4865 4497 2707 1392 13890 4770 2519 10273 8940
1958,6980 11670 7621 3990 8047 9181 10711 8433 11669 11905
1959,11671 4255 8660 3821 278 8661 11975 12668 5721 7340
1960,11682 11674 11678 11677 11679 8956 11565 4811 4810 11676
1961,4085 4766 585 1993 1471 10660 3746 49 1964 10371
1962,11687 7880 9660 11688 11305 2800 11686 9395 6538 6785
1963,8843 11690 5270 11689 5791 3832 9336 3439 751 8340
1964,6364 1826 11691 9192 1320 1777 4413 2371 6363 7425
1965,8887 11692 8886 11693 10892 12694 10184 7529 8885 14437
1966,11695 11696 11698 11697 11694 11195 8560 2248 3374 7877
1967,466 4991 5509 1653 11699 6960 2711 775 464 790
1968,11701 11232 1926 11702 7962 11700 3781 14835 14255 8059
1969,8254 8255 11703 5317 8476 7472 4778 3407 5568 2014
1970,11706 3127 7483 11705 1546 6244 6934 6580 5323 4472
1971,5720 3185 1393 2779 6851 6645 4238 8524 3916 4251
1972,7165 11709 7166 11710 6435 4750 7105 2901 2732 2865
1973,11711 9976 7405 7174 5898 304 10167 8555 2710 8056
1974,11713 4143 5458 3390 547 4144 1077 11830 1750 1068
1975,712 169 5984 7846 8473 8952 5983 577 4854 11395
1976,11714 11715 11716 13721 1635 13945 4654 442 9118 3380
1977,8208 5959 11719 10140 8504 11718 10390 5307 837 6916
1978,1660 11720 5621 15096 5022 8669 12108 1328 2824 3945
1979,281 1090 3645 8714 8972 4032 2578 6889 8719 9915
1980,7527 9277 2346 10166 7143 5969 8674 2699 8576 6785
1981,11723 8443 10099 7058 11721 9755 11531 10075 11722 1828
1982,7249 10056 8341 13854 7229 405 6415 192 2742 2820
1983,11725 14545 15145 2853 5093 5094 5095 5096 5097 5105
1984,11726 2973 9278 3930 1414 912 4419 2972 2970 2978
1985,3699 3705 11727 5083 6029 8188 4762 3708 1206 3362
1986,11730 11728 11729 7478 7529 1809 13733 10184 2725 107
1987,1067 222 1014 1051 2318 6336 5343 3544 1076 3546
1988,5206 3369 11731 8604 6780 11238 11732 11733 2054 3961
1989,11734 4876 5386 3931 3318 10972 3359 1785 5222 1433
1990,8699 2239 11736 689 695 11735 6021 736 8664 24
1991,1778 5448 7404 11723 2883 2869 5449 2890 6362 1319
1992,3462 11664 11663 4261 190 11175 2751 4307 18 19
1993,11744 11743 4563 11742 3089 561 1522 4562 4565 4564
1994,3222 3399 5155 3223 2307 10378 10663 769 743 1202
1995,11746 5756 3856 4303 1728 870 323 1684 7421 424
1996,3262 11747 11627 2221 5195 12426 8622 5850 2614 13330
1997,3262 11627 5195 11747 8622 5312 8872 5307 28 2565
1998,196 26 8984 5046 1737 9985 3734 3527 8733 8739
1999,1778 1320 6363 1321 9192 6362 6361 1319 1779 2375
2000,2614 2741 1166 2820 2742 3465 1532 3464 5998 6416
2001,7344 10176 9149 6382 8365 11751 9313 698 11750 3479
2002,2629 8484 4913 8350 690 4887 4901 2484 4352 3493
2003,2820 2614 3465 11754 2742 11752 405 1166 1532 8907
2004,11756 10907 990 7019 7677 3659 6483 10107 11327 8605
2005,777 4080 2838 6749 7814 3112 2295 1804 3908 4490
2006,11759 7915 1830 6217 9318 7815 7341 9249 126 4949
2007,2711 11761 6680 466 6008 821 15029 2326 464 15028
2008,11764 11763 8816 13549 13547 7428 6393 13141 13142 11021
2009,11766 13397 13045 11984 11967 13396 5100 5101 5099 5098
2010,11767 11371 7177 3604 5563 4656 7179 12850 7180 7178
2011,1077 4143 1015 1068 4144 1086 1085 1049 1084 1087
2012,11768 6703 1001 7065 11057 1445 12491 5422 2893 5689
2013,7389 3882 1905 8071 9686 12128 11930 3923 6572 8811
2014,11769 7209 14864 12479 7204 7203 10063 6772 561 12081
2015,707 8470 9593 323 8931 7482 5769 9594 5762 9497
2016,1121 11772 2843 11770 1119 3428 8021 9393 5244 8870
2017,994 7830 1191 12324 4178 7718 10170 8622 5140 5147
2018,7985 7721 3489 11774 11773 9327 13709 12694 4381 261
2019,3846 1866 10843 1354 3688 2875 1003 4609 10193 14105
2020,1778 11777 1320 4139 3001 6362 1319 2371 1321 6363
2021,9531 350 7770 351 349 8241 7955 339 10727 3776
2022,3667 9536 7078 7065 11778 9535 7075 1003 1007 3074
2023,7659 11783 11781 5010 7660 11782 11780 8992 11779 701
2024,209 1761 10631 1515 1764 1762 6327 1304 4744 13571
2025,11409 6619 5716 3285 11786 6477 2699 9885 8921 5700
2026,1001 11788 8760 8604 11438 4136 14319 3888 1002 13565
2027,4229 1062 7037 6260 13212 11273 10509 8697 11272 4360
2028,11791 11334 8178 996 8171 8172 6129 8175 8169 1339
2029,4304 11793 6404 11795 7269 7273 10002 11792 11794 986
2030,900 11796 7948 4497 8116 11912 6168 11911 779 6638
2031,11797 5662 11801 11800 11799 9748 9747 11802 3843 8541
2032,5490 4031 5489 462 9046 768 251 11803 5488 848
2033,1011 1863 1316 2888 9547 11807 1141 5449 1859 11808
2034,583 2677 3752 890 11809 2457 11810 4301 11527 13044
2035,9719 6791 4635 5504 122 2474 5220 8180 11812 11813
2036,1618 1617 235 1622 234 11814 1619 1621 3213 4812
2037,203 7488 5166 5396 4479 11815 5946 9974 4166 10203
2038,2375 2372 2371 9968 2379 1778 11347 4060 1320 1321
2039,11817 11818 4934 8935 794 11360 11087 4027 4029 6648
2040,11819 3807 304 3804 3806 3808 3809 9976 12771 2897
2041,9278 11820 11726 912 323 3930 4419 1414 873 1688
2042,11821 3150 6713 8398 1345 4865 12591 7391 12873 13317
2043,11831 11825 11829 11828 11823 11826 11833 1900 2716 9489
2044,4858 1963 1100 4188 2762 6017 4091 9249 443 4078
2045,3811 10347 323 3181 769 1206 4256 6005 4474 1728
2046,5296 6843 6846 6845 6840 5295 5294 2830 5289 5293
2047,11836 4127 2558 15245 2016 15019 8580 12512 3800 4788
2048,11838 11837 9688 7286 4310 1766 3128 4841 9550 3466
2049,3000 4416 4414 1007 1158 89 1826 2876 3843 6735
2050,11840 11842 11841 11839 6510 6513 7168 10205 10658 6174
2051,5742 9648 9249 11844 6987 11843 1237 12093 2079 14453
2052,11846 11847 11845 6869 7712 11299 11983 11099 1176 6316
2053,6706 10096 6364 10098 7098 7059 10097 10099 7099 5101
2054,9432 9434 9431 7086 9433 5095 5096 5097 5098 5099
2055,7583 9517 3891 2402 10277 10948 13342 13729 365 13728
2056,9808 11849 7219 1845 1700 1846 11848 8114 6785 4450
2057,8513 6806 14083 8514 6555 7554 5447 7427 5163 5449
2058,11241 1222 7936 11574 4747 10374 6692 11711 710 4358
2059,11852 6622 11807 10753 4449 12322 13892 4448 2979 8551
2060,2717 2075 4374 10317 1195 10005 1388 417 11853 13922
2061,9249 4007 7969 8520 6175 8856 7928 1385 12294 1412
2062,11323 3348 7531 8273 1110 4427 8350 121 2477 10648
2063,4056 2663 8214 3572 11854 3566 1635 4057 12949 1997
2064,578 464 2453 6002 4844 419 8397 2000 4744 6820
2065,9082 1733 2099 6828 5411 14516 6870 9081 1734 476
2066,11855 8442 2165 4071 6441 1347 2570 1090 2526 478
2067,2305 9248 1394 13618 2152 1805 3375 6822 14518 11809
2068,7260 4535 11856 7945 9661 7943 4533 6854 7543 5156
2069,4332 5933 11858 11527 3752 11532 2769 4757 1052 11531
2070,11861 11860 7776 11859 475 5991 9782 14609 13825 13454
2071,10762 3748 1103 1050 8294 1484 2826 1280 3539 3216
2072,11866 8823 11865 11867 3902 5076 11863 10740 11864 3714
2073,9826 7934 11639 3671 11869 11638 11640 3859 230 9807
2074,4505 7357 7833 8431 10308 9703 8433 6054 2218 6380
2075,8910 8911 8909 8908 8912 11693 8913 8886 5942 8887
2076,11872 876 994 1673 13830 13829 11871 7941 12324 3579
2077,11740 9565 11873 3102 2213 8640 6592 6801 8319 10339
2078,4609 10752 10843 4036 2372 5450 3842 3846 1866 10097
2079,7925 2910 6466 5299 11745 6467 9717 9716 4845 4321
2080,11193 5400 2781 4422 1811 3248 4326 3632 7834 1585
2081,1050 4131 9956 5398 4006 8294 3758 2826 4453 3757
2082,11875 5503 11874 11940 11421 11637 10703 2729 11006 6763
2083,11408 7517 1263 10150 7521 10152 5147 3404 901 11876
2084,2820 11878 2815 2742 1166 3465 11879 2614 405 11110
2085,11882 5044 2806 11606 8972 5236 10176 12687 12686 7906
2086,11883 11884 7678 15163 9331 10986 9830 5788 14566 9999
2087,7098 3882 10995 11548 7099 8807 6353 8805 10994 11546
2088,7757 10605 13801 13800 13802 13803 11680 10079 1634 5093
2089,2907 11886 11888 11887 2649 11885 9942 5967 1115 2909
2090,4787 2921 11447 13571 2924 4973 7718 569 7953 1263
2091,10067 10068 9628 9399 12660 12661 9625 12664 12663 12662
2092,7078 11893 9536 11894 11896 1005 11895 1007 8405 9537
2093,5998 11898 11899 6990 6994 2614 6995 2742 11897 11108
2094,2781 11836 7519 3191 3202 7901 7521 2016 8841 7517
2095,518 11465 9619 2213 7039 3917 5720 8601 773 7339
2096,6591 2357 8364 875 2353 2702 1831 3531 1086 4147
2097,9993 2709 8223 9876 6166 5550 1647 10417 2701 9570
2098,11901 4154 11900 5105 5104 5103 5102 5101 5100 5099
2099,11902 424 6342 6143 3458 2571 2585 2960 10564 4308
2100,256 249 6204 5509 8918 2472 8083 9484 8891 2251
2101,2809 7621 11789 11906 4453 1484 1623 1283 7417 5397
2102,11908 11907 14533 1126 13770 14006 8032 13841 9973 9768
2103,3043 3044 5096 1752 3984 2560 3749 5070 2270 4865
2104,11912 717 11911 11796 11910 11909 15163 13420 11227 7574
2105,176 6369 1452 2057 6438 11913 1579 4501 4157 5069
2106,7803 7802 2728 7801 12081 6146 5899 1267 2898 9696
2107,49 3599 7294 3403 11916 437 363 9125 9773 11915
2108,2781 1732 2933 10517 10473 848 13048 3931 1686 1206
2109,10556 11924 9080 10628 11925 11000 1769 4060 10991 11923
2110,6617 5325 6909 3920 6540 6619 6621 5486 6622 3747
2111,11929 11928 11927 11282 11926 10677 236 300 10694 9817
2112,11931 1757 4360 11930 10583 1004 8740 2582 5150 5906
2113,1800 1172 4869 10477 9295 1426 824 4178 128 149
2114,4972 522 3109 11933 1869 7511 2071 9037 5790 7133
2115,8317 778 3574 6920 3100 1973 6641 2772 4030 4
2116,997 7339 2629 3147 478 2630 2018 7463 1551 287
2117,11934 3418 5608 10022 4439 7143 3850 8705 8403 4196
2118,5236 11906 5278 11935 2784 180 5397 6980 4227 8568
2119,11940 11421 11637 11875 10703 7401 7253 9018 5503 8644
2120,5972 4382 3135 10169 7003 4383 9002 15192 15191 12085
2121,1633 1293 11943 1294 11944 2786 478 4369 5185 1637
2122,1118 7644 3498 3659 14295 2827 11229 7645 1626 7019
2123,1165 2744 1533 2742 2820 1166 13325 2741 1532 12426
2124,11946 1462 1465 1464 1395 1463 1461 5109 5110 5101
2125,1321 6363 1320 1001 9194 2996 6362 1778 1319 2375
2126,11947 11948 7755 3838 7756 13627 10609 7352 7753 8264
2127,1011 1317 1001 4687 397 7427 1719 11949 4134 4132
2128,11250 10882 6408 11952 7001 3509 8569 1768 10451 2690
2129,2210 1282 8896 10464 4850 12847 8098 2588 11157 2342
2130,3055 6897 3823 11126 13626 9804 15247 4820 10446 4357
2131,1880 6868 11754 15147 2739 7726 10965 13129 23 1490
2132,11956 8471 7746 1800 13027 13028 10839 7173 13464 12432
2133,3055 11126 13626 15247 4820 9957 7994 14875 11424 3056
2134,10155 9405 10295 11958 6903 11577 9939 1813 5233 6900
2135,2375 2371 4132 1320 4060 4687 1778 9192 4688 1779
2136,9884 10908 8457 3697 1568 1200 8745 3556 433 5728
2137,3811 10347 287 2319 1649 7700 1101 7699 14893 14952
2138,1396 10415 11960 4441 6047 11741 686 15118 237 8639
2139,7100 656 982 8302 12585 6500 13484 4061 12108 1400
2140,1679 6226 11743 11964 2722 1680 9475 11963 11962 11961
2141,11968 7349 4701 8323 11969 11967 7351 12564 7352 1885
2142,11970 1338 11136 120 2488 5209 1340 3359 1339 2495
2143,11388 11389 6652 8668 11974 5410 11443 11975 11971 5316
2144,3579 11977 383 6332 8499 9254 385 386 5579 102
2145,11190 2220 8988 6869 482 3935 9274 6563 10459 8445
2146,11979 6884 11978 9225 1179 6952 4530 1878 3428 5788
2147,352 5822 119 3274 2610 14398 15089 12276 10695 2611
2148,8704 4223 3100 4219 3555 2784 8516 3712 625 10567
2149,11982 6930 11981 4728 6726 2444 11076 5851 6107 4586
2150,11988 7215 4707 2886 11987 10989 12162 1771 12389 572
2151,11992 11991 11990 5075 5101 5100 5099 5098 5097 5096
2152,9544 3745 11993 11727 6948 618 4405 612 1577 5359
2153,11996 11998 12000 7823 11999 11995 11994 11997 11589 12001
2154,5814 5742 7131 4902 7716 8324 8776 10540 9648 13369
2155,9250 463 2448 323 163 873 794 128 3250 5290
2156,4457 8291 1260 3857 1261 5858 11527 3752 4332 11532
2157,1529 12007 2614 12006 2820 3465 1167 1168 13200 2742
2158,3085 5447 1318 1724 14736 2869 10199 11536 1826 4617
2159,4968 8423 12009 12011 14202 8117 12010 14425 14069 10255
2160,6155 12012 10835 9042 5085 12014 6823 7633 12015 12016
2161,6863 9802 11814 9187 9188 12018 9910 11094 9203 9360
2162,8802 3570 10014 3569 3564 14605 14604 3565 3568 7324
2163,841 12022 3707 9653 1233 1236 8658 1235 6519 7042
2164,12025 2979 626 1746 5498 12024 5382 13764 6622 7605
2165,2721 4067 3509 4478 9848 8898 15243 4639 7138 4637
2166,6586 11648 11274 8430 14104 11650 1227 2905 221 1111
2167,12027 12028 6414 15038 7393 12842 13577 7908 6416 4790
2168,8761 9123 7333 995 9075 12842 9124 9073 9074 8489
2169,576 563 12029 5358 5356 5357 10271 13681 7401 956
2170,4764 6045 4016 5791 6471 5972 12031 1065 5792 476
2171,5065 5299 5033 473 5073 5072 5029 3857 5067 6030
2172,2314 6640 3155 11965 13318 9465 4591 1475 10015 2157
2173,4901 4905 3237 12018 9499 4899 4900 4903 4638 88
2174,12033 7987 5885 7939 6621 5171 13358 10862 2868 6187
2175,3359 1074 8246 12034 2472 6561 9181 3317 8492 88
2176,12035 6589 12036 11288 7719 13548 14674 1479 11287 10224
2177,12037 7302 13285 4966 10123 127 5095 5096 5097 5098
2178,12041 3859 2845 1716 7895 12040 11839 12039 8236 9836
2179,787 1213 797 7958 4085 10420 6411 5972 870 2456
2180,5596 3683 9044 7400 1766 7403 3210 964 4291 6648
2181,12043 7833 757 6367 4857 1963 8940 2460 687 4206
2182,3242 5793 11075 8978 1793 705 5426 3240 4568 11260
2183,7139 5210 170 11073 3602 6054 9703 1411 14534 12045
2184,12046 2348 10231 9693 4322 11083 9675 8557 6677 3299
2185,12049 9966 1728 7379 11700 12047 14835 7571 12048 1713
2186,8858 1239 8790 2068 4183 8860 8859 10177 1855 12484
2187,8874 843 3131 3470 12050 2755 11761 12051 3959 11483
2188,12056 5105 5104 5103 5102 5101 5100 5099 5098 5097
2189,12058 3808 7546 1887 12057 7554 5460 9817 5857 1724
2190,12062 10362 12064 6836 12060 10169 10563 12063 12059 4553
2191,4882 7237 3009 7558 3238 4899 3010 4883 8624 3380
2192,6990 12070 11111 4791 14803 11822 6995 11108 9788 4514
2193,12076 12071 12075 12079 4132 12073 4688 7074 4687 12077
2194,169 2262 2309 1252 5958 745 5957 3811 14619 149
2195,12082 12081 1629 2982 7625 3861 7104 11375 6541 15125
2196,7002 12083 7658 14143 14911 10765 9190 15121 6622 15123
2197,4635 3872 5828 4993 2480 4815 4987 2495 11443 5835
2198,3811 3544 879 3546 9800 1737 4398 5980 4092 10710
2199,1319 6363 1321 6362 1778 2375 1322 2371 1320 4060
2200,3465 8709 6417 15257 2614 2820 2742 11122 11121 1532
2201,12085 10169 12084 15192 10561 14729 13214 14147 5273 12064
2202,12086 1951 8521 4385 3771 5712 11149 6638 4758 5917
2203,7805 3152 3950 8855 4261 7910 375 4788 12087 9774
2204,12090 12089 7782 6844 12088 6327 15127 6331 2059 12200
2205,5281 10140 7549 56 742 7465 2523 7550 7548 2509
2206,7756 8392 2662 8215 8214 1635 12092 1996 12091 8216
2207,10542 1184 8617 8544 12093 11113 5974 239 14035 8545
2208,12095 11843 3209 10472 11669 3036 6964 10586 5549 12094
2209,11956 7173 3594 13464 7746 3599 13221 3598 1800 8471
2210,6304 11812 10906 2035 3377 3641 466 11654 5217 6470
2211,5898 11029 13032 3982 2131 4595 9976 10003 2446 5897
2212,2614 3465 12098 2742 13578 2820 2741 15259 6417 15094
2213,2657 8882 2206 10094 14082 2651 4852 2655 5264 5265
2214,12099 12100 5514 2807 3493 4305 5944 11750 5943 2110
2215,8993 5036 12101 1088 2449 3876 5346 501 10977 5347
2216,7198 4076 8603 12002 3147 10759 1476 1495 6833 10592
2217,12104 8315 12103 5328 681 2444 5377 11652 3019 191
2218,12107 5323 2332 2565 12108 11301 4001 7192 9481 3371
2219,12112 12126 12120 12116 12123 12117 12113 12118 12125 12122
2220,9680 8666 522 6438 7551 2250 173 4497 2245 7971
2221,10265 8419 3857 3823 8493 5096 627 12129 2556 9337
2222,46 104 12133 11672 5304 5141 3805 866 5151 12132
2223,12135 6835 1877 8859 4410 14623 13759 8004 7999 11601
2224,10151 12136 8842 11590 10148 12137 8119 8228 8118 4668
2225,2457 385 5237 38 7466 3971 3644 5236 7054 476
2226,11642 3887 7328 8885 8115 12156 9458 3665 3847 11877
2227,3517 3048 3553 163 9527 4199 1571 4776 7616 7287
2228,12141 12139 12140 6946 11719 116 3533 3814 575 7559
2229,3037 687 7507 6367 3186 7412 14430 13977 3032 1648
2230,4941 3487 1268 10113 7801 7382 10387 10638 10637 7106
2231,12143 12147 12144 12146 11085 12148 1721 7743 7287 2447
2232,1011 5687 10899 9534 7427 10199 5447 4134 7057 2864
2233,10408 7292 3998 9502 10409 7938 6778 3665 13179 7990
2234,11752 9936 3143 3155 331 6040 11270 12271 3168 10092
2235,5535 9548 7785 12151 1779 9666 9547 4598 11385 9192
2236,12153 6815 2407 4318 2698 1369 14073 1371 5611 5275
2237,10227 4194 7696 6569 580 11760 7505 1393 10908 12021
2238,12157 12154 12158 12156 6109 11021 4466 12155 1119 4695
2239,12162 7978 12161 6629 7485 6540 10269 3999 12160 11475
2240,8189 873 771 5544 2675 9259 14849 9223 2500 686
2241,8971 3244 12163 9061 3240 3243 3134 1732 5956 4353
2242,171 774 9620 12164 11235 5725 14819 6293 10163 12254
2243,286 12165 9552 9253 1684 10417 9787 10373 10372 9553
2244,4573 7816 831 3316 4223 3831 2494 3350 4249 3348
2245,2875 2874 7817 9751 4693 3668 7818 4599 7554 4138
2246,12166 11168 819 1798 4994 3252 9196 1961 3175 4376
2247,7954 8190 4474 4469 14579 8944 11654 14227 1500 263
2248,12167 3317 1345 7508 4223 1967 778 3477 5079 10474
2249,6032 770 1382 6967 1447 15014 10649 2586 611 6965
2250,2457 1302 11113 4478 5466 12168 10239 11116 7184 476
2251,7716 12170 9359 11480 12169 3 14630 14627 14629 3787
2252,7088 3105 11811 504 9153 10402 292 5047 3946 4214
2253,6412 12171 8274 9289 10057 14377 4713 4718 1541 11211
2254,5553 12174 12175 6647 1586 9365 12176 12177 3709 5131
2255,3547 6388 5185 4369 12127 9475 4297 8404 3296 11830
2256,3829 1936 1592 4696 6692 5104 14588 5357 3771 3835
2257,2448 2829 7696 7697 182 7497 1569 6013 4757 176
2258,12182 3896 9032 12274 5349 8102 8825 12181 12180 9350
2259,12184 4564 4566 3380 13382 14370 4565 14587 569 9034
2260,1130 9610 7760 8086 7306 13388 10553 4153 2160 7322
2261,1871 1295 5400 12185 4779 10275 12186 1419 3583 3723
2262,1896 6620 639 12187 6616 2108 13402 7892 15026 1946
2263,6526 8396 9260 8397 8475 3602 7544 9056 9365 1630
2264,12193 12192 9081 10617 1332 503 5455 10129 2680 5680
2265,12196 7953 2859 9438 4787 2422 2421 3661 567 14894
2266,2637 6153 6152 350 2118 6154 14925 4830 12189 6151
2267,8824 11668 12199 5256 5976 3414 5119 12200 8162 7059
2268,12202 8718 4996 6261 8721 8854 9002 2075 5330 10066
2269,12205 46 1300 11392 10732 4925 14005 6002 4924 6825
2270,11359 9239 11358 6761 1124 9392 5243 5244 9393 12207
2271,7077 12210 6847 12209 398 12211 5449 13785 10461 12933
2272,879 775 889 7504 794 466 43 1650 871 882
2273,4309 6770 9823 12212 7518 10034 6837 7809 6501 7808
2274,9702 11073 3278 10334 10763 11329 7828 3309 3311 769
2275,12213 753 11742 6621 1431 1124 8021 4796 7896 11744
2276,12217 12214 10197 1792 12216 1941 10194 1794 6946 4873
2277,8746 3512 12221 8437 12218 12219 12220 371 11726 218
2278,12225 12224 8127 15188 14153 14181 8459 4450 13207 6298
2279,3700 3709 661 1230 3487 1243 3698 598 769 4236
2280,5096 2270 4302 7295 11390 11915 3043 9349 5070 4122
2281,12226 3888 8378 12227 10431 8231 638 9373 11385 9374
2282,323 4130 4129 4125 10510 11419 4128 1206 9140 12653
2283,207 5612 870 3191 8953 11250 5620 5621 1297 5619
2284,10350 10349 12228 10352 11227 12229 3672 6159 4070 11438
2285,12230 5017 5103 5102 5101 5100 5099 5098 5097 5096
2286,8680 8861 2275 5922 13236 5685 11757 14028 7108 1712
2287,12231 12233 9183 390 12232 9581 9998 1472 8795 10174
2288,263 7954 12005 12236 8688 262 12235 264 14606 12859
2289,12240 12241 12237 11225 12238 12242 11436 12239 11891 7785
2290,2643 2646 2647 2642 2640 2639 2648 2644 6126 2649
2291,3834 1285 3280 12018 1760 8053 8273 1501 10976 7047
2292,2116 1480 11706 5360 197 9089 11323 14997 7836 10531
2293,11345 3180 9049 10832 10340 5359 8258 7679 9058 5769
2294,5181 7835 1212 6700 1234 10471 6039 3635 4212 10474
2295,5255 1895 11610 2393 1894 1893 1891 1892 1896 12552
2296,2159 10241 12245 9396 852 5321 3477 8365 7716 2367
2297,12252 12251 10584 5640 10316 716 12250 6728 12248 12249
2298,3170 9174 3171 13139 8399 3162 10619 8670 13174 13173
2299,5688 8851 10134 5036 2252 9297 6574 9749 5447 4132
2300,12260 12257 12255 11641 12258 12256 7217 11436 11437 1775
2301,9447 9569 4669 419 188 4 2103 10439 1433 3556
2302,12262 7102 8981 11798 11802 6364 8980 4138 7101 10355
2303,12082 6520 4674 8575 10716 10810 6244 6785 6476 6539
2304,12265 10456 3775 6819 2005 3012 4705 2739 754 4696
2305,1888 12267 1076 8294 5863 863 508 9975 1051 518
2306,2668 1997 12268 1996 8214 11095 11096 12949 13944 3274
2307,11033 12269 6415 11913 7249 5365 4593 2830 10064 5745
2308,10459 3749 9523 11256 2215 2357 5022 8185 11718 659
2309,7395 2741 11365 11112 11188 6416 2742 8312 13344 1532
2310,12273 12272 9781 9780 9587 611 7732 3598 2516 96
2311,12274 12275 12182 8757 13608 12093 13432 14453 1128 5
2312,4597 1721 4403 9751 3075 8152 10098 8161 12655 8164
2313,6259 630 9223 7115 3019 6239 6238 6249 6188 2983
2314,9441 9601 285 2059 6711 12278 3314 1507 12176 9596
2315,12279 9937 10634 3502 8225 12973 2182 7250 12972 11141
2316,12280 2767 4180 6575 7417 1192 461 8994 242 2063
2317,12281 4313 4121 14390 2405 9704 6725 8113 4486 4314
2318,12283 12284 3914 4160 5105 5104 5103 5102 5101 5100
2319,1555 4174 3466 12285 3879 3695 12097 4865 8950 6679
2320,1097 3112 3739 7814 3115 2692 2295 3114 4490 7813
2321,12290 12289 13381 12288 12292 12293 12291 12675 15253 12674
2322,12294 6175 12295 7812 7813 9249 7969 4007 8520 8856
2323,8523 6300 3378 4986 3092 5834 2540 7329 7317 5829
2324,2259 12297 7504 2260 1987 13036 8476 7251 11703 13408
2325,12300 10971 12299 5399 12887 1933 12892 12520 5102 5101
2326,45 4017 9119 108 3019 14298 1368 8999 11376 6546
2327,12302 12301 6353 13701 13349 6989 7686 13960 13352 4516
2328,9610 1130 13388 10553 8086 4153 2160 7306 7760 10223
2329,12303 8373 3242 2650 11701 10633 10632 9275 705 11702
2330,8982 4407 5667 10988 1721 1317 11091 9664 7554 10246
2331,4122 5096 2802 7733 8179 244 4195 9349 9024 11481
2332,12306 12308 2257 9138 10219 12307 1096 8962 3644 3734
2333,6833 7198 476 3945 6678 836 173 6088 4695 1213
2334,8315 186 4915 8311 5820 4916 8312 3359 12104 8313
2335,1343 8508 12313 7753 12314 1742 11284 12316 12312 9760
2336,9891 8044 12317 4554 12318 3111 744 6063 5688 10258
2337,601 9439 7357 10308 83 7821 8658 3291 11930 5512
2338,12047 11029 2446 10044 11732 12319 7379 12320 5902 640
2339,12322 10753 10747 10857 1839 13194 11852 11807 10193 6622
2340,11115 6693 11116 8426 10929 5205 4017 7184 3866 2215
2341,3811 769 686 2703 466 1101 2309 10347 14893 873
2342,3067 12323 1070 12900 3065 3064 13166 3068 3066 14194
2343,5420 6386 5067 794 879 3223 7928 9947 5034 5186
2344,4360 8203 1169 13766 7250 383 11273 8697 1757 7886
2345,7711 12326 9398 11708 7946 6058 9824 14542 13479 10183
2346,10492 10498 7088 2993 4320 6701 6560 1029 11643 3105
2347,10572 12327 1103 10142 2101 5396 3723 6980 8339 1484
2348,12329 12328 8712 6837 12832 14664 11246 11247 7017 645
2349,2864 11986 10899 7171 10088 4414 7094 4134 1826 1354
2350,4666 12330 4667 5105 5104 5103 5102 5101 5100 5099
2351,6719 12331 4899 13781 11368 6725 4892 11367 14018 4905
2352,9235 12333 1011 7222 1721 7057 12332 8541 9534 10626
2353,12335 5105 5104 5103 5102 5101 5100 5099 5098 5097
2354,3717 12336 9660 10678 4905 9499 2800 1316 11687 11688
2355,12337 1181 9282 6998 178 10371 6908 7727 5307 1334
2356,12339 2273 2263 12338 6303 6467 14569 12869 10447 8250
2357,12344 12346 11597 12342 2315 5391 5293 6755 7585 7299
2358,3242 7267 4045 4569 5730 5609 605 11484 2923 6880
2359,4841 9531 12347 9181 10661 14092 350 7771 14710 1436
2360,12350 11910 10068 10069 12349 2373 4139 9625 11989 7554
2361,12352 5897 11032 10122 10337 9103 9806 12351 4964 5896
2362,4349 5595 2779 6044 2774 4238 3708 4004 4235 2100
2363,12357 12356 11523 12355 11342 13109 13110 7647 13108 8518
2364,12360 3634 4083 4888 7287 10984 696 6086 12359 2290
2365,11090 12361 4454 12019 11681 5063 3936 4503 4769 876
2366,10456 1953 10721 12265 14071 9649 13529 11200 6818 1955
2367,12362 9249 1544 3114 3753 13132 9343 4757 13256 10012
2368,11189 1269 12363 13956 726 8988 1337 9826 12131 6982
2369,12366 12365 1 14659 5565 14024 6819 10967 13072 14034
2370,12368 12367 12369 11099 1144 1136 11847 1145 9437 2996
2371,8935 11960 11140 1284 8782 7829 425 6700 9087 12765
2372,12372 7296 12373 1945 12159 12371 11105 5118 11771 4472
2373,1491 3971 1402 4178 322 14206 6684 10614 3627 323
2374,4688 5848 6323 9753 4132 396 9626 9628 4687 12374
2375,9969 12332 9629 5686 12376 1776 11434 10751 1344 12378
2376,12379 5954 12380 11117 559 5322 4860 10138 2256 5152
2377,11424 10381 2148 14341 11235 5961 9 14952 10380 11713
2378,4805 12383 5425 10419 2071 9526 5424 12063 9655 124
2379,12386 12009 12387 692 4968 5514 14202 5674 2828 8423
2380,12391 12392 11354 10565 12390 1003 6852 10508 14615 11353
2381,1460 1206 10100 1686 878 4085 2133 2767 4031 3645
2382,12393 12398 12397 12394 12396 7914 12399 3967 11671 7570
2383,9686 12128 11930 7389 5735 3923 5734 15019 5737 4312
2384,7806 12402 12401 3889 12400 5485 3113 10788 11529 5395
2385,12403 12304 6141 12404 10784 1446 12405 3891 3948 8247
2386,7194 12128 3908 476 1445 7800 8219 9569 10236 3201
2387,5197 4465 5196 6097 692 6498 2699 6627 1110 6631
2388,12406 8892 8670 8894 11953 624 2033 6329 2556 3407
2389,7940 4068 1374 1352 14146 3906 1700 13961 12439 14752
2390,1136 3666 10088 1145 1146 3074 7215 11778 1354 10089
2391,12412 12416 12408 12411 12415 12414 12413 12418 12409 12410
2392,12419 5105 5104 5103 5102 5101 5100 5099 5098 5097
2393,1997 1996 12949 11095 1994 1995 12092 8629 1044 8216
2394,12420 5096 11481 5509 837 9349 5097 4327 4122 5466
2395,666 1250 9496 5796 3119 1216 11705 2030 8819 10134
2396,8887 10184 7529 8886 11730 7657 11728 14437 13765 6950
2397,2457 3926 10357 5050 9710 3931 2781 4876 6766 3924
2398,4056 1181 2663 2591 3572 4058 8214 13944 5222 13461
2399,6786 12325 983 10531 7267 2238 2254 12422 2363 7614
2400,9390 4946 778 1685 3472 4246 4937 6920 8763 9468
2401,3771 5357 3829 5356 14393 11711 1936 14693 692 2678
2402,3479 666 7483 275 8558 11705 3398 7286 9149 3826
2403,7946 7781 7711 12326 14542 9398 11708 6058 10183 2256
2404,2614 2742 12425 2820 3465 5998 1532 2741 405 1165
2405,5852 7290 6579 11550 4780 3313 6575 3945 196 11864
2406,12428 1488 870 1646 7958 2739 869 5580 40 12427
2407,2635 10560 2634 7647 5364 7264 13109 14752 10561 13110
2408,3079 3075 6703 3077 3076 6362 6704 3078 2870 1319
2409,9578 8349 3359 12430 8523 8783 4344 4736 2484 10486
2410,3903 4766 7452 44 1058 4085 1993 11429 585 7910
2411,6162 12432 6623 5385 8335 5383 13070 5699 2268 2849
2412,11599 1661 6176 11235 11215 9849 476 466 794 6877
2413,15269 611 12434 12435 12436 4016 8846 48 12433 2556
2414,7980 12437 11729 12194 2286 4357 6548 13733 9838 1327
2415,7399 9609 12327 390 12438 7633 1820 6980 11707 9181
2416,10023 11712 4973 8135 4012 4273 11469 3098 762 5733
2417,7467 1132 10934 10798 10095 11961 1698 4398 7738 11383
2418,2133 11745 8995 3458 9152 10217 7925 2774 13350 3755
2419,3862 230 9954 9849 7568 13988 8619 7659 8516 3861
2420,12442 11909 12445 12444 12443 12441 2405 238 7425 1156
2421,6991 11162 9689 8728 4030 1173 7503 1645 6370 10679
2422,12451 12458 12452 12454 12455 12453 12457 12450 12456 7318
2423,12459 8844 12432 1176 11145 2268 12890 3848 13079 4333
2424,6280 11968 29 7349 7940 4701 10095 8323 15166 11969
2425,12461 1753 12460 1352 3982 2131 4595 5898 7940 4962
2426,738 8553 1079 4902 12462 3967 7456 4777 5591 12393
2427,6173 11218 9826 5511 11344 1971 6537 11219 11041 230
2428,12308 12463 5736 856 9801 9276 713 6064 7515 5968
2429,12468 12467 12465 35 11077 11949 1267 9696 5505 3222
2430,796 11924 4785 5508 860 10796 14391 10556 7835 5057
2431,4753 9225 11432 5897 6750 6477 11431 11430 11433 11005
2432,12474 12473 12471 4838 12472 5570 11410 8892 575 11596
2433,9317 4263 7045 9046 410 3575 1835 6316 3603 6062
2434,12477 12478 12476 5802 7477 11047 9705 11046 5457 9579
2435,12480 12479 10447 10779 7489 6824 5180 5324 7843 8487
2436,9072 2916 12482 1191 4974 9029 6402 5292 6767 3222
2437,12484 5179 7526 12483 5199 6658 5711 4535 2287 9823
2438,2283 1305 876 2309 11161 3691 12203 12670 3579 2292
2439,2614 3465 2820 2742 1532 4836 5998 9295 13578 1529
2440,12487 5438 5299 8983 3403 2498 6897 661 9281 10662
2441,12424 3500 5603 10894 4027 5594 10156 6191 5877 12489
2442,3491 13778 13777 3489 8115 13776 3490 9138 5098 5099
2443,3321 3283 10471 12976 1978 2253 1033 3307 7104 9284
2444,12492 8687 8921 10194 13644 4696 10197 8684 8683 8681
2445,7926 1090 998 9282 2575 64 6914 4205 10718 1286
2446,2863 12493 6973 7138 4637 7137 3899 3973 3377 1079
2447,6583 6046 12494 6044 14567 5853 11159 9693 4349 13552
2448,10262 12496 5297 12495 5378 1293 5510 14086 606 12740
2449,12017 12497 1444 8473 687 3725 3396 15075 6079 1493
2450,12498 12499 5878 10450 10244 7518 14091 12719 11075 14090
2451,4599 6847 7077 5449 6806 6361 12933 8513 13785 12934
2452,12508 12507 6571 12505 12506 12509 12501 2836 12504 10041
2453,5123 9890 9667 986 1986 8659 11856 6266 7248 9811
2454,1319 6362 1320 1778 1779 9192 6363 1321 4060 2375
2455,3525 5099 10761 2693 4782 1513 5098 5100 2358 5427
2456,10151 2439 8298 3878 4668 8842 4561 11566 7704 6251
2457,7115 5347 3982 1755 13195 11059 10642 10256 618 10336
2458,10963 11267 10731 529 10657 1527 1331 7241 10964 13931
2459,5941 5475 4192 9413 9416 9419 9417 9420 9414 9408
2460,323 9171 2922 9274 9095 10710 7589 10509 4476 7552
2461,7289 8068 3140 8485 8190 9564 9563 7290 8944 6343
2462,11667 3366 12433 12514 3726 547 4370 10140 3856 2194
2463,11975 4255 226 11671 8660 3468 4634 10623 3821 4291
2464,9556 4629 12524 12525 12263 12521 2839 12518 12523 12520
2465,12529 1791 12530 1790 1794 1788 1792 1793 1789 1787
2466,12532 12531 12533 12382 12046 356 4571 10209 2428 8493
2467,5192 12534 4329 10041 12500 8811 8805 10101 5193 8809
2468,5073 5033 5067 5072 3313 5029 5065 6051 4366 6050
2469,2650 6537 12536 11218 13828 11219 12748 7264 3665 14181
2470,11636 12537 11263 12400 11633 10467 11635 3980 10030 11634
2471,12539 646 12543 12538 12541 11545 11380 7353 4299 12542
2472,242 4089 12544 478 3135 2252 6575 3586 5807 873
2473,4018 431 12545 6598 6597 5287 2723 9200 46 1237
2474,1585 7233 5986 5887 1893 5237 5836 6263 14632 8471
2475,10598 4979 3911 5095 10597 298 3682 10600 5087 9622
2476,4603 2877 12548 4139 3085 5875 7554 2875 5686 4596
2477,2903 2902 10148 2909 8119 2910 2908 5969 2906 4631
2478,9318 6912 3039 12549 12160 4348 3791 6380 6596 5541
2479,12550 1872 9438 8478 8036 11076 9198 1327 13407 13774
2480,4037 1003 10073 11528 4035 12551 13573 1011 13426 1317
2481,5428 1249 12555 12554 12556 11469 12553 12552 1715 2414
2482,12558 3616 9084 11653 10625 12561 11022 10724 5124 8020
2483,12563 10102 12341 5350 11584 3732 3156 10061 4417 6116
2484,9935 10715 5190 4832 10266 2341 12974 5587 4324 6204
2485,12564 7349 7351 11968 6785 12566 12565 4670 4065 2439
2486,8689 5250 4579 8661 5591 391 7515 2954 9581 1172
2487,12569 12571 8741 9426 7821 2115 5166 12570 5946 1129
2488,12572 6520 8575 10810 6886 6476 14281 12082 2798 12779
2489,2739 12233 8083 4406 6868 12573 5719 1978 12765 6057
2490,169 2309 685 3214 466 149 3811 686 15078 2755
2491,12575 8335 7322 4878 184 7127 11814 9121 9117 11970
2492,2470 1501 3727 3280 1161 4348 164 2474 3359 5209
2493,49 9773 11919 3599 3403 12666 11916 12667 5748 2149
2494,769 6577 3033 5577 15113 3222 7516 13071 2311 4925
2495,12577 8864 4449 9743 8258 12030 9224 14311 12809 4448
2496,4964 11602 5896 4560 4073 11601 1169 4753 15060 9228
2497,1033 10672 2737 687 3662 13412 11045 8801 11646 10889
2498,1074 3317 2677 7968 2097 11980 5720 12579 4340 5832
2499,1284 794 504 4230 796 3678 3100 7421 797 10161
2500,12583 5754 8078 6414 11562 6789 11561 5253 11556 12581
2501,7103 7951 7742 12586 12588 11034 12587 6165 8409 3669
2502,4688 4132 4687 1317 8406 9753 3083 12589 2869 1011
2503,10128 5170 2448 222 11048 9314 1952 5060 2117 5054
2504,10249 9519 6768 7226 7400 7917 5109 13312 385 2535
2505,12590 11356 11796 5352 1366 7976 12965 5983 11912 1938
2506,8314 7555 8311 11392 10732 8315 8313 8312 13623 12742
2507,10102 1049 3215 5350 9820 13783 3945 5852 6831 7910
2508,8608 10354 8443 10577 4324 10740 2341 3076 2616 11889
2509,484 10594 12591 9122 3552 2100 3213 9372 12873 8519
2510,9521 3750 12592 4453 7301 842 4923 585 323 3708
2511,10210 8427 3257 4875 7265 13836 10042 2918 15128 7008
2512,2632 504 8233 10966 1684 4262 4377 9322 7183 1649
2513,1348 9887 3157 8687 7327 8748 2153 10480 2521 2511
2514,3025 3477 2922 12431 8179 6436 11761 128 447 5094
2515,12432 2268 12459 3848 5023 8471 4273 10619 8844 3849
2516,9391 10572 8742 3210 2776 2101 11905 11216 769 10227
2517,11097 12593 8080 5368 10528 8079 9351 2960 11201 10361
2518,12599 12596 12595 12597 12598 7715 12600 6589 6491 7713
2519,6761 7262 11358 11359 9239 6759 9392 6756 6757 6758
2520,11004 12602 3558 8168 12601 11003 14144 11042 4155 988
2521,12605 12604 12603 11304 8999 9119 1368 837 45 15148
2522,4220 1446 796 980 1646 12403 794 464 12304 7460
2523,12606 394 629 13077 14666 6118 558 14667 14275 8397
2524,739 14852 14555 15230 15147 3021 7113 14136 2142 13670
2525,12607 2375 2380 2372 11347 2869 2379 4616 7057 4413
2526,9528 12610 7768 9618 169 873 5366 2262 9092 8337
2527,11114 4470 12611 2839 3506 3498 15261 11785 14968 11116
2528,11378 8376 12612 3900 10075 2858 3993 10708 6981 5982
2529,6140 12615 10872 12619 3013 12617 8902 12618 12266 5578
2530,4626 6556 10461 6555 6360 3081 8477 6364 6550 6552
2531,12620 4003 6178 11216 12621 635 7633 3577 127 6033
2532,848 2807 686 685 10960 742 1404 4929 9719 8890
2533,9397 9653 9988 4821 9396 4725 2721 10823 10602 3709
2534,1177 6628 4982 12623 2846 2894 1837 12622 8205 8208
2535,12625 12624 8586 4652 9110 13954 11858 5732 13427 13681
2536,11315 11306 12626 14638 13559 10251 14572 13558 14861 8374
2537,12630 12628 12627 12629 7218 5668 3442 1317 8166 1726
2538,12633 12586 10820 9203 618 611 612 3678 3195 3682
2539,3620 9216 3703 667 10505 11317 7774 8970 7505 1378
2540,10225 1388 6932 4030 6938 5403 6354 122 10364 2274
2541,3977 1659 3811 2915 4557 10652 4467 7301 12634 3501
2542,46 3108 4775 2117 4992 3971 1281 2827 1032 11392
2543,12636 12635 5103 5102 5101 5100 5099 5098 5097 5096
2544,8477 5536 11723 8443 1003 14571 4693 14464 2887 7077
2545,368 5851 367 6218 5850 2221 13198 13197 13199 7999
2546,12639 12638 2302 10201 12641 7378 9578 2258 2299 6518
2547,6162 2847 6781 14594 5385 1665 6783 5383 8335 2849
2548,11851 7366 12642 9191 6804 3079 9192 1001 1779 12643
2549,12068 12310 12649 5627 12647 12646 1883 12648 10975 10086
2550,2375 2371 1778 1321 4060 1319 6362 1322 1320 6363
2551,12651 4631 10979 8507 12409 12650 6766 7532 14644 14643
2552,11396 3747 12652 8140 5497 1898 6801 7656 4775 11704
2553,12654 10881 11410 4281 139 14154 6776 14444 9179 6294
2554,670 12656 12655 12657 672 671 10090 2875 4062 4063
2555,6214 5417 5416 5418 6056 10663 5419 5420 711 1752
2556,12661 12664 12660 12663 12662 12659 10067 12658 1714 12079
2557,12665 5105 5104 5103 5102 5101 5100 5099 5098 5097
2558,6005 6114 12666 12667 383 7370 3796 2134 4350 10078
2559,8352 6381 12668 8935 7914 11243 6564 3336 1615 1199
2560,4434 12537 12670 12669 3884 6951 11263 14582 876 11636
2561,12671 12672 5345 1475 12743 8889 2816 2814 5098 5099
2562,12291 12673 12674 12290 12675 12293 12292 12289 15253 13381
2563,688 637 9071 5498 11361 9072 8701 1191 11407 11408
2564,12678 12676 12677 13001 10845 10844 12645 13666 13877 14413
2565,5097 5305 39 5299 4327 5096 2351 3589 2493 38
2566,12683 12681 12679 8781 12682 10219 12680 12055 13898 6748
2567,12687 12686 3603 11606 11882 806 1835 2806 5044 3609
2568,12688 3978 12547 3521 10674 11864 4340 3382 9463 1447
2569,12691 12690 5104 5103 5102 5101 5100 5099 5098 5097
2570,5588 12395 6013 10555 223 3761 11933 9603 582 12267
2571,12694 11773 11147 6674 7172 6525 11692 6504 10892 12693
2572,6596 8046 3518 8763 176 6038 625 7696 1993 6026
2573,10090 670 2869 672 671 10087 10089 10091 12657 8477
2574,12695 12696 3568 5328 9958 8213 2665 12183 8487 7825
2575,12312 12697 12065 2238 1392 11384 10980 12996 2666 1543
2576,4785 6211 1581 10796 2174 3408 11924 8224 9402 5508
2577,11715 3380 9118 442 3332 3359 14587 11714 12184 11716
2578,12704 12702 12701 12700 12699 12703 12705 12707 6816 12706
2579,5413 3234 4823 11465 3378 7499 295 9184 4813 7332
2580,1833 1835 6176 2457 6427 9849 7303 1834 10328 1831
2581,12709 12318 1683 4924 11576 6885 4925 8286 2228 8179
2582,2085 2084 11370 2083 4663 12710 611 12711 11368 4653
2583,7284 2917 6521 14088 11176 2925 2927 2926 1747 4378
2584,12182 12274 8757 13608 13996 14772 14665 12275 14795 6101
2585,6815 2407 12713 1762 6035 700 9219 3508 12712 12153
2586,12714 5577 2588 3467 2075 1423 11843 14287 7001 170
2587,794 10270 12715 12716 9619 323 2656 2052 8948 476
2588,12234 12717 575 8840 10034 10185 5354 13384 574 566
2589,11830 1484 1750 5458 1477 1068 2360 7417 1103 1050
2590,1677 8318 12925 7878 12718 1678 12466 1675 5483 2860
2591,353 7046 6842 12720 6085 5174 12719 575 5265 10034
2592,383 4759 13766 12253 2067 5070 611 4756 4497 851
2593,12722 10726 12723 12721 7673 12464 684 1715 8088 6848
2594,12739 7081 12732 12729 11226 11381 12727 12733 11224 12730
2595,3559 7276 3162 11089 323 14666 201 14667 445 14005
2596,3213 651 7238 10477 611 1476 3936 10594 3682 6002
2597,4780 6348 3254 3715 6064 10718 9480 10656 9276 13053
2598,9826 7141 5782 857 14143 10255 3859 14064 5781 12837
2599,8825 3804 12740 12495 6940 2015 3806 3012 14782 3808
2600,3943 3909 12741 7391 3148 3875 4893 15222 2810 14680
2601,10340 545 10234 5947 2080 3127 8186 7989 14820 618
2602,12745 12744 2820 3465 2742 12743 2815 2614 13059 12742
2603,9974 2427 8842 12361 10151 2426 2432 7410 10154 11681
2604,11147 12623 8496 11684 12694 11758 5376 11782 11773 6674
2605,12209 2876 9194 7065 9751 5690 3843 1826 4416 3667
2606,12751 12750 12749 5104 5103 5102 5101 5100 5099 5098
2607,1577 7017 4953 14458 11392 10732 6818 1576 8487 11425
2608,10763 10334 9702 11329 5145 12752 7415 3549 7416 10042
2609,12753 5106 5105 5104 5103 5102 5101 5100 5099 5098
2610,12754 12755 11183 4742 6254 5815 3103 11181 10114 3492
2611,1354 2886 9962 1357 2369 4141 10365 10366 1355 1829
2612,2600 5196 9551 12759 7965 9397 10254 5477 3945 9780
2613,12762 12761 12763 3664 961 966 12760 10930 967 9879
2614,11130 3559 12764 6084 797 6029 5096 12150 8817 3796
2615,6553 3038 2880 1357 14751 3083 13193 1354 4036 4133
2616,3620 11291 5001 10909 1963 6957 9143 7205 12600 15046
2617,2133 8525 5725 2323 13050 2469 1206 2774 10866 2632
2618,1147 12765 9939 11534 1142 1139 11140 1150 1156 1151
2619,12085 7246 5904 12766 5592 5917 10561 14378 632 4175
2620,12769 12768 12767 9672 7988 2335 9673 9671 5526 9675
2621,1443 3036 1796 3698 9715 3196 748 8768 3033 4235
2622,12152 12774 12778 12781 6407 10677 12772 12775 7386 12771
2623,12784 1702 469 7245 3257 14619 687 7310 14742 14618
2624,821 5772 5280 4104 5885 10232 2446 6601 825 12549
2625,466 205 7918 4032 8995 9223 1395 476 8719 6682
2626,11231 11164 9050 12580 11750 3024 222 4092 4235 6578
2627,769 834 4257 1978 830 13193 6920 1441 1457 824
2628,12788 12787 8346 9942 636 9606 10204 10201 8364 1868
2629,12791 12790 12789 323 5494 3937 696 8297 466 1818
2630,3280 2059 1501 6327 1161 3279 2470 164 3727 12200
2631,12792 11792 7806 4534 4533 10788 12402 12401 3889 12400
2632,4877 6874 1296 8288 185 8293 8284 4880 3275 14900
2633,8878 5090 1408 11170 838 6645 2930 748 5083 2457
2634,896 9286 11813 6470 9975 5275 2561 4920 10505 2234
2635,7955 2735 4365 3441 2164 350 3702 2601 772 4483
2636,1822 1823 1821 1827 1825 1826 1824 4456 4463 623
2637,12798 12795 12799 12794 12796 6066 3268 12801 12803 8253
2638,8607 9811 4865 2798 12097 1289 6898 4669 11138 1621
2639,4736 687 6242 3383 9499 2211 4638 6302 425 6366
2640,12805 1166 1535 404 3465 9784 2820 2814 4514 7249
2641,3415 12806 673 9553 2879 1887 9552 3413 3414 7427
2642,5401 10781 4636 4951 2469 3826 6301 1022 4344 7155
2643,12442 12445 12444 12441 12443 11909 12808 12809 7425 1721
2644,10056 6141 981 11555 4533 3034 13038 13315 14805 12403
2645,10065 983 8361 9933 11139 1646 10308 6689 10307 3225
2646,11654 1840 9226 8424 3781 14227 7012 2748 13208 2914
2647,169 149 1436 171 14699 2838 664 5942 14548 14092
2648,9684 9135 6875 3867 9587 10341 12812 11391 7729 12110
2649,1801 12814 2603 3680 8270 14630 14627 14629 10345 10344
2650,12309 5151 811 7231 7931 9089 4189 14540 5201 14086
2651,11283 5785 12818 12815 10248 12816 7866 12817 1342 4843
2652,4882 323 5001 10916 2133 12964 7560 7570 12288 12570
2653,3403 12820 5096 10880 12821 11035 12667 12822 14330 14395
2654,795 8463 2521 4185 2195 9922 6850 3513 1219 11240
2655,12824 12249 12524 12248 11023 1665 9809 1663 6619 10867
2656,12825 406 6326 14811 14812 3017 15032 14743 2465 13422
2657,3055 3723 5734 10016 1018 3505 2480 1960 4897 1965
2658,4455 620 621 12039 5907 9714 8882 12040 606 8230
2659,12828 10493 12173 8829 9243 46 10564 10655 5218 4437
2660,12232 7681 3205 5054 768 390 12233 9581 9998 8795
2661,2412 9656 10530 1297 3510 11956 3513 6404 6686 8584
2662,12829 363 15092 365 364 10905 5322 8307 10904 5791
2663,1970 5089 6919 5315 828 1427 3472 244 1439 2001
2664,6926 5484 6925 3469 5470 5469 1677 5483 5478 5482
2665,12831 12835 12830 12834 12832 12833 5159 6837 12329 5260
2666,662 3200 11173 466 251 8623 6682 7816 8719 15065
2667,11713 10381 10380 4307 14341 2148 10174 6970 9297 2557
2668,12836 5105 5104 5103 5102 5101 5100 5099 5098 5097
2669,12838 12837 905 1631 9470 9473 431 14466 9190 11737
2670,6203 2540 3329 11244 6206 3316 5207 5386 6207 6205
2671,7058 10099 10075 8443 11723 12589 9755 11721 11722 1828
2672,994 12324 6522 6523 499 12840 15269 1799 12434 12436
2673,8761 12842 7908 15038 3444 12027 7393 954 7333 4790
2674,10974 12843 12845 12844 8837 11139 11066 7183 12848 4929
2675,3811 765 1101 5525 8483 14893 2309 9604 676 10183
2676,12846 10219 12683 13776 8781 10027 12681 11245 7107 11490
2677,12847 12084 12087 5971 1282 12320 5038 5961 467 6216
2678,3446 11732 4723 3448 3447 3451 3450 3961 10666 8320
2679,12849 12850 12851 2832 13885 4420 3280 11366 4433 4435
2680,1796 2324 1879 9715 12144 12852 7300 13625 843 1328
2681,4180 10972 12853 7455 1095 5121 6421 7504 12190 4495
2682,844 11427 11426 4644 5071 11174 2897 6053 1648 5566
2683,12854 12856 9694 5998 611 12855 383 2135 13939 13133
2684,12857 32 8504 1383 8382 13294 2130 5096 5097 5098
2685,12236 1558 9323 9324 12858 12860 12859 9830 11862 1840
2686,10197 4735 10194 1365 10195 10196 4737 4734 4733 4738
2687,10506 7406 7674 11657 11143 8322 10611 8821 8385 2831
2688,2666 4059 10980 2238 1392 12996 12312 8214 12268 13944
2689,9527 9322 9296 543 9273 8067 12862 1564 1565 10656
2690,12863 4381 12864 13709 11774 261 1524 13530 1560 10593
2691,5767 12030 7527 6226 11592 5762 4665 3719 6479 4651
2692,8619 9849 7382 12865 9954 5902 10113 4941 14112 7801
2693,10913 12866 5535 4035 1141 9547 11325 1317 1011 2996
2694,12869 12868 5205 11592 1451 12867 3591 5337 252 12651
2695,12871 12870 14381 15109 8617 4588 10678 6675 5195 10905
2696,8611 4278 2133 7959 10240 11469 6413 7956 8518 3182
2697,12591 12873 8519 4022 8398 891 4798 10032 10755 10049
2698,12876 12874 12875 12877 3051 7121 3684 3052 101 3083
2699,7524 12879 5179 8884 12878 6089 15279 15278 10195 4361
2700,611 74 2761 143 8561 7724 10919 12042 3546 2765
2701,1011 4138 12882 4137 4134 12883 8805 13723 1719 1354
2702,6294 6837 4281 12546 6293 2458 246 6597 1901 891
2703,12886 12885 6123 775 7100 982 10589 12777 167 8302
2704,12887 12299 13250 13249 11775 10971 12300 9451 3490 1524
2705,12888 1590 7168 6946 8233 792 11986 11840 11842 12026
2706,12890 12459 5886 13377 13698 12891 13600 1176 3814 8844
2707,6846 6843 6845 6840 4379 3609 668 6844 3492 6841
2708,11303 8842 7523 10151 11591 11657 2431 9611 11144 7871
2709,12894 12897 674 12896 12893 6741 1829 1354 3774 8158
2710,10716 6244 12898 2654 12082 2995 6785 5353 13640 6476
2711,8472 2661 3982 5955 4375 13384 9199 10729 13538 9180
2712,12900 3067 12899 2404 14641 3065 13166 4421 3064 3068
2713,1354 8542 4141 1355 9854 1357 11778 2369 3416 1356
2714,6622 10766 12901 2706 1744 3304 13892 14517 11852 2979
2715,7086 12902 9431 9434 9432 9433 5108 5106 5105 5104
2716,12906 12905 9517 12903 11286 12904 5430 7986 14007 14196
2717,12907 4783 13592 13591 10031 4800 4802 4784 4795 312
2718,1011 5876 4134 9194 6705 4063 1318 1826 1777 3843
2719,5299 12501 6571 6474 5989 10041 3857 11822 12535 6570
2720,9832 6803 8958 5340 7707 7706 7705 12708 1862 11526
2721,1002 11778 7056 1001 1354 2380 3666 3074 3687 1011
2722,3398 4344 1329 3826 275 8558 7483 1161 586 14388
2723,2258 7131 11750 2710 11584 5022 10102 13369 12563 9227
2724,12910 4593 5819 14437 13550 11984 8887 11033 12269 10244
2725,4948 221 5380 6782 10035 11648 6185 7401 11650 7934
2726,11231 11232 11284 4840 1511 8562 10056 560 11555 3754
2727,8808 5193 10041 2816 12501 12500 11822 10733 13351 5192
2728,2614 11261 12911 12480 3465 2820 2742 1532 5998 14315
2729,3975 6727 11379 3174 7005 12016 11441 11065 11067 3160
2730,12912 12609 11639 12608 10751 10246 9664 10753 2885 1145
2731,9810 4037 6162 6783 1522 1663 1939 1665 9809 1662
2732,10049 106 5044 12016 424 3364 7906 10174 3733 9019
2733,6323 7091 9756 4132 3442 1317 1011 4688 4687 9753
2734,9125 11916 363 10458 8069 2141 11915 5748 7153 9340
2735,2295 6839 10272 7809 7814 7810 4610 13774 13773 3112
2736,9810 1665 1662 9809 6781 6780 6165 7651 1663 1939
2737,12920 12919 1825 10366 9236 10365 6733 6553 2378 11625
2738,12922 10497 9606 5215 6300 3319 3377 5825 3378 12921
2739,2876 1826 3843 4416 9850 5690 6364 12209 4414 3844
2740,12718 8318 12925 12923 7878 12466 2860 6883 12924 8032
2741,4138 12929 1719 2373 10461 9852 7067 7057 12349 1354
2742,11594 7165 5714 12930 10000 7166 2984 12931 1795 12693
2743,10995 7098 1826 4414 7099 5537 4416 6364 10096 3843
2744,12933 12934 12932 12935 6847 7077 10461 13785 15027 5449
2745,9203 3921 6863 2923 12633 7771 9946 6532 9802 3494
2746,1001 4316 2996 9642 9636 10508 1002 10818 11768 7062
2747,1011 12936 3443 7217 10807 7215 5854 4689 4132 5687
2748,12929 2375 2371 4132 1778 4687 4060 1779 9191 4688
2749,13 12 15 9759 14 8096 11 13307 22 21
2750,12873 10049 7169 7049 7691 10725 2397 363 12591 3796
2751,6172 10714 12937 10363 1851 8650 12352 11649 6171 8649
2752,6725 6717 6719 8517 3893 693 6718 10863 12281 14652
2753,12939 11733 4948 3425 231 1116 1041 7478 4455 6164
2754,6809 10953 7425 2869 3442 1826 7426 6364 2875 7404
2755,12940 10318 10319 10315 10313 695 10320 2215 5903 697
2756,12941 4807 4806 705 240 11469 11854 2266 13198 13197
2757,3076 3079 12942 4402 10858 3078 6703 3077 10626 2870
2758,967 3663 12761 7655 12943 966 12944 9880 977 2441
2759,2375 1778 2371 1321 1322 4606 1319 6362 6363 11531
2760,12946 4581 11833 15052 15053 7655 12943 8263 966 9880
2761,8882 4352 4852 10481 10135 4455 6268 13018 4345 12417
2762,1648 500 11014 466 476 1999 1649 879 4664 788
2763,7880 12947 6165 2439 6887 7858 11687 11688 9660 11305
2764,12949 8288 1544 2795 3572 1997 14600 1996 6874 8214
2765,10569 12735 7077 10461 10627 13785 11000 1320 12209 10568
2766,12954 12952 12953 12960 12951 12957 12956 12955 12958 10448
2767,2145 746 8996 5831 3214 851 3181 3735 2533 1087
2768,12962 11790 10180 12961 5177 9667 9179 6184 9668 14410
2769,5324 8592 12963 6824 14041 6002 8487 10036 12480 11365
2770,12965 1938 11356 4358 1746 2908 9652 12590 10188 1222
2771,2742 2741 1165 4516 2820 2614 6000 3465 1166 5998
2772,5041 1296 5043 795 4877 794 5058 3222 6874 5057
2773,12970 12968 12971 12969 11038 12967 12129 1129 14454 2663
2774,12973 12972 8766 9937 6516 11399 12279 14095 14013 8914
2775,383 1170 4286 8715 4404 3153 9371 13705 4395 4759
2776,3242 4204 3241 4627 6228 5638 6070 4569 10232 7859
2777,12976 10860 12975 12977 5833 3716 12974 13304 13944 3717
2778,12979 5106 5105 5104 5103 5102 5101 5100 5099 5098
2779,9972 12980 6670 14314 1196 10467 6629 1164 9290 10465
2780,6317 4820 1100 9048 12916 1901 6044 1047 9249 3110
2781,12982 12983 5889 8980 11862 6397 6931 12579 7519 11845
2782,11935 7400 11905 5397 12191 11707 11669 10386 3577 725
2783,9996 7539 7532 7725 4631 1265 13842 9998 2725 7536
2784,12985 2284 4932 6784 10593 5881 4795 13942 13922 10335
2785,7366 4599 11528 7427 12642 1011 11851 6804 12643 1317
2786,7168 10011 12986 11840 11842 12888 1590 14833 14834 13709
2787,9690 10264 11835 38 5764 1737 5677 7453 6336 9546
2788,12988 6558 1593 9825 11142 2440 5426 2413 10021 2022
2789,12989 12991 8086 12992 12165 3795 5998 8635 1742 7558
2790,2820 11881 5998 9794 12426 12994 2742 2614 405 1166
2791,5604 7456 4285 738 5605 4747 11025 11047 4750 286
2792,8241 9531 6971 2950 15077 4484 9185 350 1817 6980
2793,10995 7098 1709 5537 7099 10994 11386 10096 7095 10991
2794,4345 12996 10135 10155 8270 8882 2238 1392 12312 10980
2795,4284 5237 9694 3644 5236 85 10496 13039 15025 13224
2796,2375 11347 2379 2371 2372 1916 1778 9853 7358 7056
2797,10845 13001 10844 12677 12645 8085 13000 9652 12999 12998
2798,12479 12463 5879 11153 13004 1625 10868 6613 14090 9205
2799,2815 13007 13006 405 1323 2742 2820 13453 13005 3465
2800,3994 183 280 5183 7369 225 3855 1041 4335 1095
2801,13010 13009 13011 9015 13008 13316 13900 13410 10917 12903
2802,13016 13017 13012 11316 13015 12325 3488 5415 2986 733
2803,13018 6268 4352 12417 6269 8408 14970 9430 14329 8882
2804,13022 4648 4646 4655 4645 4650 2804 4656 4652 13020
2805,5358 13024 12597 12383 576 13023 5356 5357 11341 15132
2806,13025 13026 3097 9588 2900 12421 8565 14977 5890 5351
2807,13027 13028 8471 13029 4388 1123 9403 10839 12432 7746
2808,3416 10627 8982 1003 3668 3667 11778 8542 10461 2870
2809,2086 5564 3012 14744 5566 2093 5565 11039 11003 5563
2810,3937 1058 7283 2297 4049 4981 11748 3903 12791 12790
2811,11779 11856 10289 8839 2921 13571 9829 10669 9560 11783
2812,13032 11029 10592 10343 11943 2446 12047 10044 11732 12320
2813,13033 12043 2294 2608 8418 2290 12359 736 11155 7402
2814,8357 4371 6525 4935 1910 8360 5296 5695 8613 13035
2815,3222 5145 7415 1054 3549 2733 4976 4049 1052 6433
2816,13038 10056 13037 8964 11555 7442 1529 6371 14805 3034
2817,7771 4841 12634 2118 3921 7304 8556 14092 10512 10511
2818,13040 9015 13039 13900 10917 13008 13224 14075 14077 5331
2819,12481 528 7886 3128 8203 4933 3500 9285 4504 2320
2820,9609 6376 7458 3538 11476 7761 2736 217 5502 1098
2821,806 1835 3603 12687 12686 1833 8578 811 504 780
2822,879 871 2764 466 8403 889 6821 323 2448 794
2823,1285 1617 1622 1446 234 1295 6876 1619 1620 1388
2824,570 7285 894 9921 13042 9215 255 9241 7520 181
2825,11983 11846 7712 1176 13045 3814 6058 5886 6763 7251
2826,9122 3552 11200 9372 3868 9680 11302 484 324 3946
2827,13047 9048 3210 337 8672 10823 9653 4353 13048 6714
2828,3496 1540 10931 10583 15043 15042 5987 10930 8263 198
2829,1354 2371 1001 2375 1357 2886 1355 1778 2369 4138
2830,4608 10367 7076 4136 12058 13565 5872 10576 10574 4139
2831,2821 7694 7691 5408 8058 12483 10387 2819 11534 14284
2832,3222 9249 2079 10489 13552 5742 12494 9648 14663 15245
2833,4705 5788 1406 15090 13049 10941 6092 6507 4706 3775
2834,13050 8525 14901 14213 14214 15169 10866 15086 14209 1133
2835,11140 4486 10295 7387 12765 4313 149 12573 12945 11960
2836,2667 7562 12616 14516 8758 10872 418 10976 8901 10873
2837,2742 3262 13052 11627 13708 2614 8892 2820 5195 1165
2838,10820 11271 12822 10364 8711 7345 9592 6436 204 10585
2839,2869 11420 4035 10071 10073 8645 13380 10072 10074 4037
2840,6432 2014 4598 9853 4574 6431 2375 1357 9666 4599
2841,6938 4406 1693 5403 11070 2274 6933 207 6936 6937
2842,488 1584 4236 10884 495 13603 10871 5410 476 794
2843,6106 2608 2653 15248 2609 1170 12206 14306 1858 3190
2844,1354 1357 6553 4138 2369 1355 6550 6551 2371 2014
2845,8808 13351 5193 14328 2816 13343 1532 14359 10733 11111
2846,8488 2637 7188 11919 14925 5522 14741 13612 9773 49
2847,12551 1859 11120 5673 14226 14458 14225 13992 8477 10067
2848,7825 9032 3568 12173 13738 12695 12696 12646 3564 5328
2849,13056 3841 10591 14913 14519 14566 13526 11884 14543 11366
2850,12422 11627 12509 11583 7675 14981 13125 3262 1528 5195
2851,13058 518 9563 5460 2113 7616 11465 5569 14206 7339
2852,13059 12745 12744 10525 3465 404 2820 13248 12743 1166
2853,1011 2996 2980 4604 7423 8542 4316 13060 7448 1321
2854,3771 5364 443 970 3132 4396 2635 14443 10560 11711
2855,260 10850 13061 10832 2003 4537 5391 6189 10849 10852
2856,6364 12536 4134 7094 1826 868 2864 11986 12168 1777
2857,7837 12360 7291 3605 1460 5083 5548 5040 5956 1198
2858,2961 2463 4857 10275 3377 9861 5825 9719 122 4635
2859,1011 11347 12332 6320 5671 10365 4141 9236 1354 1357
2860,13064 6136 2787 2793 8899 11544 4883 11202 13003 10979
2861,10427 12685 12684 1554 11689 13068 9137 11611 7650 14119
2862,13070 11592 6226 2627 6623 11177 2166 13069 14266 12030
2863,13073 11472 13072 13071 9348 2789 13946 15113 14232 2788
2864,8711 2207 10 8709 9145 5176 509 8710 10360 440
2865,13076 12914 13075 1727 2880 4037 5449 13426 4317 13237
2866,11115 5205 8426 6693 5466 5204 11116 1451 12869 4033
2867,7340 476 794 13077 8190 149 611 1389 42 6330
2868,6364 1001 4413 8443 12644 11851 12642 7426 1002 1379
2869,6579 7800 5299 10359 6575 5852 5419 10069 6577 6030
2870,13079 13080 13078 12459 10983 6095 11366 13074 8844 13823
2871,13082 11899 12500 8809 13081 12505 10734 10041 2614 13413
2872,5505 1052 507 7645 13083 3222 10009 2391 10008 1713
2873,6151 2101 6150 5777 6153 6156 7266 6154 6155 10572
2874,2751 8721 3115 1750 8939 1247 2692 2754 2753 3114
2875,10902 3526 11474 3541 8614 5236 204 3412 8879 11073
2876,8706 13093 13062 13097 13098 13090 13091 13089 13094 4723
2877,13100 13099 987 1256 2669 11584 5022 13101 1255 14787
2878,13102 13104 12521 13103 11783 267 14182 265 12611 7827
2879,3237 7559 1371 3234 3238 4899 4883 7561 7558 4906
2880,8300 2250 678 10864 5726 11088 7231 5063 8082 11154
2881,7704 11656 12138 4561 10151 4668 11566 2432 10119 13782
2882,9180 2032 10729 13105 10727 8801 2505 8797 8472 2490
2883,13106 11337 5297 13107 4528 14086 10262 1561 14040 14087
2884,11347 2379 11225 11625 10747 11224 2372 4145 2375 7056
2885,9855 7206 9856 7204 7203 5049 6319 780 4220 7207
2886,13109 13110 11342 13108 8518 7647 12351 11925 9505 12357
2887,12816 314 9934 6128 3749 1342 659 9933 5940 5116
2888,8059 7628 9655 9650 7625 5617 6252 6687 6883 7294
2889,7215 10627 1771 3083 7427 14350 14349 14351 13111 1770
2890,13112 11347 13111 2375 2379 2372 7215 9853 14283 4599
2891,10085 13114 8275 4718 10976 10694 10695 5554 13900 11208
2892,2117 1017 10885 9245 6312 6377 1035 13831 10487 2217
2893,11135 2112 14888 9410 9409 460 10587 11401 1313 3859
2894,12936 10807 7217 5688 1773 9664 5854 5531 1774 1353
2895,3559 8823 9651 7276 3162 14005 11130 6135 11089 6126
2896,1711 9967 1709 12332 9968 1151 8541 5667 5129 9969
2897,12520 13116 14725 5399 12683 11620 13845 2839 12892 2912
2898,8376 12811 9911 7157 12517 9901 6900 9927 5574 9923
2899,7129 7130 10715 79 2142 15230 14690 14702 14875 1351
2900,2742 2815 11110 2614 13453 11878 2820 360 3465 11788
2901,1958 3536 13118 13907 10036 14041 1885 8592 5578 2610
2902,1095 169 4180 1252 6648 745 1519 3993 149 3994
2903,878 4249 11758 11147 5051 2133 1460 6041 1206 4031
2904,11129 13024 13123 6389 1793 12383 13121 808 13120 9150
2905,4515 9784 1532 8826 2820 13354 2742 13324 13271 2614
2906,8058 5405 9199 5023 7408 5431 13729 7229 10208 13959
2907,3494 7178 9182 9409 5827 3822 2131 7138 9410 2483
2908,2695 13125 2989 14981 4310 372 12422 2988 15044 14280
2909,2820 13127 1166 2742 2614 3465 405 12426 13126 1323
2910,17 6433 5424 2071 7133 2899 9698 20 175 2599
2911,11399 8766 14199 726 12973 12972 4703 11402 75 11403
2912,794 618 3500 10486 10017 10678 7320 10126 2311 1798
2913,9441 9601 2909 1507 13130 3314 2910 2908 285 2906
2914,7855 6236 6784 9895 9830 1126 14279 10986 4753 6502
2915,12362 3114 13132 3753 578 4757 9343 1808 14616 11144
2916,170 5398 8819 4243 5577 7001 7139 1834 14121 12621
2917,11586 114 10503 11070 14547 3018 9400 4727 1696 9399
2918,3443 7217 4692 4689 4690 4132 12936 1136 7215 3667
2919,9035 10806 11058 13134 13135 10505 3969 97 9655 178
2920,12810 7134 7132 12384 6207 11658 7125 7116 11719 8999
2921,12363 13137 12354 12588 12131 7950 12587 7629 527 13138
2922,13141 13142 11763 7530 13771 1940 12026 2946 2162 14215
2923,10572 5397 10571 11669 12327 13143 2101 11905 11935 4005
2924,2520 6871 2150 13752 1302 4866 9321 6114 2547 2962
2925,6429 9613 2212 12812 11485 6424 6418 6420 6359 138
2926,7783 2017 13144 11256 8977 6415 7249 10279 6330 8713
2927,13145 639 4009 915 643 642 644 645 638 962
2928,13156 13158 13157 13146 13159 13155 13148 13151 13149 13152
2929,8646 2833 13160 12172 8244 3480 5349 1703 6094 6269
2930,7774 13014 4632 7485 1810 4377 1064 7402 13080 2451
2931,13161 12853 4080 4131 9947 4079 6918 1431 3020 476
2932,98 2293 2294 8418 12359 2860 2290 2067 12801 4106
2933,13163 13165 11439 13164 11435 11438 10936 9664 5440 11436
2934,13166 9360 3067 14217 10562 8735 14407 9802 9910 7923
2935,13168 10460 11957 2687 8670 945 1588 6314 2007 466
2936,795 1219 794 7516 2933 13884 4223 11759 9390 4769
2937,1581 7829 4739 13169 6406 6407 1583 4737 4734 4733
2938,12082 6685 12567 8968 5157 12928 12927 13846 10870 13170
2939,10173 42 10634 5493 7613 12279 11212 5494 6699 2738
2940,10715 13172 13174 13173 9214 11963 8138 13538 3170 14702
2941,5917 5904 6086 6228 10125 1677 632 5783 11050 12653
2942,2705 5196 7001 2008 13894 5577 8409 5197 4940 9492
2943,6622 10767 2985 2979 9809 10771 10768 10770 10776 1665
2944,7409 4629 13177 7541 9843 13771 7264 12577 12809 13770
2945,2869 4132 4687 1001 4688 9194 1317 8166 3083 4134
2946,13178 9661 13179 9807 6543 13180 10106 7934 7977 3641
2947,4687 4132 1317 4688 3083 7427 1777 1011 7784 9753
2948,2371 2375 2372 6361 5845 1778 2369 4606 9853 1779
2949,2820 13189 13188 12426 1529 13187 4514 8830 1166 3465
2950,529 8841 6287 538 7236 536 526 6291 6292 6272
2951,11769 12081 6772 1179 7209 12479 14384 7802 10003 7803
2952,13190 6206 6207 3195 771 11479 4877 6205 6203 6204
2953,8256 8041 13192 11978 1674 11622 2156 1947 4023 49
2954,13194 13193 1839 12231 10930 12060 12322 8263 1540 4257
2955,8725 13195 10187 10186 5347 8467 7200 5094 5096 5097
2956,4132 4037 4687 4688 1771 1317 8166 13426 4035 9753
2957,13198 13197 368 13199 4806 1672 12766 7999 10446 367
2958,3854 8784 13110 1878 2440 8529 8840 563 9874 9869
2959,13201 2614 2742 1167 1168 13200 13202 5998 2820 2822
2960,4139 1321 4600 9756 11225 1778 6363 1320 2371 2375
2961,9682 908 11395 6170 10118 62 13204 12468 6782 13880
2962,13206 1123 1665 13205 6187 6171 6173 6183 4069 9477
2963,2914 13208 1115 1840 9226 9837 13207 9835 7949 3980
2964,2869 10627 4135 8982 9751 13209 6804 10953 5672 10991
2965,3412 13210 13211 9713 12990 3526 2700 11762 3612 14012
2966,13213 13217 13216 13215 13214 5601 5023 77 691 10561
2967,13218 5694 12088 5697 5693 5691 5692 5696 5695 12090
2968,8111 10064 8381 3400 10130 11101 707 14322 1676 13989
2969,10157 13220 5199 12840 13221 1983 10229 11956 13942 13464
2970,6012 5718 4872 5723 774 3097 466 2322 10463 787
2971,1352 4962 7940 1753 12461 4068 4753 14752 12439 12460
2972,13223 12334 6364 8153 1011 1826 1731 13605 2869 7426
2973,4284 13224 13039 12793 14126 13835 13040 8382 10496 15025
2974,13106 4528 11337 4527 4529 4530 4525 4520 4526 4524
2975,13226 6464 8785 569 8319 2921 11321 4523 7960 13225
2976,6730 11076 1327 8478 9838 12550 9198 7803 4357 5899
2977,1317 2869 4037 7366 11528 4687 1011 4688 4035 13556
2978,13227 13228 4977 3811 7913 12848 20 7770 17 175
2979,4309 5601 10105 7254 12554 2418 11845 6774 6501 2898
2980,8360 13229 8359 8358 8357 5092 5094 5095 5096 5097
2981,1679 11964 6226 1681 1680 11743 2722 9475 13639 12131
2982,787 1331 8959 1213 797 6445 10731 7149 476 466
2983,2869 1719 8443 1379 11889 12929 5248 7426 10992 14736
2984,5688 9749 5447 1011 4132 4688 5687 1861 4134 10807
2985,13230 10002 12861 13706 9327 9510 10003 6772 4304 11793
2986,13233 6351 1741 13234 13235 13232 1532 12006 8906 11899
2987,7651 10719 1665 11533 6165 10810 6780 14146 1700 7650
2988,11266 9180 13236 2032 10729 2062 9045 5685 8680 7108
2989,4753 11896 1939 4964 6544 7855 11005 4962 9225 1948
2990,11020 13117 6936 14420 14890 4290 6923 11983 6938 7356
2991,5687 10199 5447 15017 9534 1011 7427 10899 1826 9540
2992,10995 7099 7098 12259 7095 7215 2881 10994 10989 10628
2993,13241 13240 13238 13239 13237 13767 7889 6943 14363 4523
2994,13242 13243 5106 5104 5103 5102 5101 5100 5099 5098
2995,12426 404 2820 13245 1166 13244 12882 405 1535 1532
2996,7102 6733 9755 1704 11723 12262 8981 10099 12920 12919
2997,1884 13246 12997 13247 5407 1885 11187 13929 13532 13433
2998,10731 529 4836 1331 11410 538 14154 11267 10730 10963
2999,7050 7929 10264 3810 5592 5580 836 14356 15000 6358
3000,13032 10343 11943 11029 6626 10592 10001 13714 8003 10345
3001,10525 13248 12745 10523 6000 13059 2820 13701 13128 1535
3002,5368 3553 954 11097 8058 7825 5109 9351 2962 10657
3003,13250 12887 13249 11775 3490 9451 1524 12299 9454 9453
3004,13255 13252 7262 13253 13254 10000 13251 15131 9395 1788
3005,12068 10086 5324 7825 12647 9032 3568 2093 12963 8592
3006,1429 7217 6363 1704 1320 9194 1321 1778 6362 4060
3007,12480 9566 7859 6824 5324 7843 8487 14164 11365 10447
3008,10413 1225 13258 14112 12865 9800 1755 10412 7698 9048
3009,4284 10496 85 15025 13224 13039 9433 2543 2552 5191
3010,13260 1166 3464 13259 3463 11052 2820 13731 1324 404
3011,13261 9082 10973 3766 7905 512 4025 8313 5458 4350
3012,1918 7762 10140 7732 2565 7726 2529 1504 2511 2522
3013,625 13262 8604 7304 2139 11072 3642 10660 6972 13517
3014,2838 3942 10240 5706 11844 6018 8219 13264 6382 11086
3015,9996 13266 13265 1265 9998 4465 12281 7171 5246 7169
3016,4441 10922 4385 2305 169 8639 773 686 11659 1404
3017,241 11652 9082 5411 13595 14017 12104 8610 803 5790
3018,11474 3410 4008 5549 8292 4005 10902 4007 14623 4003
3019,7631 9849 4127 9954 3792 5595 8619 9093 7382 4230
3020,13270 4132 2869 4688 11349 9753 8166 4687 1354 6323
3021,2741 13271 2742 13324 6416 5998 2614 12426 2820 4515
3022,13273 11115 13272 13221 10146 4913 5812 2484 5251 9669
3023,7409 10898 10347 683 619 3630 1414 2427 4629 7541
3024,13277 13276 10798 11799 1132 7467 2681 10934 8541 10095
3025,13280 9823 13279 12519 11248 13278 10253 12527 14065 4672
3026,13282 7014 7015 3486 9412 14571 7013 9406 4062 14236
3027,5863 3845 9644 3844 7818 1603 1357 4139 4693 2871
3028,529 7236 12329 11410 6837 538 12832 536 13289 13300
3029,13283 5106 5105 5104 5103 5102 5101 5100 5099 5098
3030,5880 10773 13284 10771 10768 10770 10776 10778 10767 9823
3031,12437 92 12194 15134 15064 9996 8999 12297 7980 7251
3032,2869 2371 1357 2369 1354 2375 7404 1778 5846 6550
3033,11405 13286 4135 14136 14512 726 11403 14200 692 14711
3034,7625 3421 7745 3671 9650 8059 2060 3425 7628 10350
3035,7233 864 2411 9046 10132 149 911 486 11652 781
3036,642 11022 2010 2011 6066 9814 11850 13684 14681 3635
3037,5667 4280 1317 4037 3442 1438 1828 7427 4943 1775
3038,13289 13300 13299 13303 13298 13293 13297 13296 13291 13305
3039,12480 11405 8212 3011 10900 13306 3565 13586 6824 13361
3040,13 13307 11631 9759 12 8096 8095 15 9660 12065
3041,9340 8621 11917 4396 152 4869 11071 11429 5722 10370
3042,4605 2891 8504 1009 11722 9639 13308 2957 8164 4133
3043,5191 5193 5192 4038 5189 2516 5190 1461 1620 7130
3044,10373 10372 155 10371 4396 5679 9955 12165 156 10370
3045,5203 12573 8056 12765 149 11140 8307 4500 8305 4319
3046,13311 13309 10879 13310 25 10876 10878 715 3405 10123
3047,10411 8528 8870 152 8728 5754 11561 11556 7685 151
3048,6725 8517 6717 3400 5365 3893 6130 693 6719 10863
3049,12820 13315 10880 13314 11555 12821 14805 14330 528 10056
3050,287 2067 5229 7700 7699 10347 618 2294 794 2700
3051,13317 11821 3405 13318 8577 9337 6114 618 2067 3404
3052,5786 12667 7000 2959 1381 5787 3403 7246 2652 5186
3053,12654 4839 538 4844 10881 4281 11410 4835 4841 4840
3054,13321 8869 13320 11111 4791 13319 15097 4711 13855 5935
3055,2814 12671 12743 12672 1535 13453 4514 2815 405 3465
3056,2820 2742 1166 2614 13325 3465 405 12426 1165 1323
3057,1532 7396 12426 2364 2745 13326 4330 2820 13005 2614
3058,2742 2614 4515 1166 3465 2820 2744 13327 1165 1532
3059,6993 1532 11897 13234 13328 2614 14138 11112 6351 11121
3060,2042 10732 2959 5732 555 10345 11392 10344 10346 717
3061,13331 1532 13335 13006 8904 11754 13332 1325 2744 13329
3062,2741 2742 10207 13233 12786 6416 2743 12425 1165 2820
3063,13338 13340 13339 4515 7686 5998 2304 937 6708 13629
3064,2744 5998 2508 11913 873 7686 2742 2614 2741 15152
3065,7229 7249 15199 13854 10865 11932 5431 2959 14694 10208
3066,7824 8300 14395 10528 1633 6789 14043 11035 14254 7956
3067,12426 12744 2820 12070 405 1323 1166 2742 12745 3465
3068,4515 408 15096 2742 1532 13324 8905 2614 14405 13271
3069,2614 12816 1323 12114 2820 3465 2742 405 1532 5998
3070,8761 13343 14328 12271 7333 8808 9123 5194 14138 9075
3071,404 1166 13344 1532 9791 2820 11122 405 13354 9784
3072,2820 13345 13347 13346 11051 1167 13200 13005 8904 1165
3073,1535 12008 405 13346 13005 1166 2820 11524 12426 2742
3074,13350 10280 2722 583 478 11289 1054 2133 14563 2489
3075,2614 2742 7807 9767 13352 2820 3465 5998 1532 1165
3076,1532 1323 8904 9784 405 2820 2614 11122 3465 14324
3077,9784 13354 9793 404 9791 14359 1532 2365 2820 13959
3078,13200 11392 1168 10732 1167 12007 46 2820 6941 405
3079,13355 8726 14785 8629 14114 5516 8729 8728 405 8727
3080,1165 2742 7393 12027 2820 15038 12842 1166 12426 2744
3081,13357 13356 12380 11788 1671 8528 13629 12786 2820 13672
3082,2820 405 2614 2742 3465 1323 1166 12426 1535 1532
3083,5929 8534 15129 5935 8736 14880 8735 13321 7009 14217
3084,3952 9682 6187 13358 5713 7939 9655 6687 12033 9650
3085,11965 13318 9465 1475 4591 2314 1500 14716 11330 5345
3086,1996 9079 11714 8215 1997 13721 1635 9078 1536 9077
3087,7215 10995 7099 2881 7095 7098 10627 2869 1771 5845
3088,13363 13362 993 991 9946 9158 1965 12384 1289 2136
3089,11347 2379 9853 2375 2372 2380 13111 4599 3083 3072
3090,1665 6780 13366 6781 13365 1852 9809 9803 9810 7651
3091,12180 5427 6376 6568 11039 12187 12716 875 1020 138
3092,10444 10443 5199 6094 10442 2850 13368 7888 10229 13942
3093,13369 9552 7702 9227 786 15076 14792 3576 7131 15072
3094,3415 9664 4402 9750 10936 1154 11435 673 1721 11439
3095,13371 258 4385 5371 169 3811 149 873 10616 13370
3096,13375 13374 13376 13131 8989 3484 1718 4569 13716 13879
3097,7328 11642 11967 3847 12965 4275 11603 4796 709 13378
3098,9751 4136 10953 5367 7055 7057 8164 4608 4135 13723
3099,10357 2152 5959 6898 4471 13379 4256 6086 4876 3834
3100,11212 10892 2137 42 8589 8590 11692 12694 6434 2725
3101,3388 11145 6305 11143 2174 12459 3387 11144 9141 10909
3102,1826 3843 6364 3415 4416 4414 2876 8468 2869 1777
3103,1011 13380 4039 10071 4035 673 14745 5687 11537 4138
3104,12290 12289 12292 13381 12293 12675 15253 12291 12674 12673
3105,9996 12437 12194 7725 6057 12881 1265 14420 7980 9998
3106,7527 7568 11274 6228 9539 10717 1659 9699 12561 10256
3107,13386 7350 13387 10610 13360 1666 7949 7895 11567 1840
3108,1826 5450 3843 6364 2876 4609 4414 4416 2869 1777
3109,13388 11914 11126 9610 4153 14839 14686 14841 3063 653
3110,12617 1128 5634 1883 11363 12093 12171 14453 11211 10037
3111,12769 7988 12768 12767 9672 2335 12403 1446 2344 10784
3112,13389 8785 12490 13225 11336 13094 7964 13226 569 2921
3113,11140 2490 4383 5972 2559 4766 2186 7346 9685 1964
3114,3941 2342 6371 13037 8964 7442 10727 350 2588 4259
3115,12170 2208 13126 9822 13127 14630 14627 14629 3787 14628
3116,13394 13393 6354 13204 10518 13391 13359 8141 7576 13378
3117,9145 551 10 9146 2207 8711 676 8769 1667 7840
3118,11766 13397 11984 13045 13396 11967 14437 10244 13550 8887
3119,6657 6663 10647 13398 10403 6661 6667 6658 14302 3656
3120,1011 12802 4387 5687 9534 2893 13983 14751 7964 11537
3121,4973 10050 4787 11113 11748 10910 11215 13571 296 14055
3122,12932 1721 8982 2874 8152 7554 6805 1354 4599 4138
3123,13030 5106 5105 5104 5103 5102 5101 5100 5099 5098
3124,13399 12998 3897 13527 10918 14789 4909 10456 3896 13484
3125,2102 2097 5594 1807 1083 10555 725 12267 13401 5398
3126,6377 10487 4725 7212 2217 29 7187 3048 10691 8240
3127,2913 12168 11081 9888 6441 12862 1503 1582 4230 7291
3128,3427 12155 13405 13396 9623 13068 13404 5743 7826 3428
3129,13407 1872 13408 10316 3639 13774 13773 12550 12252 11295
3130,4447 13409 10680 8316 11219 14353 14330 4448 14196 14195
3131,13009 13010 13011 13316 13410 12903 13008 3974 1747 7249
3132,2013 4803 3113 10110 10111 5126 10103 9940 861 6752
3133,13411 5099 10915 3608 9617 9464 8669 13412 6829 4377
3134,10321 3560 8184 13041 2704 4828 11302 7144 12542 4191
3135,2371 6360 2375 4403 6825 1778 348 2980 9192 10858
3136,7455 10972 6421 3921 4495 5486 5181 6619 7771 6617
3137,9405 2261 11958 3524 5147 10295 10155 2515 2506 2514
3138,9801 12583 856 328 12308 8078 6489 5754 3587 12582
3139,8176 11837 5271 4341 10855 10654 349 4830 14344 7551
3140,8190 8944 7299 9993 4192 3382 3153 8068 2700 4773
3141,8644 7253 7401 12029 13360 6836 11602 2295 7513 10634
3142,13420 11911 13418 12567 617 4550 7866 8968 6969 6622
3143,4132 4687 9853 3083 4598 9666 7427 3415 5874 4688
3144,6941 11123 405 2820 13200 2817 12070 9784 6866 11111
3145,8312 1532 11112 7393 13323 8311 2614 7395 13344 8904
3146,2631 7865 12189 3726 1024 11976 4804 9932 5187 11834
3147,5687 7336 982 1011 10199 8302 12585 9534 7100 10899
3148,798 1087 10053 10372 12055 10375 10371 8190 10564 8195
3149,1719 7426 2892 4138 12929 2869 7057 2373 7425 1721
3150,11405 13424 3019 14136 726 14512 692 11403 11402 14200
3151,8253 12561 6739 8254 12798 12795 9749 12799 12794 12796
3152,10731 13425 1331 952 10730 14154 5570 11156 981 11410
3153,1166 404 9784 2820 3464 1532 1535 405 3465 9791
3154,3237 3234 3239 13313 1371 2566 7330 7564 7332 7326
3155,4037 4035 13426 13380 10073 14745 8983 10071 4034 1317
3156,5565 4642 4644 4643 5566 5564 12992 13427 5563 14659
3157,8904 177 1532 7333 14324 1323 3465 11122 7923 2820
3158,13114 11208 10431 10243 10085 11190 13900 13066 11209 11207
3159,311 7730 7371 9457 9926 9028 6907 14853 9101 188
3160,9238 5570 7236 13428 3778 6724 13314 8713 8316 529
3161,6654 13429 4997 14301 12556 6869 11299 6316 11847 13903
3162,13431 5514 9372 13430 5793 9836 5175 5374 11368 15163
3163,1011 7925 1935 4317 1113 1837 3587 7833 8795 3962
3164,13432 8075 2805 13608 13424 12182 13433 12274 11201 9352
3165,13379 11607 2798 125 3298 11944 5836 3765 4987 7564
3166,10837 13435 2929 10838 3648 3974 12359 11758 11942 10290
3167,4742 11183 6254 5815 4091 12754 12755 336 3103 7185
3168,4862 578 10432 8444 4769 7622 8467 13195 8795 8953
3169,12188 8796 552 10025 4914 11924 3750 62 6190 10026
3170,618 5580 15065 13438 612 6002 287 4925 1099 466
3171,13439 13440 13850 14884 1671 13693 6355 14883 13308 10222
3172,2779 7926 7679 3507 9049 9690 3902 8940 2774 2100
3173,3945 10359 13735 7552 10356 476 227 2674 11384 6833
3174,13443 13442 12370 7427 4139 2996 6807 13444 7554 4316
3175,6125 13445 13446 13447 13449 13448 13049 5262 9446 5263
3176,13450 1315 4624 1358 4599 3083 5845 1355 1318 12642
3177,4170 621 4706 3070 6515 6146 1125 4699 7895 6512
3178,3441 3493 1970 4819 3151 8549 6959 8648 7955 3027
3179,8629 13451 1634 14785 13355 1996 1636 2610 11191 14600
3180,13453 2614 2814 2815 2742 3465 2820 13452 11110 13578
3181,1001 1008 1002 1006 10818 6364 7062 1777 2996 1011
3182,7152 13454 7776 506 1086 1573 4052 11861 13434 11860
3183,13410 7249 12584 1747 3974 3400 13455 7783 8817 13854
3184,13458 6622 4338 13459 13457 13170 2979 2731 11547 10570
3185,13463 13461 13462 13064 9572 4909 8899 8084 4662 10872
3186,13466 13471 13465 13470 13469 13468 13467 10635 13287 12758
3187,611 6853 488 163 1646 3097 3225 9781 860 96
3188,13475 13476 13474 13472 13478 13477 13473 5108 5100 5101
3189,13479 626 7946 21 13418 4966 7711 12326 14542 9398
3190,2741 5430 8729 2742 8108 13423 14196 6416 3465 4516
3191,611 4759 868 4228 383 12536 15020 11936 11939 11937
3192,3464 4515 4516 1166 6075 2304 2820 13731 6352 2742
3193,13481 13480 6086 5471 13903 5335 5625 11419 9140 13429
3194,11916 13482 8480 12169 10458 49 2141 5753 9125 363
3195,2026 5281 11739 2509 2146 742 2544 2562 6898 10379
3196,8302 12585 982 4061 7100 13484 12108 11120 13483 5673
3197,13084 13486 11380 11545 11543 12066 8759 2792 13916 12539
3198,13487 658 510 512 778 838 1449 5186 3930 8952
3199,5104 11031 11032 6692 1936 1592 4696 1680 12129 14588
3200,8882 5385 10894 8298 12470 7341 4795 12565 1123 6617
3201,13507 13505 13509 13501 13494 13497 13491 13506 13502 13503
3202,7020 13515 200 11285 9429 13511 4846 3769 8190 13516
3203,707 10064 1169 11101 14322 10529 8470 8931 8523 10445
3204,5742 6114 11072 9648 11844 7020 9249 6345 9337 13752
3205,11560 13518 11974 10790 7798 1624 3965 152 2957 5132
3206,7938 4939 13179 3665 7292 7990 2652 5717 10701 3887
3207,7215 3083 1771 9080 2317 8580 7096 3842 10554 4138
3208,13521 13520 7226 14944 7228 8421 14942 8428 7699 5784
3209,13522 13526 12870 13169 10678 6128 5195 10905 4588 8896
3210,7427 7554 10199 10899 9540 5687 4599 2875 7818 5447
3211,6824 8215 13257 9079 8825 13527 945 9078 1536 9077
3212,8158 9554 12727 6737 12894 12897 2379 12893 1354 8151
3213,2876 3843 7554 1826 4416 14105 3844 5876 9540 4063
3214,9649 1953 13529 6818 13367 12265 6285 10456 10721 11425
3215,13530 11116 7660 11689 10929 7184 11115 2215 3866 5466
3216,1885 13532 13432 13427 5329 13531 13001 1958 11854 12997
3217,12049 13533 12448 9966 7379 13263 11700 5973 1728 12297
3218,1315 4599 9853 5845 11347 13111 13450 2375 4693 7427
3219,476 3945 466 14897 2457 7552 794 6833 478 10126
3220,3489 7469 13107 11611 13106 9623 1862 3491 2912 13116
3221,13536 4171 10779 8235 5900 7567 627 12040 6488 13534
3222,13537 5614 13176 13725 7660 14065 13848 14001 14531 14182
3223,13074 10051 1228 13080 11603 10741 3387 2280 13987 10047
3224,644 11610 6346 13538 11921 14106 14223 10121 5255 4808
3225,2197 5012 217 3333 14362 13807 13805 13806 14284 13804
3226,529 9667 38 9668 538 7236 536 526 535 533
3227,2996 7065 4316 2888 1001 1321 9194 11626 3667 1317
3228,10977 4882 7560 7559 12101 10916 7558 3573 13065 12964
3229,405 1535 11749 13539 8905 2820 1166 1323 2742 13332
3230,11477 3736 9817 3737 6698 12320 3267 9877 11476 10190
3231,13044 13541 13545 13544 10557 7085 13542 13543 7855 583
3232,3057 3059 3058 3056 3054 3053 3052 3051 3055 15001
3233,9889 8982 4139 4603 12916 6805 3442 8272 5849 7079
3234,10045 4907 12405 3614 12562 10238 10718 8753 3508 8559
3235,1008 1777 3684 1826 9645 6705 6364 1317 5843 1006
3236,13549 11764 11763 13548 6393 11021 5492 13550 11888 13547
3237,12494 13552 2079 1658 4772 3871 9678 14000 14706 14388
3238,13555 9488 13553 9253 1254 10573 8691 13554 3488 12773
3239,1317 13556 4037 4035 13426 3442 4687 13711 15016 10911
3240,2804 13022 4653 4650 4660 11370 11368 4663 4648 4657
3241,13558 13559 11306 11315 14861 14859 14860 14638 7876 12626
3242,366 12321 6621 6622 553 13262 13737 9264 14429 13365
3243,13181 13083 12034 5336 13560 7847 787 4374 10204 10489
3244,2371 2375 2891 1778 1322 1321 1354 4060 9192 4606
3245,5998 2741 13561 12425 13201 8904 13562 2742 2614 15152
3246,13047 12507 12508 9783 12506 6571 12509 12510 2836 12505
3247,9654 5106 5105 5104 5103 5102 5101 5100 5099 5098
3248,9442 13564 11303 409 12424 2431 13119 10156 131 11144
3249,13565 4608 4136 10367 10576 10574 1003 10368 10575 10577
3250,13566 6241 2169 5710 13968 10251 5377 6240 5375 14237
3251,3504 11323 6343 11257 7089 10202 1982 9148 1787 206
3252,7380 9469 6147 13606 13607 1349 6156 2291 9591 5299
3253,13568 13567 10326 4673 8233 8237 7642 10325 10324 13590
3254,9459 3735 1409 1639 2556 2960 14619 13569 43 3181
3255,405 12426 2820 1323 1535 13346 2742 1166 13232 2822
3256,13570 243 466 871 8403 10972 5452 7370 169 879
3257,13058 5569 4438 13729 5571 13728 5572 5573 4536 4549
3258,4284 5191 10496 85 15025 13224 13039 9433 9694 1507
3259,13571 2921 2013 7718 11779 8839 643 12546 2428 12044
3260,2869 3094 13572 14736 1826 11598 7426 7425 7215 13270
3261,13573 1151 8152 4138 6738 9968 9967 11528 1155 5667
3262,544 12236 545 51 548 543 547 549 546 14167
3263,8111 10130 3400 13989 13308 8381 10064 13410 555 3393
3264,12169 11916 49 10293 10458 1481 23 11069 9903 11975
3265,9241 7226 7551 7266 7520 7228 570 10230 7205 9143
3266,2820 1323 405 12426 1535 13260 13271 1166 8730 1528
3267,1987 3413 7080 14345 3414 673 2260 11340 10750 9195
3268,7057 10953 7016 13723 1719 8164 1011 9235 4135 4687
3269,2891 5673 10752 10754 1007 14459 4609 1003 3667 7065
3270,5255 11610 2393 12552 8497 3489 13268 11845 2839 13577
3271,1071 1737 1079 9051 1804 12797 2291 7341 578 13337
3272,11119 2869 3079 8982 6542 9664 11118 10626 3693 7222
3273,2614 2741 5998 2742 15152 2820 1532 3465 6416 1529
3274,13580 1105 13579 13583 13582 13581 10631 9255 13569 10017
3275,3481 1882 13002 5328 3482 9074 5326 5330 1885 5327
3276,12748 11219 7986 5639 2616 12817 13584 15120 9945 4447
3277,13586 11247 11246 3565 12328 11210 14664 11245 7722 645
3278,775 7956 10570 5482 8300 4252 3681 10568 877 14395
3279,13587 14826 13414 9055 8370 15061 15062 8369 7124 14578
3280,2063 3529 1035 2064 4978 12280 7646 2021 1101 1079
3281,3979 10170 29 1983 10209 466 4178 9336 7473 6089
3282,2026 2234 2497 5191 742 757 4845 1087 11443 4846
3283,12873 891 8856 4026 12591 4022 8398 8519 4798 6175
3284,3083 1354 10461 4403 1357 12934 4402 7784 12932 12933
3285,12907 13592 13591 10031 4783 11270 10030 6839 7809 7963
3286,1011 7215 2869 1863 12332 13111 1771 4134 10627 3443
3287,11270 10092 13593 9936 13591 7334 3910 7333 13592 12885
3288,2780 8223 10451 9261 8224 1574 8225 9068 7837 10452
3289,2371 6364 4413 2875 2375 7218 1778 1322 9192 4060
3290,91 8999 14865 14555 14612 15079 14559 1368 14163 14620
3291,13595 12102 10668 10385 5790 11652 6701 12462 4777 10386
3292,3990 5397 13143 3991 3989 10572 11669 11935 10571 10330
3293,13596 13599 13598 13600 13061 7876 13597 7631 7610 260
3294,873 4355 686 1785 8189 149 1204 466 775 1377
3295,873 12429 1785 686 8577 4025 14142 8189 466 1782
3296,13602 3718 1588 14565 9842 476 15172 466 1611 5466
3297,12936 7217 5854 10807 5688 1773 1704 3443 9194 1774
3298,3288 3328 3826 138 4636 275 3398 8558 650 11855
3299,4 1503 5360 13603 7390 9062 794 3441 5541 7087
3300,1166 1535 2820 2815 2742 3464 405 404 3465 12426
3301,9990 3142 6132 10797 3190 5624 9490 243 8937 14430
3302,7846 11590 12136 10151 5984 7849 169 712 7848 8842
3303,5490 13604 4780 8431 6054 1614 8070 4567 5488 6689
3304,11335 11331 13605 7459 2832 11327 10010 3604 7672 2985
3305,5173 2057 7420 176 3258 1219 2448 323 794 4821
3306,13606 13607 1349 2291 7380 9591 1350 2412 13797 9051
3307,11727 3222 794 10452 14287 176 5542 1450 7303 8705
3308,2628 4315 2630 15240 4596 1146 1145 1011 9553 72
3309,4339 11967 5914 7183 14499 14481 14969 13397 7328 14486
3310,11262 278 4334 4075 2942 4521 10548 5235 891 7645
3311,2375 2371 1357 2014 11347 1354 6360 1778 2369 14283
3312,13609 13608 3716 8698 8085 9074 13432 14900 3717 5328
3313,1011 4139 10575 2871 4599 5848 9645 9626 1862 4596
3314,9682 6181 908 11912 6171 4371 11773 4935 399 13391
3315,7247 203 10984 4790 15038 7681 4020 12842 6437 12027
3316,13613 12172 13611 13614 13612 8278 11470 14262 14892 5628
3317,3500 1779 13052 9192 6362 1319 1320 1778 4060 4606
3318,11813 150 2037 9545 2038 4342 12921 2039 1869 896
3319,9050 3879 5789 8872 3948 587 10432 2068 8836 6474
3320,2130 9042 10362 8591 12015 10174 9043 6155 9040 3375
3321,13616 13279 2830 13615 9212 12850 14065 14172 13280 455
3322,13618 1805 2305 2152 11809 4756 1444 11050 4352 687
3323,13619 10724 13589 11943 14818 6224 6274 6626 10722 7735
3324,9079 2797 8489 8215 9078 1536 9077 9076 3721 2795
3325,11471 9848 3782 11218 5980 8246 5835 4910 3665 6537
3326,13620 10918 13256 6286 6754 13527 10429 9798 14031 5517
3327,12296 1855 2534 7516 13884 8444 10414 4925 6778 1857
3328,3085 6847 5686 4134 5688 3084 2016 2881 7077 1011
3329,2820 13624 13622 1166 405 2742 3465 2614 12426 1535
3330,2779 6526 770 6645 3709 6053 5981 4216 3702 9653
3331,2820 2742 5999 1532 6353 13235 2614 13325 3465 11122
3332,5155 437 1656 3277 3222 3223 2139 3399 1803 769
3333,1684 7385 970 286 14443 1758 10417 5414 7145 6684
3334,7428 8816 15207 15206 5527 11764 11763 634 7257 3916
3335,1177 8291 8788 2984 4457 6613 6531 2846 5285 10868
3336,13627 8860 11948 14168 5369 14465 7993 15070 11947 8859
3337,13629 2820 13357 1532 13323 13628 937 2742 13338 13340
3338,13630 1892 1804 1894 1893 1891 1895 1896 6749 13906
3339,1011 2888 11347 2995 11816 14283 13112 12734 2372 43
3340,8164 10992 4605 5367 4133 10098 4597 4137 13723 7057
3341,9829 13631 6068 13634 9830 4124 11472 8613 11779 4388
3342,6511 4633 5711 13632 4171 9652 8124 7879 1938 1746
3343,1354 2375 2371 2374 1357 1355 1778 2372 2369 2370
3344,11875 11006 2729 5255 6763 2723 2900 6071 9086 11005
3345,7948 8116 6168 7571 9809 1844 12223 1665 6240 7947
3346,3083 7784 12642 2886 11851 6321 4687 1011 12211 4688
3347,9829 11472 11779 13634 9495 4388 12158 1040 13073 13631
3348,7401 8210 8649 7754 11372 8650 6172 14666 1846 14667
3349,13209 10630 5845 5846 4743 6739 7077 1011 12915 10626
3350,5344 8808 13635 6571 14877 14328 12501 5193 10741 15210
3351,13636 13637 788 2166 268 5884 10839 1447 6236 11398
3352,6483 11408 7539 11407 8605 11409 2397 2725 637 10907
3353,6623 4068 7629 9225 10729 6185 4531 9180 7628 7627
3354,13639 11964 12131 10269 1767 10970 4388 6225 3070 6226
3355,13640 9856 6499 6161 2983 13798 9306 6244 6785 9855
3356,11131 7630 703 13370 990 956 13585 1729 10059 10907
3357,13642 13641 5288 14356 12439 13643 14752 14040 14355 6744
3358,1795 12930 10000 2984 13251 13644 9395 13645 4702 1177
3359,7407 8078 10558 3661 12583 5754 6489 7405 12582 2421
3360,1354 9235 1357 10366 10365 6553 1355 2378 2014 9236
3361,7899 1260 2848 9229 13170 3997 7893 13460 1261 7262
3362,11347 12739 2379 2372 2375 11816 14283 13112 3083 5531
3363,2742 2820 2614 1165 10206 5998 3465 2815 2741 405
3364,13646 10981 14067 5431 2630 14156 12101 3050 10982 10983
3365,6849 8605 10764 11407 2437 11408 11710 3877 13542 6483
3366,12334 2869 13223 13605 3774 8153 13238 14736 6364 1826
3367,2741 2817 13203 8907 6120 12198 13648 2742 8827 2820
3368,10734 9053 1313 11926 1392 3676 2215 6876 14070 11298
3369,3083 11347 4687 7784 3084 2375 12733 1357 7064 2369
3370,12131 1366 10867 3859 13639 1269 11310 6618 9826 5983
3371,13649 11876 11915 11646 11972 8817 6012 11644 3501 7038
3372,5096 5137 3613 9337 9024 13317 4122 3405 14709 3176
3373,13082 12500 8809 10041 12505 12884 10734 6571 9795 10733
3374,2820 1166 3464 1535 2742 405 3465 12426 1165 13187
3375,13653 13652 15197 11105 11781 14365 14303 1114 5923 11177
3376,13655 9623 1555 13654 13068 7648 7469 12155 9621 13405
3377,1001 2870 13076 10818 1002 2996 7062 11768 3079 12914
3378,13656 344 13657 7747 15265 638 5558 5556 5557 11289
3379,13597 13658 716 3877 13542 6849 6944 1713 13596 10584
3380,1826 3843 2876 3844 4416 6364 1777 5876 4414 14105
3381,13648 2820 13203 405 1166 13661 1535 2819 8730 2817
3382,13662 8822 1888 1887 1776 6734 9664 1723 1010 9754
3383,13663 5256 5104 5103 5102 5101 5100 5099 5098 5097
3384,13664 6814 7090 4712 7386 9878 13437 2245 10651 10650
3385,2869 3083 13665 3074 10461 3688 15238 10193 10857 9535
3386,8055 9393 7085 13666 8021 8054 4446 4428 4971 1119
3387,5890 13667 13025 10104 5975 13026 3097 2900 14482 12421
3388,5997 13668 279 3672 6600 14959 6602 2857 6601 4169
3389,13669 1336 13654 4361 7860 14178 12879 10195 13655 4362
3390,4608 4136 11777 6737 8158 8165 10367 4139 13565 10576
3391,1323 12426 3464 2820 1166 405 2614 3465 2742 1168
3392,13673 4048 9125 13924 926 13647 11554 4446 12659 8055
3393,9204 9315 7671 1834 10711 5595 10332 11045 7631 14322
3394,12096 2157 10015 2314 2426 10016 11965 13318 9465 9904
3395,13675 13674 12872 9594 6083 13595 611 10893 10668 5790
3396,6622 6623 9805 11227 11912 13892 12566 6476 2979 7574
3397,7552 13677 13676 3945 227 8553 3543 9171 6858 12730
3398,11765 13547 13678 11021 13679 3265 11152 11763 13549 11764
3399,12660 10067 12073 10070 12661 12664 12663 12662 12658 1714
3400,13682 13684 11022 9407 3483 9084 13680 13681 13683 2010
3401,2375 1320 1319 6362 1778 6361 2371 1779 6363 4060
3402,13688 13689 13687 13034 13686 6841 13692 12235 13691 13690
3403,13695 13694 5818 3961 3763 6886 5613 6235 10256 14138
3404,11358 8021 6058 13696 6761 9239 8054 9393 8055 5244
3405,5130 2924 3655 2925 2927 2926 1747 11447 2916 2928
3406,13377 13698 12890 13600 12891 12719 13596 13599 13598 13253
3407,13699 2834 11194 11473 113 13342 10820 9359 10662 5096
3408,8809 12884 10734 10733 13082 12500 8806 8808 12505 8807
3409,1880 13082 10734 13413 6868 8809 15147 13129 12884 10733
3410,1354 6361 2371 2891 1357 1355 2369 1320 2375 9237
3411,13038 1529 1535 13271 405 2742 5998 6000 6001 2820
3412,10525 13248 13701 10523 2614 6000 4516 13128 13244 10524
3413,5431 10981 13646 10208 13959 5405 7229 5435 3384 14156
3414,1001 10627 5846 4743 8542 13209 10630 5845 7077 7215
3415,13703 13620 9358 2805 9708 7309 8899 6286 10429 1884
3416,3415 6733 8822 1887 673 13662 9553 2879 7102 9755
3417,2888 12734 10556 2995 11816 13785 14347 11347 1354 1011
3418,13571 12044 1609 4998 643 2921 12546 2428 7718 4973
3419,13704 10226 12250 3424 6349 12890 1662 11648 2438 15047
3420,2741 6416 2742 7395 10207 3046 12425 6120 2743 5998
3421,13230 12861 13706 9327 9510 9325 9326 633 4083 12496
3422,10499 2916 1481 1489 7695 8853 10132 13199 11473 4367
3423,1001 12349 4600 3694 5531 6552 1002 3667 8983 12929
3424,6060 13141 6059 2437 7539 7255 7815 808 7540 10624
3425,2741 12426 12425 2820 2742 13248 405 2614 6416 5998
3426,13709 4381 261 11774 1524 13641 1560 11610 13035 2839
3427,10744 169 2950 4559 7046 3097 4322 3977 8667 356
3428,4037 12332 13711 13426 4035 1317 11598 13981 13556 1011
3429,2869 3667 3074 3416 10754 7065 11778 3666 11626 1826
3430,8647 7481 8318 7878 12925 4459 11780 9395 7796 8612
3431,13712 13713 12348 8850 8849 12377 11624 8167 9624 12551
3432,11943 10001 6626 13714 10343 8003 10724 11793 6289 6274
3433,2820 2614 1532 2742 12746 1165 3465 1166 11122 405
3434,1013 3082 6364 1011 3080 12736 3081 2889 12756 4626
3435,6883 13715 8032 7172 6885 12718 14533 12694 12923 7878
3436,13231 274 13716 13131 273 271 13879 5123 272 270
3437,10572 12327 12621 286 589 1103 10571 2101 3723 10142
3438,12805 3676 9320 10078 9321 6310 140 9245 3973 7249
3439,2820 2741 12426 2742 404 1166 13453 2815 13624 2814
3440,12482 13116 13719 13718 11312 12038 12557 13934 1897 5492
3441,12905 12906 12903 9517 11286 12904 7986 5430 14007 5189
3442,7346 7006 10641 10390 2490 2559 837 5623 10509 8818
3443,13721 4892 13720 2087 11543 11714 11368 8663 1635 11367
3444,13722 4238 11953 4245 4203 12406 4194 4227 4349 2779
3445,10097 9853 7656 1726 6809 4420 5450 9193 12264 1719
3446,2262 3142 6296 5958 9954 9468 5541 4579 495 14619
3447,2489 13724 2124 4969 7519 7925 13412 13350 8801 11045
3448,11344 9127 1560 13725 12931 12693 12486 12207 9659 10320
3449,404 1166 2820 12742 1532 405 3465 1535 9784 12426
3450,13729 13728 5569 10277 8058 5405 731 13058 4438 7583
3451,1533 1532 11897 13730 2744 6993 1165 14324 13660 4514
3452,5886 3814 13732 10195 4731 11983 7712 9840 1176 11846
3453,11109 1168 1167 13200 11881 12006 8827 12007 11267 8109
3454,2820 1166 13734 8526 3464 2742 405 3465 12426 1535
3455,13685 3483 9409 9410 13737 11186 2009 13736 14888 12481
3456,1136 1145 1146 7099 1721 7215 1722 5686 10751 11099
3457,13738 12646 9032 13269 12647 12844 4639 7825 3604 12068
3458,2371 6361 2375 9237 1778 2370 1320 1354 4060 1779
3459,12959 10756 12954 12952 12953 12960 13979 12957 3540 14414
3460,13037 8964 7442 6371 13612 8780 13740 6940 7347 6722
3461,476 8585 10841 2218 793 11039 466 794 478 4505
3462,8882 10481 4852 15140 4352 15139 2626 10135 15142 15143
3463,2375 5845 2379 2371 2372 11347 4060 1778 9853 13209
3464,10445 12937 8138 604 6145 4338 8004 2717 12129 707
3465,2437 7627 8259 8778 4383 13906 7628 6849 7629 10764
3466,1166 2820 13453 12007 3464 2742 1535 3465 405 2614
3467,7680 10307 10302 8046 10306 10308 6689 10304 9169 6596
3468,40 3644 13261 13129 4411 4519 5237 2569 10000 9588
3469,4139 5848 9755 9626 5849 5847 395 4608 4603 9645
3470,13742 10103 13934 12038 13719 12557 12482 10110 1897 10111
3471,10992 3082 6321 1379 11536 5248 11889 8443 2889 1314
3472,13745 13748 13749 13747 13750 13751 13743 13746 13744 5100
3473,13313 13081 2821 3733 5834 7566 525 12516 13752 10486
3474,12724 13754 3580 10331 13755 2953 10613 2017 2303 8398
3475,8215 5116 9079 9078 9574 9077 1536 8216 9076 2662
3476,13757 13756 13759 4359 10107 10810 2417 6528 9971 6623
3477,1937 13763 13762 13761 8059 9650 7745 6620 12148 1934
3478,7057 7785 11890 4687 1011 1719 3083 7427 10953 2869
3479,9230 4169 6514 2861 3672 1707 7689 9656 586 5664
3480,12719 13600 13766 13253 10982 13377 13698 13596 13599 13598
3481,12850 13885 326 1381 11366 10265 14538 321 313 303
3482,5713 7744 10122 13358 7746 990 4836 9228 4964 9682
3483,12857 32 8504 2130 1383 8382 13294 12793 13224 14126
3484,11578 13573 3693 8152 1776 3072 1721 11528 5690 14072
3485,2436 13769 13120 2435 10145 13768 2434 2432 8229 14469
3486,13406 13770 231 4667 10867 7722 4666 11147 14533 7264
3487,11777 1354 2371 12874 2374 2375 7427 4687 7076 1357
3488,13774 13773 13772 13775 1872 2295 13407 12550 7814 3112
3489,323 3736 6577 11759 4085 3534 6220 11477 6046 9265
3490,3491 13777 13776 13778 8115 13779 2050 14109 12846 13610
3491,8899 11096 13064 13063 13780 10959 14796 14041 2793 9358
3492,13782 8462 8516 6129 14128 8176 10653 2230 14344 9341
3493,12986 1893 13709 6498 6546 10869 2906 4017 6697 6693
3494,2624 7216 6810 11569 11808 9194 4134 1777 11102 1136
3495,11719 7125 12139 12140 7116 116 7132 3022 7559 12384
3496,13783 9820 10102 7910 6831 10458 2240 5122 4353 10261
3497,8396 10256 2061 2058 7978 1071 10463 12051 3213 10421
3498,11819 8655 13784 10639 6066 2694 550 12771 6311 11022
3499,1320 13785 10627 12209 7077 10569 10461 12735 11000 6363
3500,13787 13792 13786 13790 13791 13788 10997 11806 13789 1775
3501,13794 13795 3187 13793 9583 1175 2760 13550 9205 4672
3502,7659 10982 10445 3862 3864 7744 230 9228 9957 7489
3503,13797 10553 2658 6777 13258 13607 8170 12622 10634 275
3504,3943 4286 239 13889 3662 250 4962 3909 6826 3148
3505,13803 13801 13800 13802 10079 11680 10605 1634 7757 13451
3506,5409 11042 11039 11040 5556 13402 8585 12187 11038 134
3507,13806 13807 13804 13805 2951 3333 14386 1328 9306 14120
3508,13812 13815 13811 13810 12992 4056 13814 10079 8393 3010
3509,3896 13819 14775 8087 14770 8093 9558 4594 10976 14200
3510,13820 13821 5579 9576 13066 448 4252 8105 8090 2953
3511,9752 13185 4139 8847 6806 14269 7427 9645 2871 8000
3512,7365 12430 2105 11064 11551 10167 11584 3468 6441 2210
3513,3857 7233 1523 11690 1119 3428 9393 8021 4971 412
3514,11340 7101 11325 14345 3413 3414 10750 11056 1720 10752
3515,3877 13542 6849 13597 716 4434 13823 6095 13658 10584
3516,13824 5079 3267 3266 3268 9390 3016 1967 2468 6698
3517,12669 13825 2707 13890 14878 4797 475 9216 12537 7767
3518,1357 6432 7554 6446 4598 1354 9666 7427 6553 2014
3519,611 10421 3213 2061 15020 11936 11939 12568 11937 12051
3520,5555 2588 3701 2349 8668 4015 1733 2342 1282 8669
3521,667 7760 2350 5838 11291 6560 7322 975 15046 9143
3522,13827 10715 1509 179 7775 13826 12165 1588 7117 7122
3523,405 2742 2820 404 1535 1323 1166 2614 1532 3465
3524,10636 6472 1486 9613 7654 1652 7828 1547 7463 7822
3525,2037 5215 4636 4991 187 5633 7561 3319 5821 14858
3526,13830 13829 11872 13828 2650 1673 7941 11871 876 10943
3527,1181 5502 12201 1101 12337 11920 8411 3811 3405 14527
3528,13831 9245 2246 1035 5632 1017 348 2137 7193 1045
3529,742 12100 13177 7727 9771 2543 9164 10132 13080 737
3530,10126 5515 13832 13487 15026 5514 2301 476 15163 5513
3531,13833 13835 9950 6168 12354 13834 3669 1615 12793 6296
3532,13836 9519 4875 13312 3257 2598 14224 7008 7007 4350
3533,2842 13837 7827 12680 13279 1557 13278 13778 1933 12926
3534,5264 13563 2657 5265 5174 10581 8005 10580 8006 6771
3535,13840 1784 6097 11650 7674 6499 13839 9941 6498 11552
3536,13564 13842 9768 7230 11908 13841 7656 7704 8030 14533
3537,1126 12947 13843 3428 13844 5249 14692 8016 14533 11908
3538,13845 13116 3858 8688 12859 9371 13846 12715 9695 14177
3539,2820 4515 2742 1166 2614 405 3465 12426 1532 1535
3540,13847 3174 8778 11379 3160 8239 5023 3975 7005 7350
3541,11718 1368 10459 3749 5047 14560 14851 8999 13015 14612
3542,13337 13390 12797 3587 7703 15268 3585 14810 15216 3588
3543,13617 13848 13278 13537 9555 13725 13654 14593 5695 12928
3544,11366 6657 14915 6658 13885 692 5267 14486 6663 2282
3545,13850 10730 2959 13439 1331 5998 10731 12667 555 407
3546,1289 4024 2130 11972 10889 11113 85 2466 2543 5187
3547,4132 10988 5667 8166 1772 12726 4687 4688 13270 9967
3548,11090 876 12019 6087 12361 12670 2278 3579 2082 14114
3549,2614 1323 4516 3465 2820 2742 1532 405 5998 12426
3550,5998 2614 2742 15152 1529 2741 2820 405 3465 12426
3551,1354 1357 2369 1355 2886 8163 6550 4141 6551 8983
3552,13705 3789 4404 8256 678 12219 9371 8259 3858 8251
3553,7551 466 10531 8401 6870 8457 10670 250 5271 705
3554,9077 3275 12171 9076 12615 9078 8902 6412 3274 1536
3555,10918 5517 13527 6063 13399 12998 5634 14789 8663 1886
3556,5673 13852 14459 11120 10217 14996 13878 2887 886 12551
3557,795 2933 736 1219 7516 9390 13884 466 3033 794
3558,2232 3811 7970 4000 323 11194 10884 3290 780 82
3559,2869 2380 2372 2379 2375 14736 11347 4609 11778 9853
3560,4424 2760 12031 100 0 53 14163 771 3222 13794
3561,13854 7249 12070 1324 14800 8731 7229 7584 6415 13410
3562,602 603 13856 7250 7585 10183 7104 7643 8432 7949
3563,620 8230 1429 621 9714 4455 13706 6379 12496 5907
3564,13865 13857 13866 13869 13874 13870 13871 13867 13868 13864
3565,4594 4641 4884 6795 7561 7559 9558 9559 6797 14770
3566,8239 9661 13204 7350 13847 9807 72 7934 9880 7260
3567,12850 12404 11890 3044 1317 8166 4687 10992 4688 13270
3568,1721 12334 10716 5367 13223 8152 11638 11640 4407 13723
3569,7911 2080 10650 8693 7186 6560 10247 3807 3055 10887
3570,7087 5360 1104 618 5541 6834 4726 846 9314 11699
3571,12171 12617 10789 11211 8759 5370 13877 6412 9566 12619
3572,1836 5594 4191 5592 15181 11748 127 14162 209 5593
3573,6597 10809 4696 6598 1592 2267 1936 4848 3651 1191
3574,6181 10716 2432 1513 6246 10842 9443 4668 2433 11622
3575,13878 11120 5673 2887 12756 14459 14226 14678 14464 14236
3576,13879 716 9892 13716 9895 13597 13131 7264 10584 9894
3577,611 10421 11936 11939 11937 11938 383 488 15020 11230
3578,13882 13881 6685 5353 10914 12263 6257 2654 2862 13880
3579,3135 3201 4406 3183 242 6699 15082 6575 15083 8992
3580,1918 9282 9904 9284 5309 15084 7726 9920 7732 10140
3581,7401 231 8144 11568 4480 5638 6506 229 13406 14528
3582,7409 9843 7541 4629 14174 13986 13177 14507 14173 8218
3583,626 4966 5709 9365 5113 8397 15100 10337 5377 3982
3584,1011 4132 1721 4687 4407 13573 4688 3693 4138 8152
3585,1896 6909 7466 14729 6616 7455 6949 1946 9238 7892
3586,7516 13884 4925 9390 5082 795 3033 4769 2534 12296
3587,13885 5267 11366 12850 14491 14479 14488 14506 14496 5266
3588,13886 9060 3444 4003 2072 11836 1250 4408 9059 253
3589,8146 649 1205 3621 319 650 12776 3628 342 11864
3590,6778 5788 12720 1115 11913 7292 1855 13196 6776 12296
3591,12945 9893 9880 961 9966 11140 661 966 3007 9879
3592,3823 9804 10446 11622 8209 9659 6945 7259 8035 231
3593,405 13200 1168 1167 12007 2820 14807 11109 6941 12006
3594,1721 1136 4037 4036 1145 2877 11325 4035 1146 12548
3595,1166 3464 13576 2820 13650 13326 1535 11880 13670 405
3596,3085 2881 5529 12736 12377 2889 4607 1318 5530 5532
3597,10038 10039 6217 10037 10036 11314 7915 11313 11312 11759
3598,4350 578 8397 13312 6077 4025 6072 14419 6178 6002
3599,12459 1176 4333 3943 7705 11603 755 8844 6395 11983
3600,9443 9227 1513 7430 13369 6181 13884 8700 2432 786
3601,1746 13888 1938 1748 9652 4358 2908 6118 1747 14275
3602,2742 405 5998 2741 15152 2820 2614 1535 1323 3465
3603,13890 2707 13891 15276 2154 15255 7128 12669 8413 13825
3604,6622 13892 13893 2979 11384 2108 6476 14885 1864 8575
3605,13838 13895 5516 692 13894 12340 14114 14208 5513 5521
3606,142 11751 5544 9882 1686 476 3740 6046 13935 8129
3607,6670 13530 12864 12863 10467 9290 4381 10465 1560 14085
3608,11019 13899 7688 10121 14223 14106 14160 12134 6346 2058
3609,1354 1355 1357 5686 2369 4141 2371 1136 1356 4138
3610,9015 13900 13040 13114 10917 13039 5331 7545 3824 14075
3611,1119 1127 7643 8021 12948 13715 284 8410 13536 13901
3612,12332 7215 10088 11347 2869 1136 2864 11986 1771 4134
3613,4357 6548 1327 6549 8786 7980 3261 7967 6897 9838
3614,13902 9587 5105 5104 5103 5102 5101 5100 5099 5098
3615,13903 5335 5625 5471 13429 657 4787 5584 1263 9764
3616,1222 13905 7936 4358 13998 11711 4670 1837 11241 12928
3617,13906 13630 7627 1985 2928 7746 4836 5522 2446 1892
3618,2928 3470 13906 1985 1747 2925 2927 2926 2916 2924
3619,5365 13723 4698 15264 560 3403 5367 4137 7249 7057
3620,7533 4442 5114 5500 3260 3984 4585 426 7534 7537
3621,7469 1862 12547 1011 9623 11118 7498 9754 11598 6542
3622,1317 8164 3001 4605 7057 4687 6364 14283 9751 15238
3623,4126 5639 7771 4841 5170 2118 12634 5163 3921 7204
3624,13104 13103 12521 13102 267 11783 14182 265 12611 7827
3625,11303 10764 8843 11144 11129 11690 3753 409 9442 13564
3626,9880 966 961 9879 4086 967 4589 938 2442 12760
3627,13000 2067 6822 1394 12311 13995 2294 6821 2290 98
3628,46 557 873 1785 4282 2314 4474 6214 11741 1963
3629,13735 10359 10356 5195 3945 5176 11627 5361 509 3262
3630,6942 8226 11871 13908 10880 5622 3393 12821 3391 12856
3631,2741 3046 6416 2742 3045 1529 7395 10207 5998 12425
3632,7330 4813 12336 12185 9493 4884 4823 3234 1285 7326
3633,5879 10154 9971 7410 2426 10147 7704 10152 10153 8842
3634,2369 6360 1355 1354 1357 6550 6551 2014 2886 9851
3635,13909 3485 8376 1499 9532 5455 146 1865 8667 6453
3636,13384 8472 575 2288 2661 5955 4375 3982 9199 10729
3637,3043 3468 10267 3044 1752 2560 11975 2270 4865 5132
3638,7725 11193 11642 3727 12706 1419 6306 5836 8138 11198
3639,10368 11850 9647 8477 4608 13565 4136 5839 10574 10576
3640,10627 7098 7099 10628 10995 11382 10994 10991 11000 10989
3641,13753 11035 7798 3403 2135 10124 14395 1633 9321 5809
3642,11321 9236 12282 1011 10365 7784 3083 2373 13621 2371
3643,13912 11444 1589 7124 6877 8500 5219 7006 7431 8073
3644,7427 5687 10199 5447 10899 2870 1011 9534 7554 15017
3645,4235 9715 3358 1796 3528 2697 8704 4238 3713 3712
3646,114 10430 12710 13913 7122 3111 1055 10100 11586 10631
3647,8553 12714 7394 3307 3201 7552 14274 9171 3135 3543
3648,9077 9076 8105 8090 13821 13914 9078 5228 9079 1536
3649,12479 4273 12557 11769 5282 13719 12038 10447 13934 12482
3650,6284 12904 8909 14744 8910 8911 2086 8912 8908 8913
3651,3012 13528 7903 13916 3011 13222 2015 8825 14622 3775
3652,1003 2891 3667 7065 1354 7078 3688 10193 2875 3846
3653,6577 10859 1442 4500 2774 3509 15113 13071 10854 10856
3654,2741 8526 6352 11755 6416 2742 13932 13561 13344 2614
3655,6173 7174 5145 11134 7415 14511 3549 5341 11218 13918
3656,5341 13918 5250 4333 7174 4406 505 2423 13543 4244
3657,7927 8245 13919 12201 1952 2140 6075 6074 5632 5270
3658,9784 11122 1532 2820 3465 11121 404 13354 6417 13344
3659,4085 216 1660 1993 14861 3222 585 4766 651 11759
3660,6836 13805 13913 9260 12428 9209 13920 7509 7112 13807
3661,13922 11024 5881 13921 4794 10033 2284 10005 1263 1632
3662,6725 10863 12885 6717 693 13593 8517 12281 6719 9704
3663,11056 7101 10752 1709 1720 10097 1828 13911 4603 10987
3664,6411 6296 370 8490 6293 6294 11759 794 3964 926
3665,10694 10677 13923 13924 12814 1129 10085 10695 5805 1801
3666,8526 2824 13926 11755 15096 13932 14331 13353 1166 12426
3667,1166 2614 404 5193 2820 3464 9791 3465 2742 1532
3668,679 10591 13927 3177 8350 3943 4297 2538 6322 9474
3669,2986 13930 5379 13928 10361 6118 4754 13929 1746 5365
3670,7016 8164 4605 4133 15238 7015 13665 859 4287 7014
3671,2742 1166 3464 2820 2815 3465 2614 1165 1535 405
3672,8338 8329 8328 8341 225 8331 8330 8332 8327 8333
3673,2442 8814 8813 4589 4590 9879 966 967 12761 9880
3674,8606 5467 5586 10400 4879 544 3372 8952 2408 2240
3675,2741 11755 13932 12746 8526 13931 6416 2742 2820 7395
3676,13933 4963 5561 10529 4964 9505 7239 4350 6495 3658
3677,1557 10254 7662 13934 10103 2992 13742 10104 14039 14890
3678,1866 7144 3846 12577 12809 10843 4329 13078 3688 1354
3679,6148 6156 6153 6147 6151 6700 6155 6154 6149 6152
3680,2139 11258 9286 1207 896 14052 13851 14053 3575 1072
3681,8999 3019 13891 15276 2154 15255 15148 13890 7121 7128
3682,13935 476 7768 1831 1686 5544 1984 466 10517 794
3683,10968 3176 10566 8567 951 7373 4813 9024 11364 15228
3684,8740 11700 13937 5273 6802 10981 10100 6108 5395 1728
3685,715 153 2497 10290 2575 7052 12404 8792 11241 4293
3686,13939 13133 12854 8985 13938 12856 12855 11555 9694 14946
3687,2342 11551 4259 2282 8618 6119 1282 2588 3941 5169
3688,2742 1323 2820 405 2614 3465 13327 1165 1166 1535
3689,10373 10372 12165 155 10371 9955 3595 4396 10370 4869
3690,8971 4353 5956 1803 9061 3134 1732 618 12144 7837
3691,644 4808 10338 643 639 642 8959 638 7534 7537
3692,11642 8885 8115 11877 9650 9836 5452 8030 10473 3491
3693,4924 4423 7775 10061 6576 2333 2735 7299 4353 2225
3694,1345 11821 1346 7334 7333 3892 12167 7508 3317 4357
3695,13587 13940 14826 13414 9055 8370 15061 15062 8369 7124
3696,12577 12809 13078 7144 13177 1866 14311 7264 13770 4629
3697,11112 1533 12271 1532 11752 13188 11524 8312 2820 2614
3698,13943 2730 13942 11888 10109 13122 6393 5201 6397 13941
3699,13945 4654 8088 7556 9959 11716 8238 13257 6101 13944
3700,2057 4924 3699 10055 1503 7758 7372 9921 6888 392
3701,11410 10131 14154 14444 5570 10130 8713 10731 10529 7236
3702,1379 5248 8443 10992 11889 10818 2869 4413 1719 1119
3703,10468 11604 11605 11853 12010 11588 11366 13634 13948 13947
3704,11099 8536 10819 1136 10627 7095 1354 1145 8539 8538
3705,3055 13952 13953 108 44 7123 1813 7132 1367 7492
3706,13894 5666 11574 12592 4928 9492 1098 2705 10237 10235
3707,10279 2739 3043 7249 12666 381 71 6868 13854 3044
3708,11857 13955 8514 12904 3874 4048 7630 5896 4073 13956
3709,5112 13957 2354 13113 15179 6104 4292 2859 5103 5102
3710,12850 9790 8356 4430 13958 12716 13885 10112 8355 12158
3711,7229 10208 5431 5405 13959 15199 8058 10865 14387 11932
3712,2742 2741 3465 1165 2820 2614 404 1532 13327 11112
3713,9682 7107 8968 12082 9805 12566 12846 12567 6476 10027
3714,10009 7646 5775 10008 3611 7527 10548 4792 11204 8932
3715,13191 8114 13961 14885 1700 9841 6226 14146 4962 13208
3716,4962 13841 10490 5355 10489 9288 1352 9782 6729 14533
3717,12460 13962 11007 6262 10714 10363 9104 4948 9103 13392
3718,13845 9695 13846 3541 2865 1942 5605 3088 8966 3231
3719,2741 4516 13561 2742 1534 2614 6416 5998 3046 1532
3720,5414 1758 1684 5773 3181 834 7930 5092 12167 286
3721,1357 4135 9646 1354 6553 2369 4139 2014 1355 8164
3722,10729 5639 3852 9180 3849 2032 3851 7986 11219 13584
3723,3465 2614 2820 13482 2742 1532 6417 1166 1323 405
3724,2820 10206 4515 2817 360 2742 405 2614 1166 3465
3725,13239 13767 7107 12860 6943 11988 7889 7935 9827 12162
3726,2371 6553 2375 7554 7015 7014 9853 1726 1778 9625
3727,8318 12925 7878 12038 14134 8532 14135 12718 13765 12923
3728,8226 12286 5363 4775 9510 11871 10625 5622 14740 380
3729,13964 13966 13965 13967 13963 13707 6751 11341 5583 2005
3730,13968 4450 8122 13566 4448 14153 5788 9808 14181 4449
3731,12417 8295 13969 6269 13975 6268 13018 4352 2664 7868
3732,13548 13972 13970 5964 13971 13726 12215 6589 5707 7532
3733,12135 6835 8004 8859 1877 4410 14623 13759 7999 4670
3734,13681 13695 576 553 13262 13737 13365 9407 13954 5732
3735,10780 13973 379 1160 2546 9476 9496 14617 2496 9000
3736,13974 13969 13975 2636 12601 4909 4714 12612 6100 2567
3737,10780 2546 13973 3676 2496 9476 9496 9000 379 2527
3738,11192 10904 13977 1951 4888 12770 14430 14299 5712 1955
3739,8142 11038 67 10654 12405 11647 767 13402 12971 12970
3740,4132 11777 8166 6809 5447 10199 8167 2875 13270 9540
3741,4403 10069 9625 12917 13519 10068 11910 12350 4139 7554
3742,13980 6392 13123 13978 13979 13942 3265 14420 6389 12879
3743,7215 5449 7218 10627 1771 2869 12332 3443 2881 2375
3744,7784 12642 4624 3083 13450 11851 1011 11768 4687 1318
3745,1354 1355 2888 1357 2369 4141 1356 2886 2378 2371
3746,13573 11528 8152 4138 3082 13621 13982 11571 12243 4036
3747,2875 2871 12078 7818 2873 2874 4139 4132 7554 1354
3748,8152 1721 13573 3693 8160 7554 11528 8151 8156 1776
3749,1826 3843 4416 10199 5447 2876 15017 3416 5876 4414
3750,12661 12663 12662 12664 10067 12660 1317 12079 12658 12078
3751,1011 3415 5863 673 12806 5687 7427 9549 1357 9534
3752,12929 1719 4138 7057 12349 2373 8541 670 4687 1011
3753,10098 4597 8164 3094 4132 4687 4688 15238 4605 4133
3754,13983 10814 1003 5844 3083 13984 13911 1146 6556 4611
3755,7427 3415 4060 6361 10899 9237 12075 12076 1778 2375
3756,3666 3074 7065 13911 3688 2999 13985 11778 3667 11626
3757,13426 1727 13076 4317 13237 2880 5839 12914 12332 7093
3758,12332 9967 1709 10088 1711 7215 8541 1011 4037 9969
3759,12965 9965 4697 11356 1938 4358 6622 9963 11384 1125
3760,9134 5859 2479 7297 2206 5234 9133 15067 36 11549
3761,9659 1948 11896 10557 13986 14011 8207 9127 14185 14187
3762,13988 12343 13987 7568 11786 14528 3862 230 231 10051
3763,8999 15148 11185 7121 15248 14690 14951 14560 15069 14851
3764,13990 13308 13989 8111 14336 14335 14884 1671 13693 6355
3765,7543 10892 7355 13757 13758 3593 13991 7254 6398 11692
3766,13992 12866 1859 11776 14038 1317 14458 12147 1141 13590
3767,13994 5106 5105 5104 5103 5102 5101 5100 5099 5098
3768,2371 1721 11347 8982 2375 1778 4407 1354 1357 7554
3769,8882 4455 4852 10481 4352 10135 620 4345 621 12939
3770,4596 5686 4688 4132 4687 1145 1136 5447 1011 4273
3771,1522 4697 628 6513 6515 4170 13979 621 1125 9810
3772,6102 13247 9025 13997 9948 6100 1883 6101 13996 13515
3773,13905 13998 4670 14137 14623 9495 12564 1302 13759 7999
3774,9682 1896 4561 9805 12566 6616 6476 6949 1946 4668
3775,11734 133 9197 4182 14001 8390 10982 8012 5053 9947
3776,11956 13221 13464 7173 12840 10157 8965 7746 3594 13220
3777,14003 5106 5105 5104 5103 5102 5101 5100 5099 5098
3778,12850 13885 13606 14004 14441 11366 4430 13607 14538 14909
3779,2820 2742 405 7249 4515 13854 1166 2614 3465 1535
3780,8526 11755 13932 2824 2741 12746 14122 1533 1166 13926
3781,13622 3464 5998 13701 13235 1330 8906 2815 1166 2742
3782,14005 6126 5978 9241 1300 3559 5213 98 4023 12205
3783,9340 8811 12764 11917 8621 152 8805 4396 4869 12130
3784,4947 11686 33 13416 1946 1896 7261 7892 1046 10769
3785,11845 7254 10105 5255 2898 6397 2274 12982 12983 11610
3786,4139 11625 1859 5848 11624 11225 5849 4608 2377 4603
3787,6837 12832 12329 3578 12835 12830 12834 12831 12833 3579
3788,9179 12962 6184 11406 9175 9178 10881 5126 10180 9650
3789,4664 6167 4656 13634 1999 6161 947 6165 293 6102
3790,14007 12905 5189 12906 5998 12903 11286 10127 9517 4038
3791,11120 5673 9220 5110 14459 13878 9894 9895 9892 2887
3792,13191 6226 6476 9841 9804 11592 13839 4567 13604 13961
3793,14008 12162 15262 11988 572 14206 13694 1491 2108 5352
3794,14009 7083 1702 8220 14575 341 10114 6581 10113 14574
3795,4073 5896 4964 10224 8787 12036 369 11568 9228 5895
3796,4138 673 4039 1719 1354 14745 13573 12656 2373 12929
3797,1011 5876 4134 9192 6705 2883 9194 1777 1826 1779
3798,3896 8093 14775 8087 14770 8102 13819 9558 9077 12647
3799,4273 11712 5447 4596 7978 12479 15017 5282 5686 10199
3800,13544 13459 13044 13541 13545 2979 7085 583 10557 13543
3801,14011 2175 1948 5918 9659 11896 10583 10557 5906 10581
3802,14012 4567 13690 9713 13069 6538 1783 6498 11621 3996
3803,10447 12869 2263 10446 1677 12867 12868 12339 2273 1678
3804,13070 6623 6170 11177 2627 11592 908 14237 6226 11005
3805,5880 9823 2918 14013 1677 7999 13950 12960 10286 8934
3806,12622 3793 6319 5975 7255 10620 3647 7251 10670 563
3807,1011 6323 2875 9645 7818 9628 4693 2871 7817 8850
3808,2742 1529 2614 6352 2820 3465 2741 5998 13578 2815
3809,405 13576 404 13650 2820 8730 1166 13651 1535 1323
3810,6000 6001 2820 13323 13628 1166 2742 3464 13271 12426
3811,3067 13166 10260 14217 10562 8735 12900 14407 3065 3064
3812,2741 7249 14015 2742 13854 2820 6416 5998 405 2614
3813,2614 1165 2742 2820 8892 1532 3465 405 1166 5998
3814,8376 3403 10595 3816 15264 10124 3815 13753 7208 5351
3815,1527 13324 13513 5818 10657 11832 8402 11267 13271 14138
3816,13339 14016 13660 3465 5998 13186 4516 1533 13338 7686
3817,1532 2741 2742 2614 11112 8904 14138 2820 6416 11121
3818,4358 7106 13396 1847 2654 1268 1938 13880 6174 7947
3819,2741 6353 2742 12301 4516 2614 13352 6416 13701 13960
3820,1532 1475 12535 2614 11880 5190 11112 2820 405 9935
3821,12535 1475 8808 11880 12501 5345 14844 10733 11822 13336
3822,14017 10672 8610 10671 7442 11652 9532 13037 8964 6371
3823,12026 13733 13142 1590 6389 8978 13643 2946 9997 4748
3824,1443 748 6813 2138 6636 2928 10469 4513 1408 838
3825,1050 9956 222 4975 3758 3757 3759 2826 1103 8294
3826,9102 11945 13925 11428 14025 14019 13364 11362 1950 1954
3827,11757 14028 8861 14027 5659 8680 5647 5644 5649 5648
3828,2820 1166 1535 13731 11878 405 3464 2742 12426 11052
3829,8575 6520 2798 12779 2321 12572 14424 10810 1287 6476
3830,4272 6396 9824 7536 10109 9823 12194 10895 6395 2137
3831,23 11192 5621 14953 1880 5612 7398 10183 5620 13977
3832,11406 9179 9650 5126 12962 9601 9441 716 6184 9175
3833,8389 6286 14031 10918 13620 6276 11385 7785 13433 12227
3834,13184 11590 4410 13535 5896 4966 12136 560 7846 4964
3835,3465 2820 2614 9074 2742 13007 1166 405 1323 1532
3836,2457 5414 4045 4871 11133 7054 14893 5225 476 5090
3837,1738 5299 2448 3552 8671 5528 133 8580 2878 8404
3838,10450 12499 11075 6883 9229 9543 13979 6885 14091 12498
3839,3749 5180 9789 14032 7489 6329 14916 12363 14917 6335
3840,10407 14034 6818 9958 11688 13400 6819 12366 11425 10967
3841,12029 3852 956 5485 10907 8210 11354 3849 990 3851
3842,4829 11634 8387 13559 14861 11633 11636 11635 11306 4941
3843,10576 9612 4608 10574 13565 4136 10367 5949 540 1422
3844,5699 6162 2849 9810 12718 8016 5701 5702 5385 5705
3845,1532 2869 14029 2614 11112 14138 11121 8904 2742 11122
3846,10715 1351 14702 14163 52 14875 7130 8999 7129 2142
3847,2739 49 3404 2490 13434 6868 1839 10278 34 11876
3848,14038 11776 1317 12866 13992 13557 4687 10913 13590 4034
3849,10845 10844 13001 12677 12645 8085 9652 13666 13000 12999
3850,3667 7065 1003 7078 2891 9536 1007 10193 11893 9535
3851,9784 2365 360 15093 1532 2820 13354 14374 14359 4515
3852,13617 13278 13654 5695 9555 14593 12928 5697 5693 11620
3853,7285 2100 3713 9048 1754 3210 4235 2806 6025 4797
3854,12149 5104 5103 5102 5101 5100 5099 5098 5097 5096
3855,384 1409 4393 377 388 389 375 387 3973 385
3856,14033 5105 5104 5103 5102 5101 5100 5099 5098 5097
3857,3996 9824 10108 11293 9398 13768 7432 7869 7711 12326
3858,10205 6510 11849 11840 11841 11842 11839 6513 6785 9808
3859,13641 14040 3428 14086 13642 14087 9256 1561 5288 13725
3860,4445 9435 4444 4443 5107 5106 5105 5104 5103 5102
3861,8761 7333 7334 8489 6940 5571 3892 9123 2614 529
3862,9932 8203 3095 8868 13042 4147 3534 9240 3252 4411
3863,7556 10036 14041 8592 1885 2610 1958 11362 9158 2611
3864,10080 8582 3572 11040 2087 8089 6136 6139 13915 13003
3865,1916 2372 11777 7358 2375 2379 1915 11347 12896 4036
3866,14044 12743 1535 404 13672 1166 2820 405 2742 1323
3867,12290 8629 13914 12289 8638 8628 13381 12292 12293 14785
3868,14046 14045 11635 13957 640 5651 6281 15179 10168 11633
3869,14047 14048 10220 10224 6059 11869 12880 4748 4460 6060
3870,3793 7532 7536 6398 3591 13796 4272 7534 7537 7535
3871,1532 2741 6993 8402 13234 12006 13200 8810 14138 11897
3872,13839 9841 7524 10150 3591 6061 8240 6494 1467 10229
3873,10112 13196 4962 10785 4753 3669 5639 7643 7649 7951
3874,900 4497 8677 102 5338 11142 10021 383 9221 6638
3875,7825 13738 1894 2899 9032 3568 12173 12646 1891 9698
3876,6782 908 6170 13880 7935 14378 11912 4948 3671 13962
3877,9308 7147 6356 12079 12078 9302 7215 4311 14445 12632
3878,13615 7214 10924 13534 7669 13616 5882 13279 7213 1873
3879,8251 10412 4570 2065 3751 1112 13428 8259 10875 15019
3880,12427 14049 7118 7114 11444 7111 14163 14555 4426 58
3881,13715 13696 1874 12622 13887 12864 9973 13139 11911 11526
3882,9226 9842 7629 9841 9225 10122 6253 5897 6952 12352
3883,14052 13851 14053 11258 14054 8747 5299 9792 11706 6326
3884,14055 5163 8870 10050 10784 4045 7854 102 8513 9427
3885,7920 13438 3041 8857 7856 7622 3278 7514 6968 7348
3886,8320 6403 14058 13697 14057 12984 3446 11658 1472 10432
3887,4814 11716 8544 5331 8086 3835 13944 5836 12647 5824
3888,14061 14059 14060 273 14062 6852 316 5945 337 274
3889,1201 1578 3254 6516 5090 7197 4219 2457 4868 1766
3890,2614 11899 1532 2820 5998 3465 2742 11441 12186 11379
3891,873 9249 4821 14063 2324 7310 3222 14261 3476 686
3892,9784 2820 13354 2365 14359 9793 12744 1166 1532 3465
3893,12009 10255 13387 14064 5783 8423 3070 6854 1845 2683
3894,9074 5328 11942 8698 1882 13002 5327 5326 8386 14771
3895,12519 13280 14065 12263 13279 12926 14531 13068 7660 13368
3896,14066 12967 10979 9772 14797 13462 14781 12617 13063 8899
3897,14067 2630 13646 14943 14536 10981 2629 2628 5091 5092
3898,1011 7964 14069 13225 5687 14202 13389 11537 9534 4134
3899,14071 12091 8543 8363 14783 11200 10456 12253 12999 14076
3900,4809 9448 4275 4274 6944 8518 11733 9823 5793 7809
3901,3296 2080 724 2676 5185 4369 12127 4297 6388 3547
3902,14072 3072 7073 5690 12209 9850 3071 11578 11924 10556
3903,14073 12153 2698 6815 4318 2407 5611 1369 5275 1371
3904,14075 14077 14074 14076 9015 13813 12841 13900 14783 10917
3905,11447 2924 9849 2955 296 5175 5134 4045 8266 1195
3906,12331 323 9251 13781 11836 12034 9148 12629 11012 1994
3907,7218 1317 1777 1826 12630 11638 11640 6364 12628 12629
3908,13361 8739 15167 13306 14798 1636 14451 11944 11544 1637
3909,4355 5773 1199 292 5622 13554 1735 12204 4406 4856
3910,9472 13715 14951 162 4162 9054 8999 14166 12622 13696
3911,404 1475 4516 13188 1166 11524 2820 12426 1532 405
3912,10666 5215 12766 7914 1074 9051 8446 9933 187 3420
3913,476 10054 488 5414 794 466 14897 478 464 1387
3914,2820 6000 1166 6001 2742 405 2614 3465 12426 1535
3915,14080 9818 9821 9819 8587 15287 14081 9820 3457 9119
3916,14082 2501 2657 10094 13172 2547 1918 188 2514 2651
3917,5929 8736 15129 7009 9808 8735 8733 8739 14010 8738
3918,8513 14083 6806 8514 5163 5094 5095 5096 5097 5098
3919,2820 2742 1166 13187 12426 8727 13327 1165 3465 405
3920,405 10679 10680 14084 1323 10963 2820 1535 13330 13931
3921,14086 14085 14040 14087 13725 5297 1561 12486 5151 13901
3922,11762 3612 13211 6309 3412 13210 9713 3611 12990 13783
3923,12290 13381 12292 12289 12293 12291 12675 15253 12674 12673
3924,405 1528 4516 12509 13128 13244 1535 4330 13331 2820
3925,10456 14071 11200 8363 10721 1953 3775 12265 8543 10455
3926,1616 10423 1615 1605 1617 1607 1609 1599 1598 1597
3927,9055 14088 13587 12651 2391 14558 12513 4426 3019 1392
3928,3677 7750 7751 13336 7752 1475 8832 8334 7749 3687
3929,1351 12286 10909 10715 7920 13912 740 1350 15273 15274
3930,10450 12499 10244 14091 7518 12498 5878 14090 7998 11601
3931,560 4964 13184 4753 13535 4962 1855 11568 4073 5896
3932,318 344 12640 6358 6357 15265 638 13656 5558 5556
3933,2391 10011 12651 11602 9055 10009 10008 14833 14834 5505
3934,12879 10195 7530 4361 6392 1669 13142 13141 4362 14093
3935,13354 13959 8727 2614 2820 13187 1323 9784 3465 404
3936,14094 14522 577 5077 5103 5102 5101 5100 5099 5098
3937,6668 6659 14098 14097 14096 10394 109 14301 6667 14302
3938,2820 12426 405 1166 2742 2614 3465 1323 1535 13187
3939,10715 4964 4753 4073 4962 1855 14100 4551 7649 5896
3940,2742 2820 14015 12994 1535 405 1166 1165 2614 3465
3941,6172 10714 9697 12937 9810 5782 3423 10363 8650 8649
3942,13987 10051 3387 14102 2280 8884 7706 3829 5402 1876
3943,3541 10868 3540 3537 6613 12373 11153 4346 13971 10869
3944,13141 1940 7530 2162 13142 5276 6062 11885 7666 12879
3945,1115 2907 5967 12155 11885 9708 11886 1107 2726 1113
3946,12459 3654 3656 14450 2991 5599 8844 3646 1176 12432
3947,2820 2742 3465 13452 1166 4516 13187 6000 14084 3464
3948,14105 1826 3846 3844 7427 2876 3843 4414 10815 4416
3949,13124 11595 11702 183 13584 14106 3273 9275 836 6346
3950,14108 12668 14210 5092 5093 5094 5095 5096 5097 5091
3951,14109 11773 8358 13779 12694 8359 8360 2050 9454 9453
3952,12673 12293 12675 12290 11186 14111 11630 14110 12292 12104
3953,10369 3016 10227 8671 11174 4943 844 11427 11426 10462
3954,13885 12850 11366 14488 5268 14506 14500 12298 5267 14480
3955,6165 14112 4601 7651 12865 10413 6780 1665 9800 6167
3956,4997 714 2450 4888 3554 10494 1349 7390 8054 13606
3957,10161 14113 7490 3100 3678 4230 8577 504 10164 1284
3958,9223 205 349 8795 11815 351 4830 8176 771 203
3959,14114 3676 10270 8790 5823 5516 13355 2082 12805 3973
3960,6362 1778 1319 1320 6363 4060 1779 6361 9192 1321
3961,1880 7157 7734 6868 15147 7156 7159 2206 2739 7726
3962,11141 2182 7250 7773 12358 4399 1693 5918 4478 8225
3963,7006 8499 837 2498 11223 8463 10018 5415 2026 5191
3964,13641 12685 12520 12684 10427 1554 13642 14040 9137 11611
3965,14116 14115 13358 5713 7950 5676 2909 4358 12939 7104
3966,12892 266 14118 14117 11782 902 7180 8737 5695 11684
3967,11670 13401 13143 11935 7400 14120 12438 5593 3990 9186
3968,12511 14123 14124 13931 13421 13700 13259 2820 13330 13452
3969,7215 11346 2373 4606 10088 2375 2371 4138 1778 1719
3970,4052 7152 13454 7776 1086 506 1573 12543 7697 3538
3971,14125 2563 3459 3460 1090 2156 1099 343 1018 7461
3972,4223 733 6088 753 1503 11158 8516 12213 584 6112
3973,2597 160 2221 6433 11529 689 2594 2598 2596 2593
3974,14126 1995 8 12793 13224 13835 8382 3403 1997 1994
3975,10124 14127 5229 5452 7684 5615 71 2296 1740 5230
3976,10627 3083 10069 6579 1318 4403 3074 7215 11890 12350
3977,5222 13461 13451 13818 383 4056 11631 4057 2612 4059
3978,1354 5671 5672 1357 5669 1355 2369 4141 9554 2371
3979,10148 8119 2903 13726 13564 2924 8787 5251 10151 8842
3980,2210 10464 8098 11157 5746 5408 8285 1282 12430 7365
3981,11405 726 14512 11403 11402 14136 692 14383 693 11401
3982,14129 11932 2770 14382 11084 9972 7229 10060 12483 9486
3983,12850 5266 13885 11366 14498 10611 14538 5267 14486 5268
3984,11366 13885 12850 14488 5267 10328 5268 5266 13895 14500
3985,14132 1475 11737 8892 11230 10413 8454 5345 14466 14527
3986,5601 5967 6392 12081 6389 13951 9998 4699 9657 12489
3987,8310 6409 14080 630 9041 3899 5210 3374 7140 11150
3988,11873 64 8258 1337 6982 10558 5121 8322 12708 1269
3989,4024 10480 9920 1918 3402 2547 2511 9914 15084 2559
3990,1172 755 1174 7293 8439 6790 4869 813 8821 989
3991,14134 8532 14135 12925 13765 8318 7878 12947 617 7624
3992,1357 4139 4608 11624 4137 5863 1828 2377 8164 1354
3993,1668 8958 7705 9832 6803 12212 7707 12909 7706 1667
3994,13324 8526 1529 13323 12426 1533 1475 4514 13271 2820
3995,9319 1447 7186 14493 3105 1553 12875 8479 13808 9306
3996,14136 14137 11405 692 13998 693 14208 12497 14497 15230
3997,2820 3464 2741 13343 1166 12426 14138 13730 404 12994
3998,6532 8306 10608 3662 2079 9203 5739 3904 2081 208
3999,13919 14141 14140 10564 12545 685 1701 15281 2074 14716
4000,1501 3280 3834 1161 137 2474 2470 5209 5207 119
4001,14144 4962 11189 13753 8785 6489 10124 3959 3403 5070
4002,6622 2979 6004 1864 6476 5145 12522 8305 4976 2268
4003,11120 14148 14829 14147 5673 13483 14861 14209 10561 2887
4004,2614 8694 1303 12067 3465 2742 2820 1532 13578 1299
4005,8907 404 14151 14138 14150 13348 11753 1532 1166 2820
4006,10373 10372 155 10371 4396 12165 156 9955 152 10370
4007,6186 7574 11912 11227 6782 5947 5157 7436 887 7435
4008,13023 12456 13046 11895 7532 12957 11978 8126 6744 14411
4009,12748 11218 11219 14153 6537 10701 15120 14181 13834 10062
4010,1894 2899 13738 7825 1895 9202 9698 12646 8474 1891
4011,3481 3482 5332 14155 5327 1882 5328 5326 3480 5331
4012,12162 11988 572 7889 13239 13767 14206 4707 7107 6943
4013,14156 11002 8476 12101 11703 2378 12297 9173 10981 6550
4014,2742 2820 405 5998 13854 7249 4515 2614 3465 15152
4015,405 1529 7249 2820 2742 2614 1535 13854 1323 12426
4016,2614 2742 2820 1166 3465 1532 5998 13578 405 3464
4017,7657 8887 6950 14093 13783 1669 8886 7530 14090 10184
4018,13537 13725 13848 9557 14085 1560 13176 14001 2866 4672
4019,14159 7581 14157 11384 1131 14158 14160 11746 5513 14304
4020,9650 9682 11232 13763 1937 12148 7745 8059 13762 13761
4021,9056 8588 3906 14430 8587 8586 8579 9260 8583 14080
4022,110 14930 14166 14427 14931 14937 15244 2203 11959 12513
4023,2082 14114 12019 7252 1885 518 6063 4164 971 5538
4024,14164 4713 6788 11187 12480 2567 9571 14377 1541 5407
4025,11221 6173 1522 6775 13424 14462 14461 9810 13183 1939
4026,5415 8816 7428 13012 11764 11763 14419 2739 13015 1483
4027,8999 14166 91 14929 7121 15148 9054 14951 1368 14163
4028,13537 13725 9557 13848 14085 1560 13176 14086 14001 12486
4029,1561 12486 6669 14085 14446 5297 266 14086 13725 14040
4030,4962 12682 14002 4753 1352 12055 13196 6544 13841 6748
4031,1357 6360 4605 2014 9851 4133 8164 1354 6553 2369
4032,5580 466 618 4925 1690 7929 249 13438 836 3097
4033,12748 12496 6497 606 621 10262 13490 620 5788 4170
4034,13642 12439 13643 14752 13726 13741 12522 7940 5288 13641
4035,14167 13389 4171 8786 12236 13536 8235 4170 6488 6497
4036,2742 1323 2820 13187 2614 405 1324 3465 1166 13333
4037,2742 1166 1535 2820 1165 8730 3464 3465 13651 2815
4038,1893 14168 2230 3088 1891 1895 1894 1892 12986 1896
4039,13889 4962 3943 13191 14169 10425 5021 10426 12588 3993
4040,13616 14172 14171 14065 10252 9668 14170 7826 10253 4373
4041,14173 6435 2419 11978 14174 14507 13986 8218 13760 9843
4042,14104 6586 14175 2905 13281 9542 2728 3091 8430 9129
4043,13116 14176 13107 13610 2912 7869 13535 13184 6828 1697
4044,11723 12725 12839 8443 10099 10075 7058 9755 11531 11721
4045,1166 1323 8730 2820 405 3464 1535 13650 13628 404
4046,2741 1526 8907 2742 6416 2743 11898 6994 5998 1532
4047,8033 13069 13901 11978 13466 13471 13465 13470 13469 13468
4048,14180 8362 13055 5998 2614 12843 11555 5430 12820 14330
4049,11295 14175 6869 13408 8620 10153 2429 1265 12555 12456
4050,12684 11611 9137 12685 7650 2840 14181 10427 10757 7653
4051,10158 2538 7730 9910 12110 9121 7758 1316 12336 1090
4052,11770 12319 2446 2843 12320 1121 11772 11732 12047 10044
4053,2614 2742 5998 2820 3465 1532 15152 405 2741 1529
4054,13271 6001 1166 13323 6000 2820 9791 13628 404 3464
4055,14178 12518 13254 8264 12926 6479 11219 10609 3665 5923
4056,9807 11114 7934 12036 9661 6251 13178 10224 6543 2422
4057,12242 11226 5367 11225 12239 12240 12241 4137 11816 3084
4058,14185 14187 14188 14189 14186 14133 9231 14192 14190 14191
4059,3609 6846 4379 668 3492 1460 15194 2839 6845 6840
4060,1532 11879 12882 9794 11755 12994 14044 11112 8835 14122
4061,13845 12683 13846 14177 8781 12681 10219 8688 12859 12679
4062,12323 14194 14195 2819 13659 14196 7237 13039 13409 2947
4063,14198 14197 9201 14525 14395 2904 9220 2931 9218 3692
4064,1885 13532 12997 1884 8323 14031 5407 13432 11187 13929
4065,14129 5405 11084 14382 8058 5431 10208 13959 9199 7229
4066,3896 14200 352 14775 12276 14398 8087 8093 14770 15089
4067,11405 2600 12868 14136 726 8977 14512 692 11403 11402
4068,4766 10962 2807 11429 14617 4085 1993 585 6576 894
4069,12251 5725 14209 12252 10584 5640 10316 7776 2133 6728
4070,14204 14205 14202 14203 7581 8423 14069 14581 6609 13183
4071,3160 13216 5233 12110 8460 13213 7371 11379 188 3174
4072,12524 12824 12263 12249 9556 10322 13858 12525 4629 12248
4073,14207 1560 6669 13725 4368 14085 12486 11344 14001 12693
4074,14208 10168 14046 9131 14417 692 6608 14889 13182 13838
4075,4135 9751 8164 3679 4605 7065 2869 7057 10953 1721
4076,4413 12349 5689 8443 6364 1001 4605 5845 1721 2371
4077,14209 14208 14596 13736 14595 13680 692 12440 14286 10168
4078,1317 4688 2375 4687 4132 4135 2379 8152 4137 2371
4079,9920 11644 12692 4024 10480 1918 5187 15084 2518 14272
4080,4962 13191 10426 10425 13889 6226 4753 6544 3943 13961
4081,13463 8084 11206 13462 13064 13461 9572 2746 8076 11208
4082,14120 3955 8775 2464 15245 13883 12011 15116 8708 1384
4083,14211 14212 415 13167 11949 2490 14448 8067 5722 3943
4084,14213 8020 14214 2651 14209 15169 13050 8525 692 15086
4085,13771 14215 12142 13767 13141 4629 12248 13142 13239 13040
4086,2820 1323 405 2614 2742 3465 12426 1166 1535 13187
4087,9959 12265 14024 6819 9960 12366 3775 5329 1953 6818
4088,14217 14216 10562 8734 6827 5494 12777 1520 471 8735
4089,11907 9973 9387 11908 9380 12860 9323 9384 9377 9379
4090,2375 2372 2379 2371 11347 2380 1778 9853 4609 1321
4091,12082 12987 6172 1111 8650 6244 6185 6476 8968 11665
4092,5260 2156 2290 4933 5159 4267 10405 12835 12830 12834
4093,14221 9052 10921 14220 4437 3890 14995 6622 8195 12566
4094,11384 5788 12065 692 553 14379 14380 6622 13262 13737
4095,13388 3063 75 11126 8587 11914 9610 8999 4153 8579
4096,1700 6183 2981 1846 14146 8114 13961 1864 2008 14002
4097,14222 14224 14223 14415 14952 10121 13836 14538 14160 14106
4098,14226 2869 11120 5673 14225 14459 12551 13878 2887 14464
4099,14065 2839 14171 12519 11610 10253 455 5614 14172 13616
4100,6477 2731 13460 9213 14227 12881 11152 10337 7649 13666
4101,14209 10121 14596 6331 12188 14595 13680 12440 14286 14223
4102,405 1166 3464 2820 1535 1323 2742 8603 3465 12426
4103,2742 4516 13452 13187 2741 14127 8727 13453 13235 2820
4104,9195 7080 11691 4138 10818 1013 13984 11624 1001 1354
4105,14230 12527 13641 12526 12715 14229 13171 13175 11147 1558
4106,3667 7065 7078 4600 9536 10953 1007 11893 11894 11896
4107,14232 9960 13073 12649 12594 14233 12266 8099 9813 12003
4108,1721 7426 4413 4605 7057 10246 8164 9851 7425 6364
4109,14152 1625 14235 12553 6062 8126 4327 12957 12954 12952
4110,14236 7014 4062 7015 14571 7013 4063 12657 14753 13878
4111,1166 9794 3464 2742 6001 6000 14079 2820 8727 1165
4112,10251 14237 6174 8967 6240 6241 11796 9104 10250 1268
4113,2820 2742 1535 13187 1166 405 2614 12426 2823 3465
4114,13644 8687 8921 12492 1845 1510 6247 10194 8684 8683
4115,5788 7253 13616 4450 7252 13238 6497 13279 9657 7678
4116,1438 8485 3728 2696 206 11088 4280 5667 9564 4943
4117,14238 14260 489 14638 14575 11315 6581 14572 11306 14574
4118,2130 8591 10382 10383 8 10362 9042 8999 3375 14518
4119,14239 14244 14251 14248 14249 14250 14247 14246 14245 4
4120,4301 5829 5607 4886 378 890 13645 65 2352 6144
4121,5786 3177 5787 7000 10564 13784 3178 12666 1619 131
4122,692 11405 14136 11366 11402 12386 693 14512 11403 14145
4123,8823 443 705 3242 9072 9884 4568 12698 10232 1589
4124,12985 1557 13942 6498 6097 6546 6784 8515 10229 5199
4125,14244 14251 14248 14249 14250 14247 14246 14245 14243 14239
4126,8788 6613 7643 10868 7649 621 628 4388 7804 11153
4127,4507 11252 11082 3483 2011 11251 14681 13684 2010 13736
4128,538 4844 536 4839 14808 6820 531 5751 529 525
4129,12138 13782 10119 11656 11085 12148 9650 7401 8143 6887
4130,171 4364 2326 9604 12163 2767 11803 7327 4774 4468
4131,2665 3564 3568 8593 7321 14023 3569 3565 2086 3566
4132,2156 88 184 3860 12018 9669 7283 2473 1296 9188
4133,14254 14253 7239 195 13524 11579 2465 14358 873 5755
4134,10125 6905 3387 8884 3396 7809 10051 13987 2280 10391
4135,14126 7630 10728 7795 10370 3981 12793 13224 13835 13585
4136,11993 5142 5794 5801 5796 3137 13560 5800 2938 5797
4137,5502 1101 10236 7021 12201 1181 3811 3300 7369 2607
4138,8458 14217 4569 10914 2323 5660 14471 10915 8735 2602
4139,46 6825 6787 241 11392 12205 10732 6002 611 4925
4140,870 139 5041 5437 1646 476 466 7958 10126 5043
4141,6824 14255 9101 311 5324 8487 14076 8095 12480 3561
4142,3359 3119 9669 9118 10295 4320 3282 11748 3317 186
4143,11119 6542 3079 2869 9664 8982 9754 8151 1862 11118
4144,8848 8850 13713 8849 9645 4607 13712 12348 12377 7427
4145,14257 8077 7739 11963 7658 11163 4665 4651 9190 12030
4146,3903 7910 7452 5952 13783 9820 1058 7805 5287 10102
4147,13193 4257 11139 14258 3038 11706 4489 13194 12060 10930
4148,10003 10001 282 1971 10181 6772 10002 1861 11943 6626
4149,3055 1351 13454 11073 9974 2656 10544 2556 5550 549
4150,7441 7329 7331 8957 5996 295 14259 5304 13021 4984
4151,4865 3150 7391 11821 3043 5070 2519 383 5308 5818
4152,14238 489 14260 794 7051 14638 826 466 5075 3211
4153,1011 1721 1727 7572 12146 4407 8152 1145 14345 9235
4154,12005 4762 14063 14261 170 5818 6031 7412 769 514
4155,11157 5746 5408 8098 2210 8285 5747 8700 2 10464
4156,2026 1798 2548 1961 2146 2544 2131 12166 3213 2574
4157,1532 14262 2614 11470 6940 13613 11112 11121 14138 8904
4158,8999 5527 15148 15207 15206 5488 11185 7580 14297 8074
4159,10980 2666 12312 12996 1392 8392 2238 9812 1543 4059
4160,6703 3076 3077 6704 3079 2616 3078 3075 11057 2870
4161,4828 648 10886 8972 10550 1621 10212 7758 6315 9902
4162,11101 1676 10064 7651 1934 1678 1675 1677 14322 13044
4163,385 134 2241 10432 13402 13130 12187 2333 11042 386
4164,12813 9545 3497 4920 1074 12193 7494 7497 9802 8499
4165,5155 3222 4181 3223 690 1568 769 2448 3399 437
4166,14266 4530 4529 4524 11592 8016 4525 4520 4526 4528
4167,466 7037 7845 4861 4396 1413 10373 10372 3960 155
4168,4036 14267 9951 4609 9192 10752 3442 10843 4037 4138
4169,4498 2672 4312 9991 7977 2671 2945 4314 4222 2239
4170,2256 4351 239 9613 7941 10183 6118 8028 7946 11485
4171,324 6792 4920 11166 6384 10669 10512 10511 8616 3169
4172,257 6094 5920 5349 14417 14399 2833 14887 10529 7916
4173,5226 14268 11253 14396 8454 3116 11366 4576 11630 5097
4174,1177 2984 6613 8788 5285 2846 10868 12930 7804 7894
4175,8474 9427 52 2899 8475 9202 9698 8466 15273 15274
4176,14269 2871 8847 8000 1011 9752 8850 9645 6347 13713
4177,10820 11914 1297 8521 11129 3720 1620 6227 12200 5793
4178,11371 5563 4656 5566 5565 11767 5564 4664 4644 4642
4179,3602 3348 3834 10976 2488 4867 14516 4992 14729 185
4180,6046 11713 3740 11751 8129 6041 3736 12022 3737 10018
4181,14273 14271 6041 8453 14272 10586 2952 9069 10822 487
4182,12069 5723 8714 13063 14796 25 3712 9571 8899 13809
4183,14136 14208 11405 692 11402 13182 693 13838 10168 11403
4184,12281 6725 693 9704 14390 4937 6717 11405 10863 14383
4185,4096 9167 9090 8744 9886 5412 775 1229 1967 4220
4186,11378 11379 8376 10075 10708 3160 12612 6981 7005 3900
4187,14274 12714 4346 12620 3541 7394 7395 7396 8553 7397
4188,13560 6615 711 11993 11567 2938 10115 11568 4073 6622
4189,11368 11370 4663 4660 2804 4653 4650 11369 4655 4657
4190,1831 2525 10137 6043 6318 1686 13935 10288 3468 8704
4191,685 195 6822 6445 7149 787 4233 433 790 3937
4192,14206 12162 2108 1491 323 9563 1215 5247 764 11360
4193,1532 14138 15257 8402 2614 11112 11121 11122 8904 6993
4194,244 7831 12549 10043 10487 3172 2655 4725 3853 6377
4195,13725 4458 13537 1560 14085 6145 13848 12486 6144 14086
4196,1684 171 4862 764 964 6198 4468 1443 1688 5528
4197,13588 8820 14279 14278 4953 14277 11053 13033 14276 9098
4198,1452 8742 2024 1427 8653 2756 1568 12042 11950 9391
4199,11151 1160 7286 1161 4064 8439 8631 10078 268 1300
4200,9826 10867 14281 8227 1269 230 15026 13406 3859 10870
4201,8390 839 6411 5581 11320 9511 794 8391 170 6216
4202,5003 2498 159 7113 10406 14890 15230 4290 6923 3438
4203,11347 6805 14283 8982 9173 2375 7554 4599 6431 3001
4204,11848 14284 731 1475 2166 11409 3138 9911 9912 14362
4205,11243 476 466 3139 2448 3811 775 453 879 180
4206,14286 12440 14285 14209 15173 14596 14595 13680 14458 14213
4207,1408 2930 1252 748 838 6645 11170 11260 1443 510
4208,2764 9439 2826 9518 6380 601 3748 2825 1050 1103
4209,467 14287 1423 6216 12847 3222 794 10454 12087 4468
4210,6667 14290 6662 14291 14294 14292 14293 6666 14289 10397
4211,232 10485 14175 11292 7195 10153 10406 6667 6869 233
4212,8999 14085 13725 1560 6670 13537 14086 12486 11344 14207
4213,9051 7848 2291 4090 10078 14940 10270 2287 13606 2412
4214,14295 12513 3498 11229 14427 14930 14088 14931 15244 14937
4215,794 618 5417 6005 6063 7633 971 11393 2082 15065
4216,4426 13587 7115 15045 2326 14826 6148 11059 13940 13414
4217,14154 10731 11410 13856 6129 12587 1331 9945 14444 9533
4218,12670 13722 881 14298 14055 2130 3193 5508 323 9613
4219,870 8106 14299 3276 3956 10126 7958 476 5366 3980
4220,6652 10400 10401 10394 7368 10405 10392 10404 10402 10403
4221,14301 14302 14097 12556 14096 10392 6654 4327 10394 6668
4222,7632 3160 7109 11230 7310 8690 8391 14921 3471 12803
4223,8999 14163 9054 5415 14951 15148 14555 7121 15079 10715
4224,14303 11384 5516 14304 13652 2623 6574 9827 9945 12065
4225,7719 9143 6766 15260 14674 14886 14470 14894 15046 7953
4226,14305 10278 9762 12352 3449 8488 1839 10432 9763 12176
4227,3500 4669 4031 2155 2493 2106 4965 4760 8500 63
4228,13587 9054 14826 7124 9055 14555 14551 13414 14951 8370
4229,9054 739 14306 14555 14852 14551 12206 1858 14951 15076
4230,8999 9054 7124 14166 2156 13912 14951 14929 5335 78
4231,740 14979 14348 14907 1351 14163 12084 11818 4847 15190
4232,9570 2235 7235 10462 11363 735 3576 1128 3016 4051
4233,14308 11955 10076 14562 405 14802 13730 14331 13926 13353
4234,14311 1806 32 14310 13741 2602 4601 9902 7967 323
4235,14312 5106 5105 5104 5103 5102 5101 5100 5099 5098
4236,2739 5415 13015 6868 14560 13012 14851 13017 13016 11482
4237,10746 4359 240 14313 11447 8527 5010 9085 5619 6562
4238,13669 7773 14100 5233 11646 9904 13971 9266 5567 4494
4239,13481 13480 5471 6086 5105 5104 5103 5102 5101 5100
4240,11152 13666 13267 6069 2731 6617 13951 7891 11475 13029
4241,12980 14314 1196 12250 13029 15047 13040 6670 14146 9972
4242,13245 13628 13576 13650 13271 404 13323 2820 13128 13244
4243,405 3465 1323 12426 2820 1533 4514 2614 2742 13187
4244,13849 14290 10397 11389 6655 6667 6661 6662 6666 6664
4245,1532 5998 13329 2614 15152 13344 2742 11112 11122 14138
4246,14315 14316 13431 13310 5516 3067 1632 5563 13904 6792
4247,12420 7731 11069 5543 2123 5097 11481 7727 7726 7732
4248,9340 11429 14317 11917 8621 14617 152 4396 4869 9034
4249,14318 8509 14058 11585 11579 11582 11580 11581 8320 6403
4250,1761 6327 13571 1304 15127 1515 12342 6331 2059 12090
4251,692 14320 14208 693 11403 14383 14512 12386 11405 11366
4252,14321 12195 8976 9508 413 3155 7952 9600 5106 9246
4253,14322 10064 3403 8523 11790 8484 10191 7671 11066 11035
4254,11917 12855 6023 9340 8621 12854 12856 7716 9694 383
4255,9024 2957 12666 11480 374 733 12918 13373 12667 5809
4256,14319 8760 7781 8747 11952 7782 11026 8807 4336 7946
4257,14311 6232 13898 12577 13741 6229 6230 1302 6233 213
4258,11555 14323 11554 13924 2614 13315 10127 10056 8362 5998
4259,2741 12425 14138 13189 14324 14308 1532 7686 8827 2742
4260,1531 1330 14326 1525 11394 1530 13672 11052 2820 1323
4261,1532 4515 3465 2614 8830 2742 2820 8905 14138 8904
4262,13349 13734 3465 12302 4514 2814 13189 1533 9786 13453
4263,13343 8808 12271 14328 5194 14138 6353 13351 1532 6995
4264,13344 10208 11122 2820 2741 1532 13329 9784 11112 10680
4265,2614 12905 11286 12906 14329 13409 3465 2820 2742 1532
4266,2741 14014 13323 2742 6416 14325 12426 2614 2820 5998
4267,11560 14199 3507 11399 11974 13518 7798 10790 726 3965
4268,13578 2614 3465 1529 2820 2742 1532 5998 11393 1323
4269,13578 2614 3465 5998 6352 1529 2742 2820 15152 1532
4270,405 11955 14562 13332 2820 1323 1535 2742 1166 12426
4271,8892 12070 6990 11111 14803 8893 13854 4514 4791 11822
4272,13248 13672 3463 3464 2614 1535 1166 2820 12426 1323
4273,2820 1165 10410 14331 13926 2742 1166 13353 405 12426
4274,2822 13201 8907 13202 2820 13347 2614 12426 405 2742
4275,13244 13245 13128 6000 1535 13248 1528 12509 8892 13576
4276,2742 1166 2820 3464 2743 2614 1535 1165 405 3465
4277,9784 4515 1532 13354 2820 14359 2365 9793 2742 12744
4278,405 14332 1535 13203 13661 2820 10411 14084 8058 1323
4279,14323 2614 5998 11555 15152 13924 13578 14007 2742 10127
4280,5998 11112 2614 1532 2742 13319 2741 10508 15152 1529
4281,2742 6996 2741 1535 11112 2743 2820 8730 405 13327
4282,5998 14007 2614 10127 2742 14323 15152 12905 1529 2741
4283,14336 14335 13990 407 9784 14326 2816 11112 10260 13574
4284,405 1535 2742 2820 1166 1323 12426 1165 2614 3465
4285,10963 13330 1323 13931 8906 2614 3464 13625 10679 9791
4286,2742 13629 1165 2741 2820 2743 3465 13352 13325 2614
4287,1535 10410 14331 13926 13260 14122 8730 13353 405 2820
4288,2820 405 2741 5998 2742 2614 1166 12426 3465 1535
4289,2742 1323 14122 2820 405 2743 14326 2614 13700 1531
4290,2614 11112 1532 2742 2820 3465 5998 1529 2741 8312
4291,1166 3464 13731 2820 13187 2742 1535 1326 3463 404
4292,1529 13423 4514 2741 2814 2614 3046 6416 3465 15153
4293,3464 1530 2820 11394 1166 8907 4516 1531 1330 3465
4294,2614 2742 2741 12380 12786 2820 1165 3465 5998 1532
4295,1367 2029 15276 5547 7128 2208 13891 2085 2084 2083
4296,14339 14338 12628 12627 12632 12630 3486 9421 5668 12629
4297,6784 12985 12025 14340 11661 10986 9807 7855 1174 1126
4298,7401 4755 11872 13830 13829 14582 14451 15099 7253 13828
4299,4138 1719 2373 12929 1354 7057 13573 2371 7067 4687
4300,12025 6685 13644 8372 6097 6616 1786 12567 6622 6949
4301,13785 3083 7784 4687 12209 4688 4132 12734 1721 5690
4302,8029 8026 1122 8024 9128 8885 8039 8041 1119 8011
4303,1354 10199 11777 1357 5447 1355 2371 15017 9540 1826
4304,12370 7427 10749 7554 10088 7095 7785 10987 10198 13443
4305,14181 10351 14342 12536 14153 10353 8454 6298 10349 13207
4306,3083 1315 12211 7784 13450 4687 12655 1317 11347 12210
4307,4403 13519 12917 1317 9195 12077 11387 4693 4599 7818
4308,11265 10255 14064 576 5782 8423 7625 12048 5783 11264
4309,7436 12891 13258 5985 15261 11114 6186 13263 11785 4045
4310,2930 14344 9688 8176 5862 11260 14227 4568 14128 1408
4311,7427 4599 10899 13111 9540 7077 10569 1315 4693 12725
4312,7702 13557 10911 13556 11612 11613 11614 3486 14762 15106
4313,1011 11537 12607 5687 11536 4611 9534 2893 14751 13983
4314,2869 7215 11120 10992 4403 1318 1379 7064 7096 4599
4315,7427 4402 7498 4599 7554 1011 10199 10899 5687 9540
4316,4437 3980 11949 5421 10706 6118 8106 2739 2914 14158
4317,6849 13742 10195 3877 13542 12879 10764 10197 4361 7530
4318,1778 1011 2372 2375 7215 1317 14345 11347 4687 2371
4319,4350 3428 3429 3427 9256 13312 14419 6178 11978 1119
4320,756 2953 14111 5579 6332 14896 1204 10476 478 655
4321,12332 7215 11347 2869 10088 4134 2864 11986 11598 10072
4322,13215 13214 691 10561 14147 14721 13213 12085 13217 13216
4323,8542 1709 4461 4145 10990 10994 10998 13785 2880 7098
4324,11347 4687 4132 3083 9850 5690 4688 397 7093 2375
4325,12036 2422 10224 9807 12035 9661 7934 2421 6251 13178
4326,14348 740 11818 8479 4847 11863 14979 14089 15154 11817
4327,14350 14349 14351 7215 11347 1771 5875 14843 13111 10627
4328,13776 14117 10969 1524 13034 12846 3491 10027 11774 13778
4329,11249 11620 7714 11248 4373 12527 14161 12159 7801 7713
4330,10627 11099 7095 7215 12368 12367 12369 1771 3083 7099
4331,14206 6537 11218 2108 6163 6623 7625 5788 1592 4550
4332,618 612 11963 5782 10388 7377 6605 9942 14257 14717
4333,14352 2840 13176 1360 6231 1947 9659 12486 9127 14394
4334,14353 7242 7244 4447 7401 7571 11219 7376 7382 2661
4335,11840 11842 7168 11841 11839 10658 6510 12888 12986 6513
4336,14354 10216 10219 10218 10217 14738 3004 5195 14845 3813
4337,1136 1145 3003 5686 10751 5857 6847 1146 4596 1722
4338,14356 5288 14355 2729 2274 4589 13642 4582 13641 6744
4339,3075 8167 6704 7221 8166 3079 3083 8848 12209 3077
4340,2820 2742 3465 8727 1165 8906 13660 1166 2614 14084
4341,7217 2891 12936 1003 9194 1353 3667 5854 7065 2371
4342,13604 4567 7506 6226 10271 1448 5575 10272 4270 9577
4343,9309 4196 3555 5419 3222 8704 2448 7955 6579 2761
4344,11626 3667 3666 3074 7065 11892 11778 7078 2380 3688
4345,13823 12831 5625 6095 12835 12830 12834 12833 3877 12832
4346,7057 1719 4607 12929 4138 2869 1011 4687 13723 2373
4347,14358 14357 14254 13525 13524 2465 11579 14253 14318 10058
4348,1317 4413 10627 13723 13209 6804 10097 5845 10990 3083
4349,3465 8906 2820 2614 14359 2742 1532 6417 13235 6351
4350,12142 6939 7682 13122 13771 11888 14215 8576 13767 14056
4351,13785 2880 6847 1317 5449 2881 8542 7077 4461 1314
4352,4132 3667 4687 4138 2373 1719 4600 12929 10199 4688
4353,14362 5012 14284 10491 5042 4736 11848 8058 731 2197
4354,9554 1354 14363 11099 1136 1357 6364 2369 1355 12756
4355,11019 2058 5795 13305 7688 13899 10121 2061 13289 13300
4356,12623 14027 9650 13763 7745 6685 14002 9999 10870 1907
4357,6729 5355 13841 7544 10432 13715 4463 10490 12285 11453
4358,12987 11665 5352 6185 6541 14219 1837 5353 8968 12264
4359,7186 7270 4484 2950 9319 6348 11623 7820 8241 8837
4360,8210 11019 9199 7688 13899 5405 8058 14666 10121 14667
4361,1011 1354 11777 1357 2371 1355 4138 2369 1916 4134
4362,1374 56 2958 9359 13413 9206 3906 11473 13699 10820
4363,10463 6173 10256 1392 2023 13767 285 1895 8505 4872
4364,7220 14364 73 11632 2585 15189 10265 5278 1381 9284
4365,4139 2378 11808 10069 5849 11805 9626 5848 1354 6432
4366,13710 14109 4527 9857 8231 5354 1125 4172 5907 14365
4367,2928 6143 8762 13906 1747 2925 2927 2926 2916 2924
4368,5151 2582 811 12309 2583 14086 7931 2581 14040 14087
4369,1447 344 12916 9319 15265 3105 638 13656 13657 9889
4370,8144 11115 7529 13696 10052 6693 10184 12588 10047 10046
4371,2375 2372 11347 9853 2379 3072 13111 5690 2371 14072
4372,1174 12985 10644 11983 3854 6784 13942 7712 1557 11846
4373,9100 14010 7009 10429 9798 8736 10428 7008 7007 7010
4374,13307 9759 8095 9796 13 12 8096 13382 15 14026
4375,692 11366 12386 659 15082 15083 14136 8250 13838 11405
4376,14367 5106 5105 5104 5103 5102 5101 5100 5099 5098
4377,2428 10985 1506 643 12546 13571 486 9030 8 3134
4378,14373 10900 8712 10081 10223 8901 3563 4057 9108 2088
4379,14374 14375 14376 15093 2365 9784 5093 5094 5092 5096
4380,5998 7752 3368 10674 2041 4984 7565 7750 7751 2614
4381,14378 10125 7935 14219 9650 5904 5917 13767 13239 9809
4382,14313 8383 11794 9611 5731 6876 7369 4950 4085 9565
4383,5294 5555 10958 10862 5642 2868 1301 10861 2202 13912
4384,12008 2742 405 1323 1165 2820 1168 3465 12007 11121
4385,2820 13453 13421 2614 3465 13717 12426 1166 2742 405
4386,4196 3276 2185 9309 3555 5777 10140 6134 1383 3705
4387,11412 11411 11413 11414 7640 10024 6069 4709 11417 11416
4388,4515 1535 4591 14716 2742 8732 11899 2820 405 1532
4389,692 14380 14379 11366 5519 693 12386 11384 14424 14136
4390,14382 14129 10060 11084 4772 5405 10391 4911 4711 11932
4391,692 14384 14383 11366 12081 6228 12386 693 11403 13538
4392,14385 5106 5105 5104 5103 5102 5101 5100 5099 5098
4393,10899 11850 7427 4599 2375 1721 1344 9814 5687 13111
4394,2742 4516 1165 1535 2820 2614 14127 3465 1166 405
4395,14386 2687 2951 13168 13806 13807 13804 13805 10670 10177
4396,8995 5016 589 5507 625 8704 176 2508 10572 6596
4397,2814 14326 13672 13453 1535 2815 4514 2742 2614 1531
4398,11405 14387 999 14389 14388 14950 14512 14136 14200 14711
4399,2820 2614 2742 3465 1166 404 13574 405 13651 10260
4400,7631 3792 4230 9093 1187 463 12019 5544 794 5595
4401,3943 8140 11809 3263 3260 1270 14436 7993 13618 13889
4402,13067 13066 13064 2793 11208 10431 12618 8899 6755 10082
4403,14393 3895 3134 13930 14693 4298 2678 14955 3771 14517
4404,1947 8965 13221 5743 9127 2944 14394 4524 8035 8041
4405,10369 10920 611 11317 1491 4238 3014 9007 5552 5155
4406,14395 1633 11035 14254 8300 14525 14253 14358 3403 3510
4407,2582 14185 11599 2583 14187 14188 14189 14186 14133 9231
4408,3811 1101 14893 9604 2309 10881 10347 1457 5502 2755
4409,14396 1572 170 2448 1732 651 8705 5547 11269 141
4410,1532 2742 3465 2614 2820 13327 360 6417 11122 1166
4411,12290 12291 12289 12674 12292 12293 13381 12673 12675 15253
4412,5264 1679 11964 13563 10272 6850 5265 2657 6226 5174
4413,2457 548 6264 10784 2855 545 544 543 51 5225
4414,1532 405 1323 8904 14122 2820 2614 2742 3465 11122
4415,7860 3805 13669 7970 14178 11938 476 14707 3804 10558
4416,9077 9076 12647 8093 8102 14399 9078 352 13945 14398
4417,46 14400 2308 11392 10732 4925 12205 6825 4924 12545
4418,6799 14402 2604 4659 2837 4658 2615 12740 10836 383
4419,12440 612 14286 7915 14209 14285 618 14717 8693 2448
4420,645 11406 7049 14853 9179 14986 5126 9650 14997 7169
4421,1611 4975 3819 3544 3546 1888 1887 7369 5491 2990
4422,2614 1532 5998 2742 3465 15152 14405 14079 404 2820
4423,9276 12308 10061 6064 702 7275 856 12463 5736 7299
4424,46 10370 2677 11392 10732 4925 10371 12205 4396 6825
4425,14406 8999 7121 3903 11185 2951 3899 1216 7325 7452
4426,14217 3067 8735 13166 10562 14407 15129 3068 8734 14216
4427,14410 14409 12961 4034 13101 12760 137 5092 5093 5094
4428,13718 5273 12879 2269 13217 10052 8144 12351 14729 14091
4429,10148 8119 8787 2903 10151 8842 13726 13564 2924 10782
4430,7719 6766 9158 3729 9143 14674 3470 15260 14886 13524
4431,7504 757 1198 10517 889 10762 3748 879 1661 4180
4432,12678 13877 10243 14399 12996 14413 13484 9558 2094 1742
4433,7065 1136 1146 1145 10843 3667 4609 1003 1354 3846
4434,1665 9810 9809 6781 1662 12987 1939 14219 6506 7651
4435,13719 12038 13742 13934 12482 1897 12557 5492 10868 13941
4436,5283 7235 11745 7841 10482 12005 12014 1403 3755 11916
4437,13979 14414 7804 6613 3540 13732 12959 6547 13971 1893
4438,1028 14415 3180 11230 1397 9244 14720 15085 14719 14721
4439,14416 10259 11261 4840 12410 12504 13342 4359 13813 14440
4440,405 403 1323 404 14308 12426 2820 1166 5998 8907
4441,14417 9131 2291 714 257 10168 8054 14208 13606 2412
4442,11747 10056 3034 1576 14805 11555 11392 13315 13038 10732
4443,6178 14419 4350 3308 8139 13312 13012 4128 6176 14675
4444,7166 10000 3086 7165 2050 3644 13255 1795 8788 9395
4445,10517 1686 6328 1732 1661 13048 1198 5075 3211 476
4446,14420 13117 6392 5255 13123 7356 11020 12437 13980 2425
4447,2741 11283 2742 6416 12818 12815 5785 10248 12816 5998
4448,14423 14422 2699 11238 7527 5197 3602 249 1385 11409
4449,14424 12779 5519 10163 13570 14873 6520 8575 2798 15229
4450,692 11366 12386 14426 15082 3771 15083 14136 8250 11405
4451,5929 13430 15129 8736 8735 14471 7009 14217 5107 9808
4452,8983 12487 4035 1826 1777 2886 4605 12349 13380 5876
4453,8999 14166 3031 8786 14427 1368 14929 8226 13134 15148
4454,2086 6102 13307 14428 2486 1301 9076 12316 8097 9077
4455,11405 1475 12669 14136 14512 726 11403 14200 692 14711
4456,13807 13805 14120 9306 13806 13804 8581 3333 2951 12689
4457,13000 1886 12612 14164 12963 13001 12092 12311 12645 13995
4458,14431 10871 12462 5069 2106 2066 3700 5982 5474 1243
4459,4603 5686 2888 4596 6364 2877 7554 1724 14736 3668
4460,2108 10821 6622 14206 14959 12159 6620 12162 1491 9563
4461,10150 13221 14221 1467 13839 9841 9052 4437 13464 10921
4462,5788 6884 12155 6885 11978 3428 4530 4450 6497 9657
4463,2278 10276 6978 11090 2283 2292 6087 6092 12019 2289
4464,14434 6451 6493 8890 4927 9995 4451 8517 14228 14717
4465,1277 1279 12152 1278 1081 1274 1281 1280 1276 1275
4466,11038 7236 12971 12970 12968 12969 529 13402 12187 12967
4467,13898 10986 9291 10427 12864 10252 7999 13368 8781 5909
4468,7978 230 10256 11869 10488 3862 9826 4672 10463 229
4469,4350 8940 14185 5881 13312 2100 14187 14188 14189 14186
4470,14172 13103 14182 266 265 12681 14171 10253 455 4373
4471,5206 8004 2259 3369 8001 8604 11238 11731 8000 8003
4472,8887 14437 11984 13550 4593 14050 11885 12910 8886 13397
4473,12644 11805 13702 7451 13060 6557 11348 12637 12238 13572
4474,6814 1604 13437 13664 7090 7185 6348 3548 5294 5586
4475,5782 13998 7742 14137 13905 5781 10255 7625 4670 11265
4476,14443 14442 7527 15015 5683 970 782 773 764 14967
4477,3090 1436 2729 5276 3372 14699 664 14356 2724 14092
4478,4665 12030 11592 13706 4651 7739 12496 1877 13196 6479
4479,4034 14409 12760 137 14410 12761 4590 9879 14445 4589
4480,740 9106 14348 14979 14089 14907 12084 1351 11818 15273
4481,11905 1817 6980 2950 8957 4484 11935 11670 8241 9391
4482,14444 11410 5374 5368 6115 5371 1473 14154 5375 5377
4483,14445 7013 12632 7014 7015 14571 9308 12803 14038 4034
4484,14119 11620 11249 4731 1554 12685 14177 5297 14446 1561
4485,10189 1678 10185 9103 8001 4518 7949 906 10034 1675
4486,8478 11076 12550 1327 6730 9198 9838 7803 5899 663
4487,4964 11525 8144 12522 12523 10122 1872 5896 11887 8770
4488,3090 12910 4041 5276 2729 1436 4593 3372 4046 4047
4489,7749 2170 7750 7751 7752 10973 3766 10333 872 10338
4490,13015 14851 14560 11718 3960 11045 8999 3471 5415 2739
4491,6667 7526 14289 7533 6662 6666 14915 3652 6665 6664
4492,312 1578 14447 12668 1201 11671 5721 2320 502 14295
4493,14448 9522 693 12103 11124 14205 630 692 9116 14383
4494,13943 7699 14563 13892 7700 13350 8421 3801 287 11888
4495,9784 2815 13354 2820 2742 14359 1532 2365 12744 9793
4496,5222 12649 8103 8903 3318 12310 1911 12068 1890 5627
4497,7843 12480 7842 14447 7844 2015 5336 11367 911 3838
4498,12722 10726 1715 12723 12721 7673 12464 684 8088 1717
4499,9254 3579 876 3578 11977 6332 994 8499 383 385
4500,7704 2431 6978 2432 4561 10151 4668 11566 2426 13564
4501,4389 8000 10700 8004 8001 9752 14269 4394 4390 4393
4502,6668 6659 14098 109 6667 14097 10394 14096 6662 6666
4503,8758 14018 12676 5472 10975 11203 13031 14066 6852 14371
4504,726 11880 11405 12535 7676 8562 1475 13852 14199 13804
4505,13182 13183 8144 7521 13178 10707 14462 14461 14460 7517
4506,692 14208 14452 11366 626 4966 12386 14136 5709 13838
4507,12992 9071 8393 13222 8086 688 12991 9072 12165 8635
4508,8215 14454 12969 12970 14453 12968 1743 12971 9001 11038
4509,14388 14455 14456 14950 8428 14706 8061 12494 1008 10537
4510,2820 405 2742 1323 13271 12426 1535 1166 8727 14457
4511,14209 14458 14596 14595 13680 12440 14286 14213 1859 990
4512,10373 10372 4396 155 10371 11071 4869 152 9340 10370
4513,5673 14459 11120 13878 2887 12551 14226 8302 12585 12756
4514,14462 14461 13183 14460 14205 11221 13424 14889 11384 5521
4515,5998 14463 9775 13974 4356 5403 1335 12619 2614 9681
4516,495 6155 6427 1440 488 4579 2262 6156 10835 12015
4517,10715 14702 14690 14875 1351 7130 7129 52 14163 2142
4518,1354 6550 6551 14464 2369 1357 1826 6555 6553 1355
4519,10826 10827 10825 10828 10830 10829 7476 6243 5098 5097
4520,6432 670 6431 11808 11028 6364 4598 672 671 12934
4521,5688 6806 11850 1353 1706 5857 13185 12378 8513 9814
4522,12280 4772 11193 2220 4776 4774 7266 13552 10060 12494
4523,794 5980 476 8936 3222 7580 6411 149 4230 464
4524,14465 14466 11737 12837 14168 3884 3883 15187 14652 13627
4525,9034 14468 14369 4566 12181 14370 14317 1542 13382 5572
4526,14469 2435 13219 11232 2434 2432 2433 2436 2429 2431
4527,9129 6401 4337 8885 6514 12464 2900 9542 2901 14470
4528,7015 7016 7014 14571 7013 10832 8164 2003 4287 4133
4529,2215 8467 13195 4067 5347 8832 3670 11116 10934 4065
4530,14136 14208 692 11405 10168 13838 693 6608 11402 13182
4531,149 14472 6605 5521 169 6606 794 476 14204 873
4532,13849 6663 14473 6763 6661 7210 2281 6657 10579 6667
4533,11405 11403 14512 859 11402 692 14136 726 693 14383
4534,11366 13885 12850 14488 5267 5268 5266 14500 13895 14131
4535,13885 12850 11366 14488 5268 14506 14500 14480 5267 14131
4536,14476 12390 14475 14923 8272 9263 1993 6596 14162 12391
4537,13885 12850 11366 15120 10701 3665 14488 2652 7938 13179
4538,12850 13885 11366 9357 5268 14488 14506 14500 5267 14480
4539,11366 13885 12850 14488 5267 692 5266 14486 12298 5268
4540,14456 11366 13885 12850 8428 14455 14972 14068 15193 14944
4541,11366 13885 692 5267 14486 12850 5266 14477 14404 14913
4542,13885 12850 11366 14488 5268 14506 14500 5267 14480 14131
4543,11366 10200 13885 13511 14478 14487 3898 14565 14564 12850
4544,13885 12850 11366 14488 5268 12298 5266 5267 14131 14480
4545,12850 13885 11366 5268 14488 14506 14500 5267 14131 14480
4546,11366 13885 12850 14488 5267 5268 5266 13895 14500 14131
4547,11366 13885 12850 14488 5267 5268 5266 13895 692 14131
4548,12850 13885 11366 14488 5268 14506 14500 5267 14131 14480
4549,13885 12850 11366 14488 5268 12298 5267 5266 14131 14480
4550,13885 12850 11366 14488 5268 14506 14500 5267 14480 14131
4551,13885 12850 14479 11366 5267 14488 5268 14491 14506 14500
4552,13885 12850 11366 14488 5268 14506 5267 14500 14131 14480
4553,13885 12850 5267 11366 14491 14479 14506 14488 5268 14496
4554,13885 12850 11366 14488 5268 14506 14500 5267 14131 14480
4555,13885 12850 11366 14488 5268 14506 14500 5267 14480 14131
4556,13885 12850 11366 14488 5268 12298 5266 5267 14131 14480
4557,11366 13885 12850 14488 5267 692 5266 14486 14131 12298
4558,13885 12850 11366 14488 5268 14506 14500 5267 14480 12298
4559,13885 12850 11366 14488 5268 14506 14500 5267 12298 14480
4560,13885 12850 11366 14488 5268 12298 5267 5266 14131 14480
4561,6196 14482 13025 14496 5890 4028 11366 13026 13667 8340
4562,11366 692 13885 12850 14488 12386 5267 14486 14479 13895
4563,11366 13885 12850 14488 5267 5268 5266 13895 14500 14131
4564,13845 8688 12859 12715 12236 1558 3858 9324 14230 9323
4565,692 12850 11366 13885 12386 15082 15083 14136 14538 8250
4566,5268 13885 12850 11366 14488 14506 14500 14480 12298 5267
4567,13885 12850 11366 14488 5268 12298 5266 5267 14131 14480
4568,11366 5267 14131 13885 14479 14491 14486 692 14477 14496
4569,11366 12850 13885 5267 692 14486 5266 14477 13895 14131
4570,11366 13885 5267 692 14486 14477 5266 14404 12850 14488
4571,13885 12850 11366 14488 5268 12298 5267 5266 14131 14480
4572,14429 14483 12850 12787 8575 366 4399 13885 12788 553
4573,11366 12632 11273 14445 7013 13885 692 5267 14763 15209
4574,14486 11366 5266 14485 14481 14491 12528 14499 14913 13885
4575,11366 13885 5267 14491 12850 14479 14488 14506 14496 5266
4576,10200 14487 13511 14565 14564 5019 3898 14227 14478 4756
4577,13885 14488 12850 11366 5268 12298 5266 5267 14131 14480
4578,13885 12850 11366 14488 5268 12298 5266 5267 14131 14480
4579,11366 14489 13885 692 5267 5383 14486 12850 5266 14477
4580,11366 13885 12850 14488 5267 692 5266 14486 12298 5268
4581,12850 13885 5267 11366 14491 14479 14506 5268 14488 14496
4582,692 12850 11366 13885 12386 15082 15083 14136 8250 14538
4583,12850 13885 11366 14538 5267 5268 14506 14938 14537 14887
4584,13885 12850 11366 14488 5268 14506 14500 14480 5267 12298
4585,11366 13885 12850 14488 5267 5268 5266 692 13895 14131
4586,7719 4532 14492 3445 14674 9143 14575 14886 15260 6766
4587,11366 14130 5267 12850 13885 11266 14479 14491 2062 9045
4588,11366 13885 14130 14488 12850 5267 5266 692 14486 14477
4589,11366 13885 12850 14488 5267 692 5266 14486 14131 13895
4590,11366 8042 14131 13885 12850 681 14488 5267 5268 5266
4591,11366 13885 12850 14488 5267 5268 5266 692 13895 14131
4592,13885 12850 11366 14488 11608 5268 12298 5267 5266 14131
4593,12850 11273 9307 13885 13557 15106 10913 13101 3486 15156
4594,11366 13885 5267 5266 12850 14479 14491 6785 14488 14506
4595,11366 13885 12850 14488 5267 5268 5266 692 13895 14131
4596,11366 13885 14137 3815 12850 14488 13998 5267 14497 692
4597,14495 14494 13885 14432 14131 12850 11366 14488 8042 5268
4598,11366 13885 14496 12850 9026 14488 5267 14491 15175 5268
4599,13885 12850 11366 14488 5268 14506 14500 5267 14480 14131
4600,14498 14497 11366 5266 12298 13885 14897 14574 14137 14486
4601,13885 12850 11366 14488 5268 14506 5267 14500 14131 8357
4602,11366 13885 12850 14488 5267 692 5266 14486 14131 13895
4603,11366 692 13885 12386 14486 5267 15082 14479 15083 12850
4604,11366 14499 14481 14486 4339 15176 13885 12528 5266 14485
4605,11366 13885 5267 692 14477 14486 5266 14404 14488 12850
4606,11366 13885 12850 14488 5267 692 5266 14486 5268 12298
4607,10330 13513 3990 15277 14577 14576 1670 14036 10332 1527
4608,14085 1561 12486 266 14446 14086 13725 5297 14040 14087
4609,11366 14500 12850 13885 5267 692 14486 5266 13895 14131
4610,2725 7804 8676 14501 12880 5426 6613 10892 7539 14118
4611,13885 12850 5757 553 11366 5758 13262 14538 13737 14488
4612,14503 14502 6479 12466 607 5707 6226 14178 14731 12518
4613,11366 13885 14131 12850 14488 5267 692 14486 5266 8042
4614,13885 12850 11366 14488 5268 14506 14500 5267 14480 14131
4615,11366 13885 12850 14488 5267 5268 5266 14500 14131 13895
4616,13885 12850 11366 14504 14488 5268 2201 14506 14500 14480
4617,7855 10986 9830 4753 11896 14279 10941 6784 9331 7678
4618,12850 13885 14506 5267 11366 14491 14479 14488 5268 14496
4619,11912 6623 1864 1510 11227 13070 6622 11005 7574 6476
4620,1166 2742 13187 1535 2823 5998 2820 405 12426 2614
4621,2614 2742 2820 13578 3465 5998 1532 6352 2741 1165
4622,12850 5267 13885 11366 14491 14479 14506 14496 14538 5268
4623,10464 12081 5196 13458 12623 13457 13253 5899 13832 5197
4624,5793 10764 6227 6483 9835 14507 8605 431 11407 4749
4625,3887 2265 4068 13889 14235 238 2264 7940 12156 11642
4626,14508 15177 12338 14860 7937 5090 5092 5093 5094 5095
4627,14509 13227 15191 13228 5972 7913 175 9602 4977 8268
4628,8999 13282 15148 3486 7121 14545 11185 14163 1368 9054
4629,14510 4953 13414 14458 14578 14607 14824 7017 8376 53
4630,14381 9430 6003 14970 14329 13018 15109 10484 8408 6128
4631,1337 11873 14511 6982 4933 1269 5260 5675 1340 1596
4632,10870 5527 15207 15206 7626 7428 7628 7629 12567 7627
4633,726 14512 11405 2657 11403 10094 8562 14082 13852 2651
4634,14513 14478 14277 14848 14610 11405 14204 14706 8547 13420
4635,740 14979 14296 14348 14907 1351 14163 12084 11818 15190
4636,4016 4074 14055 8182 11260 3945 611 8846 12434 12435
4637,7844 11367 14165 14447 7842 7843 11368 7632 8663 4892
4638,4382 14432 11367 3536 5026 2836 11030 4383 7244 14495
4639,2210 14166 10464 14929 9052 8098 11157 14514 8999 5746
4640,10542 13000 14413 14683 1869 4815 1162 3237 4901 88
4641,14516 10976 10874 14412 10872 10873 2099 12616 1298 3834
4642,1721 3693 8152 4407 9664 13573 11578 11435 5440 8982
4643,13 9759 8096 8095 13307 15 13382 12 4565 12049
4644,7643 14517 3895 1127 7649 12470 12901 14393 8397 7888
4645,11366 14486 13885 5267 692 14477 14913 5266 14481 12528
4646,12713 3462 3629 612 8582 14975 6815 10978 11824 2407
4647,14422 11238 14423 3369 8604 5206 11731 11732 6780 11733
4648,14519 10591 320 13056 15247 3841 15011 14913 12877 11366
4649,235 1617 234 1618 1619 1622 1621 1620 11814 2959
4650,9251 539 9412 10180 11784 4076 4285 8 14708 9845
4651,13430 5107 7109 3751 14952 14921 14224 8251 12803 14471
4652,13723 560 7057 4137 5367 12655 12211 7784 1011 11721
4653,14156 12101 10981 13646 11002 10977 4416 8993 12071 12077
4654,13036 14520 12297 14521 12437 13408 7251 3855 13533 5973
4655,7776 8892 11861 12251 11860 13454 7152 11859 475 1086
4656,14094 577 14522 712 3600 14095 731 13286 15026 11405
4657,2820 3465 1166 2742 11122 2614 405 12426 1323 14324
4658,9830 5485 8244 10986 3480 7678 9331 8646 1703 7855
4659,2742 5998 8727 2817 13327 2614 2820 15152 1165 3465
4660,13324 4515 13271 13323 13628 8905 2742 1529 2820 2745
4661,13660 1166 12426 13187 2820 2818 8830 11524 1535 3464
4662,405 8904 11112 1532 2820 1323 1535 2742 13007 3465
4663,2820 1166 13187 13452 3464 2742 1165 2816 12426 3465
4664,11384 14222 5518 14581 692 12065 14415 6622 14538 14205
4665,6057 12881 14523 1376 6764 9147 12194 12233 14460 3004
4666,14204 14478 14513 14581 6606 14848 5518 4549 6605 14203
4667,11405 13053 14512 14136 14200 14711 11403 11402 726 13286
4668,14205 13949 7381 14873 14462 4960 11384 14461 13183 14889
4669,14524 360 13831 14426 14142 14586 13920 14904 1532 13351
4670,14525 14198 14395 9201 14197 1633 11035 14254 8300 2904
4671,14204 6606 14523 6605 14581 5518 14846 13183 14478 14513
4672,11405 13266 14512 14136 14200 14711 13207 11403 726 11402
4673,14380 14379 11384 693 692 14383 5519 12065 11403 14366
4674,4757 12013 14526 13369 3576 9227 786 15076 12362 495
4675,1181 7663 14527 14528 2591 11786 9964 12201 5502 14858
4676,14530 692 3801 14441 11366 14004 13520 14961 12386 14529
4677,1907 14531 5674 10565 1908 12519 1909 14065 444 7660
4678,173 5216 14539 61 478 6833 7198 8950 2250 14543
4679,7581 11289 2591 14159 14157 15265 2594 2598 2596 2593
4680,13167 14212 14448 14211 9522 12103 415 11124 693 630
4681,11366 13885 5267 692 14486 14477 12850 5266 14404 14488
4682,7844 1180 2303 1170 7842 14447 58 11367 15072 1178
4683,13272 13756 13757 237 13759 6387 4359 10810 10107 6528
4684,2321 6077 11144 6076 6072 11303 6075 11129 6073 6074
4685,10868 12373 3537 3540 6613 3541 11153 13971 13004 10869
4686,8892 7384 12989 13335 8893 14452 4671 13331 8894 12406
4687,14532 557 9217 558 556 11366 552 2904 555 9220
4688,12898 5715 6484 2627 1846 6183 1864 6485 1700 14146
4689,8164 4605 15238 1357 4133 13665 10098 7016 1354 5673
4690,2820 1529 2614 3465 2742 12426 13578 9366 1166 3046
4691,14495 13606 5352 7935 13607 14494 1349 14432 14378 7380
4692,7648 14039 10593 10254 10253 8686 12486 12716 12719 11610
4693,14534 3993 7863 9339 5210 1095 12571 3994 482 3662
4694,11120 8164 5673 4133 10818 4605 12756 13878 12551 15238
4695,12577 14311 13741 12809 13078 7144 13177 12333 14752 12439
4696,13846 12566 12567 6685 2979 6785 6349 13459 6524 10870
4697,13900 13114 9015 10917 13040 10085 14075 14077 5331 11208
4698,1884 10542 7565 1885 5407 12997 1882 11187 1955 13929
4699,13353 14331 13926 2742 10076 2815 2824 2814 15096 13453
4700,5514 9114 5515 15163 14224 8452 12009 4861 12840 5513
4701,7050 5592 14356 15000 5288 7246 1836 4175 10264 7051
4702,9238 6909 7455 7466 9960 1886 1896 9959 14729 3055
4703,5896 4073 12263 7343 11358 13978 9239 6761 10782 10112
4704,7427 5687 6806 8513 9534 1011 10899 10199 4599 7554
4705,14240 14535 7268 8871 11124 2324 11481 13933 5375 8500
4706,14537 12850 14536 13885 14943 11366 14538 14067 5268 5267
4707,3771 5369 924 14660 259 15008 6329 11711 14693 14393
4708,14131 11366 8517 13885 14495 12850 8042 11405 14222 6934
4709,14540 14541 7231 4066 10048 412 2919 15145 2916 2013
4710,626 8397 9365 6488 4966 6118 5709 13479 14167 14275
4711,14542 5337 7946 5710 5339 5979 4788 5338 2673 7262
4712,12850 13885 12298 11366 14497 14538 14971 5267 5268 14506
4713,13885 14498 12850 11366 14488 5266 14497 5268 12298 5267
4714,6729 14543 9563 4595 14566 5355 14206 13841 7544 10432
4715,14545 9406 13282 3486 9422 11725 9412 15106 14764 2853
4716,12850 14538 14264 14973 13885 14938 14222 14415 11366 553
4717,6553 1721 1357 1354 2369 6550 2014 6551 6360 9235
4718,14538 12850 14264 14973 14938 14415 14222 12134 553 611
4719,14538 12850 14264 14973 14938 14415 14222 12134 553 13262
4720,13652 11009 14303 5516 9827 11384 2623 14304 10468 1615
4721,11405 14512 11403 11402 692 726 14383 693 14136 11401
4722,11405 726 14512 11403 14136 692 14200 14711 11402 13852
4723,14545 9406 13282 3486 11725 9422 2853 15145 9412 15106
4724,12850 13885 11366 14538 5267 5268 14506 14938 14537 14887
4725,12850 13885 11366 14538 5267 5268 14506 14938 14537 14887
4726,12850 13885 11366 14538 5267 5268 14506 14938 14537 14887
4727,3500 2957 5751 1779 5752 7798 11560 5744 5749 5753
4728,101 14264 14547 8999 14898 2774 15013 14538 1808 3219
4729,14548 478 149 476 14539 466 4177 794 5438 11855
4730,101 1808 14898 15233 15270 15013 14690 12362 14579 2774
4731,10977 12101 12134 7560 10975 7559 9342 10976 4882 3834
4732,58 11126 15285 14824 9013 14163 14742 14980 14605 14604
4733,1001 10818 2887 12756 1002 11768 11691 13878 7080 1379
4734,14557 14551 14553 14552 14556 14558 14554 14081 6850 14555
4735,1166 4516 1165 2820 2742 3464 1535 3465 2614 405
4736,12850 13885 12134 11366 14538 14887 13899 14696 14697 5267
4737,14490 12321 13885 14674 14470 11217 14417 14142 5091 5092
4738,12426 3465 2820 2614 2742 405 1323 1166 1529 1532
4739,692 14561 11366 12386 15082 15083 14136 8250 13838 14145
4740,12481 1173 11055 8997 2009 1174 5024 7886 10497 528
4741,692 4465 5197 11366 12386 15082 14136 15083 8250 13838
4742,9682 1655 5383 2438 5384 1939 5385 8335 6162 1663
4743,14404 5786 5787 7000 11366 3178 3177 12667 1381 2959
4744,14563 12465 13350 13943 12468 12467 9603 3222 867 11949
4745,14565 14564 4756 10200 5019 13511 14487 15180 13602 11026
4746,13838 14213 10591 692 12340 14214 13056 14209 13050 14208
4747,1001 2893 11768 9968 1002 1011 6703 10818 2996 11057
4748,14566 3841 11884 14543 9300 13056 11883 7678 15007 10591
4749,13896 13897 13894 15195 1858 14285 692 13895 9492 11574
4750,383 692 4497 14316 8677 13766 4759 12253 5070 900
4751,14567 6583 6582 13058 2013 692 6044 6584 6046 11159
4752,14268 8454 11630 5226 12536 14181 11253 14132 11737 14819
4753,12339 14569 8250 2273 2263 14575 6581 12338 14574 6303
4754,14570 14316 14241 15060 14244 14251 14248 14249 14250 14247
4755,3180 330 6036 10709 8669 2254 11302 14415 7337 5610
4756,14226 14464 2887 8477 5689 7450 14571 13878 7449 11120
4757,692 14573 8250 14572 12340 14964 11366 14569 259 12386
4758,14575 692 6581 14574 8250 14492 14009 12339 14238 14688
4759,692 13558 8250 11366 12340 14964 14572 14569 12386 14573
4760,14209 14596 14595 13680 12440 14286 14458 14213 11120 12251
4761,14082 13172 2501 13174 13173 2657 10715 9214 3170 8138
4762,14577 14576 10741 15277 13513 13074 451 1880 5344 8811
4763,2391 11883 12025 11884 12651 10011 15163 7678 9055 10009
4764,53 14578 12877 7124 3055 14825 14826 14510 14320 13587
4765,2230 13192 7944 14128 9341 10653 14344 8462 8176 3691
4766,101 14579 14503 7223 14898 14615 15013 15189 15233 2774
4767,8591 10382 10383 2325 15029 117 15028 3662 8999 494
4768,4755 14582 4434 6951 15099 14451 12537 4630 14587 12670
4769,13999 9202 7351 6618 15133 2899 12991 9698 12565 11038
4770,6797 10115 6795 8128 4594 5564 4641 6796 2805 6794
4771,11426 11947 11205 11427 11948 844 7755 4644 11174 5071
4772,12427 14583 14584 113 14585 11458 14163 13587 14049 14555
4773,10035 5620 5380 1889 5612 8025 5621 1297 5619 357
4774,11622 6181 908 6483 9804 3823 6170 8035 10446 14394
4775,12318 6885 6884 12709 4924 1683 9891 11576 4554 12317
4776,3190 14319 426 11048 6022 8760 10797 1343 1170 9990
4777,4755 14451 14587 5559 14582 15099 13361 15167 13306 1636
4778,7556 12648 13946 10456 10407 11426 14234 2789 10431 13914
4779,5998 2741 9793 2742 15152 2614 13574 6416 2820 3465
4780,7648 12892 8688 14039 10253 10254 8686 12520 13655 10593
4781,8164 4605 4133 15238 13665 9852 7016 1721 1357 2881
4782,14281 6520 7639 7853 8575 10810 6622 13457 7855 13365
4783,13726 12216 8410 12215 5964 5707 9806 8144 10148 12439
4784,13653 11781 14365 5923 11177 15197 13070 2627 11245 12846
4785,12612 2636 12092 13974 13969 1996 13975 8545 1997 12601
4786,11366 5226 14268 13885 5267 14477 14486 692 5266 14404
4787,14110 9022 9021 9023 5329 9011 11186 15005 5020 14149
4788,2650 13828 13830 6487 6537 13829 12536 11872 12748 12303
4789,12850 13885 11366 14488 5268 14506 5267 14500 14131 14480
4790,11366 13885 12850 14488 5267 692 5266 14486 14131 12298
4791,12981 7402 13679 12055 7272 9689 11647 3265 14738 7568
4792,14589 12772 4084 9675 12782 581 7386 12152 4440 11609
4793,1475 11759 5345 14844 13336 12535 11880 1535 11965 1529
4794,8324 5814 5 5759 12093 14453 13936 1128 7131 12274
4795,3720 6984 5525 15092 14957 14958 3986 3893 11582 11580
4796,12850 13885 11366 14488 5268 14506 14500 5267 14480 14131
4797,13079 1949 8580 11366 9060 12512 13080 3800 13078 8926
4798,726 8590 8589 11405 8562 14511 11212 13852 13804 14199
4799,11405 14591 14136 726 14512 692 11403 11402 14200 14711
4800,5929 15129 4424 2951 13513 13017 8736 13806 13804 8735
4801,9106 14592 14821 5383 726 1605 15252 740 11405 9594
4802,13336 1475 3677 8832 8334 5345 14844 7751 7750 12535
4803,553 13737 13262 13681 13365 14538 366 11384 6622 12850
4804,4351 6004 7941 2415 3993 3662 1734 8028 11872 2979
4805,11880 8832 12838 11877 4074 1475 12535 13336 10934 12837
4806,9555 13617 14593 12928 3582 2978 14730 13278 3585 14976
4807,14594 5729 2847 6162 6097 6781 6096 1898 14733 9828
4808,10820 4016 6105 714 11188 14055 12633 11365 11260 9203
4809,2152 13435 3542 13618 2305 1805 8852 12233 11809 4756
4810,11405 726 9106 14512 14136 11403 692 14200 14711 13852
4811,11405 726 9106 6719 14512 14136 11403 14200 14711 692
4812,611 6474 593 10421 275 11936 11939 11937 15020 11938
4813,14301 12556 6654 14302 14097 14096 10392 13429 4997 5428
4814,6687 9655 7689 9650 8059 6187 3672 4169 1707 9656
4815,14596 14595 13680 14209 12440 14286 14458 14213 14285 14214
4816,8999 13680 15148 14595 14596 7121 11185 14163 1368 15248
4817,13013 14597 1483 1485 13012 5415 1487 14870 11549 15067
4818,405 2614 12426 2742 2822 2820 13201 1323 1535 3465
4819,5998 2742 2614 15152 2820 13327 2741 3465 14562 405
4820,14598 4550 13417 617 4151 13420 13418 11911 12567 6969
4821,2614 3046 5998 3465 2742 2820 3463 13453 13561 1534
4822,8397 6488 6118 8574 9365 626 14275 1127 5131 629
4823,12949 14600 1996 8629 1997 13815 11191 14372 11203 3274
4824,2412 2291 7341 13606 9051 13607 4090 7848 11759 14417
4825,6702 1989 6147 4946 8070 13645 8670 11017 1491 8671
4826,3237 54 11440 11444 2031 1988 3234 7564 4901 10542
4827,11388 9150 9825 14450 3656 11389 11129 808 3654 13123
4828,14602 14601 5182 12163 7765 4773 4418 9582 12776 308
4829,14009 14214 14211 8020 13736 14213 15169 7083 8525 13050
4830,5415 14603 8798 1496 7158 13012 7159 7157 10890 5004
4831,14605 14604 58 100 14080 7324 15287 8802 15285 1131
4832,14606 10252 12235 10250 5678 13034 13688 13689 6841 13687
4833,6622 7352 7350 7351 10609 13892 2979 10610 7349 11384
4834,2574 9921 13042 181 570 7285 87 2506 7758 894
4835,14607 3365 476 9399 9342 9350 725 14307 4192 2129
4836,3242 705 4568 989 2930 5862 6563 11260 12941 3397
4837,9910 14608 14355 3663 1538 10158 4454 9802 13632 938
4838,2441 938 12762 12761 9880 966 3663 961 967 9879
4839,14223 14610 10266 10121 14106 14222 14160 6346 14415 107
4840,14611 2026 195 10261 11807 3000 10263 10886 10857 2518
4841,8059 9650 10151 1926 7434 9655 11701 4668 1937 13763
4842,8967 7106 10867 1268 10870 11621 13762 6174 1847 4358
4843,340 7698 6817 5631 3196 931 10618 8878 13437 11738
4844,12786 13233 12380 5194 6351 2742 13357 13235 10207 13356
4845,6917 10539 2464 291 9479 130 10159 6882 5312 10550
4846,14613 14614 7586 230 13205 280 2592 12522 6481 9944
4847,8074 107 821 1216 5512 14297 634 3306 14406 5488
4848,12028 13577 5261 1480 4439 3410 5911 6242 7647 6039
4849,6572 8071 10790 7389 6570 4363 137 14884 8494 7120
4850,488 13603 6339 10884 495 611 476 1584 5410 4236
4851,12316 3350 1944 11094 11717 10486 11096 1997 11095 8545
4852,786 167 1047 145 6575 2460 13369 215 9227 15076
4853,14617 3228 379 10780 11429 3227 3232 3231 13973 3233
4854,7051 658 466 794 169 489 686 462 4260 14260
4855,7802 7803 12081 6146 2728 7801 5899 14384 10745 11769
4856,14367 5106 5105 5104 5103 5102 5101 5100 5099 5098
4857,6809 10814 9757 3442 4132 4688 9753 7404 6811 1003
4858,8892 8893 2599 8896 8894 8889 5372 8888 6004 8483
4859,4668 10151 11566 4561 7704 2432 8842 10842 10154 2426
4860,3972 14544 8902 12785 3274 3275 5607 1537 14317 3583
4861,488 12044 5410 3743 11289 1518 8515 15265 10884 495
4862,651 12845 13264 3213 10484 216 10594 3222 10477 3936
4863,14619 14618 14550 1702 2262 12421 3916 788 611 1409
4864,14621 3956 242 611 14620 11213 7230 578 104 5001
4865,1910 2310 6467 12602 3510 9995 11165 5557 8602 14622
4866,4599 13556 10911 7427 13557 13212 1315 14762 4693 7702
4867,8325 11265 13826 4902 2287 2716 1276 11264 12280 10255
4868,14623 4670 13759 12296 12135 7999 3410 1602 1611 6773
4869,14624 12594 5252 9813 9426 14232 1129 9960 9814 2613
4870,2061 364 3213 12568 13039 3872 611 12051 9694 3455
4871,11878 11110 2822 12426 1535 2820 2814 405 2742 13201
4872,4861 690 9255 14224 5514 7875 11405 14893 466 4961
4873,12311 14076 13611 12253 13000 14783 13995 9101 311 12091
4874,5289 6108 5338 3547 1053 5339 2673 5294 733 5358
4875,14625 1365 14626 14640 11419 9140 12653 12399 7259 10197
4876,10484 12845 8408 13132 14970 14616 9430 14329 2956 13018
4877,3916 8200 4575 4741 14619 760 14486 5090 3931 6373
4878,14630 14627 14629 12170 3787 12814 14628 1801 8270 3680
4879,14632 5887 1585 7233 5986 1893 6263 3837 8515 5237
4880,634 14297 8074 9706 5488 107 6689 1216 10304 5512
4881,9292 6096 1262 1264 7886 2451 7887 6559 1548 13417
4882,794 7580 5488 7577 7578 7579 5490 476 8074 3222
4883,10424 5062 8453 466 3026 6953 9592 12043 5082 214
4884,6118 8397 1746 14275 3980 2256 6488 6330 629 7852
4885,14635 7359 5481 4956 8737 9443 5484 8700 5470 5469
4886,14636 5740 7232 10968 3765 11550 2309 3272 3271 3270
4887,14637 586 10834 10507 15196 5986 10633 9495 882 11259
4888,11315 14638 11306 14238 14572 13559 12626 8374 14260 14964
4889,4850 1282 3500 8195 5351 1905 12847 12087 12084 2588
4890,1572 8063 3153 2332 7388 324 3192 4319 2337 10760
4891,4416 1102 14639 73 2704 2748 2876 3843 1826 1306
4892,11082 4507 11252 3483 6442 6441 6443 8224 6440 6438
4893,14625 14640 14726 9436 13457 7085 13459 14626 1365 5093
4894,2795 12696 10242 8213 13907 12695 3568 5578 2797 1958
4895,9650 9655 6187 6687 8059 6528 9826 7689 11406 13358
4896,3009 14641 10344 2404 10345 12899 10346 2603 3005 4421
4897,3749 10737 1029 9912 4907 10459 11848 9523 659 14284
4898,11323 2116 9089 2943 7836 1047 7708 811 2255 12309
4899,611 14621 3214 11483 15078 385 10421 10893 242 2296
4900,83 8434 7822 8432 6054 8433 8431 7429 601 602
4901,9540 7427 11569 10199 2875 7554 365 1828 3415 5687
4902,224 4120 12652 8898 14611 223 221 222 13036 12297
4903,10126 476 3811 2739 870 4862 6868 10017 466 228
4904,11366 692 13885 12386 5267 14486 14477 14479 13895 5266
4905,13162 7986 13069 9128 8035 13691 8751 7851 6482 8657
4906,1660 3945 4419 15096 1328 7552 2824 11720 8616 9278
4907,7683 323 7996 10181 11134 10573 347 7763 3930 11720
4908,8572 13017 14979 13016 12325 5415 740 3488 12347 2739
4909,10193 9535 3074 10857 1003 3667 2891 3688 8167 3846
4910,9397 796 2938 7348 12852 1452 3253 4821 9396 9884
4911,10883 12433 10915 8724 7371 188 10547 549 6913 1018
4912,8047 8243 7397 1083 3624 5083 5027 3250 1812 10045
4913,8363 14071 11200 10456 8102 10789 8543 11163 12091 11717
4914,7691 5408 2821 8058 5406 8098 11157 7694 2819 12483
4915,1354 11777 2378 1357 1355 2371 2369 4141 4138 10366
4916,12650 14644 14643 14642 13739 8507 466 13602 3259 8576
4917,4577 8341 5711 13342 3905 192 6511 2808 8869 4633
4918,3443 12376 3003 1136 10246 7215 4692 1011 12757 5686
4919,232 7697 7196 162 7195 2829 229 985 668 2448
4920,1474 12295 5958 6380 6592 1656 6383 11760 6595 5015
4921,13314 5570 8713 13144 6415 10731 8710 6284 4840 8316
4922,11315 11306 14638 8374 13559 12626 14572 14238 14861 13558
4923,169 2133 2748 10832 149 12094 1569 466 5984 712
4924,14646 5780 14645 13919 14304 5781 10441 5782 5779 13419
4925,3510 10840 11316 586 8591 4236 1485 13013 3149 11035
4926,14650 14649 14651 14648 14653 5670 14647 6465 13523 7082
4927,4726 6434 2472 2956 117 118 383 6263 5311 6848
4928,8838 5498 3241 12132 10281 8570 9133 8964 2187 3958
4929,12840 10672 11849 11836 3662 12034 12103 389 4408 9808
4930,9373 9374 3888 3392 3393 8977 7234 12226 11717 555
4931,645 6477 6823 5866 14853 8836 8561 14986 10599 14997
4932,578 6849 10267 3877 13542 7453 2453 10764 6336 8397
4933,14654 14862 692 5104 5103 5102 5101 5100 5099 5098
4934,13186 14309 14655 13660 14015 8730 1533 13717 405 14599
4935,14645 14656 1655 5382 8298 5384 8372 1094 13823 4601
4936,14139 2820 2614 2745 3465 13187 13540 2822 2743 2742
4937,2614 12426 1323 13201 3262 2820 2822 13330 11747 13202
4938,1535 405 12426 9786 4516 13425 2820 2814 2822 1166
4939,2741 4515 2742 13628 13271 2820 1532 2614 6416 2744
4940,2614 2820 2742 3465 2822 2743 1532 405 1326 360
4941,10730 5998 1529 13850 2614 2742 1331 15152 2820 13578
4942,2820 5998 1529 12426 2614 2742 15152 405 3465 1166
4943,4516 12426 1535 14657 626 2820 1339 405 1166 2742
4944,2614 13330 1529 1323 405 13578 2820 2742 3465 10963
4945,2614 11393 1529 13578 3464 2820 3465 2742 5998 1532
4946,3602 1752 2699 3043 14729 3044 7139 3909 3584 5273
4947,12911 14315 11261 13904 14316 12480 13431 2614 1632 5516
4948,14107 1493 10158 1487 1497 1481 1489 12016 5137 8802
4949,12440 8693 5498 14286 1262 1979 9242 12133 14285 7495
4950,235 11254 2959 234 1618 1617 1619 13850 6716 14985
4951,14659 3894 12480 14043 14658 13020 5559 12366 5565 7824
4952,1160 665 10245 3369 1161 10430 11545 5206 8604 11731
4953,14660 9799 259 924 15242 5094 5095 5096 5097 5098
4954,11079 2901 5766 14175 6060 5333 9129 2905 14104 9542
4955,506 1943 5573 5539 1197 6919 880 11741 4180 8984
4956,10491 14284 13312 14507 14362 9519 14174 13986 14173 8218
4957,3663 1538 14608 12762 938 8695 977 7039 1539 2441
4958,14661 6517 9090 1194 4096 1069 3773 7145 9167 1198
4959,7249 14662 14330 7236 6726 13854 14183 2742 6353 529
4960,5277 12160 8313 2807 3171 1028 8311 5653 8399 13139
4961,2078 9253 2352 9693 2249 2952 3192 5814 8196 10700
4962,8075 3222 14663 11201 9352 1742 5808 15245 10509 794
4963,2823 13260 9793 14139 13187 1535 10410 1166 2820 13259
4964,12366 13072 14034 6819 10407 14024 10967 8698 11425 14664
4965,8363 8102 10789 14071 8093 5370 9077 3953 9076 12171
4966,14666 14667 13077 8210 7276 394 8133 12606 558 3559
4967,5351 8376 4850 9590 12421 8195 11143 14619 7208 1282
4968,14668 12420 8872 13412 10528 9215 6589 10390 1479 3428
4969,2296 5452 11483 7499 2151 3824 5229 10124 7684 13567
4970,8999 7121 15148 14163 11185 14670 1368 9054 91 14166
4971,10237 1085 1484 10235 11746 3605 8347 13894 1611 5491
4972,1806 5577 13012 1483 14419 32 5415 9902 9906 1026
4973,1820 1732 13722 347 502 6825 4479 10166 8651 7399
4974,3663 14534 73 13721 1539 3626 945 4305 967 8898
4975,13651 405 13332 2820 2742 1166 1532 1165 11524 12380
4976,4818 11461 2754 1202 4820 4061 7723 10066 2758 2809
4977,5287 11357 5788 13951 2108 7172 12207 12159 7878 4462
4978,3222 1734 10787 794 15245 10509 8075 476 1646 4974
4979,3375 14518 12132 6822 9248 1854 8286 6882 2130 496
4980,1347 10909 3955 7920 5053 4071 7149 8449 5910 8415
4981,4363 467 1381 3510 10547 447 8722 1453 14287 10265
4982,6068 13631 337 9829 10666 8350 13714 6069 1292 8348
4983,134 6679 2333 13402 12187 11042 11040 11038 14622 4174
4984,6836 3906 5785 14278 13588 15181 1374 14452 14166 4953
4985,11777 1916 7358 1915 1354 2371 10072 1913 1914 12874
4986,3222 651 6577 216 15113 794 15245 10509 12845 8075
4987,14673 14671 13488 9172 11577 14672 13956 8833 9174 13585
4988,1011 1773 7217 5255 1704 1774 1353 1770 12936 10936
4989,8555 9976 2710 8056 6782 7405 14342 11711 9233 304
4990,11366 13885 5267 14477 692 10867 230 14486 5266 229
4991,3831 5829 3339 9576 4301 5220 3316 10874 3359 5388
4992,11419 9140 14626 12653 12399 6385 10983 10381 12490 1365
4993,14674 14470 14490 14886 11217 7719 14417 14142 13949 6589
4994,1880 12574 6868 15147 2739 14887 10965 13129 7726 23
4995,13055 7397 10452 3222 8705 5299 9469 1574 9314 9186
4996,7400 12185 10305 11935 7330 11905 4813 12336 9493 4884
4997,4062 4063 11120 9853 1011 14236 5876 1769 12657 7014
4998,13640 6785 6244 12082 13798 10716 9306 6476 4674 12898
4999,14676 10077 10266 14675 8815 8754 10885 12852 10340 9499
5000,3270 3271 3272 2794 5740 3269 3955 9305 2362 6872
5001,3549 5145 7415 7416 6477 5790 11589 11074 5968 4748
5002,1778 2372 6432 10626 2375 11808 9851 2371 6362 1320
5003,13236 5685 10808 14677 8680 7108 1712 5444 12913 12757
5004,10844 13666 10845 12677 12676 13703 13001 12645 14679 8085
5005,12375 12374 13444 10367 5843 5847 396 12145 13789 5848
5006,611 14680 3909 2750 4848 5016 2313 14527 14132 8995
5007,2011 2010 14681 11252 11251 13684 6110 11368 11370 642
5008,14265 14064 12472 6540 9826 3425 6171 9806 5781 6476
5009,11188 14145 10084 11365 6105 4053 7227 10081 10083 10080
5010,4624 13983 11386 4611 5844 13911 1011 4615 13450 4619
5011,8181 3863 290 1451 5988 6526 6104 11023 4546 3861
5012,2875 12259 6067 5857 14682 1705 12261 7554 1136 15049
5013,780 89 10929 2363 7735 7737 7968 7339 7736 821
5014,14684 10524 14683 13307 8427 12172 12911 10809 12978 13904
5015,14121 12621 5623 14258 1834 5398 3989 11904 1811 2102
5016,53 14579 10820 13513 14578 13991 15277 10330 7124 15163
5017,14685 10821 13559 4073 13928 14259 8921 1808 12575 9267
5018,8999 7121 11185 15148 15069 14406 15248 14690 14951 91
5019,13692 10951 3069 13034 13688 13689 6841 13687 12235 13686
5020,5210 10798 6786 7139 2227 14534 170 13277 13276 8310
5021,4313 10591 198 1765 7380 3553 13056 6603 3841 13606
5022,8471 13637 10839 13027 11398 13028 788 6610 13636 2166
5023,13231 5123 274 13716 9667 8659 7248 8716 2601 8555
5024,14687 9511 6202 10836 8221 10834 10833 10835 4871 10124
5025,6836 8190 12886 14452 13884 59 14865 13335 9227 9260
5026,14688 14689 10384 6581 14887 5595 15254 6836 14905 1618
5027,14690 8999 10715 101 15148 1351 14163 14702 7121 13912
5028,14691 5788 11397 14492 5708 6489 14949 12950 6497 4450
5029,11962 4532 10516 1697 11961 12276 1752 13020 12337 287
5030,7229 14694 14539 14693 7244 9486 11932 9244 14393 15199
5031,3969 7176 5950 3455 5612 1292 3970 3968 3228 3967
5032,14695 8348 466 1684 3117 11159 2753 10620 893 7487
5033,12134 14696 14697 13899 14887 12574 12850 14538 10977 14976
5034,14698 5106 5105 5104 5103 5102 5101 5100 5099 5098
5035,14699 1186 6191 664 1436 5059 10700 1620 5466 9349
5036,14700 15289 11045 5093 5094 5095 5096 5097 5098 5099
5037,7554 6323 9753 4688 4132 7427 6809 2875 9628 1011
5038,2834 71 2129 2532 5789 2514 3818 4095 2338 3607
5039,14702 14703 10715 14220 14100 8376 1351 106 610 3021
5040,643 13571 2428 12546 642 644 645 638 4111 639
5041,8334 13336 3677 1475 8832 13346 13232 405 12426 8329
5042,611 2075 2073 10421 11936 11939 11937 11938 383 15020
5043,14705 14707 14706 8428 13430 7545 1885 3805 14704 10906
5044,12340 692 8250 14572 13838 14964 14573 14569 12386 11366
5045,14708 12565 9845 7205 9251 9143 12600 11291 15046 12470
5046,14304 14646 13919 5780 14158 14163 14157 8734 14645 10564
5047,14710 8576 11189 14709 12886 12269 7945 8640 11865 8944
5048,11384 10441 14316 6484 9113 12065 14570 7573 692 6779
5049,101 11148 2498 8272 1696 11563 14547 5003 1695 14923
5050,692 14136 11405 11366 11402 12386 12497 14145 14512 15230
5051,14711 11405 1627 1628 14512 14136 14200 11403 11402 726
5052,12850 14538 12134 13885 14264 14973 14938 8200 14887 13899
5053,2556 11574 6202 7438 11241 10836 10834 10833 9511 10835
5054,14163 8999 14668 15148 10715 14612 15079 58 14559 4426
5055,3464 1166 14712 2820 11111 11109 13348 3465 10179 3463
5056,4020 6411 2748 753 2318 3049 13923 163 794 12213
5057,14511 11089 11134 8589 8590 4939 3559 1337 7276 5798
5058,3457 5459 9943 9979 13139 9820 9821 131 5023 9818
5059,8042 3002 8730 11895 8031 11894 9198 7078 1007 11896
5060,14295 12668 11671 5721 2320 502 14310 6088 312 14298
5061,58 11126 14824 14163 15285 14742 12427 4426 14980 8050
5062,14669 2360 2358 2438 7140 113 9367 10664 10455 10457
5063,3266 794 488 1686 10884 775 11924 9250 6870 3218
5064,2614 9374 14587 11717 7 1134 11425 13367 1883 12480
5065,11654 14227 2930 10200 10102 10625 7012 4474 14487 11260
5066,5087 6527 3216 8963 3682 5091 5095 10597 298 10598
5067,3811 11958 7385 3833 7996 363 370 10294 3613 3050
5068,14319 8760 8747 7781 14052 14053 11258 13851 11952 5299
5069,11303 11144 11129 3753 12362 9442 10764 3114 9325 9326
5070,7960 2607 7961 3624 5950 10134 6400 3725 10235 10233
5071,6327 2059 6331 12200 15127 12090 12089 6844 7782 6328
5072,5161 9557 14715 13690 2409 8024 10636 1486 6472 14012
5073,14416 4359 14440 11137 2830 7857 4840 212 13108 13757
5074,9088 11466 4075 10985 9030 12819 15185 8 5990 3134
5075,11478 10612 14701 14899 8367 15285 8480 13310 6523 6522
5076,14108 12668 14210 10541 15118 6881 11671 5721 2320 14295
5077,2428 486 643 12546 13571 10914 9877 3584 2411 864
5078,2820 12426 7396 2742 13235 1166 405 2614 3465 1165
5079,14717 6493 14716 6505 13178 9661 6543 5788 8890 4700
5080,1670 8780 14036 13513 14718 14997 15277 10330 14986 14577
5081,10346 13485 2811 6754 7347 10345 10344 7224 717 7748
5082,11586 9660 2800 14413 7880 11687 11688 114 10678 11305
5083,692 7452 3903 1058 11366 12386 15082 15083 14136 8250
5084,12290 12292 12293 12675 12289 12673 13381 15253 12674 12291
5085,3542 7453 7971 4210 8303 11063 2718 3543 3539 1737
5086,14720 14719 14721 1351 4671 1028 7967 13947 13215 1350
5087,11355 13666 11988 12683 10254 710 265 11353 11152 6069
5088,8166 8167 10461 7784 2399 3083 4132 12934 2869 4688
5089,10027 9807 9661 7934 1178 12858 10982 13178 12846 6251
5090,13779 13777 13778 2050 14109 3491 13776 10869 2728 13678
5091,14722 7853 7855 14281 8136 6520 8575 10870 7639 6476
5092,10229 14723 7712 13839 14724 2726 7713 7715 14527 7714
5093,12846 13776 10027 14725 7107 3491 11245 13778 13777 8115
5094,14726 14640 9436 13459 13457 7085 14625 13458 2979 4338
5095,13796 14728 14727 10104 2992 7471 13769 12650 6397 13667
5096,6503 14598 8206 8204 1942 8205 8208 8209 5729 7172
5097,14410 12961 14409 13101 15106 15235 12962 10180 11790 15156
5098,14173 3387 14174 14507 13986 8218 13760 9843 7522 2419
5099,8218 14174 14173 14507 13986 13760 7522 9843 409 2439
5100,231 13950 7107 7568 13988 5638 230 13406 229 10257
5101,5387 13254 13505 13507 13509 13501 13494 13497 13491 13502
5102,14721 691 9718 13215 8716 9264 9717 9716 13214 9189
5103,12055 798 12981 12682 4658 4645 713 12463 4659 3055
5104,1784 14437 3798 2436 2434 11984 13550 8887 2435 2430
5105,7057 11346 1719 1011 4687 10953 13723 4138 10088 2869
5106,14161 11620 11249 7801 12159 9857 14119 4731 14177 7802
5107,2959 5818 9024 12854 13850 13081 14138 15257 383 10730
5108,11984 13396 1120 10244 10116 8055 1119 12948 5249 8021
5109,14730 14731 6614 9555 12833 12254 12164 12651 6168 8136
5110,12037 7302 5107 5105 5104 5103 5102 5101 5100 5099
5111,14733 9828 5759 3469 5729 6607 9126 10714 13962 3423
5112,13116 14725 13845 12846 2912 12520 10027 13776 7869 6828
5113,7222 1863 3077 3079 10626 6703 3076 3078 2616 9235
5114,13705 12219 4404 3789 8256 678 3453 8437 371 3512
5115,12389 13777 4707 14169 13418 5124 12827 4706 1126 12926
5116,1846 8649 6173 10714 13962 12928 5716 12927 6490 6172
5117,13571 3977 9 2921 643 12546 1659 2915 2428 10652
5118,9308 1321 6356 1778 6363 1320 7147 2375 2998 2371
5119,7568 13988 230 12981 3862 231 13950 229 3753 12343
5120,14735 11486 1507 2140 2559 2200 8778 7727 9914 2552
5121,7065 3667 3688 1003 7078 3074 9536 2891 10843 9194
5122,2375 9853 1001 10749 2379 8982 9850 3667 5690 3083
5123,1354 3416 11778 1355 4141 9237 9236 1357 1358 2999
5124,1532 3464 5193 13351 1166 2614 2820 11899 2816 8808
5125,2372 14736 12332 2375 2379 11347 4609 2869 2369 10752
5126,4275 14737 10156 4274 4809 9823 2287 9448 6944 11733
5127,585 1204 873 14158 466 9424 2651 14955 8189 14896
5128,9194 12209 8167 5690 7065 2874 8166 9751 10461 2876
5129,1001 7062 2370 9640 1002 2374 6742 10818 11768 1320
5130,2371 11777 2375 1778 1354 1916 1322 4060 1321 1320
5131,1777 1826 1012 9640 6364 9194 1008 6705 2371 9192
5132,3083 7784 11777 7093 2371 13683 1357 10818 1003 9851
5133,1011 4693 4687 4132 11387 4688 7817 1317 7818 5687
5134,3435 14739 943 3431 3430 3434 3432 3433 4309 6774
5135,3843 14105 1826 2876 11382 4416 3844 5876 4063 10952
5136,7554 5447 6806 6555 8513 10199 15017 7427 5687 2875
5137,10115 13560 7179 10416 14822 10834 10833 14821 11731 14592
5138,4327 6062 5097 3589 2351 14096 2281 9462 9461 4722
5139,11122 11121 2820 1532 404 1166 6417 13344 3465 6351
5140,1136 1145 7215 1146 4596 5686 1721 1722 2628 10751
5141,6660 4276 14099 6667 6662 6666 3653 6665 3652 6664
5142,9308 12079 7147 6356 12078 14445 4132 9302 12076 12071
5143,12082 9682 6476 6244 10716 6520 9805 4674 13640 8575
5144,13768 10108 13119 6332 7869 7432 14742 725 3993 6849
5145,8058 12483 2821 14284 10387 7691 5405 11932 5408 14362
5146,14744 2086 6284 2093 12904 11039 11003 8585 3564 13144
5147,2869 7215 12933 5673 14459 7057 5845 12934 12932 13878
5148,4037 14745 4035 2880 13426 4039 13380 10071 1317 1011
5149,14748 14749 14747 12807 14746 10568 12942 10570 14750 5668
5150,4035 4036 10073 13426 1316 673 4037 13982 10817 1344
5151,643 12546 13571 2428 4111 2287 9657 639 642 2921
5152,101 15233 14898 15270 14690 15013 14579 2774 14407 14578
5153,14751 1011 7817 10246 12376 4407 9625 1862 12757 9851
5154,9195 4403 11724 7080 11691 12917 13519 4138 4599 1317
5155,12846 11245 11490 14365 6090 10027 13776 14725 11489 11781
5156,10316 10110 13760 10111 4803 5126 9940 861 6752 1872
5157,14062 3091 2730 2896 14061 14059 14060 273 6852 316
5158,6614 12833 7913 5467 12848 2581 14730 5468 2927 14731
5159,1354 13573 4138 1003 3846 11528 1866 1357 11578 1355
5160,14752 14352 10560 12439 13642 13643 7264 13741 12522 7940
5161,5399 12300 12892 12520 1933 10971 12299 12682 6748 7648
5162,12657 4062 14753 4063 7015 7014 8708 14571 14236 6361
5163,14723 14527 1181 7952 14754 3861 13121 275 7715 5614
5164,7426 1317 4687 4132 4688 1777 3083 2996 11724 8167
5165,1837 7936 4851 1222 4358 7947 7948 6240 1847 11711
5166,14281 11712 8135 8136 15026 9826 10867 2301 8227 8409
5167,11620 11249 13617 12520 14161 12159 14119 7801 4731 6069
5168,14752 14352 10560 12439 13642 13643 7264 13741 12522 7940
5169,1002 1001 3083 9173 9174 8932 8476 11703 2869 11002
5170,12764 10293 67 12169 11916 2490 11949 415 5722 49
5171,10035 8025 5620 5380 1889 5244 11357 5243 6131 5708
5172,14756 14755 12503 14707 11046 15031 14706 8428 12507 3805
5173,5669 5671 9665 1917 1914 4608 1915 4136 1913 1357
5174,9124 11660 13881 995 704 5938 9123 6158 614 11256
5175,9950 9952 1344 9951 9949 9948 8382 13833 10899 13835
5176,2858 12379 5954 4860 559 12380 3294 11378 5511 6939
5177,13548 6589 7532 13970 13972 9126 5964 12035 14674 7719
5178,6048 11589 1547 2054 6051 6050 3745 3549 4366 1545
5179,3429 1119 8016 3428 5248 5247 14266 9239 1122 8021
5180,2614 1532 9784 4515 8526 1323 2820 13354 2742 3465
5181,10104 13667 5975 12985 5890 13796 14728 12622 7662 14727
5182,12892 12682 6748 1561 266 15267 12055 5399 14085 12486
5183,14759 14758 14760 14761 14270 9758 12078 9753 4614 9757
5184,9127 14394 9659 1947 7259 8035 11344 11622 12693 12931
5185,5687 1011 11107 2618 10199 7427 5447 9534 10899 1729
5186,13557 13556 10911 3486 14764 14762 14763 7014 9307 11273
5187,1011 6360 12895 9851 5687 10192 1357 1317 11537 9534
5188,1498 5219 315 880 8577 11038 10019 9286 7439 4976
5189,8593 2665 5254 4755 7321 14023 13814 9075 2746 7748
5190,14664 13318 12328 11965 9465 4591 2314 11246 11247 1475
5191,6940 12740 12495 1630 10262 8489 14402 2604 8825 6799
5192,13000 12311 13995 12253 13611 14796 13001 2636 8544 12645
5193,14768 14766 14767 12317 9891 4554 8044 744 12318 3111
5194,14770 14769 9558 4594 13907 3896 5578 5258 10242 4654
5195,14665 14773 12182 8757 12274 14772 13996 6099 14451 13433
5196,13003 6136 7309 7563 2787 2793 6139 3275 13064 6279
5197,14774 5106 5105 5104 5103 5102 5101 5100 5099 5098
5198,13032 11943 10343 6626 11029 10001 8003 13714 10724 6289
5199,337 10666 13714 3961 11732 8350 8348 1292 6068 8349
5200,11429 14617 4766 6576 14664 7248 1993 585 4085 4719
5201,9575 9572 13019 13463 11095 12618 13064 13822 4909 14797
5202,10696 14775 4654 13019 13945 3896 8087 14769 14234 13907
5203,9077 8487 10696 9076 9078 13945 1536 6824 9079 5324
5204,13402 11042 11038 12187 11040 134 5409 11039 12971 12970
5205,13816 14776 6672 5564 2439 3878 6187 6251 12208 7796
5206,4056 13944 2665 4058 8214 2663 12268 4057 4059 8216
5207,2614 13400 11717 11980 1134 11163 12003 14071 12311 9374
5208,1997 12092 13818 1996 8594 11095 12949 12612 11096 11191
5209,5328 5330 14370 5327 5329 5326 1882 3482 9074 3568
5210,1130 8814 14600 2665 9610 7565 8813 12003 10916 12949
5211,6824 5324 12480 11365 8487 6002 7395 14782 11188 1743
5212,13 8096 9759 12314 1298 5254 8095 15 13382 12
5213,13461 14587 14779 3380 10872 13463 9027 12184 11715 4564
5214,8211 6268 13927 14019 5556 14658 9112 4657 13018 5409
5215,13 11427 13740 9759 8096 12 13307 14782 11426 844
5216,1883 14454 8631 9026 6099 13256 14496 12617 14022 1544
5217,13461 8903 10975 13975 5222 9573 10872 3318 12993 13463
5218,14066 14781 14769 13019 12967 14770 14795 6101 9575 11203
5219,13114 14780 12614 6139 10085 14515 11208 13900 13917 9575
5220,1884 13432 13247 13433 14031 12997 13246 13608 13424 9760
5221,5564 14782 13816 2795 5566 5565 1743 5563 4644 4642
5222,14453 12093 1128 5 13936 12274 11844 14454 1743 12969
5223,1883 9015 14783 13900 14076 12091 9026 7909 10917 6099
5224,2086 9077 9076 14744 14784 2093 11039 9078 8585 6284
5225,5565 9083 4643 4642 4644 14659 5566 12366 5564 5563
5226,5407 11187 1884 12997 13929 14392 14785 10976 13246 13532
5227,6099 1883 6101 13433 12997 6100 11166 6792 2095 8757
5228,14026 2664 4064 5328 13307 5326 8095 6269 5327 3670
5229,13567 6333 2830 7695 5346 4282 7694 13616 3861 11033
5230,8102 5258 14373 8099 8100 13907 5578 8363 8093 14769
5231,5413 10497 8389 1369 5024 14787 12481 8210 9606 3368
5232,9576 10874 3831 10873 14516 3339 10872 3834 13820 10976
5233,5253 13954 293 5732 9407 13681 4398 12624 14985 11254
5234,14454 12969 12968 12970 12971 11038 12129 12967 8631 1883
5235,14035 8617 13383 14788 14784 12601 7443 13780 13720 4718
5236,14779 10872 13974 13461 12618 4715 14587 9027 13067 14516
5237,1475 13900 14783 14377 14392 7746 11284 8416 5345 4713
5238,13399 13527 10918 14789 12998 3896 5517 1886 5634 8663
5239,5327 5328 3482 3568 5326 1882 7562 5330 5332 5329
5240,13822 13019 12963 1636 10086 9079 6139 13720 2795 3561
5241,8488 13612 7188 2637 11919 5522 14305 9762 10278 13037
5242,12182 12274 8757 14772 2805 4643 13020 13608 13432 14665
5243,12618 9576 11191 12999 4715 13067 2793 10874 9669 14779
5244,4594 9558 6795 9559 14770 4641 4644 4642 9560 9350
5245,14780 13531 11096 14515 14233 10978 14034 12094 13780 14042
5246,740 14089 1351 636 10715 15273 15274 14979 1350 14348
5247,13781 12331 14018 9708 8759 8100 13703 5472 8758 9251
5248,13304 9353 13529 6139 9772 12977 9352 4814 9649 3884
5249,14794 5106 5105 5104 5103 5102 5101 5100 5099 5098
5250,14787 13099 5377 615 5785 13118 13100 626 12649 5375
5251,12182 8757 6101 12274 14795 6099 14066 14781 1294 14233
5252,11096 14369 3480 14370 11095 1997 14780 14664 13917 9034
5253,12647 2636 8544 14796 13995 11206 2989 8545 2988 12068
5254,11210 5374 6115 14128 14444 11209 9111 11247 11246 11208
5255,14797 7443 14515 8101 12614 9575 1074 12618 4715 13780
5256,4714 12601 11202 13974 13969 13975 4718 2636 13383 7443
5257,2636 8545 12316 8544 12612 8543 12092 5559 12601 13974
5258,13608 12182 12274 13432 8757 13424 13609 13433 14031 12275
5259,13946 12648 2789 7556 13073 11472 13072 9348 13071 14234
5260,5332 6788 6 5331 3482 2567 14164 7701 7702 4713
5261,13974 2567 6788 4909 13969 13975 14779 14164 12601 4713
5262,14399 9896 5349 6094 2833 7916 3113 9077 9076 10322
5263,5565 4644 4642 5566 5564 5563 8634 14659 9559 4594
5264,13486 11543 13916 8759 12066 11211 14798 2792 11093 14231
5265,6102 6101 6100 13247 6099 13997 9025 1999 9948 4664
5266,2611 2612 2610 2613 10036 14041 8592 9426 8629 7556
5267,1166 13059 404 2820 3464 1535 405 1532 3465 2742
5268,13731 2614 1529 2820 13578 1324 3464 3465 2742 5998
5269,3465 2614 1323 2820 13578 2742 6417 1532 405 11122
5270,13326 2614 1532 14079 14457 4515 405 13333 13327 2743
5271,13052 13708 405 5998 11112 14053 2742 2614 2820 1532
5272,10730 13650 407 2614 2820 5998 6868 2817 13628 8727
5273,1535 1165 1325 4330 2820 14326 13323 2742 1166 405
5274,405 12826 2820 1323 11403 1535 2742 1166 15164 14512
5275,2614 14800 13854 7249 8731 3465 2742 2820 1532 5998
5276,405 1535 1166 2820 1475 2742 1323 8892 12426 13186
5277,8526 12426 1165 1166 2820 8727 2817 2742 11755 405
5278,14801 2820 11899 405 14912 1323 2814 12426 13453 9784
5279,1165 11112 2742 1532 6989 2820 2614 2741 1166 405
5280,13201 405 6351 2822 1532 2820 2742 11112 6417 2614
5281,2741 9784 1165 2742 2743 2820 1532 2614 6416 1166
5282,2820 13202 2742 1529 13232 2822 12426 13201 1535 13518
5283,2614 1323 3465 2822 2820 2742 13201 405 13352 13578
5284,14599 11051 13347 13346 13005 13717 6352 2820 13323 12426
5285,14802 13730 14308 13245 8831 14124 6350 13357 13128 9115
5286,2614 2820 2742 1166 3465 13327 2816 404 8732 405
5287,5998 1532 2742 2614 15152 2820 3465 405 2741 11112
5288,5998 15152 1527 2614 2742 13315 14007 12905 10730 14562
5289,2742 2820 2614 1165 2815 3465 12742 405 5998 2741
5290,13325 2742 13659 1165 13235 2820 13327 2614 2741 1166
5291,2820 1532 8301 405 11899 1165 2614 2742 1166 3465
5292,2820 13625 403 1166 12426 1165 404 9791 2742 405
5293,2742 1532 2614 2820 1165 3465 405 5998 2741 2815
5294,2742 1532 1165 12426 2820 404 1166 13187 2743 9791
5295,5998 1535 404 13187 8730 1166 2820 2742 405 12426
5296,6416 1166 2741 2820 1165 2742 4515 3464 1535 405
5297,14803 11822 4514 12070 11111 4791 6990 408 8808 10733
5298,6416 2741 5998 2742 2614 12425 15152 7395 3046 10207
5299,1532 405 9794 13188 1166 404 2820 12426 1535 2742
5300,13727 14804 10260 14327 8828 7767 13423 1532 2614 13651
5301,2820 4516 1475 1166 2742 2614 3465 405 12426 1535
5302,1532 405 12425 13336 2820 2614 9784 14138 2742 1323
5303,11555 13315 14805 10056 12854 12820 14323 8362 11231 11747
5304,2741 9784 11112 1475 1532 14806 13333 2742 2614 13344
5305,2741 6416 2742 7395 10207 3046 12425 6120 2743 5998
5306,2741 12425 2742 6416 10207 5998 2614 7395 13561 3046
5307,5998 1529 2741 12426 15152 2614 2742 4516 2820 6416
5308,14807 405 1323 13562 2820 1168 2742 2614 1535 3465
5309,1532 11754 13188 12426 2614 2820 14138 8828 11112 11121
5310,11555 13315 14323 14805 12905 8362 10056 12854 12820 2614
5311,2741 2744 6352 2742 6416 1165 13561 13331 13344 2614
5312,12748 11041 10062 11219 13834 8057 11218 15120 6537 10063
5313,538 14808 4840 4844 536 2811 4839 529 6820 14416
5314,538 14808 529 536 4844 6820 526 531 535 533
5315,11355 12885 11288 13593 710 12035 10863 11353 13666 1415
5316,6789 14045 14809 7824 14043 14046 13342 11824 10012 12418
5317,13593 12885 7208 10863 10092 6725 11270 8376 12886 9936
5318,4844 6820 14808 538 536 9656 578 4839 531 526
5319,5998 14007 2614 2742 10127 14323 15152 1529 2741 12905
5320,5325 10432 9467 5744 12822 9773 11953 11069 10211 14804
5321,12667 3403 13373 6005 13753 1995 12666 11919 2308 10175
5322,2614 12905 3465 2820 2742 14196 1532 5998 8108 12906
5323,14590 8110 2614 3551 8108 3465 2820 2742 1532 5998
5324,5998 14330 12820 14180 13409 12821 14195 11098 2614 4447
5325,3771 5036 14393 11711 14693 692 2678 11402 924 8993
5326,1617 235 1618 234 1622 1621 1752 3044 1619 2556
5327,11790 12962 10180 5177 12961 9667 14322 8523 10064 8484
5328,12823 7486 6129 3190 7473 8986 2042 9533 7479 4932
5329,11871 5615 8226 5622 4753 5229 380 3391 3393 6942
5330,2614 5998 14180 15152 2742 13578 3465 2820 14323 1532
5331,8111 13308 13989 13990 10130 3400 14884 1671 13693 6355
5332,2820 14811 14812 12825 15032 3465 406 1166 2742 2614
5333,6380 985 1575 2764 3372 4324 3629 9905 6383 11155
5334,14813 14814 5208 4983 187 7307 7308 7312 7311 3607
5335,14818 6224 14816 14817 14815 9776 14679 13589 11854 9765
5336,14540 7231 5634 8075 7232 5151 14541 12309 811 3168
5337,14819 9620 8047 1935 10494 14574 11280 11279 11278 11281
5338,10407 14034 14317 12366 13072 6819 14024 10967 8698 14370
5339,11132 8518 6103 6152 7996 11862 7809 7518 6838 4809
5340,6264 8940 548 2100 2779 3609 3605 4497 2457 4944
5341,8440 476 13126 7687 12150 13604 3245 3882 3391 14253
5342,14307 15273 15274 1351 52 10715 14163 10171 11914 14875
5343,1297 3891 5612 6210 5620 5621 228 5619 357 4045
5344,14709 7945 11049 7943 7260 9661 14710 8576 5137 12886
5345,14820 8186 8187 5092 2458 2749 4214 8185 788 3986
5346,625 7863 482 5088 8522 178 2479 2220 11190 12178
5347,11835 5677 13798 13654 8688 6011 7523 9393 13762 13763
5348,7155 5401 6391 10781 2507 7159 7158 4426 7157 7156
5349,9367 7504 6053 4180 4704 12717 1977 3610 1401 2807
5350,10561 14147 13214 476 12085 13215 6090 3004 2635 691
5351,4406 1374 2548 8195 7734 8504 5989 9582 3906 12857
5352,11405 14200 14512 14136 14711 11403 726 11402 692 13286
5353,14821 14592 14822 1605 10115 10834 10833 15252 11731 1615
5354,13766 383 4360 7250 4759 12253 5070 602 603 13856
5355,12165 6399 9263 14161 10373 10372 286 9253 1993 9552
5356,9682 9805 12566 11143 14009 13838 10263 6476 13893 13846
5357,12850 13885 13616 11366 13279 1558 14538 5268 14506 14938
5358,14826 14827 12875 13587 14825 8873 14824 14493 13414 14718
5359,6785 5255 11729 2729 6498 3091 8045 13733 13640 6244
5360,692 14145 11405 12386 14136 11366 14512 11402 14200 11403
5361,13277 8541 11799 5689 13276 9748 9747 8540 4401 12332
5362,1778 1319 6362 4060 1321 1320 6363 1317 2375 1779
5363,11977 6614 6227 3579 6332 14730 14731 8499 383 4749
5364,7966 5224 12966 9044 10076 8009 6075 240 6021 5225
5365,11384 5757 12603 692 553 12065 6622 5758 14205 13262
5366,5690 12209 3072 9850 2996 14072 4316 9194 2876 13785
5367,6537 3665 11218 11219 6163 6245 12748 2650 14206 11217
5368,2590 3765 11765 10244 11764 1283 11763 5862 1278 13547
5369,726 13804 11405 816 13852 14199 13806 8562 14996 13807
5370,7719 14674 14886 14470 6589 15260 9143 6766 12035 13548
5371,3270 3271 3272 2794 5740 3269 3955 9305 2362 6872
5372,11306 11315 13559 14638 13558 14861 12626 14859 14860 7876
5373,11692 12694 10892 11773 11212 6674 2725 11147 7172 6504
5374,14813 14814 5208 5092 5094 5095 5096 5097 5098 5099
5375,10741 1880 13074 14434 451 6868 1948 15147 4451 10051
5376,12625 11858 12624 13427 4594 6797 9559 6795 4652 9110
5377,14148 14829 3864 14147 11120 7489 10779 5180 7659 10982
5378,14830 13281 7018 6774 4300 2633 12889 2729 9556 13718
5379,14831 14832 13144 5572 11266 4905 9545 3868 4638 4991
5380,14394 8978 11622 1925 11077 11359 9696 1267 10535 4343
5381,14224 11405 5514 4861 7875 14952 14512 14200 14711 15163
5382,10011 14834 14833 14436 11400 5709 2391 5788 12986 14667
5383,58 11126 14824 15285 14163 14742 14980 12427 4426 14605
5384,726 8562 11405 13852 14199 14996 13804 3031 14512 11189
5385,611 15020 11936 11939 11937 11938 10421 9955 11230 3213
5386,14522 731 14095 11848 15026 584 14284 3138 2166 14094
5387,8145 4417 10821 14959 14205 11760 9963 692 311 10165
5388,4524 7730 9188 10648 4529 174 4530 14266 9910 9926
5389,6622 5383 10414 3955 8372 5385 11310 13892 14714 14489
5390,14101 14836 1559 12707 14167 1556 12700 12699 12703 12705
5391,14838 6604 13139 3457 14366 8399 693 3171 14913 12528
5392,699 13937 692 702 706 708 709 15059 707 701
5393,12683 12520 14171 12681 8781 10219 12679 12682 13666 10253
5394,13388 14839 14686 14841 653 14639 8999 9830 14840 11914
5395,14542 7946 4126 7711 12326 9398 11708 6058 10183 2256
5396,13547 11763 11765 11764 11021 13678 2590 6393 13549 8816
5397,14843 14351 106 14350 14349 3093 14449 5875 1771 14703
5398,14844 13008 10731 5570 13039 936 14021 1331 6721 8713
5399,4516 6417 3465 10523 10525 1532 2742 15257 2614 13452
5400,13697 8112 2391 2046 680 4463 10441 14527 10865 14132
5401,11188 11365 6105 7395 4053 14145 2741 6824 11112 5324
5402,13505 13507 13509 13501 5387 13494 13497 13491 13502 13503
5403,14845 14738 3813 14737 13679 14846 3265 14724 10216 14056
5404,14847 1523 3428 12893 5249 12892 6435 13403 6531 11401
5405,2116 13041 7763 1881 11974 656 3180 1686 1734 8954
5406,1354 9192 7065 7546 9194 1858 1916 1779 2371 1859
5407,3955 3149 1384 131 1333 7182 1957 15254 14905 14914
5408,3717 10728 11977 4553 730 2254 12341 8397 12447 4350
5409,11405 14478 14848 14513 14706 14960 14512 14136 14610 14200
5410,771 14849 9223 15029 15060 4424 100 4964 4754 12031
5411,14555 14850 14851 15288 9510 14852 14560 14449 9054 13015
5412,1471 13847 14221 12137 2410 8325 14734 12800 14738 1469
5413,14853 311 9101 14076 9028 7730 9926 9457 7371 9023
5414,14329 14854 8408 6270 13018 10484 14970 9430 13132 14526
5415,8999 14070 9053 10786 15148 7121 11185 9054 14163 7497
5416,1295 1766 5836 4867 2471 3312 1419 3298 1285 6878
5417,14856 6816 6977 1763 3453 14855 4928 38 3292 9142
5418,3236 4815 3641 9719 4887 4897 4891 8053 7561 6791
5419,1222 6483 12928 8605 11407 7936 11408 4358 9555 12927
5420,9192 1779 4138 1916 4036 7065 8541 7358 1320 1778
5421,10440 466 14857 12805 12429 11476 11735 5364 8689 3714
5422,383 2859 851 709 3397 7480 14734 42 7477 12196
5423,10227 11168 7361 1242 4206 3139 8651 3696 12166 775
5424,8541 5689 11799 13277 9748 9747 14464 8540 12332 4401
5425,10701 3887 12156 13887 3665 12748 15120 5717 8409 8057
5426,13559 14861 14859 7876 14860 11306 13558 11315 7875 14638
5427,13627 14465 14168 8860 5369 15187 14466 15008 11737 14652
5428,7209 14864 14863 11769 9615 7204 7203 10063 6319 4126
5429,13276 13737 2681 553 13277 13262 13365 13681 366 14458
5430,6863 7777 8427 3020 9946 5335 3494 14259 5828 9203
5431,14870 14824 12434 14869 15269 14163 14868 12436 14558 8999
5432,14872 14871 4380 1452 4382 4383 4381 10854 10856 5672
5433,3093 1332 6306 7580 3092 106 12547 630 5817 6220
5434,14873 13949 4960 2835 1078 14517 14946 11217 12901 10906
5435,10168 7336 14208 7164 14046 9131 15108 14276 6027 14790
5436,14875 10715 3055 52 15273 15274 716 14100 14307 1351
5437,11124 5759 14733 9116 8324 11125 9522 3798 8871 14240
5438,2081 2304 9429 2079 10680 9081 6532 5607 9680 8306
5439,1443 11017 6211 6143 1969 579 3188 8877 162 11843
5440,14185 14187 14188 14189 14186 14133 9231 14192 14190 9659
5441,11887 12523 8770 4151 12522 4524 14437 12142 4964 5136
5442,5437 7305 476 139 10601 6860 8860 575 5041 870
5443,4514 14877 2814 408 13635 13453 5190 1529 15210 13349
5444,8110 1909 14590 13908 8108 9763 3551 9482 9762 2614
5445,14878 13825 7767 3123 2225 9050 2962 12669 6444 3024
5446,5664 6754 10338 8056 922 11685 13485 10346 3994 3672
5447,14844 1475 5345 6933 12535 13336 13008 11965 11880 13318
5448,11734 9197 9947 8012 4182 133 14001 10982 859 11196
5449,14734 10784 6663 5911 2122 5134 10329 4283 5664 6657
5450,13865 11456 14258 11457 11451 11449 11452 11454 11450 11455
5451,5001 3253 7348 10019 5064 2548 6968 10532 6960 7726
5452,1534 13910 14879 13269 13561 6353 2614 2815 13351 4516
5453,8240 2137 1036 11212 4217 6377 3692 10487 2217 4725
5454,5199 10229 13942 10157 14723 12985 5901 5201 13220 13943
5455,8534 14880 8361 6337 1237 10065 6986 983 5935 9596
5456,8802 2084 2083 2085 111 1367 11061 12711 14605 14604
5457,2811 7224 7748 12748 9790 2812 11529 13485 7228 10346
5458,2828 1311 14845 12387 3263 14738 1310 12388 3813 1312
5459,3398 1161 506 9591 1501 3280 1160 11165 7286 8558
5460,13879 7264 13716 13131 9892 716 9895 10560 13177 14752
5461,692 14136 693 11366 11405 12386 14383 14208 14366 14379
5462,10192 1011 4036 4138 3442 9751 10072 4609 4034 13590
5463,13843 607 5354 6486 1521 13029 4709 7744 14692 10034
5464,5708 5896 7342 4073 12948 6131 7401 13404 12263 11358
5465,7124 13912 14559 14555 8999 9054 53 12877 14578 13587
5466,14884 13693 6355 14882 14883 6338 8081 1671 13456 13440
5467,6622 13892 14885 2979 11384 2108 6476 11852 8575 13365
5468,8144 14886 13220 13696 1311 12351 14674 9806 10157 14470
5469,14887 257 14417 5920 6094 14688 12574 258 12134 12850
5470,14080 9056 15287 8588 1500 14605 14604 9260 100 15205
5471,10911 13212 4229 6260 14546 14762 13557 13556 14764 15156
5472,14261 1618 1617 12766 1620 235 234 2311 1619 12178
5473,6484 3665 1852 10679 7573 6779 8454 12898 7938 2627
5474,11405 14208 14889 14136 692 14512 11403 10168 11402 13182
5475,12178 5974 3962 11383 3595 9273 14063 1565 1564 5972
5476,231 1837 13950 4851 7940 5157 6170 7936 7568 5638
5477,1936 14588 6692 5104 1592 4696 5249 12129 6070 8356
5478,8581 8588 14891 8272 14430 10667 14102 4934 8587 9056
5479,4515 4516 3046 5193 8826 5852 14892 2742 2614 1532
5480,9957 11227 7940 10982 5157 7659 11912 4068 6782 1352
5481,2448 182 7915 176 11759 6217 3222 1830 476 9318
5482,13388 11126 11914 9610 4153 14839 14686 14841 653 10891
5483,550 2782 6055 3341 11819 8223 2024 9983 3495 1416
5484,4964 5896 4073 7583 5895 14556 9944 9228 4752 2277
5485,626 5250 5377 9365 4966 5251 8397 5375 5341 5709
5486,14893 4861 4961 14224 14983 14874 7875 14982 5514 4871
5487,2415 3993 4351 1734 8028 3662 7430 9510 6532 9443
5488,14689 10384 5595 15254 14905 6836 14688 14914 1618 14543
5489,10012 14771 1544 14045 9770 11427 11042 4656 10230 10456
5490,14894 7953 5261 6766 11296 10522 15073 12196 3953 7719
5491,7937 1847 8081 7106 12338 4358 7947 6785 7948 14860
5492,9973 9380 9323 12860 11907 9324 12236 1558 12858 9387
5493,4138 12656 10754 7065 13573 1719 1354 12929 2373 673
5494,14334 14862 14742 714 11308 14654 3152 8581 14984 8054
5495,3928 13401 1812 6974 811 1071 3927 8046 3912 3929
5496,8577 420 14142 1504 1498 13831 14113 880 8464 6853
5497,4426 6785 15045 13016 15263 14163 12427 7159 58 7124
5498,14498 14897 11366 5266 476 3126 5170 10434 14497 202
5499,3019 7121 52 8474 14875 11313 10651 14100 8999 10715
5500,1445 12491 4544 3460 1099 343 11768 10669 3459 661
5501,14900 13609 12266 3722 3721 13608 8902 12619 9960 6140
5502,9955 10373 10372 611 3595 10371 383 1622 155 4396
5503,626 4966 14699 949 5709 5113 15100 10337 664 7302
5504,13050 14901 8525 14213 14214 15169 14209 692 8020 15086
5505,14425 14463 9011 14202 8423 3840 14933 14505 9775 9021
5506,10865 680 15199 8184 7229 12020 14304 8112 2046 14955
5507,14904 11310 14903 13920 14426 5183 14941 14389 14862 9056
5508,10412 13428 10875 2920 6710 5640 12901 2435 3678 14469
5509,27 3365 12005 14261 2324 3214 2309 2428 817 4230
5510,8581 14430 9299 14102 4934 8588 8272 13977 14933 8009
5511,11124 3885 7438 9116 3880 3798 11125 3888 8871 3887
5512,9970 7643 14905 5608 15254 9056 14914 12470 1618 1127
5513,14906 14907 740 15190 1420 15123 14979 10294 1215 14163
5514,14909 14908 13521 14004 14441 14944 3801 8428 14942 13520
5515,13805 11550 12320 13936 6216 13807 13806 13804 12847 2951
5516,10715 1351 14702 14163 52 8999 7130 2142 14875 7129
5517,3476 9459 14063 839 14261 3223 611 5042 3962 871
5518,12546 10111 1677 1183 1184 643 10110 4803 15128 13571
5519,14911 10604 4656 2982 6793 6288 11977 4657 6087 923
5520,14092 4841 14550 14163 1436 14865 585 7115 1873 15075
5521,7663 10496 13207 9964 14858 12247 7163 1018 4284 14193
5522,3055 11126 13626 15247 4820 6791 7994 3056 3059 3058
5523,11366 14496 9026 6196 15175 14491 5267 13885 14486 692
5524,11366 13885 14479 5266 14488 12850 5267 14497 14491 14498
5525,11366 14497 5266 14574 14486 14498 13885 12298 5267 14575
5526,726 11189 13956 8988 11405 13488 9172 14671 13852 14199
5527,11366 13885 5267 692 14486 14477 5266 12850 14404 14488
5528,14912 14801 8429 13923 11899 6489 2814 7442 1525 13332
5529,11366 14498 5266 13885 14497 5267 14486 14897 692 14477
5530,13885 5266 12850 11366 14488 14498 14497 5268 12298 10611
5531,13933 6764 14461 11739 13370 14462 14460 13183 2725 6057
5532,12298 14497 11366 13885 14488 12850 14971 5266 5268 14498
5533,11366 14488 13885 12850 5267 5266 5268 13895 12298 14497
5534,11366 13885 692 5267 14486 12850 8609 5266 14404 14477
5535,11366 13885 5267 692 14486 14477 12850 5266 14404 14488
5536,11366 692 12386 3857 13885 5267 15082 15083 14486 14479
5537,11366 13885 5267 14477 692 14486 5266 14404 14488 12850
5538,11366 13885 5267 13928 14477 14486 692 5266 14404 14488
5539,11366 13885 5267 692 14486 14477 5266 14404 12850 14488
5540,11366 9424 13885 5267 692 14486 14477 5266 14985 14404
5541,10441 14645 14646 8335 5780 8112 12576 6484 14316 9113
5542,14491 13885 11366 14486 5267 12850 14479 14496 14488 5266
5543,11366 13885 692 5267 14486 12850 14477 5266 14404 14913
5544,11366 14913 12528 10591 13056 14838 14486 3841 13885 14519
5545,11366 15150 3828 13885 5267 692 14486 14477 5266 14404
5546,11366 14479 692 5267 14491 12386 13885 14486 15082 15083
5547,11366 13885 5267 692 14486 14477 5266 14404 12850 14488
5548,13885 14480 12850 11366 8031 14488 8042 11894 11895 7078
5549,13885 9424 14222 12850 11366 14488 14415 14985 14131 13895
5550,11366 13885 14488 12850 5267 692 14486 5266 14477 13895
5551,692 11886 11366 12386 11260 4745 4746 14136 15082 15083
5552,11366 692 12386 13885 5267 14486 15082 15083 14479 13895
5553,11366 13885 12850 5267 14477 14486 692 5266 14404 13895
5554,11366 13895 13885 692 14486 14488 12386 14479 12850 5267
5555,11366 14913 13885 12528 14486 692 5267 12850 14838 5266
5556,11366 13895 12850 13885 14222 5267 14486 14131 692 14477
5557,7876 14222 7875 14859 14860 13559 14861 5407 8374 14415
5558,11366 14131 13885 12850 14222 14488 5267 13895 8042 5268
5559,13885 14500 12850 11366 14488 5268 12298 5266 5267 14131
5560,11366 5266 13885 5267 14498 14486 14477 692 14497 14404
5561,11366 13079 13885 5267 14477 14486 692 14489 5266 14404
5562,11366 13885 5267 692 14486 14477 12850 5266 14404 14488
5563,14479 5267 11366 14491 13885 14506 14496 14486 12850 692
5564,11366 13885 692 5267 14486 12850 14477 5266 12838 14404
5565,11366 14486 13885 692 5267 14481 12528 14913 5266 14485
5566,11366 11359 6761 12162 13885 9239 5267 11358 692 14486
5567,11366 14481 5266 15176 14499 13885 14486 14498 5267 692
5568,11366 13885 692 5267 14486 12850 5266 14477 14404 14913
5569,5267 5266 11366 14491 13885 14479 12850 14486 10611 14498
5570,11366 13885 5267 14477 692 14486 5266 14404 14488 12850
5571,14153 13968 13566 14181 12748 13207 14006 6298 8122 15120
5572,11366 13885 5267 692 14486 14477 5266 14404 12850 14488
5573,14915 7526 6658 6667 5179 12484 6657 14289 7466 805
5574,11366 11359 13885 13312 5267 4350 14477 692 14486 5266
5575,11366 13885 5267 11893 14477 8405 14486 692 5266 14404
5576,11366 5267 14491 14479 13885 14506 14496 14486 5266 14477
5577,11366 692 12386 13885 5267 14486 14477 14479 13895 15082
5578,11366 5267 14491 14479 13885 14496 14486 14477 14506 692
5579,11366 13885 5267 14477 14486 692 5266 14404 14488 14913
5580,11366 13885 5267 14477 14486 692 5266 14404 14488 14913
5581,11366 14477 13885 5267 692 14486 5266 12850 14404 14488
5582,14490 13885 12321 12850 11366 14488 7847 5268 12298 14674
5583,12485 2604 2605 6799 14402 4658 4659 10836 12740 4647
5584,14497 14137 12298 11366 13885 13998 14574 14498 5266 14486
5585,14790 7244 11190 3886 15108 14276 10786 13257 7240 14777
5586,8143 11006 11007 11005 8034 4753 11564 9578 6623 14970
5587,11405 14512 14136 693 14200 11403 14711 11402 692 726
5588,14204 6606 6605 625 13183 14581 14846 5518 9258 14462
5589,11711 3771 3486 10508 13282 14693 14393 11402 2678 11401
5590,14916 14032 14917 14919 14918 6334 3749 5180 9789 12363
5591,13388 11126 11914 9610 4153 14839 14686 14841 653 10891
5592,169 8550 9703 149 2346 5984 466 712 2960 165
5593,14167 12236 1559 7544 9365 1558 1556 14101 14836 13389
5594,5919 14920 9209 5094 5095 5096 5097 5098 5093 5100
5595,6849 11143 11260 5351 14055 4016 3877 13542 10764 2930
5596,512 8407 4350 10495 5312 90 510 3223 1449 838
5597,9144 14921 12803 4756 7109 625 5552 9143 7697 2067
5598,3665 6537 11218 11219 7938 6163 3887 2652 2650 13179
5599,14486 3771 11366 4575 4741 14481 12528 14485 14491 14499
5600,739 14852 14555 15230 15147 3021 14136 7113 2142 13670
5601,14307 15273 15274 1351 52 10715 14163 10171 11914 14875
5602,6785 366 6244 13640 553 13262 13737 13365 13681 8575
5603,14923 14476 8272 12390 14102 14475 4934 8581 12065 11384
5604,7124 9054 13912 14555 8999 14559 14166 12877 13587 14578
5605,6079 14926 8473 1301 4033 7711 2262 2049 14299 10862
5606,2834 11084 14129 13699 13342 14983 14874 2835 5405 9130
5607,5163 5170 5172 9472 7543 12554 10615 11391 14951 11390
5608,2200 4474 10183 5113 4074 7977 8037 14953 4350 11654
5609,12670 876 3579 4474 11090 12537 3578 994 881 12019
5610,14449 14927 14555 14843 14404 5092 5093 5094 5095 5096
5611,13168 2687 10670 14386 10460 10669 9560 6792 3772 2951
5612,14163 14668 8999 58 10715 4426 12427 14612 15079 14865
5613,4426 15045 9055 13016 15263 14163 13587 7159 12427 58
5614,908 9299 12264 6170 11622 6181 14430 6622 6782 8581
5615,8581 10897 14102 4934 14928 8272 14430 9299 8009 14862
5616,14929 3021 9052 14166 14427 12513 14930 15244 11959 14931
5617,14449 14404 14843 14927 11366 14555 14351 15228 8377 106
5618,14162 8581 14396 14709 14933 1396 4191 747 15118 14430
5619,14936 14924 13455 6992 1533 8810 2743 1532 8907 4515
5620,9054 14824 14551 14555 14951 15076 8999 7124 14166 14165
5621,8999 7124 4426 13912 15045 15148 7121 1351 14163 14559
5622,685 14937 11259 15244 6445 14931 11959 2203 7149 14427
5623,11654 13208 13191 12012 10106 7115 8782 14227 10909 7012
5624,14939 4758 10321 14391 5037 8748 1951 5712 11149 8521
5625,14709 14910 14699 2595 9278 5137 10690 15009 664 14926
5626,7632 8690 1845 8391 8272 8282 14165 12876 7633 9808
5627,3471 14550 14552 3470 611 14557 3469 14560 14851 13015
5628,7848 10833 14940 10834 7849 14822 7847 6202 10115 14821
5629,14163 58 7115 11737 1485 1493 14466 4426 11059 12427
5630,14162 14941 5581 3793 13920 14904 14426 5183 13752 14389
5631,8428 14942 14705 13521 14944 14706 14972 14068 14456 15193
5632,14067 14943 14536 14537 2630 13646 12850 5099 5098 5100
5633,6836 360 11027 14524 1532 4336 10206 13351 2820 11026
5634,12784 14742 58 1702 15088 12689 11271 8050 14334 12620
5635,14853 645 311 14986 14997 643 642 8780 639 12328
5636,1523 11401 11135 12640 11402 11403 11404 11405 3771 692
5637,14946 11784 10333 709 10638 11779 8985 12342 6562 10113
5638,9960 9373 14947 9374 5329 9959 3888 9958 3392 7234
5639,13935 14672 14671 13585 1686 7630 476 13488 7768 9172
5640,7229 13033 5726 15199 7249 10865 9486 5431 10208 13959
5641,14484 4028 14482 8340 1539 6270 2283 12538 1784 5259
5642,14673 11577 8833 14671 13488 9172 13956 14672 8834 8835
5643,10820 714 8054 11307 14417 12633 14984 14102 11473 8456
5644,14948 14435 5106 5104 5103 5102 5101 5100 5099 5098
5645,6836 14452 10124 13335 6489 13753 13884 13331 59 14865
5646,6761 11359 11358 9239 1379 9392 9292 1380 15186 1124
5647,650 10679 11812 649 3316 3288 8954 5212 10680 10963
5648,11366 13885 14491 14488 5267 692 14479 12850 14496 14486
5649,14949 12950 12828 14691 10493 5218 11709 13577 12371 6613
5650,14388 14950 14951 14706 4162 12494 8061 9472 9054 1008
5651,4426 13016 15045 14163 12427 58 7124 15263 8999 7159
5652,14952 10381 2319 14341 14224 11235 516 3811 11424 2148
5653,8935 4426 4090 2290 769 3930 3221 4175 4777 15045
5654,3055 14471 14714 13430 14483 11390 14429 11126 11322 13626
5655,14224 13836 9583 14952 4861 5514 2598 14157 11405 5107
5656,14224 14952 14157 5107 7581 14158 13836 14159 14304 5514
5657,9430 160 4738 14970 14329 2597 13018 10484 8408 13907
5658,4426 13016 15045 14163 12427 58 15263 7124 8999 7159
5659,14129 11084 4711 14382 15097 13320 5405 14183 8869 13855
5660,337 1292 10666 13714 4536 8350 8348 8349 3301 3970
5661,14953 23 10183 15185 1880 7946 2256 14144 12169 765
5662,5107 11668 14224 14952 14157 13430 7109 3751 5103 5102
5663,14921 7109 12803 9144 5107 13430 14445 3751 12632 14244
5664,11213 14695 14621 242 8182 5465 8348 578 10656 9322
5665,10238 14705 14574 14706 6902 14942 9203 14575 14819 44
5666,14954 14955 10566 3176 10968 951 14393 8567 6135 9024
5667,11405 13286 577 712 14136 14512 14200 14711 726 11403
5668,8866 14505 2128 12254 7470 12164 14425 14202 11575 8423
5669,9490 5026 10743 10985 9030 8 3134 12819 15185 5990
5670,14864 9615 14863 7209 9618 7439 9363 3947 5187 6522
5671,14304 14158 14157 8734 12032 7581 14159 14952 14224 8735
5672,14304 10865 12020 14158 14157 8734 14960 919 14646 15199
5673,1885 8323 5572 11968 7349 4701 5759 1884 585 8324
5674,14932 3261 5287 4357 1311 9543 3259 3263 4551 3260
5675,14957 14958 3720 434 15070 3986 5525 6984 11582 11580
5676,12281 14390 4121 6725 9704 4937 693 4313 2405 9996
5677,1746 1938 1748 9652 2908 4358 13888 6118 1747 14275
5678,13424 11221 13432 14462 14461 13608 5521 13183 14472 14460
5679,14132 7229 6610 14527 13697 11398 13637 5016 11737 15199
5680,14276 14790 15108 13257 14777 7336 8237 14561 13810 8456
5681,11366 13885 5267 14477 692 14486 5266 14404 14488 12850
5682,14205 14460 14462 9590 14461 13183 7126 11221 5351 11384
5683,3068 3064 11401 3065 3066 3067 8735 8734 11402 1523
5684,11405 14136 692 14512 11402 14200 14704 14711 12497 11403
5685,9805 13838 12566 9682 14009 10263 13893 12340 7083 692
5686,692 14205 14889 8145 11366 12386 14462 14461 14853 13183
5687,692 11366 12386 15082 15083 14136 8250 13838 11405 14208
5688,11701 11702 1926 11232 7962 11700 3781 9275 183 12303
5689,2986 14227 8979 5708 6105 10214 11654 74 5379 5670
5690,14637 14823 15196 14612 692 15079 14559 14865 10834 1368
5691,14873 14946 13949 4960 12779 2835 14424 1078 10163 5519
5692,14304 14961 14960 14848 3801 14158 14157 14478 8734 14513
5693,14691 14949 12950 11397 12828 5708 14492 6489 5788 5092
5694,6476 6484 5923 11781 6622 1864 12082 13653 6485 6779
5695,14963 14962 7664 4958 11229 4959 11652 8177 5937 10655
5696,6622 13892 6685 2979 12567 14885 11384 10870 2108 11852
5697,13838 692 12340 12778 14208 5521 14472 6608 8250 13215
5698,5514 12009 4968 12059 15163 5515 14202 14224 12840 5513
5699,14202 14069 8423 14425 4968 3840 7964 12009 11428 14933
5700,5514 12840 8452 11956 15163 5515 14224 7344 5513 12009
5701,14472 5521 13838 11221 2835 13424 6608 692 14208 12340
5702,11366 692 12386 13885 5267 14486 14477 14479 13895 15082
5703,692 11384 14964 11366 12386 8250 15082 15083 12065 14136
5704,692 14136 13838 12340 11366 12386 14208 11405 8250 5521
5705,692 11405 14136 12386 11366 11402 14145 14512 14200 6803
5706,13949 11217 14426 14873 4960 14674 14517 14470 14524 11219
5707,6622 13892 908 2979 14885 6170 6476 2108 11384 11852
5708,8326 14729 5273 6909 3602 10169 14091 13004 5102 5103
5709,692 11384 13183 11366 14462 14461 12386 7663 14205 12065
5710,4968 12009 14202 8423 14069 14425 3840 12011 8117 5514
5711,14366 692 14838 6604 13838 693 7256 12528 11366 12340
5712,5215 187 4884 14858 2037 4991 3319 4636 5633 7561
5713,692 5521 14472 14208 6608 13838 12557 11366 12386 6312
5714,13673 12333 9961 13647 9235 13924 11554 12385 4048 12741
5715,14208 692 10168 6608 14889 13182 13838 1701 14046 14320
5716,692 14208 13838 6608 12340 5521 14472 12386 11366 14136
5717,14102 8581 4934 8272 714 5734 12031 14923 12065 8054
5718,8233 1680 12161 6226 12888 12162 6497 7485 3999 504
5719,6622 7936 6620 9614 13892 2108 2979 2337 11384 6619
5720,14615 12392 14968 11354 12391 10565 14579 10508 12390 1003
5721,7940 6183 1700 8114 4068 1846 14146 13961 1864 2008
5722,11221 13424 13191 9226 14462 14461 6494 5521 13183 14472
5723,7782 11172 12090 12089 6844 7781 11017 8339 3560 7780
5724,14528 11786 7663 13988 8992 7664 9964 8268 14858 12247
5725,4700 13359 13378 6487 4963 11642 10518 13394 13393 6493
5726,14885 14706 8114 14705 1700 13961 13191 6183 9808 1846
5727,14706 14960 13943 6183 7740 14705 1700 14563 14848 13892
5728,11384 14205 9965 13838 14889 692 9963 12065 4046 6622
5729,14531 12519 14065 7660 13368 13405 5614 13280 13537 14171
5730,9249 14663 14057 11289 682 191 372 15265 8075 2079
5731,9106 5383 9594 5385 8335 6162 14489 726 740 14592
5732,611 9594 13675 13674 12872 10893 6083 15254 10421 14905
5733,3055 11126 11424 14984 9594 15285 13388 13626 58 15247
5734,14579 8190 11959 7954 14615 8944 15189 1500 11632 6836
5735,14733 8351 7320 5759 7398 9828 9221 6607 3469 3924
5736,383 4726 117 2956 118 4759 13766 10383 12253 5070
5737,7012 11654 4964 9228 5896 4073 14227 5895 7744 4474
5738,6768 7844 2957 10249 7917 7226 195 7842 14447 4031
5739,12574 5678 14606 14971 5676 12235 10252 12298 9175 9178
5740,14969 7183 4279 4339 11967 1575 3943 6348 2685 6342
5741,8702 12483 1988 11932 8058 14220 7229 9486 10387 2821
5742,5972 7170 12633 15191 6267 14509 9497 794 8408 14854
5743,14538 14264 14973 12850 14938 14415 14222 553 12134 13262
5744,14538 12850 14264 14973 14938 14415 14222 12134 553 13262
5745,14972 14068 8428 14456 15193 14944 13521 11287 14942 14705
5746,726 11405 13852 8562 14199 14996 13804 14512 12650 11189
5747,14538 14973 14264 12850 14938 14415 14222 553 12134 13262
5748,14538 7229 14264 14973 12850 15199 14938 10865 14415 11932
5749,14142 8577 13831 14524 1498 880 1785 11038 9245 9286
5750,14538 14264 14973 12850 13623 6071 14938 14415 12742 14222
5751,14538 14222 14415 14223 14264 14973 12850 14938 14160 5518
5752,1616 8425 10423 1615 1617 1605 1607 235 1609 1612
5753,14542 7946 5337 4126 5104 5103 5102 5101 5100 5099
5754,14513 14610 14277 14478 13420 8547 14848 13418 11911 11405
5755,14163 1697 14668 14523 58 8999 10715 14612 15079 12427
5756,10715 1655 8298 14702 1351 13584 14875 52 14163 14690
5757,14538 611 14264 14973 14938 1621 12850 14415 1622 9955
5758,14974 1697 1904 1695 14975 8459 1694 10608 10516 14163
5759,14974 8428 14975 10608 14972 14068 14456 15193 14944 1904
5760,12134 13764 14976 12024 11575 14593 12626 1754 13899 14887
5761,8988 2220 726 11189 482 13956 11190 9274 3935 6869
5762,14974 1904 1697 14975 10608 8428 5093 5095 5096 5097
5763,14974 1904 1697 14975 10608 8428 5093 5095 5096 5097
5764,14977 13026 14978 13405 14656 12525 59 12155 13025 14531
5765,13056 11959 3841 10591 14931 15244 14937 14427 2203 14930
5766,1367 11404 36 15276 7128 3055 10891 11126 13891 58
5767,9300 9851 9749 12551 1011 6360 1357 14804 5688 14566
5768,9606 10497 12788 12922 1548 8346 5024 12787 5413 9942
5769,11405 726 14512 14200 14136 14711 11403 11402 13852 14199
5770,11366 4745 11886 13885 692 5267 4746 4749 14486 14477
5771,726 12650 6852 11405 13852 14199 8562 8507 14996 13804
5772,14980 58 14979 740 14013 8935 14163 15285 11126 14824
5773,363 14981 13125 365 12422 364 10905 10904 8307 12829
5774,14616 13365 8081 13132 13262 6622 10484 11384 553 13737
5775,14756 13350 14563 12503 13943 14755 14707 2489 2133 583
5776,14579 14615 12392 8190 101 14968 11632 15189 14503 11959
5777,14804 9467 9300 13727 14327 9773 10260 7248 5752 8690
5778,10865 14955 14393 2210 12020 15199 14693 14304 10464 15108
5779,14580 8281 13268 13577 4449 11630 12552 10620 8258 9017
5780,2449 6943 5670 1947 8041 2451 10214 2450 13767 13239
5781,11253 14268 3116 5226 1742 8454 14396 4576 11630 5315
5782,14209 12251 14596 14595 13680 12440 14286 14458 14213 12252
5783,13896 14285 13897 14286 15173 12440 1858 15195 14209 2013
5784,10541 6881 14210 1287 7898 15074 14564 5971 2798 8992
5785,11322 14714 10414 7175 5325 1855 773 14471 11321 14483
5786,1655 11309 11565 1656 5384 2438 9682 11314 5383 1939
5787,8590 8589 11212 14511 10029 6548 726 11134 42 11089
5788,14983 14874 14982 4961 2834 14893 13699 13342 4861 2835
5789,14203 6609 5373 13535 5377 5375 14204 7581 5378 14202
5790,14862 8586 14654 5945 8581 12625 12624 14334 8587 8579
5791,626 8397 7544 9365 4966 6488 5709 578 5377 5113
5792,692 11366 12386 15082 15083 14136 8250 13838 11405 14208
5793,14984 714 3152 8054 14334 10820 11307 11126 7805 14102
5794,9424 11630 14985 9781 11310 3152 11254 14819 11186 14111
5795,692 11366 12748 15120 12386 14136 11405 8250 13838 693
5796,692 14580 11630 4449 8250 8281 11366 13268 4448 11310
5797,692 6583 14567 11366 13058 6582 12386 14136 8250 11405
5798,692 11366 12386 14136 11405 8250 13838 693 15082 14208
5799,8250 14569 12339 692 14572 14964 12340 13558 14575 6581
5800,692 11384 12252 11366 12386 12065 14379 14380 15082 10584
5801,7527 2699 14423 14422 5197 8576 14056 6785 10009 7646
5802,13559 14861 11306 11315 14859 13558 14860 8221 7876 7328
5803,8250 14964 14572 692 12340 6581 14573 14569 14575 13558
5804,14692 13843 7696 9466 8994 176 6596 871 11383 5732
5805,13395 11405 10093 14888 4954 11230 14136 14512 14200 14711
5806,476 13487 3874 4574 9094 165 2134 11857 13955 466
5807,259 14861 14573 14660 13559 924 11306 4085 11120 14859
5808,4085 14861 13559 1993 14573 259 4766 585 14859 216
5809,14819 14574 11630 14575 9620 14497 8047 6581 11186 8250
5810,14209 14458 14596 14595 13680 12440 14286 14213 11120 14285
5811,7876 8374 5407 7875 11187 13929 14859 14860 12997 14861
5812,11120 14861 5673 13559 14573 259 14859 13483 13878 14464
5813,14202 14425 3840 8423 14069 4968 14505 14933 14463 12009
5814,10701 3887 3665 12156 15120 12748 13179 3880 5717 13887
5815,6617 7169 12083 3747 6619 5486 6621 6622 10049 12873
5816,14987 14988 14989 14990 14992 14991 53 3061 14840 14993
5817,12748 11219 12304 15120 4447 11218 10701 6537 11041 14353
5818,10897 10420 10653 9347 9423 14128 4552 2230 14344 787
5819,8408 10484 14854 13018 14329 14970 9430 14526 13132 14616
5820,11405 6113 14512 14136 14200 14711 11403 726 11402 692
5821,14581 5518 14204 6606 6605 14478 14513 14222 5519 4549
5822,1627 1628 8411 14711 11405 11920 3405 12201 9024 15064
5823,12841 14074 13813 13997 2018 7463 1551 287 478 1545
5824,11384 9836 692 6622 12065 14205 13431 553 13262 13737
5825,13276 2681 13277 13737 10798 2713 2714 2710 2712 2076
5826,6342 7183 1575 2685 14969 11902 4279 6380 985 424
5827,3801 14961 8421 886 13520 14441 7699 14530 14004 13852
5828,14757 5106 5105 5104 5103 5102 5101 5100 5099 5098
5829,10214 8979 5670 2986 2449 13523 14650 14649 14651 14648
5830,7124 13587 14826 13912 13414 14578 13940 9055 14555 14559
5831,14995 10921 5971 7898 10215 14221 6881 4437 9052 3890
5832,4756 13511 14565 10200 14564 625 5552 9144 13618 5019
5833,14689 10384 5595 6836 15254 14905 14688 1618 235 14543
5834,12805 9245 13831 2246 3676 5632 1035 1017 7249 1535
5835,14102 14721 4934 8581 8272 13570 9938 714 12031 13215
5836,8421 7699 7700 13520 15009 3801 5784 14910 8407 287
5837,726 13852 14996 886 11405 14199 8562 14961 13804 14512
5838,7457 12059 8299 12009 630 12547 6220 4541 5514 1332
5839,10625 12541 4279 14969 5363 9510 715 10633 2581 2706
5840,8421 14388 7700 7699 15009 14910 14950 287 3801 13520
5841,14565 14564 11994 10200 13511 4756 13602 5019 11026 15074
5842,14986 14997 8780 645 15246 4956 8873 14853 1670 14718
5843,11405 726 14512 14200 13852 14711 14136 14199 11403 14996
5844,4865 713 14140 1499 8190 14718 663 10522 8873 12463
5845,14157 5515 2985 8013 3673 7581 14158 14159 15163 14952
5846,12810 7116 7132 11719 3751 7157 8798 12384 11658 11814
5847,14998 5105 5104 5103 5102 5101 5100 5099 5098 5097
5848,14512 11405 11403 11402 14200 14383 14136 14711 11401 726
5849,8408 13018 14854 10484 14970 9430 14329 13342 7381 7170
5850,726 14199 11399 11405 75 4703 13852 8411 8562 14996
5851,11405 14512 7229 14136 14200 14711 11403 726 11402 692
5852,8892 8893 11655 12406 13248 8894 6000 13128 13244 1535
5853,9423 10897 4552 10420 10653 9347 6897 8581 7748 1257
5854,7583 365 12487 4397 364 363 8983 9517 2402 3891
5855,6622 7017 9226 6484 9841 309 6818 8487 1840 11425
5856,15000 7050 10171 5592 11914 15074 14356 14307 4191 5225
5857,1277 1916 11777 9554 7358 1915 1279 1081 1278 1274
5858,2742 5998 10932 11493 13672 2815 2614 2820 15152 3465
5859,2820 2742 405 13651 1165 12380 1166 6351 12786 11122
5860,1260 1261 1259 4457 1266 1264 7899 2848 9229 8291
5861,14584 14583 13587 3053 3059 3058 3057 3056 3051 3052
5862,58 11126 15285 14824 14163 14742 14980 12427 14605 14604
5863,8039 12897 8029 8038 8011 6982 4746 8037 8028 8036
5864,13561 2741 1534 13910 13351 4516 2614 2742 6352 1526
5865,3465 1166 2744 2820 3464 2742 2614 405 1165 11122
5866,611 10421 11936 11939 11937 11938 15020 383 9955 488
5867,14586 11440 2659 14524 10912 11718 5784 471 10776 11938
5868,15005 14514 10603 13883 14149 13512 8097 8411 8480 11920
5869,14475 1091 15006 14476 12390 9263 1993 6596 14585 14162
5870,15007 14475 13920 14476 14566 12390 14904 14426 5183 14941
5871,15008 5369 11332 924 3771 13627 14168 14465 8860 13580
5872,4316 5016 8691 2996 9642 9636 14527 8995 14132 13697
5873,879 6821 466 502 889 871 2448 323 794 5571
5874,14458 990 4953 14209 1859 13737 10907 11756 7019 10095
5875,15009 14910 8421 8407 10495 7699 14926 14891 13520 14299
5876,2820 2614 3465 405 2742 1165 13578 1166 1323 12426
5877,2823 3045 13540 360 2820 13187 14457 13334 2818 2745
5878,8074 5490 5488 6689 10304 5489 14297 107 634 7580
5879,577 712 3600 13286 11395 15147 14094 11396 1490 7301
5880,15011 15022 15247 14519 12877 5092 5093 5094 5095 5096
5881,2816 12671 2820 12672 8889 5193 405 1166 8808 13187
5882,10647 13398 3656 6657 6663 14450 3654 10403 5599 4876
5883,4519 9588 7373 2569 851 8391 13129 3735 4411 3181
5884,6004 6002 7941 4351 2979 1864 6476 6622 1957 8893
5885,3055 53 14578 11126 13626 15163 14826 11883 15247 14320
5886,9241 7520 570 10230 9143 7205 12600 15046 11291 14005
5887,10732 11392 46 1576 1577 8336 8314 12205 6002 11747
5888,14837 265 13103 267 14087 12926 10253 4373 14171 13638
5889,14856 6977 1763 6816 4928 3292 14855 38 3453 9142
5890,15014 2448 8705 1382 3033 6967 1231 2765 3697 7697
5891,4924 12343 12318 5455 4742 11862 1949 2676 12709 3296
5892,4553 7398 7691 339 9221 5408 11151 3924 5621 7448
5893,14442 15015 14443 7527 5093 5094 5095 5096 5097 5092
5894,1320 1319 9192 4036 6362 1001 1779 1778 6363 2375
5895,9647 4139 10988 4603 5667 9758 2875 6555 8159 2874
5896,3839 12204 10406 13991 9518 3714 2670 1116 5044 768
5897,13885 12850 11366 14488 5268 14506 14500 5267 14480 14131
5898,7014 7015 9412 14236 12143 4062 14571 7013 3486 9307
5899,11366 13885 12850 14488 5267 5268 5266 13895 14500 14131
5900,349 4830 8176 351 9223 10102 2428 14344 14128 339
5901,4596 9664 10574 11891 12726 1145 5686 4407 13565 1146
5902,3663 15016 962 963 1538 14608 938 977 13556 3006
5903,14971 14903 611 4861 5216 10832 12298 5678 7875 8
5904,14752 14352 10560 12439 13642 13643 7264 13741 12522 7940
5905,14789 14155 6273 15198 4356 9761 6350 5554 12027 13614
5906,15017 6356 1011 10199 5447 5687 2996 9540 6807 2998
5907,7129 7130 79 12434 15269 11045 12435 12436 5191 2142
5908,14609 11859 11861 7776 11860 475 5991 9782 5095 5096
5909,6267 7170 14719 7967 14720 14721 7547 14854 8408 11236
5910,12057 3267 1484 3027 3029 3506 73 2696 72 10181
5911,5266 10611 4862 11366 14498 13885 14486 14497 10126 14485
5912,15018 12039 4697 6622 11575 12024 12264 13278 6131 4674
5913,6686 4559 3676 7104 11655 8232 341 10078 7224 9591
5914,2375 2371 1354 11347 7215 4413 4414 5845 8164 4134
5915,13959 14387 5431 10208 5405 7229 362 999 14389 13562
5916,1206 3209 8768 1981 9987 1982 4157 1552 9469 1962
5917,1602 7898 8468 6881 10509 5971 3222 15074 14564 10215
5918,9686 11930 12128 3923 7389 15019 6572 8071 14044 8668
5919,7341 10968 2306 2412 3176 2291 11759 10566 1830 9318
5920,7719 6491 14674 9143 14886 15260 6766 14470 6589 12599
5921,1826 1777 4134 6705 5876 6364 1008 3843 4415 9194
5922,5003 3200 3438 15065 6941 159 2498 618 662 11123
5923,611 15020 10421 11936 11939 11937 11938 383 488 11230
5924,1287 2798 9273 10541 5517 13379 11607 9610 13808 11838
5925,466 10168 6821 6027 167 476 2312 879 6682 5580
5926,8218 2597 14298 14174 14507 13986 14173 13760 9843 7522
5927,7014 7015 9307 14236 11273 4062 14571 3486 13557 7013
5928,1295 8248 2471 3312 2474 5836 6878 6876 4341 2475
5929,15022 13957 2096 15021 6065 9115 62 15179 1300 15011
5930,13695 6073 9966 13681 6077 13694 3961 6072 5818 12945
5931,3726 36 3179 7865 11976 2631 12189 5187 4804 9932
5932,11936 11939 11937 15023 14898 11938 14603 13571 2266 13514
5933,13753 1291 381 10124 3403 14144 3043 2509 10279 12666
5934,10796 4785 2174 3408 9402 10793 10791 10794 10795 10792
5935,8582 14975 3462 10978 14809 11824 12991 9102 919 12713
5936,8413 10111 12853 2154 15255 13891 10110 12546 4803 5126
5937,10595 12634 3456 7189 2498 12667 7800 5751 13372 10886
5938,7563 13803 7309 6136 11680 13801 13800 13802 10079 10605
5939,11256 6330 2017 2925 13881 10459 9523 6331 6328 2927
5940,13983 1011 5844 13911 4611 12607 10814 5687 11537 13984
5941,6099 2095 4892 4717 10967 11171 1883 9494 6101 11368
5942,6100 13975 10057 14377 13809 11544 6138 12069 8295 4713
5943,10916 12964 4882 12288 14600 7560 13432 10977 7559 3573
5944,14319 8760 11952 8747 7781 11026 8807 1904 4336 8805
5945,15024 5105 5104 5103 5102 5101 5100 5099 5098 5097
5946,8242 2762 4770 5088 2294 8418 1417 2239 98 3541
5947,692 476 12386 11366 12325 2566 15082 15083 7332 14136
5948,3699 4762 7403 6038 6026 14158 3705 585 6596 1885
5949,11938 7970 11440 10820 3021 12326 11936 11939 11937 3742
5950,7401 4948 576 7866 8424 10955 5356 5357 14528 14353
5951,11748 10910 11215 10050 3359 7283 3317 1836 5508 9741
5952,15025 9433 5792 4284 5791 9431 9434 9432 7086 85
5953,2375 2371 9192 1320 1778 1779 6362 4606 1319 6363
5954,10042 2925 10763 9442 5143 8052 6103 2918 2927 10210
5955,5419 794 9263 6411 9250 11761 128 821 4025 1646
5956,101 740 14979 14348 14163 14898 14907 2774 15013 14547
5957,715 7047 1760 10664 2201 14504 1515 11623 7820 8837
5958,4305 13958 4946 3479 4776 11298 2118 7190 1834 9149
5959,15026 14281 8409 2301 6620 13832 637 14095 14522 8701
5960,11780 13597 716 9805 6944 6349 1713 6484 6623 6485
5961,1282 4201 1212 9248 661 2457 10471 4850 12847 3460
5962,6468 8142 46 7385 1206 6969 10893 2200 3597 7832
5963,710 11355 4358 1222 1896 7936 2908 1938 11353 11711
5964,2516 1395 2532 9164 9906 1190 1462 742 2543 1465
5965,49 1374 7346 8874 3599 3906 9773 12666 11919 2149
5966,6178 4128 10607 2307 6176 2107 793 11194 4496 3945
5967,13380 4037 9194 2880 5449 12914 4039 1711 8848 14745
5968,8215 13072 2662 13073 11472 9348 8214 13071 12366 8216
5969,342 1205 11864 12776 9142 6981 8374 1748 8141 2804
5970,4201 12862 6999 6047 10418 141 5553 1212 10415 9248
5971,9443 7430 8700 3993 7364 10304 5481 9370 5747 11157
5972,1282 2342 2588 4850 12847 11551 2589 12087 8669 12084
5973,13388 9610 4153 1130 3051 11914 3052 11126 3053 10553
5974,5580 11654 1346 2277 711 14227 466 7012 4925 618
5975,11385 12227 7754 15027 14791 12935 9289 6276 10819 14750
5976,15028 10383 10382 15029 8591 8999 14163 12875 466 14825
5977,13312 9519 4350 10491 13836 14419 6178 3308 15226 10249
5978,2614 15030 12507 12503 12506 4791 7295 11880 11390 12508
5979,14811 14812 6325 15032 406 10494 361 14054 12502 5299
5980,15033 5105 5104 5103 5102 5101 5100 5099 5098 5097
5981,2375 2371 3094 3001 4138 1001 7215 5686 6847 1778
5982,1317 4687 3684 2719 4132 10494 2987 4688 9886 4017
5983,7719 14321 4884 4392 3236 12410 14252 4045 7046 2483
5984,12939 4068 14313 11265 7940 4948 11264 11733 8325 1041
5985,12748 10353 15120 8997 10701 11219 12481 2009 14153 12304
5986,13777 13610 13778 7138 13776 3491 8115 13779 12389 14109
5987,2820 2742 13562 2822 1165 405 2614 2815 1166 3465
5988,2820 1166 3465 5999 15034 1326 13259 13651 13960 2742
5989,3465 2820 12744 2614 1168 12007 2742 13200 1532 405
5990,2820 13661 14712 1323 3464 1166 14084 405 12747 2742
5991,13623 12742 14806 12032 10206 14879 14324 6866 2820 10207
5992,12746 2820 13518 14079 11880 1525 2744 2948 11955 13672
5993,1011 10192 2371 6360 1357 9851 12075 2375 5689 1354
5994,1145 14363 14440 13237 11350 1136 2096 8741 11891 1146
5995,14113 2409 3406 9595 5418 9177 10657 11918 11919 4302
5996,9534 5687 1011 10199 7427 10899 7057 7091 9540 15017
5997,512 90 5312 7438 8407 510 3223 1449 838 662
5998,3365 499 12916 1642 470 6702 2224 768 1474 6127
5999,248 12176 8888 244 238 8986 250 249 246 2740
6000,10529 6094 10131 14657 707 11493 9894 12984 5650 6130
6001,10059 9533 15036 7630 8986 6129 11098 13585 14154 12823
6002,182 6471 3310 9530 10300 7723 2448 2103 2107 3362
6003,13593 3393 10092 421 11270 12885 9936 3391 13591 3392
6004,15038 12842 7393 12027 8761 7908 1740 4790 8312 7333
6005,11139 5186 4406 6375 9441 5622 9601 13193 10433 15082
6006,7552 8553 9171 3543 13677 13676 4139 4606 7062 12730
6007,1011 12656 9084 7449 7817 7554 8982 10246 12376 14751
6008,5791 8307 27 10230 5792 9252 715 363 5750 8455
6009,4179 1835 11317 5155 4496 8349 1478 1504 8970 3199
6010,4020 13923 708 8429 13647 13673 7247 7681 2106 1257
6011,15040 15039 14282 12759 2600 5196 9551 3945 7965 2115
6012,383 12848 7913 1301 3983 4759 13766 12253 4497 5070
6013,2575 3367 10891 161 166 9467 5541 12573 5655 8422
6014,11735 10671 6406 197 46 5462 4220 5460 885 11903
6015,15041 14682 10258 11074 1774 1704 6447 5854 2883 5688
6016,14127 4516 13452 3465 13187 2614 2742 13561 14084 14657
6017,5199 5901 3847 2859 10154 13634 10229 13942 3849 7953
6018,4424 14163 12020 12031 100 0 53 14210 3222 771
6019,2579 47 2504 87 10017 54 2583 2543 2555 96
6020,13905 1302 9495 13998 4670 13904 2645 13752 2520 1222
6021,771 9223 14849 15029 15060 4424 100 4754 12031 4964
6022,1475 8889 11583 5345 14844 8892 1535 13336 11880 1529
6023,12559 10883 15043 15042 6015 1536 14608 6016 10893 7135
6024,14844 6933 1475 13008 936 6938 13039 10731 5403 5570
6025,11718 11440 10776 14586 14560 14851 1368 13015 3960 2659
6026,420 1641 11658 6853 11574 6382 1814 149 5577 2645
6027,4660 4663 11368 11370 4653 2804 4650 4658 4659 11367
6028,9249 9372 6489 3304 3821 5742 10766 13431 12901 9648
6029,8104 10901 3394 14358 9814 10900 11230 14254 1752 13524
6030,15044 14280 10667 8768 372 12741 12307 5026 14891 14910
6031,14163 14307 10715 14668 8999 58 15273 15274 12427 740
6032,323 176 6411 873 4468 1564 794 1565 4821 6374
6033,12752 467 14541 11406 6400 7049 15046 6312 13124 11361
6034,1351 242 5858 10390 10715 1350 15273 15274 13912 740
6035,4028 1784 1539 2283 12538 14484 5259 1305 14482 1541
6036,4413 6360 7096 8443 6364 2371 3083 6553 2375 9851
6037,2741 11881 6416 2742 12994 7395 5998 10207 3046 12425
6038,10560 14752 7264 2635 14352 12439 13642 13643 13741 13177
6039,11545 13486 13084 11543 11380 1160 11544 9358 2480 12066
6040,1011 7366 11528 5535 13573 5687 1317 10913 4035 13621
6041,3717 5116 9934 314 16 3749 659 3138 3716 9933
6042,1354 1355 1357 2369 4141 1356 2371 2378 2886 4138
6043,14636 2309 11550 10968 3765 3811 3176 5740 2755 14710
6044,560 11231 13723 4137 5367 7057 11232 13238 11284 4840
6045,3465 3464 11121 4514 1166 14799 2820 11122 6992 1532
6046,9784 14803 11111 12070 14359 11822 1532 13354 4514 4791
6047,4642 4643 4644 5565 5564 4594 5563 9559 9558 5566
6048,12283 12284 3914 4160 4155 988 4156 4161 4164 4165
6049,8846 12435 7374 12436 8499 3015 4957 6898 7297 12244
6050,15047 12250 9984 6349 12980 13704 2438 3424 12252 10226
6051,3080 6219 1721 4407 1776 14438 10246 7215 14439 2881
6052,8452 6968 6034 9390 7044 6035 3041 3020 1584 6379
6053,1512 3957 4017 6546 6498 6373 6499 1292 3970 3969
6054,4344 2799 4906 1371 6301 10327 3398 3381 7559 12140
6055,9390 9048 5076 7516 13884 14112 5079 11866 6879 5082
6056,2225 6378 8198 3023 15082 15083 3024 8146 2249 14878
6057,2488 11970 7321 3348 7048 9182 4992 185 4993 7047
6058,15048 12783 14151 15030 12506 9244 5818 2109 5188 11111
6059,3553 2962 10657 14878 1527 10963 13752 11267 7767 13825
6060,15049 1709 4072 10716 4596 6360 7065 3667 9851 8477
6061,4117 4116 4118 15050 11707 11673 203 4581 12763 4120
6062,9784 6990 6995 5190 1532 11108 13354 11111 9935 2820
6063,3160 11954 6908 1960 4370 8503 9911 6899 1367 3174
6064,7740 905 9805 3423 10322 6228 7487 5247 12566 12838
6065,13047 12508 12507 15051 8023 15241 15168 9048 5376 10823
6066,9880 966 9879 4589 12946 967 12761 4590 12760 961
6067,15053 7655 12943 15052 12946 8263 9880 15054 1540 4589
6068,6391 586 9053 4355 6402 3881 7869 4843 10439 7961
6069,11634 6109 9847 6065 13948 11633 15022 12158 2096 11636
6070,3383 5812 3148 6322 3350 5078 10660 3368 10715 3359
6071,6095 13080 13823 13079 3877 13078 13542 13074 10983 6849
6072,13342 2402 10259 5607 6789 8408 12797 2834 4577 11261
6073,1537 10066 3025 6369 12127 11298 8902 6306 3972 1539
6074,5414 5011 5730 7921 2126 420 1641 3195 7181 9166
6075,15055 2990 1979 6148 668 4167 864 4779 3678 887
6076,1404 4861 2117 14265 11293 12197 1419 8748 14224 7875
6077,4718 11036 4713 14377 8274 1541 10085 13114 13383 7443
6078,12480 7843 3838 5336 2015 911 6824 4645 14447 5324
6079,11368 4660 4663 11370 4653 4650 2804 11369 11367 4655
6080,8591 10382 10383 2325 117 15029 15028 8999 3662 494
6081,625 8239 14585 12178 4756 9296 13517 7304 7350 6596
6082,13647 13673 149 708 12659 13924 11554 169 14956 13923
6083,14163 8999 13919 58 14929 3021 14668 14612 15079 14559
6084,10920 4757 1666 425 11643 9000 944 10369 12362 11527
6085,14713 15057 14585 11662 7223 4816 15006 4591 9779 13390
6086,9367 12800 2659 10263 11391 9667 1044 3503 9 11390
6087,7014 7015 9412 9406 9307 14571 7013 3486 14545 14236
6088,15058 2865 271 11156 13425 8512 7623 6084 2286 11710
6089,13682 10095 2869 9407 2374 14616 10912 13684 9410 8997
6090,8702 14220 12483 4805 1988 8701 1028 8700 4661 6799
6091,15059 699 1394 13930 15168 13937 15119 13000 6822 7977
6092,15063 3053 8370 3059 3058 3057 3056 15061 15062 8369
6093,14306 1858 12206 11126 15195 6106 13897 10215 14320 13896
6094,14891 14910 10667 15009 12065 15044 14280 8421 8407 14926
6095,3405 8411 12201 15064 11920 9024 771 2129 1627 13310
6096,14961 3801 13943 12324 14441 14563 14530 11087 14004 13892
6097,12574 14887 12134 5678 1880 14971 14606 5676 5078 5092
6098,15065 14550 3471 618 3200 14619 4841 14092 1702 1436
6099,11125 10053 9777 101 14240 11124 14639 15067 15066 10014
6100,14163 9300 14668 8999 58 10715 4426 12427 14612 15079
6101,3903 8241 7452 10173 6971 2764 11257 15077 6592 5540
6102,10715 52 8474 14875 15273 15274 1351 14307 14100 113
6103,14951 9054 8999 4162 9472 14166 14950 14929 15148 14165
6104,14209 14213 14596 3153 14595 11043 13680 14214 12440 14286
6105,14088 14558 12513 6521 14166 14930 14427 14867 14866 7284
6106,625 13517 12178 9296 4756 7304 6596 3222 6836 2139
6107,12338 14860 7937 14508 15177 14859 7876 14861 13559 12717
6108,7177 2084 2083 4423 12711 9113 2085 3022 15002 7134
6109,12134 13899 7688 11019 14887 14696 14697 12574 12850 14976
6110,8408 14854 13018 14526 14329 14970 9430 10484 7170 7381
6111,176 488 3713 2448 3711 11070 9299 879 4761 4771
6112,876 12868 578 3587 5140 328 12819 5313 12670 13337
6113,15070 14958 13627 14652 14465 15187 14957 8860 3720 434
6114,11195 8560 11695 11696 11698 11697 9027 11694 9494 6306
6115,232 2829 229 11299 10153 10485 11292 7195 14175 6869
6116,6869 13429 11847 11299 14473 10153 14096 6316 8560 6306
6117,3841 13526 13056 8256 10591 14566 11884 13705 14543 9300
6118,5674 1907 10565 12387 11894 5675 11354 1908 12391 14531
6119,14450 5599 3656 3654 13211 7450 7449 11388 3646 13398
6120,8871 14240 11124 14535 2324 13933 287 6411 5375 7268
6121,7002 14620 8690 12811 12689 11563 15072 1500 13949 14143
6122,74 2986 5415 541 10026 8561 8562 6823 13017 13012
6123,15075 12017 15074 14092 14564 6881 7898 8992 12497 740
6124,6596 12178 11459 4 9262 625 6374 794 9263 176
6125,10559 10483 14529 9060 1949 12512 4417 13847 8969 276
6126,13369 15076 9227 14792 14296 15072 786 12013 7131 3576
6127,14255 8095 3561 1886 7962 13929 4564 2015 11701 4565
6128,2781 13560 11993 2938 1206 3931 2933 5075 1732 2307
6129,11096 13917 14780 8901 1997 11095 14515 14664 12094 13780
6130,5928 12549 11934 7433 5028 3100 4230 504 794 5095
6131,46 2277 9683 11392 10732 4925 12205 6825 4924 14057
6132,14080 15287 1500 14605 14604 100 9056 7324 8310 8802
6133,5329 5330 14022 5327 1882 13256 3482 5326 5328 9960
6134,15077 14781 9573 7240 6971 14066 9575 13019 14795 6101
6135,12995 9132 3019 7370 2571 3738 2585 2123 6914 6916
6136,11654 6543 6495 14227 4474 7012 13178 10106 9661 6544
6137,14631 12290 12293 12289 12292 12675 13381 12291 12673 12674
6138,12277 2089 12613 8087 13969 14371 8101 1637 10133 9566
6139,11836 8196 12852 15019 8580 2016 12512 3800 4570 7519
6140,3214 15078 4519 374 2309 2569 27 9588 851 7373
6141,15007 13603 15013 14578 3055 8050 15270 4426 101 15002
6142,2086 8921 14744 2093 11039 1173 8585 8687 12492 6284
6143,12328 11246 11247 4594 14664 13586 645 14076 11210 4641
6144,14307 1351 15273 15274 52 10715 14163 10171 11914 15074
6145,14612 14559 15079 14823 14865 14163 8413 1368 8999 14867
6146,10134 7960 2607 9092 2929 5688 8851 2252 5036 9297
6147,13388 11126 11914 12689 13937 9610 4153 14839 14686 14841
6148,10696 13945 2717 4654 14234 8088 13914 6796 9077 12648
6149,3691 5823 6812 3676 14128 14114 383 1305 2230 8176
6150,15013 14578 101 15270 14407 15002 15007 3055 611 4426
6151,14223 10121 14160 14106 6346 8737 6614 7688 11019 13899
6152,794 12386 476 3222 7580 12388 6411 149 4230 464
6153,2828 12387 12388 9343 1311 14845 9523 9526 8458 9522
6154,200 14703 204 195 202 203 205 207 206 201
6155,15081 14840 3061 3062 14993 3060 7129 13388 15012 14988
6156,13527 8663 10918 5634 1883 1886 8416 12993 12104 1544
6157,3441 1798 6964 4215 6366 4 7955 6963 4376 6959
6158,3548 8666 15182 656 7256 13208 2598 3163 6816 659
6159,13637 11398 4238 6610 7632 10839 13636 14132 788 13722
6160,15082 15083 692 8198 12386 11366 14145 14136 12340 14654
6161,13215 13838 14721 13214 691 692 12340 14720 13213 14719
6162,14826 15060 13414 13587 15134 4754 15063 14570 4964 14320
6163,12134 13899 14887 12574 14696 14697 12850 14976 12101 10977
6164,6836 14689 5595 14543 8272 10384 4349 7631 14566 14452
6165,58 14742 8050 15285 14980 11126 14824 14605 14604 14163
6166,6099 1883 6101 6100 11166 6792 13433 8757 8393 12182
6167,14555 9054 7124 13587 15288 15079 14296 14852 14559 14826
6168,1456 14120 14299 15245 12011 10904 14926 15116 11087 8708
6169,7723 182 2103 2107 11461 2949 2748 15113 580 13071
6170,12463 713 798 12055 3055 1087 10053 12308 5736 8190
6171,15085 1028 7440 12313 1238 14720 8508 14721 14415 7753
6172,5452 4973 2653 3411 1304 6558 11733 11665 2296 12988
6173,12966 10637 6881 3821 5376 625 8007 10339 9207 15006
6174,6785 7170 8081 13640 6244 6267 7219 12566 14854 13846
6175,15086 13538 12653 4375 6228 14213 9214 14214 14890 15169
6176,794 9319 1553 383 7223 8483 12983 11653 15056 518
6177,14268 14396 4576 5226 15107 11253 9894 9895 14144 1572
6178,9056 8588 15072 9260 14080 14430 3055 12689 8587 8586
6179,8904 1533 1532 14324 3465 1323 2744 11112 6992 1165
6180,859 2317 9947 749 11196 8184 11734 774 466 4260
6181,11157 7393 5850 5746 5747 8700 12027 15038 2 8098
6182,12828 6613 13577 11709 12371 12950 14949 10493 7804 13268
6183,7380 11073 14215 13771 13606 13607 1349 7828 2291 13767
6184,14039 7648 12719 12520 2839 7528 11610 12282 10253 10254
6185,2133 2774 4 14898 6826 2779 10138 4349 101 6255
6186,8999 11632 12237 7572 15148 10798 10508 3504 15189 6065
6187,6329 4265 8960 413 6331 11089 6328 12406 8225 5798
6188,14482 4028 8340 6270 14484 11690 8843 6043 6318 14329
6189,11405 11402 11403 14136 13182 14512 11401 14200 692 14711
6190,4700 4963 12385 13933 3894 5561 10529 6495 7408 4964
6191,405 13932 6415 11755 2820 1323 1535 8526 2742 1166
6192,9964 14858 12247 7663 7163 1018 4450 9963 14528 11786
6193,8376 2204 14703 14702 14100 106 10715 7208 2031 14220
6194,15016 13556 14764 3006 962 963 5058 3663 8296 14762
6195,478 5438 1004 15088 14548 651 1069 476 14539 4177
6196,15089 14398 352 10695 12276 6268 6276 11654 10694 10085
6197,10281 9071 11272 1252 688 3811 12992 648 9072 1191
6198,1752 2930 2240 1747 3043 5132 12667 3044 2560 10931
6199,2556 12087 11480 12847 12084 5038 7438 1282 1410 12320
6200,14180 5430 5998 12843 2614 13055 8362 14330 13409 12820
6201,14416 4840 13813 13613 14262 11470 14074 538 11284 14440
6202,15090 5747 4705 5746 8700 11157 2 1406 4706 3775
6203,12820 528 13315 10880 11555 14805 8507 10056 8506 12821
6204,2365 2614 2820 1532 2742 1167 13200 3465 9784 12007
6205,2742 5998 2614 2820 15152 2741 3465 1165 405 2815
6206,13244 1528 13128 6000 13248 12509 405 1535 2614 1323
6207,405 1535 1166 2820 2742 1323 2815 14084 12426 2816
6208,13271 404 13628 13650 1165 2820 1166 2742 13327 13574
6209,2820 2742 405 11418 6001 1323 3465 14122 12426 1166
6210,1880 177 7923 13129 6868 15147 6399 4519 7922 9773
6211,13422 12502 6326 6867 12826 15164 9791 3464 1166 12825
6212,14374 14375 14376 15093 2365 9784 5093 5094 5092 5096
6213,3464 1166 2820 1529 2815 8904 2742 3465 13731 14712
6214,2820 2614 1166 3464 13187 2742 3465 12426 13326 405
6215,12826 12475 13345 14122 403 15164 12502 405 1323 2820
6216,1166 3464 2820 11052 1535 3463 13731 405 3465 2742
6217,14015 13562 13346 8730 13005 13186 405 1323 2822 1166
6218,14811 12502 14812 12826 11123 14408 15164 15032 12825 406
6219,6867 13422 1166 3464 9791 404 9792 2820 12502 9793
6220,1532 2742 9784 2815 11112 2614 2820 3465 12742 405
6221,14812 9792 15091 14811 15032 12825 9794 14655 9791 12502
6222,405 1323 13562 14807 2820 404 13334 1535 14015 12426
6223,14655 14029 15091 15032 14309 14812 12825 14811 14122 14359
6224,14562 5998 11955 3465 2742 2614 13327 15152 2820 405
6225,2742 1165 12426 2820 2614 1166 13327 405 3465 2741
6226,13625 1535 1532 1166 404 4330 13650 2820 14405 1165
6227,9784 2365 15093 14374 14375 14376 1532 13354 2820 14359
6228,13423 1532 2742 13651 1326 2614 14327 5430 2741 13672
6229,2742 5998 2822 3465 2614 14881 2815 2820 13201 15152
6230,13731 1324 3464 11052 3463 2744 2741 1166 1165 1325
6231,12426 2820 405 6351 13248 1323 2742 1166 2822 1535
6232,1323 14662 14183 405 2820 2614 15097 4711 2742 12426
6233,1532 2365 2614 11112 14138 11121 8904 15093 2742 11122
6234,1530 12743 2820 11052 1330 2614 405 1525 1323 11392
6235,13660 13932 1533 13186 8402 13700 1168 12006 13628 11755
6236,2742 2820 4515 2744 1535 1165 405 1166 12747 2614
6237,362 1532 13562 13959 405 3465 11121 9791 11122 2820
6238,405 4515 2744 2820 2742 1535 1323 1532 1166 3465
6239,13671 15095 13348 14325 8731 14799 13328 13575 15035 14712
6240,2614 3465 5344 13339 2820 2742 7686 1532 5998 6350
6241,3465 15097 2614 2820 4711 2742 6417 13320 14183 11122
6242,5998 11112 2614 1534 2742 1532 1339 13561 2741 6991
6243,6353 14655 14335 4516 2742 2614 15091 14309 14029 1532
6244,2614 3465 12425 5998 13339 2742 2820 1532 8904 11112
6245,2741 2614 6416 2742 5998 7395 12425 10207 3046 2820
6246,13806 2951 13807 13804 13805 3333 5094 5095 5096 5097
6247,1532 14138 1165 15257 8830 2742 2614 2820 11121 11112
6248,4516 8907 4330 3465 4515 1532 2820 2741 2614 2742
6249,2820 11418 13188 12426 1529 13187 9786 2364 2741 13324
6250,2820 11899 2614 408 405 1532 1166 2742 12426 5998
6251,6989 404 14150 1166 2820 13960 13352 9791 13701 1532
6252,2741 8907 2742 6416 2743 1526 5998 2614 2820 11898
6253,2742 1165 2741 2820 12994 13325 2614 2743 1166 3465
6254,2741 6994 11898 8907 2742 8830 6416 1532 5998 2820
6255,1381 10790 4315 6109 10265 2628 6572 5278 2585 9284
6256,6923 14890 15098 1557 11782 4290 14446 2498 13117 11689
6257,14120 14674 5359 15245 7719 14470 14886 15116 12011 1456
6258,6162 13070 1874 1844 14588 5385 5383 8335 5699 2849
6259,11620 6069 10254 1912 7571 11249 11412 11411 11413 11414
6260,12494 14000 13552 1658 947 11011 14706 14388 2079 4772
6261,11153 13004 10868 6613 14090 1669 2946 13046 5970 9205
6262,10184 13765 6090 7529 8887 14134 8532 14135 7878 617
6263,2614 13482 13452 14657 8869 14127 2820 4516 3465 2742
6264,8647 11780 4459 7481 7796 9395 6944 8318 1713 8612
6265,1133 12559 10866 8486 9287 8525 2670 4550 9288 10883
6266,10376 10377 9712 12924 5111 10378 7764 2358 10374 743
6267,11537 9547 1011 9666 12607 9548 4598 4611 1141 5535
6268,286 1684 478 10417 4285 10818 816 14548 11025 7385
6269,4755 15099 968 5728 10838 8038 14582 14451 3717 4434
6270,10911 14546 4450 14762 7014 13212 7015 2009 13557 14764
6271,12332 12934 6432 15027 10461 12933 8164 14736 12932 12935
6272,1018 1226 7474 1117 10785 6159 9964 7663 14858 12247
6273,8164 4605 11120 4133 15238 13665 10098 7016 5673 1721
6274,9249 14226 2079 5742 9372 9648 14225 11844 2887 6175
6275,12611 14182 13103 267 7827 1748 6842 12333 13647 13368
6276,1011 2874 1861 13483 5687 4693 7817 14464 4134 10003
6277,4599 2014 9851 7427 6360 1357 1315 2375 5845 4693
6278,14729 14091 5273 3602 6909 10169 8326 13004 13718 15192
6279,13142 10519 2946 7018 2418 12959 6884 5287 13141 10521
6280,13238 560 4523 6548 7253 7628 13605 14170 11642 4357
6281,6782 8555 14342 13459 9233 11912 11227 5157 7574 6170
6282,14237 13070 12765 6228 6163 6225 12229 6623 13538 10251
6283,900 9807 9661 12025 3878 6251 7934 2439 4497 13178
6284,6174 1268 13880 7106 6510 7948 4851 1847 7947 4358
6285,14533 11908 13770 1126 14006 8032 13841 4458 10490 13406
6286,14146 13961 1700 13893 14314 14002 5714 2008 6670 11649
6287,12196 21 7953 13479 2859 24 22 23 20 9438
6288,14731 6168 6479 6240 8136 12748 14730 11219 1665 14503
6289,12432 8144 6781 1844 7938 11648 2268 6162 3848 12459
6290,13285 7302 127 12037 1836 133 4966 292 6676 4127
6291,8516 13782 3862 8462 4223 1519 1441 12138 10119 11085
6292,1532 2820 11418 11112 2614 2742 405 3465 11122 1166
6293,6548 8590 10029 4357 6549 8589 7980 13238 6897 1327
6294,13184 5895 5896 14091 4964 9228 4073 13535 4966 7744
6295,11273 7394 3947 9183 9307 12632 12233 390 9581 9998
6296,13537 14001 14182 7660 6669 4368 13725 14207 13368 5614
6297,11996 15101 13665 15238 11998 12000 7823 11999 11997 11994
6298,8335 10441 5385 12576 6162 5383 8112 14645 2439 5384
6299,9795 15102 12500 10041 13441 13082 8809 12505 8808 4514
6300,14353 7401 7571 4447 7253 11219 14528 11786 7242 4948
6301,1011 4035 10073 13380 10071 8983 13426 10913 8645 4037
6302,13692 9803 7571 13034 13688 13689 10951 6841 12235 13687
6303,13519 12077 11387 12917 4403 4687 4693 12071 4688 4132
6304,7702 13556 12147 11612 11613 11614 10911 13557 7701 11776
6305,14085 10986 13725 1561 12486 14086 1560 266 9830 14040
6306,13585 14672 7630 1752 3044 10435 1751 3043 2560 10059
6307,2820 1166 2742 2614 405 3465 12426 1323 1535 1165
6308,3092 10282 3093 1257 4558 4557 106 3769 4556 4552
6309,15104 15105 13108 7857 15159 10642 3097 1473 13438 15164
6310,13697 14057 9683 10941 11190 9199 6486 8320 6403 14527
6311,1002 2869 1001 1145 1136 14736 1146 14345 11598 11768
6312,9194 7217 12936 6363 12209 5876 7065 1321 4134 1320
6313,11025 5129 1772 2885 4285 5667 9967 9968 5125 9969
6314,12802 4387 1011 12798 12795 6066 12799 12794 12796 12801
6315,1354 6360 1357 1355 2378 2369 2371 2014 4141 6553
6316,5673 1003 14459 13878 11120 4430 2891 3667 3846 1866
6317,8476 11703 11002 10191 2869 12297 6550 2378 3083 8166
6318,8210 13728 14666 13729 14667 8649 7754 7401 5024 7276
6319,9236 10365 2014 10366 1357 12920 12919 6553 2378 11321
6320,6526 8181 11469 3676 9260 8396 6530 12941 8475 6527
6321,14740 9510 5363 10625 14721 15034 1527 3197 14850 12286
6322,11054 4752 7623 12568 13105 15202 12717 15171 15164 2596
6323,13668 370 9965 13105 13741 11117 323 2592 12717 576
6324,12719 12499 13171 13600 13795 13253 10450 13766 12498 14039
6325,4672 11248 10488 13793 13848 14229 10489 9288 13794 9782
6326,4605 2875 4135 8164 4133 15238 13665 4693 9540 3846
6327,8541 9748 9747 11799 11537 8540 11797 5662 11801 11800
6328,13766 14115 4360 7250 383 13600 12719 14116 13358 7950
6329,1354 2371 4138 2375 1357 1778 13573 11777 1355 2373
6330,2725 10892 7539 14118 6764 1809 10251 11692 8676 14501
6331,5006 5007 5005 5009 5008 5010 5092 5094 5095 5096
6332,5452 13567 14057 9085 6333 2296 7499 13697 2151 3824
6333,12470 12565 14739 7408 14311 4700 1127 13741 14708 12577
6334,14764 2881 8296 14762 13212 7014 11273 14546 15156 14763
6335,5793 8844 102 574 2287 566 564 565 4809 9448
6336,7960 102 2023 11477 3197 12221 10332 2607 9175 9178
6337,15107 4576 14396 14268 9895 9894 14144 11004 11042 8585
6338,10786 10435 9053 4787 14070 1672 7497 2149 11675 6911
6339,12253 383 12311 8386 4759 4045 12091 13766 10527 5070
6340,14162 6596 14475 9263 1993 625 12178 9296 2311 7697
6341,3055 1367 7121 15276 11185 8621 11126 15069 514 8999
6342,7441 12975 7225 10860 12976 12977 7443 7329 7331 150
6343,12617 10037 10038 1883 12171 13381 12289 12293 11211 12290
6344,4657 4655 9361 4656 11369 4648 4645 11368 4647 2804
6345,2093 9470 9473 2086 6347 10086 12838 7956 6053 10240
6346,2093 2086 10086 6347 14744 416 12068 11003 11039 2092
6347,12949 1996 1998 3572 1997 13065 3573 8214 2663 3571
6348,11038 12565 9202 14708 13402 2899 12971 12970 12470 9698
6349,13257 15108 14790 14777 14276 13810 7444 10037 7336 8215
6350,13721 11714 1635 13811 4892 13812 13815 13810 2087 13720
6351,6136 7309 13003 7563 9358 13703 8899 11128 2805 6137
6352,1884 12647 13703 12068 1885 12997 5407 10086 7565 1882
6353,5364 5374 6334 2635 6115 5377 5375 5378 2169 443
6354,6303 7230 7248 2273 8690 2263 12339 8578 11036 922
6355,15109 3716 3784 10084 6111 8636 9004 14381 3717 13609
6356,12182 12274 8757 1956 13608 13432 14772 6099 13996 1955
6357,14031 13432 13532 13433 10918 9760 12172 14809 12997 13424
6358,3572 4056 8214 2663 1997 12949 3566 1996 2662 1998
6359,14381 8617 15109 14035 6128 12870 6003 9430 3784 3716
6360,9759 13382 8095 8096 4565 12049 13 15 13307 14255
6361,14381 8617 15109 12870 12871 14035 6128 6003 3784 10678
6362,9027 14428 11165 8560 9494 147 11198 8638 3233 158
6363,3451 4651 12740 3448 3447 3450 3446 12495 7739 4647
6364,11366 12183 12544 12977 4056 13944 1635 13817 2663 12066
6365,11261 10259 12410 13342 14416 12412 7767 12416 12408 12411
6366,14600 12949 11191 10083 15110 12092 1996 1997 14372 4058
6367,3804 6852 13904 14061 14059 14060 273 14062 3806 3808
6368,14916 14032 14917 14919 14918 6334 3749 5180 9789 12363
6369,13461 10872 9027 14779 13463 14587 14516 5222 13818 13451
6370,14796 8899 12069 13063 25 9571 3712 13064 14797 13311
6371,12877 15112 11184 14578 7124 53 15247 15028 7113 14519
6372,15113 13071 6577 2311 7723 7225 580 11472 13073 7228
6373,14706 12494 14388 14705 14950 13552 14000 14885 1658 14455
6374,3222 3596 794 612 4762 170 6198 9781 14717 611
6375,6874 14900 5116 1956 4877 8288 8293 1296 8284 4880
6376,15115 15116 15117 15245 8708 14120 2626 3222 4788 15137
6377,4217 5758 1247 2761 8918 8240 5757 1248 3222 4096
6378,15118 4426 1396 12668 15045 10415 13016 6047 5721 11671
6379,14396 13848 14891 1489 1488 8572 14937 14278 1481 10499
6380,14320 10215 14306 8999 5971 7898 10921 9052 14826 6146
6381,10095 14582 6280 13682 9407 14458 2869 1859 13737 10934
6382,9350 11631 6795 4594 2787 9660 6269 12417 4057 9012
6383,7993 14436 8140 14834 14833 11400 8860 5709 12412 12416
6384,363 4180 3791 365 1797 364 10905 3792 3790 10904
6385,6522 6523 5044 15269 3309 12434 12436 9924 12435 11882
6386,12233 13435 8852 9147 8083 390 6057 9581 9998 8795
6387,4451 14434 14228 8890 4927 6451 6493 10741 11631 9995
6388,3367 4031 6701 12097 8201 3167 3860 13595 10498 11146
6389,11914 14307 15074 7579 10171 1204 4191 15181 744 15075
6390,7145 13364 11317 9267 970 1069 10718 14661 10303 3773
6391,15120 12748 10701 8057 5717 11219 10353 12156 14153 8409
6392,10558 11873 881 12708 8322 2912 2867 3805 979 9427
6393,7326 4348 4985 4900 10675 1371 164 4901 3234 3476
6394,7344 3811 1796 8452 5834 1101 14893 2309 10176 9149
6395,15124 15122 15121 692 15123 11366 12386 7002 14136 15082
6396,9853 2380 12238 2379 2375 2372 11778 12240 12241 13111
6397,12973 14095 10050 11249 14013 11856 4731 12972 11620 14119
6398,1665 11908 9810 9809 10441 2979 5385 2438 5716 1662
6399,14776 12208 2439 12938 3878 7796 12924 6187 4971 11475
6400,8041 1119 8885 9128 14050 8029 1122 8024 13673 1360
6401,12361 5063 11681 4769 4503 3936 11090 9974 12053 4490
6402,2672 1804 12043 5325 879 1217 2133 3033 8973 974
6403,4424 12031 0 100 53 14163 771 12020 3222 2760
6404,13716 13879 13131 9895 9892 9894 13375 13374 13376 13231
6405,2614 8489 8761 6940 7333 5571 7334 529 13578 3465
6406,3266 1499 1901 1047 8403 871 3267 3268 13909 3485
6407,13821 3561 6137 8105 14255 8090 13820 8095 1886 7962
6408,10369 8671 3016 11174 10227 4943 9007 4238 1491 801
6409,1166 1535 2820 12742 405 5194 13623 3464 2742 6995
6410,14944 8428 13521 14972 14068 14942 14456 15193 11287 14909
6411,7611 5074 209 6961 2987 4422 10645 6963 2719 5400
6412,11366 13885 5267 14477 14486 692 5266 14404 14488 14913
6413,15065 618 3200 612 5003 287 5580 6002 13438 1099
6414,4909 13462 12593 9566 12649 8100 158 13463 3330 13969
6415,14986 258 15246 14483 4956 12568 14997 8027 8780 645
6416,4424 11147 12031 0 100 53 14163 771 3222 12694
6417,4132 9308 9406 4687 4311 4688 9302 14545 7147 6356
6418,9111 12649 11210 11209 14787 9110 7 11208 9354 11207
6419,15125 5198 2982 14911 11274 10604 11232 10716 4656 6793
6420,5358 5338 12439 13642 13643 14754 1621 13024 8398 7682
6421,15060 4754 4964 5896 4073 9228 5325 4751 771 4710
6422,12713 3902 9585 12517 8724 9312 9310 9311 2232 1481
6423,14893 3811 4871 11353 1101 11355 2309 9604 1415 11354
6424,11126 12877 3055 13388 14578 58 15285 14984 7124 53
6425,15060 14570 14826 4754 4964 15134 15063 5896 5325 4710
6426,26 7992 2340 2117 5225 8693 8224 5224 11082 6178
6427,2201 14504 715 13805 12668 15072 7904 2415 2457 5140
6428,11787 15126 9852 14225 13568 4036 2887 6360 9192 13982
6429,6327 15127 2059 12200 6331 12090 12089 6844 1761 7782
6430,836 7462 138 7928 6833 7930 5167 11485 7929 7538
6431,9306 13640 4757 13798 9299 11863 11462 15154 8479 8581
6432,10210 15128 12546 8427 10111 5882 8695 8921 115 3257
6433,15129 5929 8735 8736 14217 8733 8739 8738 8734 14471
6434,15131 13252 13255 13253 1788 9232 1789 9233 14340 10000
6435,625 3407 12178 13517 4756 9296 7304 8995 6596 3222
6436,7399 2139 1807 4237 9064 6999 8450 5523 458 1391
6437,13548 9126 13024 12653 11884 11783 14117 14521 8613 9713
6438,9810 1665 9809 13070 2627 1522 6887 4069 11177 13889
6439,611 4020 5 12093 14453 13936 12032 8324 13923 1128
6440,2319 516 11235 14952 3811 10381 13570 11424 466 243
6441,4688 4132 4687 2369 11537 1317 1354 9753 1011 3083
6442,12298 14971 14497 13885 5678 14903 12850 11366 5216 4861
6443,11120 8141 10622 5673 8374 13483 13878 14464 14861 14209
6444,9393 4971 11358 7796 9392 6761 9239 11359 13404 5244
6445,4363 12877 8494 7120 7113 137 6990 81 6572 2155
6446,3017 14743 406 3210 11255 13366 13741 14040 14811 14311
6447,13587 9055 14826 13414 13940 12651 8370 15270 15061 15062
6448,14997 8873 14718 14986 8780 5682 12875 14493 1480 14827
6449,14299 10904 10042 571 14926 1456 10210 2918 14910 15009
6450,13430 14471 5107 7109 14714 14483 3055 3751 13431 14707
6451,13957 10746 15179 3437 15022 2096 15021 9115 6065 62
6452,14555 7124 13587 14306 91 9055 14865 15288 14559 15079
6453,11167 14142 15132 13831 8577 9544 12383 9527 3517 4199
6454,13999 15133 12991 10429 9798 10428 8582 9100 13620 9797
6455,5783 10255 5781 5782 1253 5917 2287 1845 6228 6623
6456,15134 15060 15064 8999 92 14826 8587 53 5093 5094
6457,8999 15134 14826 53 15148 8587 14320 13414 14578 7121
6458,12134 14886 13899 1518 14674 14470 14887 7719 12574 14696
6459,14930 2498 13937 1385 5545 6902 14427 12513 110 14391
6460,8108 14196 5430 13409 2669 8110 1785 3171 14590 4447
6461,2626 15137 15138 10481 10287 15136 15135 15140 15117 15139
6462,12469 10481 15142 15143 15140 15139 2626 14855 8708 10287
6463,6785 9826 3859 230 13640 6244 12041 1467 10867 2845
6464,7249 6415 2958 10277 13854 13144 8713 13729 405 11033
6465,15145 14541 4066 10048 412 2919 2013 15144 2916 7718
6466,11319 11318 12756 13878 2887 10818 11120 5673 13568 6364
6467,8057 6780 15101 10813 13366 1665 7651 11996 9803 15261
6468,14824 78 58 9054 14555 14868 14510 14558 14166 14163
6469,15146 9511 7845 14931 14687 15244 14937 2203 11959 14427
6470,739 15147 3790 14852 14555 15230 1490 7301 1880 3600
6471,3021 3160 14427 14929 13033 14166 12513 14930 15230 15244
6472,8164 1721 15238 4133 4605 13665 9751 9625 7016 4137
6473,8999 15148 11185 7121 15248 14690 14951 14560 15069 14851
6474,1883 12617 7909 14783 9026 6099 12091 14797 14066 13462
6475,11405 3019 14512 14136 14200 14711 11403 11402 726 13286
6476,15149 5106 5105 5104 5103 5102 5101 5100 5099 5098
6477,1532 7993 6378 8860 15264 5365 13627 14436 2614 8140
6478,15150 3828 11366 3835 1181 3834 3836 3824 3833 3832
6479,11904 10910 11669 12191 7400 11935 11748 5397 11905 12621
6480,6784 7855 1126 6502 13416 12985 10986 14533 6236 9830
6481,14128 14344 10653 8176 2230 8462 3691 9341 2189 9783
6482,7002 15059 15119 14143 14911 15168 15121 6622 15123 7171
6483,15152 2614 5998 2742 13578 14323 2820 3465 1532 1529
6484,15027 14736 1724 2869 12332 6432 12934 11385 12227 10461
6485,14234 10696 13914 12648 6796 10874 14467 10873 7759 11210
6486,10701 8057 8409 14616 15120 12748 10813 5717 15026 13132
6487,6788 2567 4909 10080 14164 14413 13974 4713 11187 12480
6488,1532 9784 15153 2614 2820 11112 7237 404 6866 3465
6489,8899 13064 9348 13067 10959 12618 13916 9574 13463 2793
6490,14699 664 1436 1620 11080 8798 15021 5276 14092 3090
6491,4437 4978 15057 4199 10606 2063 380 14221 8748 2739
6492,5896 4966 13184 4964 4073 9228 5895 7302 626 15060
6493,1516 11424 859 8038 9497 5972 1517 9955 11126 3055
6494,12748 12717 7937 12234 12338 15120 10701 11219 14860 8840
6495,13685 15101 6567 3483 11186 13736 13737 9410 9409 2009
6496,8479 11148 5281 2643 8419 9774 4288 8195 14348 6872
6497,3573 13065 7560 4882 7558 10242 3567 9372 3565 2797
6498,15106 13101 15156 13557 15155 3486 15235 2869 11273 9406
6499,14218 11382 10998 10999 11350 11987 10952 11028 11000 11923
6500,5552 2709 9779 4756 11462 3711 11460 14713 3249 5538
6501,13399 4909 13484 13463 13462 8302 12585 982 7100 6788
6502,14775 3896 8087 10976 11042 14770 13819 12277 8093 12613
6503,5084 8453 6381 2767 6959 1567 10471 458 11934 1238
6504,6445 6473 3037 1880 1033 2241 499 3500 4240 2547
6505,9367 9779 4406 1989 11461 10039 11462 2936 9071 8753
6506,9348 11544 12066 14377 13073 13064 14798 8899 13072 11472
6507,1665 9809 6781 14219 13887 9803 14732 14340 13617 6783
6508,4736 5042 9319 5012 2566 8757 14362 6636 7332 3186
6509,323 1028 11328 466 794 31 1206 14720 14415 128
6510,8591 10382 10383 3662 2325 15029 15028 117 8999 2130
6511,3055 11126 13626 4820 15247 6791 53 3056 3059 3058
6512,1047 2168 5618 5612 5620 1297 5621 6020 184 357
6513,1583 4295 6962 4828 593 1581 598 1582 1580 1577
6514,12928 5246 12927 11475 6513 14732 7171 11152 13951 13267
6515,10373 10372 1558 9323 9324 12236 155 10371 12860 12858
6516,10821 12159 13286 14959 11249 14161 11620 7801 2108 8145
6517,8526 10898 3040 11755 13932 9287 1549 1133 1166 9288
6518,2457 1201 5090 4219 7054 5225 1206 5086 4223 3916
6519,10917 9015 5331 5332 13900 13040 14075 14077 3482 13114
6520,12655 12211 11721 4597 7784 13621 4137 3083 11722 7058
6521,11813 1870 6470 150 6275 3289 11016 2037 10985 9286
6522,11254 14985 13954 5253 6716 5732 13681 9407 12624 4398
6523,15162 15161 1799 4306 568 274 3074 7952 723 7096
6524,49 10086 10407 7844 13051 11945 14025 12068 2093 9102
6525,13954 13681 5732 12624 9407 2011 2010 4398 5253 3005
6526,13590 3442 2881 8164 6553 7057 9303 3083 6360 8166
6527,11113 4973 13571 296 10664 7184 2584 56 82 38
6528,14493 12875 14718 9319 9306 2206 14827 8873 13640 11863
6529,6103 15128 1187 11132 6152 8518 6104 5837 7996 3863
6530,5222 1636 12171 2793 14780 637 14451 3274 2480 13917
6531,15163 53 11883 11911 14578 11884 12877 13420 7124 5515
6532,1166 3464 8526 2820 11755 13932 1535 3463 2742 404
6533,11257 8554 3808 10494 11146 1102 3804 4011 9986 3809
6534,12470 12129 7643 1554 1874 1127 9963 12565 7649 14739
6535,13108 7857 15105 1473 15159 3097 10642 15164 1471 1472
6536,12620 14274 15088 12689 11271 11865 12784 11216 635 4003
6537,11384 14956 12385 12741 13647 14169 13673 12333 14013 9961
6538,1367 2804 15276 1496 13022 4653 7128 4660 4650 13891
6539,115 1901 8695 82 871 868 1047 1900 857 1390
6540,8948 1613 3395 796 7972 1732 5202 1131 1219 14159
6541,10310 1456 3696 8975 600 1574 3206 2773 3473 2780
6542,6789 12418 7824 1796 6576 11824 14043 14809 14045 13342
6543,11405 14136 12497 692 14512 11402 15230 14200 14711 11403
6544,794 149 3574 476 5581 4462 7580 6411 3222 4695
6545,15051 15119 15168 8130 5376 13047 15059 7002 2393 8137
6546,11124 14361 9522 9116 12103 14448 14146 15175 11125 693
6547,2741 6120 12198 6416 6124 2742 6121 7395 10207 3046
6548,9143 15046 12600 9241 7205 11291 10247 233 15260 14708
6549,14377 9348 2788 4713 13073 8274 11472 13072 4718 13071
6550,618 385 3144 612 2313 611 383 14680 287 5580
6551,2597 7687 14628 2598 2596 2594 160 2593 2595 14630
6552,15166 6280 11197 14164 14371 15165 14658 13160 15110 10095
6553,13703 11128 8899 9101 14795 2805 7309 9358 14796 9708
6554,14770 4594 9558 3896 9559 9560 6795 4644 14775 4642
6555,14659 5565 12366 5566 12365 4642 4644 3894 5564 5563
6556,13361 15167 13306 1636 14451 14798 11544 11944 1637 1634
6557,5332 3482 5331 10917 5327 3481 5326 5328 1882 10455
6558,14453 12093 13936 1128 12274 5 11844 12182 8757 11363
6559,14783 12091 14076 12999 7909 12253 9101 14075 14077 1883
6560,10542 14683 10872 8295 1869 4815 1162 3237 4901 88
6561,13256 14022 1883 6796 8420 1544 9026 10012 13620 14234
6562,9814 11850 2010 642 2011 11022 9426 14681 10899 1129
6563,12182 12274 8663 8757 12993 8634 13608 13432 14772 6099
6564,11427 13382 11199 844 11426 4644 5071 11174 2897 10012
6565,12748 15120 2015 10456 10701 11219 10353 14153 12304 11041
6566,14624 13944 12967 13817 13818 5557 11165 9772 13814 4056
6567,4594 6795 9350 2787 9558 9559 14770 4641 6797 6794
6568,13399 10456 12998 13527 10721 10918 14071 1953 11200 14789
6569,5351 11143 9590 12421 8376 2174 4850 10506 11144 7406
6570,13520 7699 3801 8421 5784 7700 14441 14530 14961 15009
6571,15168 15059 15051 5376 15119 13930 1394 7002 699 5102
6572,3060 3061 14840 14993 15012 15013 3062 14578 3057 3058
6573,6622 7384 8575 4671 13892 6520 6476 14429 2979 13365
6574,11776 11120 12866 14038 13590 12147 13992 5673 1317 13483
6575,11352 1778 6362 2375 1320 9192 1779 6363 1319 6361
6576,3723 11837 2945 10016 1103 10572 12327 4498 2101 5271
6577,8491 8596 14892 13002 12582 5326 12198 4356 14155 9761
6578,771 15029 9223 14825 14849 14668 5517 15028 14163 15060
6579,11373 11378 8501 8793 11377 11375 11376 2507 7769 174
6580,4035 5535 1140 5530 5532 1148 4037 1011 5529 13380
6581,14262 1532 11470 13613 4840 14416 14892 13611 2614 8491
6582,871 7696 5732 11383 14692 3015 8994 1901 13954 13843
6583,611 618 3213 578 8397 287 6002 5601 7865 1374
6584,14635 4956 8737 7359 14986 7531 8661 7082 8738 225
6585,15045 4426 13016 15263 7159 14163 12427 58 7124 1351
6586,8935 6084 9834 8352 11960 3930 14980 2290 3221 6381
6587,15031 3141 14408 11868 4712 12503 2959 12783 11046 12150
6588,10931 5987 1752 10930 2735 4225 4568 1521 13193 779
6589,2869 2875 4139 2881 5447 10199 2883 1826 7554 4132
6590,8479 14669 2310 11863 14348 15154 11818 9306 4847 740
6591,8659 7040 7311 5074 4232 8865 452 6215 1201 6222
6592,14384 14383 12081 6228 692 5091 5092 5093 5094 5090
6593,14214 13050 14213 15086 692 8525 14209 15169 14901 14596
6594,2442 4590 4589 9879 12761 12760 7654 967 966 9880
6595,5205 5466 5795 11973 7409 10225 11602 7265 11481 8221
6596,9390 5079 8742 1685 1568 4353 579 6964 12533 10328
6597,12065 11384 14891 12312 10082 12697 8272 13 14923 14379
6598,2614 1532 3465 2820 2742 8869 5998 1529 7224 1323
6599,15171 15100 4752 4126 9842 11054 4966 5709 15172 7204
6600,12850 13885 11366 14538 5268 14506 5267 14938 14537 14887
6601,6617 1840 13214 10561 6621 9226 6619 11567 5486 13215
6602,2705 8409 6160 10701 15026 8057 5196 2008 7001 6165
6603,1011 10091 4616 14269 6739 7099 11102 3085 13981 8849
6604,14764 9406 14762 8296 2881 14545 3486 14763 15156 13556
6605,14688 14887 6581 10384 12574 14689 12134 12850 257 7177
6606,14887 14688 12574 12134 12850 257 7177 5101 5100 5099
6607,10125 5917 633 5904 9327 9325 9326 632 14378 4083
6608,15000 5225 3403 7631 14718 2498 1395 7054 1463 3405
6609,13057 8238 5499 4742 14502 14967 15172 562 10558 5604
6610,12850 13885 1061 5497 11366 14538 8693 7462 7458 7459
6611,8999 7121 78 15148 14163 9054 14166 11185 91 1368
6612,12254 12164 7470 14505 11575 5788 13761 14671 8866 6935
6613,8769 11300 3939 5888 551 1667 7211 7840 9844 1657
6614,14986 4956 15246 14997 8780 645 258 7082 14635 225
6615,14996 4557 7841 13852 3977 1257 2915 886 1659 10652
6616,9051 2291 4090 6902 7848 7717 2294 846 10078 2290
6617,14299 14926 14910 15009 2595 14388 6079 8421 10904 8407
6618,14561 14209 12206 14276 15173 8456 14596 14286 14790 15108
6619,9588 9789 10169 5180 7489 4519 7373 2569 851 13025
6620,3578 3401 5764 3579 6837 12832 876 12329 7293 9364
6621,15174 5106 5105 5104 5103 5102 5101 5100 5099 5098
6622,7014 7015 14571 7013 1709 14236 4062 7016 14445 12657
6623,12850 14887 13885 7177 11767 11366 7179 14538 5268 7180
6624,12825 14811 1532 14812 15032 8904 3465 11122 406 2614
6625,478 14539 173 14548 8950 14694 476 6833 466 4177
6626,1452 1796 14140 11758 12320 126 1397 9265 176 9318
6627,8971 1732 9061 3134 12144 10517 848 3895 5956 4353
6628,4447 11219 14353 13409 8316 12748 6537 11218 7264 12304
6629,4434 6951 4630 14582 12537 4755 6947 12670 3877 12669
6630,1390 868 871 1901 4 3441 1900 1570 3440 3439
6631,5938 7847 12321 14704 9989 15175 7849 7848 10552 9242
6632,10552 5938 12321 7847 2332 11366 15175 6834 14704 9221
6633,12321 5938 7847 14704 14490 15175 7849 10552 7848 995
6634,11366 12321 5938 7847 13885 15175 995 692 9124 5267
6635,15175 5938 12321 14496 7847 14361 10552 14146 14704 995
6636,12321 5938 7847 14704 15175 7849 14490 7848 10552 995
6637,9026 14496 1883 15175 14491 11366 6099 5267 13256 6196
6638,11366 13079 13885 5267 692 14477 14486 5266 14404 14488
6639,15175 14496 9026 14361 11366 14491 14146 5267 6196 5938
6640,11366 14477 13885 692 5267 14486 12850 5266 14404 14913
6641,15175 14496 9026 14361 11366 14491 5267 6196 14146 5938
6642,14491 5267 14496 14479 11366 9026 15175 13885 14506 14486
6643,11366 14496 9026 14486 14491 15175 5267 13885 14913 692
6644,15175 14361 14146 14496 1700 13961 2008 14002 14314 13893
6645,11366 12324 13885 5267 14477 14486 692 5266 14404 14488
6646,15175 14496 14361 14146 5938 14485 11366 14486 14481 5097
6647,13885 14480 12850 11366 14488 5268 12298 5266 5267 14131
6648,14481 15176 11366 6077 14499 14486 4339 5266 6072 6076
6649,13885 12850 5266 14486 11366 14485 14498 14497 14479 14491
6650,11366 5267 13885 14491 14479 692 14486 12850 14496 5266
6651,11366 14532 13885 692 5267 14486 12850 14477 5266 14404
6652,11366 14491 5267 14479 14496 13885 14486 692 14477 5266
6653,5267 10210 8427 11366 3257 14491 10042 14479 4875 2918
6654,11366 13697 13885 5267 14477 14527 14132 14486 692 14488
6655,11366 1181 13885 692 12337 5267 14486 3828 5502 12201
6656,11366 692 10552 12386 13885 5267 14479 14477 15082 14486
6657,12528 11366 14913 14838 14486 14366 14485 14499 13885 5267
6658,11366 14481 15176 14499 14486 13885 4339 692 5266 5267
6659,15177 14508 12338 14860 7937 5090 5092 5093 5094 5095
6660,15178 15144 4066 10048 15145 412 14541 2919 2916 2013
6661,10552 6834 2332 11366 14485 692 5938 12974 5587 4324
6662,15179 13957 10746 15022 2096 15021 9115 6065 62 14046
6663,5163 5170 4126 15171 8513 14897 9427 8514 7204 7203
6664,14055 4016 11260 2930 5862 8870 11259 4568 5163 11886
6665,11366 13885 5267 692 14486 14477 5266 12850 14404 14488
6666,11366 13885 5267 692 14486 14477 12850 5266 14404 14488
6667,11366 14486 14481 14499 15175 14485 13885 15176 12528 5267
6668,11366 14485 15175 13885 14496 14486 692 5267 14361 5266
6669,11366 12785 14486 13885 6903 5267 7716 692 3972 14544
6670,11366 13885 5267 692 14486 14477 12850 5266 14404 14488
6671,11366 14485 6834 13885 10552 692 14486 5267 5266 12850
6672,14897 11366 5170 5266 476 14498 3126 202 13885 10434
6673,11366 13885 5267 692 14486 14477 5266 14404 12850 14488
6674,11366 11050 13885 692 5267 14486 12850 5266 14477 14404
6675,11366 692 13885 12386 14486 5267 12850 5266 14479 14477
6676,11366 13885 5267 692 14486 14477 5266 14404 12850 14488
6677,11366 13885 5267 692 14486 14477 5266 14404 12850 14488
6678,692 11366 14491 5266 12386 15082 15083 14479 14136 8250
6679,11366 6467 13885 5267 692 14486 14477 5266 14404 12850
6680,11366 13885 692 5267 14486 12850 5266 14477 14404 14913
6681,11366 14486 13885 692 5267 5266 14481 14913 12528 12850
6682,11366 13885 5267 692 14486 14477 5266 14404 12850 14488
6683,12850 14480 13885 14486 11366 14538 5267 5266 12528 14485
6684,11059 7115 3019 9223 11366 1755 5347 6259 3982 108
6685,8882 10135 4345 12429 4852 10481 13903 4352 5335 5625
6686,7233 1585 8891 10658 7232 1523 5986 5887 11690 3857
6687,11405 693 6725 14136 11403 14512 692 14383 14200 14711
6688,14959 279 6345 13640 11237 10821 7020 6114 13798 6769
6689,3798 11124 9116 11125 11126 8871 9522 14240 2430 12103
6690,14835 11700 8221 6202 12049 1728 10836 9966 9511 10834
6691,15180 14564 14565 15074 6881 7898 10200 8992 13511 4756
6692,14042 14233 2089 14232 9960 14515 12277 12094 13073 10978
6693,14193 13207 8564 1379 1380 14153 10496 14181 13266 6298
6694,14555 14449 15288 14927 14852 14843 9054 14850 12427 739
6695,14555 15288 14721 14852 14449 9054 13215 14850 7124 739
6696,14941 3793 13752 14162 7252 13920 14904 1302 14426 5183
6697,15181 4191 13588 14162 1204 14278 10171 14896 11914 15074
6698,14162 14941 4191 9263 14475 1993 5581 6596 14933 14709
6699,14166 14929 9052 8999 3021 3906 9054 1374 14427 14951
6700,14706 14705 14942 14707 14885 8428 12494 14478 14388 14848
6701,9055 12651 2391 10011 4631 13587 10979 12409 8507 6766
6702,9197 11734 8012 4182 133 9947 14001 10982 8460 11156
6703,15182 8666 2598 3548 13836 2594 2596 2593 2595 2597
6704,9014 11973 776 4468 3952 794 4406 9349 1182 6958
6705,4591 14716 14141 15281 11965 13318 12837 9465 14717 7141
6706,10042 10210 2918 8427 2925 14299 3257 9442 10904 10763
6707,11654 14227 4474 7012 6495 6543 2930 13933 10200 1306
6708,13836 2598 22 15182 2594 2596 2593 2595 14224 2597
6709,14925 2637 14741 8488 7188 11919 5522 6153 2118 12189
6710,7124 13912 1351 8999 14559 10715 4426 9054 12877 14578
6711,14821 14822 14592 10115 10833 10834 11731 15252 6202 14940
6712,1855 6544 8444 12296 4753 4962 4964 6543 2534 1840
6713,8143 9578 14970 11564 9430 14329 1665 13018 11006 11007
6714,9055 8413 2154 15255 8762 13587 13891 12651 2391 14865
6715,15184 8999 14555 14620 11820 14081 15288 91 14550 14852
6716,5412 11485 138 9613 4384 4729 15229 12822 14418 4863
6717,611 15020 8335 11936 11939 11937 11938 9955 10421 5385
6718,3548 8666 15182 656 7256 13208 2598 3163 6816 6815
6719,14163 4426 15045 58 8999 12427 13016 10715 14668 15263
6720,14834 14833 14436 11400 5709 5788 10011 8140 7993 5113
6721,1885 8323 5572 11968 7349 4701 13532 1884 14158 8324
6722,14953 15185 10183 10985 23 9030 8 3134 12819 5990
6723,12875 14493 14827 14718 9319 9306 2206 15029 14825 8873
6724,14132 14527 13697 5016 14057 6610 8995 11366 14723 8320
6725,6780 8575 9803 1665 10810 6520 7651 7384 6622 14429
6726,14522 14095 15026 2301 731 14281 8409 13832 6620 14094
6727,641 610 614 6509 9790 643 10353 639 7748 604
6728,13924 13673 11554 12659 13647 14323 4048 12664 12660 12661
6729,692 14136 11405 693 11402 12386 11403 11366 14208 14383
6730,13892 13943 14563 13350 6622 2730 11888 14961 10109 13942
6731,6622 15186 9239 6761 11358 11359 8016 15070 1124 14266
6732,13182 11405 14208 11402 14136 692 11403 14512 14889 11401
6733,9239 8016 15070 11358 6761 15186 14266 11359 6622 3429
6734,12254 12164 6614 14502 7470 14730 11575 14731 14505 13761
6735,14970 14329 9430 13018 10484 8408 14854 13132 14526 14616
6736,14465 15187 14652 14168 14466 11737 3893 12837 13627 6717
6737,9228 4964 5896 5895 4073 7744 7012 7745 645 4754
6738,8007 8133 8132 14666 8027 14667 9190 5376 7658 1631
6739,14209 15188 14213 4450 8459 14596 8127 14595 14214 13680
6740,13265 15186 13690 5161 1783 9557 9713 4567 13069 2409
6741,14008 5352 15262 13694 12162 10716 12590 11665 12987 5356
6742,14209 7256 14596 11962 14595 13680 12440 14286 14458 14213
6743,6622 2108 6761 6189 13892 14206 1380 13420 6615 2979
6744,1379 13207 1380 5248 14193 10992 1375 11889 8443 14153
6745,8666 3548 13208 7256 15182 2914 2598 11962 14366 1115
6746,3019 108 9223 7115 11405 11059 45 3240 3018 6259
6747,10821 14959 8145 279 13286 14205 11237 12159 9963 6345
6748,14563 13943 13350 13892 2730 11888 14961 10109 13942 14756
6749,6622 6619 6617 6621 5486 6616 6611 6610 6609 6615
6750,14213 6991 14209 14214 8020 15169 13050 8525 692 6993
6751,14517 3771 12901 13949 7984 10906 14873 10766 11711 8134
6752,5788 8145 12474 12473 12471 10821 4838 4450 14959 6497
6753,10786 7497 2149 5897 3886 14070 7494 12352 49 10122
6754,15189 11632 14579 7220 14364 1845 7528 11796 12237 8999
6755,14143 10011 14667 14911 7002 857 14666 14833 14834 2391
6756,14528 11786 7401 1846 7664 6171 1111 11593 11649 1700
6757,9842 15172 15100 13602 6952 15171 14565 5709 5113 4966
6758,6516 8914 3254 1201 8220 7083 341 8927 8919 1552
6759,7222 10626 7253 3079 1863 9235 6887 13483 14347 12333
6760,15189 11796 11632 1845 7528 14579 11912 11911 9808 717
6761,13388 11126 11914 9610 4153 14839 14686 14841 653 10891
6762,740 14907 14906 15190 14979 14348 14089 14163 12084 1351
6763,8999 15148 7121 11185 15248 14951 14163 14690 15069 14560
6764,8617 14035 13383 7443 12601 13780 14381 13720 14788 14784
6765,14660 259 924 14573 14861 5369 9799 3771 9778 9777
6766,14711 12850 13885 11366 1627 14538 11405 5267 5268 14506
6767,1694 14883 14229 1695 1699 1698 1697 1696 1087 14884
6768,5717 10701 13179 15120 12748 3665 7938 8409 4939 12156
6769,9989 14704 10380 9242 1500 15287 7847 14080 5938 10381
6770,12850 14538 13885 11366 14938 14264 14973 5268 14506 14222
6771,14886 14674 7719 14470 15260 9143 14490 11217 6589 14417
6772,15191 14509 5972 13227 9497 794 787 4764 1516 463
6773,871 1901 857 868 8403 1900 1047 1390 115 14143
6774,12850 13885 11366 14538 5268 14506 14938 14537 14500 14887
6775,15192 10169 12085 14729 5273 9588 12084 12064 6836 12063
6776,14329 13132 10484 14970 9430 13018 14616 8408 242 14854
6777,14538 14264 14973 12850 14938 14415 14222 553 12134 13262
6778,8428 15193 11287 14972 14068 14456 14944 13521 11288 14942
6779,8397 7643 1127 7888 12470 7649 10442 6488 10444 10443
6780,15134 8999 15064 92 15148 11185 7121 15254 14914 15248
6781,7572 93 14618 14547 14558 14619 12305 6779 6097 14866
6782,11932 7229 12483 9486 10668 5023 14694 15199 5405 10865
6783,12850 14938 14538 13885 11366 14264 14973 14222 12134 553
6784,14306 14320 10215 12206 1858 10745 5971 14869 7898 14826
6785,5107 11668 11666 14952 14224 14157 13430 5256 7109 5976
6786,8374 2804 8141 342 13022 4653 4660 4650 11370 8373
6787,3213 10893 14620 7230 611 2131 2548 1618 651 15184
6788,14565 13602 11026 14564 9842 10200 13511 15172 4756 4336
6789,58 15285 11126 14824 14980 14742 14163 14605 14604 12427
6790,14564 7898 15074 6881 8992 740 7865 10541 106 5971
6791,8999 14320 15148 11185 14306 14869 7121 14826 10215 15248
6792,7898 5971 10215 6881 10921 14995 149 14564 15074 10541
6793,3617 3616 15054 3912 3615 1171 12558 8020 9084 12561
6794,14974 1904 11026 4336 11027 1697 14975 8760 1576 1907
6795,9056 14904 9300 8588 13920 9260 14426 5183 14941 14389
6796,15173 14286 14285 12440 14209 13896 14561 12206 5190 8456
6797,1697 8459 8123 14974 8121 1695 14163 1694 10516 4532
6798,692 13897 13896 11366 12386 15195 15082 14136 15083 8250
6799,15194 4379 11311 11314 11313 11312 11309 3609 3097 8455
6800,1858 15195 13897 14306 13896 12206 6106 11126 1863 1859
6801,15195 13896 13897 1858 12206 14306 14285 13894 692 6106
6802,91 2083 2084 12711 2085 8999 1367 11370 14865 4663
6803,13896 1858 13897 15195 14306 12206 14285 692 13894 6106
6804,15196 692 14637 11366 14823 12386 10507 14136 8250 11405
6805,2013 13896 2134 4803 5265 6582 13897 7467 5174 10110
6806,9698 2424 2899 9202 8474 17 2397 12650 8507 8128
6807,14561 5683 14443 782 692 5682 177 8456 12206 14276
6808,8054 714 11307 8456 8055 8021 14417 14561 10820 14984
6809,14074 13813 12841 14075 14077 14416 14076 13997 2018 9015
6810,15134 15060 14826 4754 15063 4964 8999 14570 5896 15064
6811,6622 2108 13892 14206 2979 6619 5486 11852 6620 6476
6812,6622 7002 14143 14911 13892 15121 2979 11852 15119 14889
6813,15077 6971 8241 9531 2950 14781 9573 7240 4484 3541
6814,15197 13653 11781 14365 5923 11177 13652 11105 5101 5100
6815,11711 1222 7936 710 4358 11241 1837 11574 4851 11355
6816,11473 13699 10820 5096 113 9359 10662 4122 15273 15274
6817,5110 9220 9894 9895 9462 9461 4722 9892 5103 5102
6818,1855 10414 5325 773 12296 14714 11322 14443 15060 4754
6819,14143 7002 14911 857 15121 6622 15123 10604 7141 15119
6820,14143 7002 14911 857 15121 6622 15123 10604 7141 15119
6821,4591 12837 7141 14716 857 12838 14466 11965 14143 11737
6822,10765 12083 7271 10766 6222 10764 6831 10763 7277 3730
6823,7457 630 1332 12547 6220 4541 7580 13808 12059 3093
6824,15198 10028 14789 10031 10030 6839 7963 7809 10033 5158
6825,9666 9547 4598 9548 5535 6432 7785 10913 3415 9549
6826,15199 7229 10865 7249 11932 5431 10208 13959 5405 9486
6827,8299 12059 7457 12009 12547 630 6220 4541 13943 2730
6828,15108 14790 14276 7336 13257 14777 13810 7444 14955 14561
6829,58 11126 15285 14824 14163 14742 14980 12427 14605 14604
6830,771 9223 15029 14849 15060 4424 4964 100 53 12031
6831,8272 12689 14493 8581 14102 4934 14923 12065 15088 11384
6832,14565 10200 14564 13511 14487 15180 4756 3898 14478 15074
6833,15202 11054 15164 2596 12826 12502 2594 2598 2593 4752
6834,14693 14393 3771 2678 14955 14694 11711 3895 11402 14539
6835,10986 9830 7678 5788 9331 9999 11883 11884 4450 13898
6836,8407 10495 15009 14910 8421 512 1102 8554 4011 9986
6837,14441 14004 3801 14530 14961 13520 8421 14909 14908 7699
6838,15203 5106 5105 5104 5103 5102 5101 5100 5099 5098
6839,15003 3061 3062 9818 14840 9819 14993 3060 9821 15012
6840,9052 12015 14166 14869 14320 10078 14221 9054 10921 4437
6841,14209 14596 14595 13680 12440 14286 14458 14213 11120 14285
6842,14596 14595 13680 14209 12440 14286 14458 14213 14285 14214
6843,14596 14209 14595 13680 12440 14286 14458 14213 11120 14285
6844,11549 15067 36 13013 5787 3178 9134 1367 15190 13173
6845,14840 3061 3062 14993 3060 15003 15012 14988 14989 14990
6846,14586 14524 471 11440 2659 13831 14426 360 8693 2340
6847,611 6825 15020 11936 11939 11937 11938 11065 11067 10421
6848,15204 7313 15084 14272 15007 13412 9920 1918 8048 12514
6849,11147 11758 5376 11140 12694 15051 15168 11773 13406 6674
6850,11863 8479 15154 9306 15205 9319 1500 13640 14348 13798
6851,3744 4894 4717 4988 3186 9495 9494 338 4922 9493
6852,5222 10356 12277 11190 10603 6140 13735 8903 3318 10359
6853,1160 3288 650 1161 3328 3826 3359 10430 2484 11855
6854,1963 6050 853 6051 4366 169 5073 803 6049 2652
6855,14363 10554 6339 13237 1145 14440 11350 1136 4596 9554
6856,15207 15206 5527 7428 8816 634 5488 8999 9706 5524
6857,7697 7152 12543 3538 4052 7907 1452 13454 5739 2448
6858,15209 15208 14763 14764 12632 15155 2443 12760 8269 4991
6859,1456 235 234 1619 1618 1617 11087 14299 14120 15254
6860,6143 10404 12050 4276 10158 1505 3653 8819 10397 3988
6861,15210 8808 14877 13635 13441 12883 14328 14662 10733 1475
6862,10524 10525 10523 12584 1532 14684 13904 8427 12172 13307
6863,15088 12784 12620 12689 11271 11865 14274 14430 14742 13977
6864,1917 10905 9526 661 3132 5669 9665 363 10904 5671
6865,9991 666 10470 5960 2182 7243 5025 4335 4186 3976
6866,5244 5243 8025 11357 11358 11359 6761 9392 1124 9393
6867,1987 9294 9458 2260 7080 2259 3413 6970 7041 1273
6868,14443 5683 782 773 764 970 14967 14561 5898 14442
6869,8370 3053 3059 3058 3057 15215 15214 14670 3056 15212
6870,3893 6725 15187 6717 14652 6719 6718 8517 6984 8897
6871,14810 15216 12797 13337 13390 3587 13342 1071 1079 1737
6872,1001 2876 4416 3843 1826 1002 9194 7554 6364 10818
6873,3667 7065 7078 2999 1003 9193 3074 9536 3666 3688
6874,14283 6431 4661 11347 3001 2615 1355 1354 6799 13112
6875,14388 10537 6762 7965 8061 9933 2028 1008 10759 5838
6876,9249 4985 6675 11044 5742 2079 9648 9372 6637 11844
6877,9532 973 3800 146 13909 3485 12512 1865 2016 15019
6878,10275 4818 2809 3377 2961 5825 9719 122 9861 4635
6879,12261 2875 15049 11102 1151 6067 1711 12146 1723 9967
6880,5613 888 11856 277 10022 13130 228 12423 3970 8259
6881,560 1145 13723 1136 13238 3842 4137 5367 7057 1146
6882,113 7123 15273 15274 1351 11473 13699 7117 14307 7127
6883,1572 1943 506 13454 7152 11269 9491 14396 11268 170
6884,101 3219 14898 15233 15270 15013 14690 14579 2774 14578
6885,15218 15170 15217 15219 15169 13736 15220 9418 11252 8525
6886,6550 8253 10192 1357 2369 12561 6551 1354 6360 1011
6887,14359 13711 13482 1532 9784 8808 11111 12744 13351 14803
6888,10085 10695 14770 10694 13114 12276 8275 9558 14398 4594
6889,7065 3442 1317 12629 15220 12630 15217 6809 3667 12628
6890,12212 6770 701 12909 8958 4309 7705 9832 6803 7707
6891,15222 3148 8697 5540 10512 10511 3811 9605 11273 6684
6892,5786 7000 4636 5787 11868 4992 3237 4991 4885 7011
6893,14752 14352 10560 12439 13642 13643 7264 13741 12522 7940
6894,4085 2798 9715 7398 9265 1759 1287 14861 1993 9273
6895,3903 7452 1058 7910 692 10500 3347 5952 3907 3899
6896,2614 15224 15223 14408 3465 2742 2820 1532 13578 5998
6897,11713 547 2063 7646 10891 13388 1367 11126 10715 545
6898,6596 176 7696 14692 8994 7697 13843 1452 2448 8704
6899,10007 5703 10441 5384 13392 1211 9218 2439 5701 5702
6900,1957 4452 7182 6002 3149 2321 3213 5324 46 7181
6901,15225 5106 5105 5104 5103 5102 5101 5100 5099 5098
6902,15092 5322 12829 994 12324 6984 5324 6580 11364 9188
6903,611 9781 10421 488 11936 11939 383 11937 3213 11938
6904,1949 9060 8926 10559 10483 4417 8969 1865 12512 14529
6905,1532 1533 13329 2614 11112 2597 8904 2742 3465 11121
6906,2404 14641 12899 4421 11941 8084 12276 12900 2403 2401
6907,11821 1345 3150 1346 6713 13317 7334 7333 3892 12167
6908,13783 3613 13317 9337 5096 5137 9024 7657 14093 6950
6909,14986 4956 15246 14997 8780 645 258 14483 12568 8027
6910,11804 9529 5083 4364 6381 1967 2937 2778 8744 8878
6911,6622 14889 11384 14205 14462 13892 553 13183 14461 13365
6912,14430 13977 3055 14933 9056 12689 3037 8588 13953 14210
6913,769 2448 4020 2106 770 7680 13923 2771 176 476
6914,13535 11221 613 5373 9393 284 13184 13424 560 14203
6915,101 1367 15226 13414 15276 7159 14898 7128 13952 7123
6916,11985 585 245 6638 1581 6365 7931 1095 1024 1732
6917,13850 13439 10730 2959 13440 5104 5103 5102 5101 5077
6918,5579 5578 2953 6332 13907 5258 4925 5580 13820 1690
6919,13408 13972 11295 8620 6869 1872 10316 14175 13407 10153
6920,1859 1860 14458 13737 13992 10095 1863 2379 12551 2375
6921,466 2024 10294 3104 3196 4221 6854 2168 607 9505
6922,8704 9313 7763 6831 7448 3468 8716 8194 3135 7365
6923,5502 3551 226 1101 12201 1181 14590 8110 3811 2736
6924,1443 1460 6963 8070 3441 3196 1638 6961 815 1968
6925,9222 8260 14928 3754 1463 11815 15227 10666 3755 12921
6926,11043 12467 13069 10960 11047 12468 9705 5457 11046 10218
6927,8661 8737 7531 8662 163 8660 7340 8733 8739 8738
6928,5594 7394 3942 1836 6191 2097 12714 2102 6638 2122
6929,169 2960 46 149 15254 712 14905 5984 14914 7051
6930,10640 14857 335 7234 8977 9373 9374 9375 321 313
6931,14404 15228 8377 8999 3177 3176 7124 13912 3178 53
6932,8494 15043 4363 137 15042 7120 12877 81 7113 1540
6933,12941 705 4807 3242 11854 240 11469 2266 4568 4806
6934,5791 131 5792 10547 67 3501 8307 27 9252 363
6935,1544 3332 1623 13256 10012 14022 1883 6796 9770 8420
6936,13054 13002 5326 13485 12198 5328 2833 15165 8641 14892
6937,15204 15007 14566 14543 7313 15013 14475 15002 101 13920
6938,8702 1028 12483 14720 1988 14721 14415 14719 14220 15085
6939,15229 14418 11485 383 3471 4660 1660 6523 10163 1204
6940,1532 14324 1533 13329 11122 8904 11112 3465 2614 14138
6941,1839 10278 3404 13194 12322 14305 9762 3393 555 3403
6942,9802 14419 2304 3500 15012 105 3308 7126 2191 325
6943,6622 7628 7625 9965 5446 9963 11384 7629 13892 8059
6944,14904 13920 14426 14941 14862 12388 5183 14389 692 13670
6945,15230 14136 13670 739 2142 3021 7113 14852 14929 5516
6946,13037 5109 14857 14881 13371 8597 8964 7442 6371 8058
6947,3112 6870 1097 6910 3739 5411 2323 9081 7814 2304
6948,1320 1319 1779 6362 1778 9192 6363 4060 2375 1321
6949,15231 15232 9697 4462 6297 1942 7466 1898 1896 7172
6950,11611 12519 5696 3489 14065 9137 12684 5697 5693 14531
6951,12182 12274 8757 8964 13608 15005 13432 13037 6099 14772
6952,13144 8713 13314 6415 10731 5570 4840 6284 8710 7249
6953,4350 1463 15227 13312 14419 6178 3308 1462 9519 1465
6954,15234 15233 14163 101 5104 5103 5102 5101 5100 5099
6955,15235 13101 15106 15156 13557 15155 3486 8848 2869 9307
6956,7099 7100 7070 10589 982 10995 7098 8302 12585 13484
6957,4901 4913 4905 9499 3236 4891 233 3237 4813 3377
6958,1638 5524 223 6963 221 224 222 3441 11079 4220
6959,11112 8892 1532 11880 2614 12535 2741 1475 8312 1535
6960,13669 7860 14178 12518 13254 8264 7773 12926 14100 7859
6961,2876 3843 4416 4132 4688 1826 4687 7091 12071 6811
6962,9392 9393 6761 11358 11359 12948 9239 5244 4513 4971
6963,3486 13556 9412 13282 13557 7014 10911 9406 9307 14764
6964,7014 7015 14571 7013 7016 4062 14236 14445 8164 9412
6965,13557 3486 9422 9406 10911 7702 9307 13282 15106 13101
6966,7293 6790 14947 8439 8105 8821 3578 13031 13118 411
6967,11598 7498 1011 4037 1862 6245 13981 12332 7469 13426
6968,10715 10766 12429 870 1902 82 14702 10765 9582 12901
6969,14339 14338 12628 12632 12627 12630 14445 12629 5668 7013
6970,4314 2712 4313 4311 4312 2713 2714 4310 4309 2076
6971,11199 15167 14772 9769 11427 13361 13306 14451 14798 1636
6972,9308 15156 6356 13212 7147 15106 12079 8296 13101 12078
6973,13170 13456 6622 4710 13458 4338 13457 13459 3522 2731
6974,14286 5190 14285 12440 15173 14209 9935 4832 5193 5192
6975,884 11149 6812 1951 5712 8521 12086 4385 3811 3771
6976,258 3407 3602 2344 11030 4326 2928 12320 3439 9693
6977,15054 12763 15053 3617 9880 3912 15052 7655 12943 8263
6978,5004 9320 5415 8348 10373 2794 155 4726 10372 6522
6979,1367 91 12420 11443 6916 87 3270 2547 10503 12222
6980,346 3153 2012 4295 451 4046 3910 968 10741 1802
6981,14764 13212 15156 8296 14546 14762 2881 10911 13557 15106
6982,4743 7070 5846 10630 10996 5845 7077 13209 10589 7066
6983,14080 12440 15287 14286 1500 14209 14285 14605 14604 9056
6984,6899 6889 1373 10537 9903 7758 281 1090 8972 9915
6985,625 9296 12784 12178 13517 4756 8995 6596 9144 7304
6986,9101 311 14076 12977 14853 7759 14783 14075 14077 12091
6987,2741 11879 2742 6416 12882 11755 5998 11112 10207 2614
6988,11369 11368 11370 4663 4660 11371 4650 4655 4653 4657
6989,11671 2209 3299 8973 11952 88 2191 8660 14319 4255
6990,4132 4687 4138 4688 1320 2892 1779 1321 2375 11723
6991,12190 11160 1021 3187 3373 10736 13794 5121 13795 9583
6992,6406 6407 9130 7829 3908 1213 1215 1300 1426 11735
6993,2508 2232 12782 8995 2744 5016 11913 5507 625 8704
6994,14288 6664 14290 6667 6662 6666 10397 6655 3652 14291
6995,2869 12332 5449 11598 14736 7215 1826 7426 10088 1011
6996,12085 330 12543 10169 10561 13214 3180 321 313 10709
6997,6773 5468 1183 14623 10782 10746 8787 10783 6501 13759
6998,4608 4136 7498 8165 13565 10367 6737 10576 10574 4139
6999,5035 7369 6987 507 2323 9953 1540 3219 11161 1051
7000,11647 6476 9182 13365 3822 2243 1960 8493 9185 8177
7001,15238 13665 4605 8164 4133 7016 10098 4287 1721 859
7002,1737 2527 1373 2758 8738 2546 8739 8733 196 8735
7003,3674 13984 9192 2371 1778 11625 4060 1322 2486 1777
7004,2371 2375 1778 6362 6361 1320 1319 4606 4060 1779
7005,2375 2379 13878 2380 2371 2372 7449 11347 1778 7450
7006,8399 13139 3171 1684 8670 3457 3170 10619 5778 10472
7007,12332 11598 8541 5689 12377 11799 1711 1011 13277 1709
7008,14661 11608 1069 7145 10452 1243 10303 4782 10823 1452
7009,13040 7545 3824 14215 14314 13771 12980 8999 7499 5452
7010,8576 14056 12867 13121 7714 354 6060 5969 13122 12309
7011,11120 5673 2887 10067 14226 14459 8477 13878 12551 14464
7012,6360 1721 4133 2887 5689 9851 12075 4605 8164 11787
7013,1452 167 3222 176 6596 2761 7697 6030 786 1047
7014,15162 15161 1799 4306 568 274 3074 7952 723 7096
7015,618 12434 14870 287 12436 15269 363 2130 12435 13129
7016,14717 612 1880 618 6868 14716 8500 2139 3596 6198
7017,2869 7427 7217 6363 4606 1320 1778 1321 6362 9192
7018,3055 8044 7186 2342 11762 6309 12002 9420 11126 12579
7019,13415 9165 11445 11446 5779 269 9404 13129 15261 11114
7020,12423 888 5545 6953 14391 796 5613 8259 214 8257
7021,9996 7725 13842 3091 1265 9998 7539 7532 13266 12437
7022,7215 1136 3443 1145 4689 4690 10626 13111 1771 1146
7023,8999 3055 15226 13312 9519 9426 15148 5460 11126 13626
7024,12756 13568 13590 11319 2887 11120 11318 13878 10818 2881
7025,3153 9887 10618 6214 8146 243 722 6192 6132 4774
7026,6897 5424 7133 6895 17 6433 2071 4357 5425 3528
7027,9850 11028 5636 11798 7960 5690 3458 12209 11808 11382
7028,7217 1353 12936 1773 1006 9194 1704 5854 2891 1774
7029,7696 6053 8047 3556 1798 2754 1836 2758 7510 2932
7030,3237 4913 4891 8349 4901 1163 4887 1371 3234 8350
7031,8709 12114 12816 8711 6417 8710 3465 12112 12126 12120
7032,2133 2652 7727 2794 1291 12106 9774 11069 2516 5748
7033,14120 12011 10142 1106 15245 15116 8708 1456 8775 3222
7034,15096 2824 13926 408 14331 1660 13575 13353 10410 8526
7035,6341 10376 10377 10378 46 3742 6727 8376 7764 3724
7036,9340 8832 2837 11917 8621 13336 152 10934 2215 4396
7037,14131 11405 14512 6934 14136 14495 11366 14494 14200 8042
7038,8195 3 4850 5351 1282 14979 14163 14221 9341 3500
7039,2375 4060 2371 1778 1320 1321 1779 6363 6362 1319
7040,1532 49 2614 2498 11112 11121 8904 14138 2742 5003
7041,2362 14520 2363 12297 13036 1088 7251 13408 3855 4810
7042,2375 2371 1320 9192 1778 1779 4060 1321 6362 1319
7043,4452 5328 640 15005 9074 5327 14046 5326 3568 1882
7044,8999 8591 10382 10383 15148 7121 11185 14163 15029 15028
7045,8802 7758 5498 6899 8972 9921 14605 14604 281 100
7046,8999 9054 611 14929 10482 15148 10483 3021 14951 9299
7047,12512 3071 3800 8482 15019 8580 2016 4570 11836 6966
7048,6613 10642 7863 2927 2277 11466 7804 9088 11153 10868
7049,8429 14801 13923 7442 14912 13037 8964 6371 14017 8610
7050,15123 10294 15154 14907 11485 7377 1420 1698 15121 1215
7051,13853 4580 3789 11794 2981 4587 4586 1336 4087 4585
7052,12905 12906 12903 11286 9517 14007 12904 7986 5189 5430
7053,3222 794 10919 2777 5041 176 436 2448 795 1646
7054,7249 15199 13854 7229 10865 7675 6415 2742 2820 405
7055,11121 6352 1532 3465 11122 13007 2820 1166 2614 2742
7056,4132 4687 7057 4688 1317 1011 4138 3083 8166 2869
7057,3464 1529 1166 3046 2820 13731 3463 2614 3465 14712
7058,2820 1166 11122 14712 3464 3465 13007 11121 2742 13661
7059,2820 6000 6001 1166 14084 2742 405 2614 12426 3465
7060,1532 11122 11121 3465 404 6417 9791 2820 1166 2614
7061,8904 1529 11121 1532 11122 3465 2820 14324 1323 2614
7062,13717 14599 12426 1529 2364 13186 2820 13005 13346 2614
7063,1532 405 1166 404 3465 2820 11122 2614 11121 1529
7064,2234 10140 9282 5187 2518 11644 2528 1918 2527 2514
7065,1438 206 2696 11088 11323 2702 9816 8485 2711 3728
7066,4753 11397 11871 6231 4964 11005 6544 14691 4962 6750
7067,15240 9440 10065 3029 9519 9680 4313 2952 7272 9607
7068,14137 13998 13905 14497 4670 3815 14136 13885 11366 7742
7069,2804 13022 11369 4653 11368 4660 11370 4650 4657 4663
7070,1219 8179 8286 4223 5591 1683 2228 5586 4250 12709
7071,297 13976 5421 11953 2271 10123 4634 13129 10612 2316
7072,15241 8023 13047 15051 8011 4746 8038 8037 8028 8036
7073,4712 207 1545 7386 7090 205 2018 12841 7463 1547
7074,3528 5858 5424 2318 189 3358 2697 3453 8449 17
7075,9880 2441 12763 966 961 9879 12761 938 12944 2442
7076,727 584 11341 4120 6103 996 4497 5583 375 10434
7077,7925 13724 4845 4207 6466 2910 13412 8801 11045 2124
7078,11364 9188 5322 7918 10006 11699 4909 4920 4919 4984
7079,15242 10056 13125 3393 10278 7071 14981 9799 12422 3404
7080,4814 3884 3727 9352 2290 15243 9353 3320 9096 9347
7081,4974 9072 5292 3222 6402 1191 6767 15245 10509 8075
7082,8376 7208 2204 5351 11378 13909 146 14703 9532 12811
7083,7662 1784 10104 13667 5975 6744 14411 10103 2992 1557
7084,12017 740 1493 5282 1488 12497 15075 4273 8651 1489
7085,13282 3486 4399 14545 9406 9422 13557 12627 11711 9421
7086,716 13597 10584 3877 13542 13658 11780 6944 6849 1713
7087,769 3709 1973 1230 794 3309 2448 834 3700 4257
7088,8993 1088 2449 5346 5347 9993 5772 13799 12716 3876
7089,13808 13913 13891 15276 101 9319 1287 10651 9227 7128
7090,3599 11960 466 3595 734 6052 476 3596 2738 3594
7091,11550 14710 12347 3622 5852 14636 4780 6579 3313 9033
7092,3348 10356 5361 12108 3680 13041 5803 13735 8302 12585
7093,13193 13194 10930 1540 8263 12060 1839 12231 15043 12322
7094,9799 15242 14660 3393 10056 13125 10278 7071 5094 5095
7095,2562 6914 2536 2551 2505 2503 2490 2549 549 3402
7096,14155 4356 6350 9761 5554 12027 8486 7333 14892 13614
7097,11120 5673 13483 14861 14209 2887 12551 14464 13878 8141
7098,11937 11936 11939 11938 15098 611 14898 220 8998 15023
7099,7561 4344 7048 3312 1163 6928 8481 4636 3237 2488
7100,11936 11939 11937 11938 611 15023 14898 14603 13514 2266
7101,10102 6651 6954 10567 8188 12021 3362 8704 13783 9820
7102,4510 9593 12360 2467 11216 12018 2776 3702 2147 9619
7103,15163 5514 5515 11883 5513 5516 14224 53 12840 11911
7104,13878 5673 14236 11120 14678 14459 2887 12756 4062 7014
7105,3547 1053 6108 5185 4369 12127 1076 4297 6388 5289
7106,11156 15058 13425 7623 6084 4044 8512 2286 3980 5982
7107,3019 9055 13587 12651 7115 108 9223 11405 45 2391
7108,6041 1880 8971 6596 6046 10018 12022 4863 6868 4249
7109,4009 13145 639 915 5104 5103 5102 5101 5100 5099
7110,14298 7263 45 10158 10342 10546 9910 10547 11376 6889
7111,2079 2081 9680 9249 3222 3552 12494 10489 6532 13552
7112,12669 8085 7911 10961 13825 13001 13609 12645 13608 12677
7113,1354 2369 1357 6320 1355 6550 6551 2371 11987 4141
7114,8802 13808 4423 4422 8199 6929 14605 14604 10651 13913
7115,5210 14534 12571 7139 12569 170 8310 8741 630 14080
7116,14789 15198 10028 14155 6273 13399 13527 12998 10918 3896
7117,5579 6332 2953 11977 13820 3579 6331 13768 6328 10108
7118,7071 14347 14265 15242 14064 4605 10626 6540 1013 12472
7119,83 1868 4442 7533 7822 8432 7429 5114 602 3602
7120,782 1568 4929 3487 4004 10742 4181 4488 3976 14443
7121,88 2470 4911 9493 11974 11676 2209 2191 7330 10542
7122,2614 13701 2815 6352 13578 2742 13453 3465 2820 5998
7123,7146 920 2688 10864 2258 2717 8301 8619 3560 2710
7124,12435 9349 8846 12436 12434 15269 11481 5096 611 4016
7125,10964 10963 2113 5104 5103 5102 5101 5100 5099 5098
7126,7121 2085 2084 2083 11185 7458 8999 6677 45 9883
7127,6053 11550 4235 7245 8223 8790 6643 2767 9069 2782
7128,2428 6220 2790 643 12546 2750 13571 486 3110 8553
7129,771 9203 6902 13412 44 10238 28 9223 8872 12633
7130,12941 240 705 3242 11469 2266 7966 2264 4807 4568
7131,8553 3110 2790 7552 9171 3543 12714 4820 2428 738
7132,4717 9494 8457 4029 4178 2219 3409 3645 4031 2490
7133,1011 14751 2880 4036 6432 3038 4598 9666 4609 14745
7134,7504 10762 3748 871 3255 1551 1103 2826 1050 8294
7135,4933 8800 8461 9692 5260 2156 1337 2253 5159 2290
7136,8561 74 6823 3803 8388 9770 7082 8562 3031 2986
7137,3811 1252 11272 10281 648 4405 1101 14893 8838 2309
7138,12469 15142 15143 15140 15139 14855 10481 15141 2626 8708
7139,2611 8585 11042 12268 2612 11039 2613 14144 2668 13402
7140,11126 13388 14988 14989 14990 14992 14991 3055 14987 3061
7141,1319 6362 2375 1320 1778 2371 1779 6361 6363 9192
7142,2996 11626 4316 1001 1321 1317 5690 9642 9636 2997
7143,10428 9798 9797 10429 9100 13620 15133 14010 13999 7009
7144,14896 6872 10476 8463 4191 466 1204 837 2211 494
7145,10498 14534 4315 6560 6701 11643 1029 73 2963 11098
7146,14986 15246 4956 14997 8780 645 258 14483 12568 8027
7147,3222 250 3132 509 10432 4350 11587 1646 1212 4241
7148,3707 2694 984 3708 3704 3706 231 3705 11819 8744
7149,14979 14163 3615 740 14907 8143 14980 4400 8195 9341
7150,6269 2664 12417 12291 13160 7868 12290 11426 12179 9350
7151,3055 3019 13016 15263 11126 13626 4426 15247 108 9223
7152,14383 11403 693 14384 12081 6228 692 5091 5092 5093
7153,1255 44 1256 1254 1253 1252 1251 5094 5095 5096
7154,14163 15233 101 15234 8999 14668 58 4426 10715 14898
7155,9056 9260 15205 5608 4788 8588 13884 14905 6526 8396
7156,15069 7844 3055 58 11404 11126 15072 10203 13937 12862
7157,3771 13847 2320 5023 9491 917 12432 12512 11711 11932
7158,10592 3028 6463 4076 9884 3097 9295 13263 9219 10472
7159,12360 7290 3095 7291 7837 9428 5852 7287 3715 10531
7160,4553 7448 5630 7423 9428 11151 730 3717 9562 6258
7161,14920 9209 5919 13913 13808 13891 10651 1287 9319 2904
7162,14163 14547 14618 740 14866 14612 15079 14619 14559 14979
7163,14977 13026 12525 59 14978 14656 13025 13405 13884 9556
7164,58 11126 15285 14824 14742 14163 14980 14605 14604 12427
7165,14163 14555 1498 14868 9054 15288 78 14929 10159 8272
7166,8301 7146 3560 11931 6419 11324 3785 3418 13310 8311
7167,15081 14840 5105 5104 5103 5102 5101 5100 5099 5098
7168,11061 111 7127 7119 108 7120 8802 7126 7116 2142
7169,14547 8999 4727 611 10503 15148 1696 11586 14618 1695
7170,2739 6868 5479 10159 1880 4437 380 12014 6800 1622
7171,14566 14543 15007 3841 11884 6729 15204 9300 15013 13603
7172,1367 15276 7128 13891 2085 2084 2083 11954 10891 9043
7173,8669 2254 11302 3180 7337 5610 7386 2588 8692 11234
7174,15011 15022 15247 2096 13957 15021 14519 9115 6065 62
7175,7129 79 7130 14840 2142 10715 15081 13891 3061 3062
7176,3612 13783 3611 11762 6309 13211 7657 6950 14093 9820
7177,15011 12877 15247 14519 13626 14578 7994 7124 3055 53
7178,2375 4060 2380 2371 1778 5846 1320 1321 6363 9303
7179,8999 15276 7128 15148 13891 7121 11185 1367 91 15248
7180,58 11126 14824 15285 14163 14742 14980 12427 4426 14605
7181,5739 2777 7697 6473 1452 2448 6532 3222 10601 6596
7182,9821 9818 9819 9119 728 4426 1368 45 12186 2739
7183,8735 3068 8734 3064 5929 14217 3065 14158 8733 8739
7184,8999 15248 6106 15148 7121 11185 2608 14163 1368 14951
7185,740 12084 5641 866 14348 14979 12847 14089 14907 12085
7186,3055 11126 13626 15247 9957 4820 7994 14875 11424 3056
7187,13388 11126 3055 11914 14984 15285 58 11424 9610 10891
7188,1001 10193 1013 1002 10818 9535 11768 2996 6364 7062
7189,9680 3552 3161 12063 3153 9122 9372 9033 11200 484
7190,13626 15247 3055 7994 14519 15011 11126 9957 14875 11424
7191,3989 11930 1738 12128 9686 3990 3923 3991 7389 12621
7192,10509 3222 1602 10710 10641 3337 5061 2784 4229 15245
7193,1352 7940 1753 4962 5104 5103 5102 5101 5100 5099
7194,6657 14302 14301 6663 14097 14096 12556 13398 10392 10647
7195,15045 4426 5106 5105 5104 5103 5102 5101 5100 5099
7196,11549 15249 15068 15190 14597 15067 13173 13174 2325 15066
7197,13132 14616 10484 242 14329 13262 14970 9430 8408 13018
7198,7129 79 13891 7130 15276 2142 2154 10715 15255 7128
7199,15168 15051 5376 15059 11147 15119 11758 13047 12966 10637
7200,13355 14114 5516 8726 14785 5513 5515 2082 14303 5514
7201,14862 8581 14654 14334 14102 13920 14904 4934 14426 5183
7202,14447 7843 7844 7842 11367 7849 14165 7848 7847 11368
7203,9054 12015 14551 9052 14951 14555 15076 8999 7124 14166
7204,46 1883 12977 9026 11205 10860 12975 12976 11392 12205
7205,71 2575 7911 10279 12669 381 9426 8085 3043 3205
7206,9610 10553 1130 2160 13388 4153 1287 13797 8999 2658
7207,11166 13427 12277 9354 9111 6792 6099 12613 2089 8087
7208,14821 14592 15252 14822 10115 10834 10833 11731 9106 1605
7209,6362 4060 1779 6361 1778 1320 1319 6363 9192 2375
7210,15253 12674 12290 12289 12292 12675 12293 13381 12673 12291
7211,12479 11769 561 7209 4273 12557 11744 6772 11743 12081
7212,8655 13784 10639 6311 3802 12641 9552 11819 15240 9553
7213,15254 14914 14905 14689 1618 15064 9056 2960 235 1619
7214,15255 2154 8413 13891 5092 5094 5095 5096 5097 5098
7215,14165 14555 9054 7632 14486 14824 14166 11367 14930 15288
7216,14295 3498 11229 1118 12668 5721 11671 2320 502 14963
7217,740 14979 14980 8572 14907 14163 14348 3615 58 8195
7218,7221 6324 1011 3075 2870 7546 12237 3079 2616 7076
7219,15132 12383 9544 13024 12597 5358 576 13023 11341 11167
7220,6468 3149 7965 13514 6261 7182 1957 9316 4437 8748
7221,14955 14393 15108 1204 3615 4940 9618 14693 14790 2678
7222,9781 10381 15074 14341 1988 1589 15075 14564 7898 14952
7223,13764 12626 12024 11575 14976 11315 1754 14593 12134 12254
7224,14555 15288 7124 9054 14852 14449 14850 13912 14165 14951
7225,12578 14793 399 6477 8803 13319 14337 6969 6185 2614
7226,11379 3160 7005 3174 3975 12016 11441 11378 3172 6727
7227,855 7520 6443 1441 2775 4257 2255 7836 775 8442
7228,8100 8099 14373 8102 8094 8092 5560 8091 8089 8101
7229,2876 4416 6364 1826 3843 9192 1777 4414 2371 3674
7230,13976 10975 13051 10977 297 2271 1448 5575 5421 4270
7231,15050 4117 4118 4116 4581 12763 203 3040 12946 4120
7232,13701 6989 13960 13352 2614 12301 7686 6353 1534 13333
7233,3465 4516 6353 5430 2614 2742 2820 1339 13701 6417
7234,2614 1532 4516 6353 2742 3465 2820 13960 13352 13701
7235,2614 1532 14084 7686 4516 1534 8729 13561 13960 13352
7236,5998 3465 13339 4516 14016 2614 15152 2742 2820 13338
7237,14014 14325 13575 13348 13323 13671 15095 2741 8731 8907
7238,4515 13323 13628 13271 13324 2820 2742 1532 13629 9784
7239,1532 2614 13960 8904 7686 13352 13701 3465 6989 13333
7240,13561 4516 6352 2614 1534 3465 10208 2741 13578 14127
7241,6992 13455 1532 1533 8810 4515 11112 2743 8904 2742
7242,14044 15096 8828 2824 12743 408 1532 404 1660 13672
7243,15257 1532 14138 6417 5818 2614 8402 11121 11122 11112
7244,4515 4330 5194 6995 1532 12786 6992 13324 2742 2820
7245,2131 3213 2548 6002 9182 3982 651 11588 4595 3822
7246,14753 5991 2302 5992 11861 5988 5994 5993 5826 11860
7247,14811 14812 406 12825 15032 3017 12502 6325 8904 10494
7248,12826 15164 12502 15202 12475 11054 2596 13422 13345 6867
7249,6868 1880 2739 15147 407 10741 13650 10126 10730 12574
7250,13932 14122 13421 11755 8526 405 1323 14029 13700 2820
7251,1323 3465 14044 11121 13421 14123 8727 2820 3923 405
7252,2820 13731 3464 12742 1166 3465 2742 2614 405 12426
7253,13244 11121 1532 1166 1535 1165 8727 2820 2742 11122
7254,2820 1166 3465 13931 11121 14150 11122 2742 3464 2614
7255,404 13259 1167 1166 13260 2820 1532 9791 405 13200
7256,1166 3464 3463 2820 13731 13260 14712 11052 6867 3465
7257,13624 2820 13347 1166 405 1535 8730 14457 14122 12747
7258,14405 2614 11121 2364 1532 408 11112 1529 13334 11122
7259,2614 2820 12426 14599 3465 2742 13421 13717 1323 405
7260,6417 11122 11121 6351 1532 15257 2742 3465 2820 14324
7261,359 15258 361 14333 15094 15259 12098 362 360 6325
7262,6417 15257 3465 11122 11121 2614 2742 2820 8709 6351
7263,14333 359 15258 15094 361 15259 12098 362 360 5103
7264,359 15258 15094 361 15259 14333 12098 362 360 5103
7265,15094 12098 15259 359 362 15258 14333 361 3465 13562
7266,3465 4516 13701 5430 2614 2820 2742 6417 6353 13352
7267,2101 10142 4005 13401 1830 11904 6861 10572 11935 3989
7268,7719 15260 9143 14674 6766 14886 14470 15046 12600 7205
7269,13902 9587 9780 9781 7732 7460 3598 2516 3226 4220
7270,11407 8605 11710 6483 11408 11409 2397 6849 637 10764
7271,12268 8214 13944 3830 4059 2662 3716 7916 8275 8637
7272,4594 6795 9558 9350 4641 9559 2787 6797 4644 4642
7273,13257 8592 1954 14777 14041 5324 15108 14790 11362 13810
7274,14797 13462 14066 12617 8899 9772 1883 13063 14041 13064
7275,7017 6818 8487 11425 1742 2801 6819 8712 12266 9649
7276,2086 11039 8585 14744 2093 5409 11003 11042 11004 3564
7277,4719 14664 11096 14020 13063 14658 10874 10873 7759 3274
7278,8393 13222 6099 12992 7903 4655 945 2012 13812 8215
7279,13721 11714 1635 1636 11715 2662 13811 2663 1634 4056
7280,12290 12289 13381 10037 12293 12292 14777 12675 12291 15253
7281,14888 9409 9410 2112 460 10587 13685 13395 3483 11186
7282,6099 11166 6792 9354 1883 15253 10669 9111 12674 6101
7283,5563 9560 4644 4642 11371 4594 5566 6792 5565 9559
7284,14787 5785 13118 13099 615 11283 3536 12818 1958 7866
7285,13821 8105 8090 13820 3561 6137 5228 13914 7293 9077
7286,11274 11232 12566 10716 6622 2982 2979 6528 6228 2654
7287,12253 12091 10527 14783 383 12999 12311 14076 7909 8386
7288,7825 8058 5109 5368 9032 5405 3568 12173 9199 5103
7289,9759 13307 13 12 8096 8095 14684 15 10524 14683
7290,12290 13381 12289 12292 12293 12291 12675 15253 12996 12674
7291,7824 14043 6789 14045 14809 13342 6790 12418 5607 1955
7292,5788 4450 9657 4448 15188 13968 10986 9658 11978 6497
7293,13355 14785 8629 8726 13451 1634 1996 11191 14600 12949
7294,12993 8663 8903 11368 5222 11367 13527 5634 1886 4892
7295,12290 12289 13381 12291 12292 12293 12674 12675 12288 10037
7296,13381 12292 12618 2793 12978 9669 12290 8899 9772 12289
7297,14771 11942 9074 10012 5328 8698 1544 9770 14045 8386
7298,13907 14769 5578 10242 4654 4738 5258 7916 1958 13945
7299,12290 12675 12673 12293 12292 12291 12674 12289 13381 15253
7300,1911 8103 1890 14041 12268 8899 3011 8592 3010 2665
7301,5349 6094 14399 2833 7916 3113 10322 903 8646 13160
7302,14752 12439 13642 13643 13741 12522 7940 10560 14352 14311
7303,4964 4753 6544 5896 4073 4962 4754 1169 9228 11005
7304,7264 11219 6537 6171 11218 4447 10560 12748 11593 14353
7305,15261 11785 15101 14968 11114 9691 9403 13938 9846 4628
7306,12333 12577 906 9235 14311 12809 7222 7144 13078 1011
7307,5601 10756 1265 9998 5967 9996 4699 13951 13213 12081
7308,5929 8735 15129 14217 8736 10562 8734 14471 8733 13166
7309,3094 9439 5778 601 13572 2869 3028 8399 7357 13139
7310,15262 14008 13694 5352 12162 5105 5103 5102 5101 5100
7311,10054 7564 3237 14252 4884 6300 9499 5215 3236 4901
7312,4964 5896 4073 9228 15060 5895 4754 7744 7012 4710
7313,14029 14122 14359 13320 1532 1323 13932 14655 405 15097
7314,11912 11227 7574 6782 5157 4948 14342 717 11910 6170
7315,11108 6990 10563 6995 12070 4791 10179 4329 9788 11111
7316,7124 5595 7631 11045 15289 14700 9204 9207 4349 5233
7317,7215 6356 9308 7147 15017 1771 10627 3443 12079 1136
7318,13113 5112 6104 2859 7408 8529 4292 5898 3980 13180
7319,10809 1507 5685 13130 9441 3314 9601 6597 4696 13236
7320,7628 12354 904 7629 7627 7625 7342 13833 8148 7626
7321,13282 3486 9406 14545 9422 13557 9412 15106 9421 9413
7322,11729 13733 9997 12026 11730 1590 11728 8978 6389 13142
7323,15129 14217 14471 5929 8735 10562 13166 14714 14216 3067
7324,13968 13566 10009 10008 14153 8122 7646 4450 14181 5775
7325,3067 11223 2206 2493 5305 6908 9930 68 12900 15147
7326,1532 2614 11112 8312 2742 3465 2820 11121 14405 8904
7327,14678 1317 2881 8541 7784 10199 1318 13982 4401 1011
7328,15153 1532 2614 13855 4514 13351 3465 11112 2742 14803
7329,1709 12332 1011 8541 1711 9967 9968 11598 15049 8539
7330,13726 5964 12215 8144 9806 5707 13970 13972 12588 10122
7331,8477 14464 5689 2887 14226 14571 13483 4693 8541 11799
7332,6744 14411 13551 13023 5288 7662 15141 354 6743 14356
7333,1709 8848 3075 11569 1711 1863 8850 8849 13713 9967
7334,1532 13351 13855 8869 360 15097 4711 15153 13320 2614
7335,13351 8808 4514 1534 11822 1532 5193 13561 15153 14328
7336,2888 14347 1013 12734 1011 10626 10193 10556 7071 11352
7337,12309 5201 5798 5151 811 5202 7931 11089 3198 8818
7338,5385 6162 5383 8335 1864 14489 10441 5699 2847 2849
7339,10071 8645 4037 3443 2880 13380 13981 4035 10073 7498
7340,13878 14678 5673 14236 2887 12756 11120 13982 7784 1318
7341,9784 12744 14359 13354 13711 12745 13482 1532 2365 2820
7342,15240 4315 10639 9553 72 6311 2779 2628 13784 8655
7343,13647 12659 903 13673 13924 11554 12664 12660 12661 708
7344,14765 11651 1306 1102 11654 5411 3006 8494 4289 11653
7345,12607 11537 4611 1011 13983 5844 13911 11536 1318 4617
7346,14394 9127 1947 8041 9659 6943 9128 9126 7259 8965
7347,13282 14545 3486 9406 11725 9422 13557 12627 11711 15106
7348,3465 4514 9784 6990 10041 12500 8906 13235 6995 9795
7349,14464 11120 13483 2887 14226 5673 10626 8477 8302 12585
7350,4605 4133 6553 15238 8164 13665 1357 7016 1721 6360
7351,1011 11768 7784 2893 3083 5687 12655 14678 13621 12211
7352,14571 8477 2377 14464 2887 7015 7014 5689 14226 5536
7353,1527 11267 7241 10963 10657 13324 529 13513 10731 11832
7354,1532 14803 12070 4514 6990 4329 14408 11899 6995 15153
7355,6990 12070 11111 14803 4791 6995 11108 11822 4514 9784
7356,10626 14347 7222 13483 3079 13209 2616 7215 5845 3443
7357,14571 7014 7015 7013 14236 7016 4062 14445 12657 12632
7358,14754 4296 3259 4294 4298 3554 4297 1436 4295 14723
7359,3789 2981 4580 11794 13853 13705 9238 1700 9796 6183
7360,13906 7627 2928 13630 7628 7629 10093 7342 1985 7626
7361,14445 4034 14038 12632 7013 11776 7015 12866 7014 14409
7362,9828 2852 6611 2866 2855 6607 13848 14733 2845 4124
7363,8581 8009 14102 4934 5224 7966 8272 14430 12966 9299
7364,15263 4426 13016 15045 14163 12427 58 7159 13017 7124
7365,2156 14502 5260 14503 5159 2290 3460 4933 8307 1090
7366,10101 14863 2475 11533 11111 6065 10665 7561 10025 5207
7367,2614 3465 10208 1532 4516 13578 15095 2820 2742 6417
7368,12574 14887 12134 13899 14688 12850 14696 14697 5678 14976
7369,14782 1743 13740 8487 13301 12314 8825 6824 5324 12480
7370,2614 1529 11112 1532 13578 2820 2742 3465 5998 14405
7371,5121 12190 11873 9200 5325 12853 2318 5122 12545 1337
7372,3055 1452 45 12921 7697 4988 11126 13626 12922 15247
7373,11477 3736 9817 12320 236 3737 6698 12847 2446 12087
7374,12748 2650 6537 11219 15120 11218 12536 13828 10701 10353
7375,592 9975 635 1066 4341 5590 3731 2331 896 9286
7376,13233 13423 13717 13202 14879 12786 2742 12426 10207 14599
7377,2249 8146 6378 9800 1093 2247 3618 3161 10176 3153
7378,5722 11949 415 15227 10293 3943 8067 2490 3662 8621
7379,8390 133 4182 11734 5053 9197 697 292 14001 1836
7380,8999 7545 15148 13040 11185 7121 15248 14690 14951 14560
7381,3865 9099 13436 9097 9487 3408 2570 8895 9931 10015
7382,15264 3403 5365 10124 13753 12667 2959 3404 3400 1273
7383,7632 8272 12876 14102 14923 12065 4934 8581 8690 14476
7384,618 3471 10914 8473 14557 14550 612 6079 15065 2602
7385,8562 4840 11284 2133 11231 1511 3754 14416 3755 2580
7386,14538 14264 14973 12850 14938 14415 14222 553 12134 13262
7387,8748 14939 1619 14391 1404 1419 4437 715 8673 3149
7388,14144 11004 11042 8585 4576 15107 11003 11039 13402 5409
7389,11725 14545 15145 2853 9406 13282 4066 10048 14541 412
7390,12536 14181 8454 10351 14268 14342 14153 11630 2650 6298
7391,14341 10381 14952 2148 11424 10380 11419 9140 12653 12399
7392,742 7727 837 1334 11482 5281 12337 2543 9771 12420
7393,13282 3486 14545 9406 9422 8999 4399 9412 7015 7014
7394,10712 7361 11204 12517 11441 1496 6344 5306 10178 7155
7395,478 14548 476 3036 5542 466 14539 4177 794 5438
7396,116 11479 112 12139 12140 13190 11719 7559 4903 4906
7397,8498 4909 3871 11094 8180 3869 3870 7561 3236 7729
7398,12507 9783 5606 12508 13047 9787 9785 9788 12510 9786
7399,4177 478 775 855 4257 1441 464 2775 14548 8945
7400,5689 8477 14464 2887 11799 8541 14226 4693 13277 1721
7401,15265 344 11289 638 13656 5558 13657 5556 5557 14663
7402,14163 13388 14543 5216 14585 14566 11914 14668 11126 14903
7403,7386 7385 6817 4712 7090 1684 8669 2810 7391 2254
7404,14337 13319 8803 2614 11899 1532 13006 6969 6477 399
7405,3055 1618 235 1617 234 1619 12005 15254 14905 14914
7406,13130 11486 1507 8778 4284 1901 1497 5147 1647 8533
7407,5517 3055 15029 15205 11838 1287 14825 14668 11126 15028
7408,13848 14093 2866 2855 7530 617 2852 1669 4550 12162
7409,1532 11112 13855 15153 8312 2614 11121 14138 8904 11122
7410,9054 14551 14951 14555 15076 8999 7124 14166 4162 9472
7411,2876 3844 5450 1826 8191 3843 4416 4609 3842 10752
7412,1893 3088 11709 1895 1891 1894 2865 10869 1892 13979
7413,13434 1573 34 33 13454 7152 3404 2535 7776 1086
7414,7300 2324 821 843 775 107 8074 3985 8871 794
7415,15267 12704 6748 12702 12701 12700 12699 12703 12705 12707
7416,2869 1827 4693 4135 4607 9751 7553 11536 1821 2875
7417,6668 6659 14098 14097 109 10394 14096 5091 5092 5093
7418,1532 2614 8808 13351 2742 3465 14138 2820 11112 14359
7419,13337 7703 15268 13390 12797 3587 5093 5094 5095 5096
7420,8477 14464 2887 5689 14226 11120 14571 13483 7450 13878
7421,6614 12651 7881 14730 14731 9055 2391 4631 12409 10979
7422,8243 7926 14344 6686 10078 668 9187 5980 823 4944
7423,15204 7313 15007 5103 5102 5101 5100 5099 5098 5097
7424,15084 14272 13412 1918 9920 7313 7726 8048 12514 2493
7425,14344 9783 8176 949 15159 3873 8950 779 499 2134
7426,49 3599 12666 9773 11919 12169 2149 11916 3403 2738
7427,11078 11077 11489 10449 11491 11488 11492 11487 11490 14394
7428,152 11562 8600 4396 4869 9340 12583 156 11556 5754
7429,7469 9623 13655 1862 9621 13068 7515 12155 13405 13396
7430,7171 5246 7002 13137 14143 2864 7161 11986 6612 14911
7431,794 11759 6411 1219 3964 3596 795 3595 3599 476
7432,12518 14178 12926 8264 6479 13254 9556 12525 4629 5923
7433,8239 13847 7350 72 7352 7351 15240 4315 5023 10639
7434,13310 7146 6522 715 6523 11478 3560 938 15269 14701
7435,14981 13125 12422 15242 7675 11583 11627 363 2695 12509
7436,15269 12434 12435 12436 6522 6523 8846 14870 14824 4016
7437,323 13756 237 31 466 13272 794 1206 30 128
7438,9262 8466 8475 11459 8474 12178 1219 8473 4 6596
7439,9165 13129 5779 13415 1880 177 4519 11445 11446 7923
7440,7290 2116 10531 2508 10618 3715 12360 9428 5852 4780
7441,11822 10733 11897 408 12501 8808 1323 10041 4791 1534
7442,14736 2869 15027 1724 1826 1770 12332 11598 7426 1774
7443,1295 164 8484 1369 3298 4341 5835 186 1501 14322
7444,1001 5845 13209 10630 11000 10999 10997 6804 10998 10993
7445,12420 9159 5298 11481 5509 837 5096 9349 5097 10883
7446,11855 478 1090 2570 2526 549 3288 14548 10883 9043
7447,13177 7264 13770 12577 12809 10560 13406 4629 14533 7409
7448,6990 9788 4791 6995 12070 11108 11111 9787 9785 11822
7449,2871 7818 2873 9644 2875 4693 2874 9645 4599 3845
7450,6622 4962 6544 13892 1352 4753 2979 6543 11852 14889
7451,715 10633 10625 2581 2706 2201 7047 14740 14504 10766
7452,12764 1880 10965 3403 8480 7726 10612 9773 12446 14037
7453,8248 2477 6674 6197 12694 11773 3674 2485 11625 5996
7454,10369 8671 3016 11174 10227 4943 9007 4238 1491 801
7455,8701 637 15026 11407 11409 11408 2397 2301 14281 6483
7456,15270 14407 101 14578 13587 15013 14826 14825 13414 15007
7457,15079 14612 14559 1368 14865 91 14163 14867 8999 8413
7458,1371 3237 4906 4635 5834 8180 10274 5828 7566 2539
7459,4313 4486 8113 4121 4314 12281 15243 2721 7138 4639
7460,13414 15060 15028 15063 14826 14578 4754 13587 15134 14510
7461,6679 14622 5824 14776 13528 6251 1088 2333 134 6672
7462,14826 14320 3055 14578 13587 53 13414 14825 15270 14510
7463,14997 1480 5682 8873 14986 14718 12028 8780 4439 5683
7464,4424 12031 0 100 53 14163 771 3222 2760 14210
7465,15271 5106 5105 5104 5103 5102 5101 5100 5099 5098
7466,12765 149 11140 12573 169 14548 12945 794 1147 13647
7467,5427 5425 4482 12180 6376 11260 2930 5424 5862 874
7468,12841 2018 1545 287 6419 5507 7463 478 8845 1551
7469,1762 8144 12588 1515 6815 9806 12587 13726 5964 1764
7470,10866 1133 8486 8525 13050 9287 1549 3040 9288 2670
7471,3442 6809 7404 6811 1317 6323 4132 9756 1778 12629
7472,10715 14702 1351 14875 52 14163 14690 7130 7129 8999
7473,10497 12922 1548 9606 12788 9292 6096 1818 5024 5413
7474,6969 8803 13319 14337 2614 6477 13420 399 13418 11911
7475,1839 13194 12322 10278 13193 3404 12231 10747 8263 10857
7476,12575 14685 13559 10821 14259 13928 8335 9267 7127 7322
7477,14144 1880 23 10654 8817 1291 2509 6868 14953 15147
7478,9054 14551 14951 14555 15076 8999 7124 14166 4162 9472
7479,1758 3468 11975 4291 5558 10623 469 638 5414 4255
7480,4295 8194 7089 9518 918 3153 4294 4296 346 10618
7481,11017 3560 6135 611 4495 6032 8339 8665 2067 11172
7482,8693 1285 1766 2340 3502 5275 3641 471 12279 5070
7483,740 10124 9511 4871 14687 14893 15146 11353 6202 14348
7484,529 11410 7236 14154 14444 10731 538 536 13289 13300
7485,9221 7398 14419 5621 10960 9284 3924 1572 8351 10265
7486,12813 5306 5215 4635 12018 9802 8499 187 5362 166
7487,2739 6800 6868 1880 4437 380 12014 2463 2935 9509
7488,15255 2154 8413 13891 5092 5094 5095 5096 5097 5098
7489,1919 9069 4370 14273 6041 5314 10283 385 9709 8453
7490,1846 6238 4300 6171 1700 14528 6183 12898 11786 9808
7491,1846 11227 10190 13391 11912 6782 6171 7574 5157 1700
7492,3952 4468 9014 6038 3951 3950 467 3699 12438 6426
7493,10144 2625 2192 2626 10143 5571 5569 4865 5572 5573
7494,15272 5106 5105 5104 5103 5102 5101 5100 5099 5098
7495,13347 11051 13346 13005 14599 2820 6352 12426 8730 8906
7496,9052 14320 14869 10078 14166 14306 10215 12015 14221 14826
7497,75 8999 3063 14199 10559 10483 4417 1949 8969 1865
7498,14510 13414 14578 53 14824 8376 14607 14826 14825 12877
7499,10409 10408 3998 505 4265 2715 5060 9095 5061 11016
7500,7913 5322 12848 6580 15092 12829 13228 5324 13227 1391
7501,10780 1160 13973 379 1161 10430 11545 1162 14617 11377
7502,8106 3980 5366 9528 12610 6118 2914 11949 3982 14275
7503,3937 760 7361 3916 6445 3931 12791 12790 12789 8224
7504,14870 13013 7153 14597 12436 12434 6522 14824 9125 11549
7505,3055 11126 13626 15247 9957 7994 14875 4820 11424 3056
7506,6836 14452 13884 59 14865 13335 9227 9260 3222 8190
7507,15273 15274 1351 52 10715 740 113 14307 14875 8474
7508,11366 14486 12528 14485 14499 14913 14481 13885 14479 14491
7509,5267 14491 14479 14486 11366 14496 13885 5266 14506 12528
7510,11366 3066 7849 3065 3064 13885 6584 4727 3068 7848
7511,11366 692 12386 13885 15082 15083 5267 14479 14486 13895
7512,11366 13885 5267 14477 692 14486 5266 14404 14488 12850
7513,11366 13885 5267 14477 14486 692 5266 14404 14488 14913
7514,11366 14404 13885 15228 8377 5267 14477 692 14486 5266
7515,11366 13885 5267 14477 14486 692 5266 14488 14404 14913
7516,11366 14404 15228 8377 13885 5267 14477 692 14486 5266
7517,11366 14404 13885 5267 14477 15228 8377 14486 692 14488
7518,11366 13885 5267 14477 4027 14486 7232 14488 692 14404
7519,11366 13885 5267 14477 14486 692 5266 14404 14488 14913
7520,11366 5267 14491 14479 13885 14496 14486 14477 5266 692
7521,11366 692 14486 12386 14479 13895 13885 12528 14485 14499
7522,11366 13885 5267 692 14477 14486 5266 14404 14488 12850
7523,11366 13885 5267 692 14477 14486 5266 14404 14488 12850
7524,11366 5266 14498 13885 5267 14486 10611 14497 14485 692
7525,11366 13885 5267 14477 14486 692 5266 14404 14488 14913
7526,11366 692 12386 13885 5267 14477 14486 14479 13895 15082
7527,11366 13885 5267 14477 14486 692 5266 14404 14488 14913
7528,11366 13885 5267 14477 14486 692 14488 5266 14404 14913
7529,11366 5267 14491 14479 14506 13885 14496 14486 14477 5266
7530,11366 13885 5267 14477 14486 692 5266 14488 14404 14913
7531,3055 8370 8369 15061 15062 13587 15063 3057 3056 3059
7532,7124 13912 14559 14555 8999 9054 12877 14578 53 13587
7533,8139 3308 14675 14419 6178 4350 9802 2304 325 105
7534,14825 14578 15029 53 12877 15028 14827 15013 14510 14668
7535,15029 14668 14825 14163 5517 15028 14578 11838 771 15205
7536,14577 14576 15277 13513 10330 10741 1670 14036 1527 13324
7537,14163 14668 15029 14612 15233 15079 58 14559 8999 14865
7538,11126 14984 3055 13388 58 15285 11424 1367 11125 9116
7539,15121 7002 15123 15124 15122 14143 14911 6622 10294 692
7540,7580 1332 7577 7578 3093 5488 794 7579 12547 630
7541,14163 14391 14939 14668 5037 58 8999 5545 10715 4426
7542,9054 15076 14951 14551 14555 8999 7124 14296 13369 14166
7543,739 14852 14555 15230 15147 14136 3021 7113 13670 2142
7544,14555 12427 15288 14852 14449 14049 14163 9054 14850 739
7545,8999 15148 7121 11185 15248 14951 14690 14560 15069 14163
7546,9052 14166 14929 14869 3906 14951 9054 14320 3021 14930
7547,6836 13884 9227 14865 59 9260 7516 14612 15079 9443
7548,1622 2739 1617 12014 1621 1620 6868 8048 1618 234
7549,14166 3906 1374 14929 9052 14951 8999 3021 9054 14930
7550,46 12545 9200 11392 12205 10732 13919 15028 6002 14140
7551,7632 8690 8391 14165 4519 9588 2569 7373 7248 12876
7552,15279 15278 12878 7524 5179 12879 6089 8884 5101 5100
7553,12386 692 11366 15082 15083 14145 14136 12340 8250 14654
7554,8459 8123 8121 1697 15188 8127 8122 14153 2393 8135
7555,7581 14157 14159 1131 14158 14952 14160 5513 14304 8734
7556,692 11366 12386 15082 15083 14136 8250 14145 13838 12340
7557,13388 11126 10715 10891 1367 12931 15276 547 11914 14984
7558,3055 798 12055 11126 713 13626 12463 15247 10053 9957
7559,15067 101 15066 11549 36 13013 5787 3178 15190 9134
7560,12850 13885 5268 11366 14538 14506 14938 14537 14500 14887
7561,10715 14702 1351 14875 14690 52 14163 7130 7129 8999
7562,857 14143 7141 14911 7002 12837 4591 6329 1523 1901
7563,11120 14209 14596 14595 5673 13680 13878 14464 13483 12440
7564,14654 14862 14334 692 13920 14904 14426 5183 8581 14941
7565,692 14654 11366 12386 14862 15082 15083 14136 8250 13838
7566,2016 15019 12512 11836 3800 8580 4570 6966 917 13847
7567,4132 4687 4688 4138 7784 7057 5447 11347 10992 2875
7568,1033 12976 3321 2253 10860 12975 12977 2737 11045 8801
7569,10514 10513 10644 10512 10511 2810 475 3148 2118 9521
7570,13382 12184 14370 4566 4564 14369 9034 14468 8095 8096
7571,3916 11938 139 11936 11939 11937 8200 611 760 14619
7572,9204 1834 10711 9315 7671 5398 12621 14121 5595 14258
7573,1686 8619 2717 10517 466 12865 9849 7382 9954 3223
7574,3494 4454 14355 13632 9182 9946 6863 14259 5828 11090
7575,12848 7913 13228 13227 6580 5322 12833 3811 175 6614
7576,13111 2375 4599 13112 7215 9853 2371 11347 5845 1315
7577,11623 8837 7820 715 11957 3223 1869 1686 3504 7270
7578,12054 7128 9282 15002 7122 10014 91 4426 3735 9284
7579,13053 4780 9107 3730 3374 4321 2248 2910 11047 6564
7580,2527 2546 5149 2234 2496 2529 2528 6890 2543 5305
7581,11240 163 4999 12189 2521 860 2631 7865 7512 3726
7582,1001 6742 2374 3415 7062 11325 3674 2370 1002 2371
7583,12625 12624 4652 9110 8586 11858 13427 4649 9559 9111
7584,5278 46 3160 4797 7762 64 9159 9923 11233 3461
7585,14954 6135 9553 9269 3584 15240 8823 4315 2879 72
7586,6134 9891 2535 12295 2185 12294 4554 8044 12317 10140
7587,10552 12974 5587 3023 6204 5400 4324 9425 4832 9985
7588,12172 5628 5626 14031 13613 10918 13433 13611 13432 9760
7589,9601 9441 3314 1507 285 9596 9598 13130 9600 11406
7590,3811 1995 9246 1101 14893 2309 9604 5502 2755 10347
7591,4713 14377 4718 1541 8274 11036 6412 14164 10057 11187
7592,1131 14159 5513 7324 3395 7581 14157 14605 14604 7325
7593,12877 14578 15028 53 14825 7124 15029 13414 15013 14510
7594,739 11255 14852 6676 7491 3017 14555 15230 3476 14743
7595,8057 10813 13366 2979 6622 8409 10701 11041 13459 12566
7596,5419 476 6579 3222 167 1389 3370 2761 2448 9309
7597,14391 796 14939 5545 5037 12423 860 14163 7835 7512
7598,12305 6097 8797 2578 3713 9743 3033 1649 1059 5048
7599,2441 15042 12944 15043 1540 2443 977 2442 9880 7655
7600,2495 11970 5209 5388 2488 3359 2480 5394 1501 5393
7601,2609 15280 2608 2607 5094 5095 5096 5097 5106 5099
7602,7695 5346 4282 3157 6333 7694 5347 10499 5349 8993
7603,4132 4687 4688 1153 13270 9753 1317 4689 4690 6323
7604,1090 2563 1018 3582 12110 14125 9964 3459 14858 12247
7605,4020 7681 7247 6437 12232 13923 3205 6765 7670 5582
7606,7439 619 1698 8872 5219 10019 7512 3253 1446 11834
7607,4590 9879 12761 12760 4589 9880 966 967 2442 12762
7608,1130 10223 10978 10222 5304 9610 4715 8582 10182 14975
7609,2574 87 9815 2026 130 2506 181 1919 2130 2556
7610,12280 2063 4902 3848 1042 1083 8515 12432 8325 2064
7611,13950 7571 10257 231 14353 13692 7568 15162 15161 7107
7612,15245 15116 3222 8708 14120 4788 15115 4127 15117 12011
7613,14458 10095 13737 1859 13682 13992 553 13262 6280 13365
7614,15281 14141 1044 14716 1994 1997 1996 4591 1995 13919
7615,1721 1723 1155 11638 11640 8152 1151 1145 4407 1156
7616,8995 625 8704 6596 176 5507 2508 5016 784 13517
7617,14383 693 11403 11405 14512 692 14384 11402 14320 14379
7618,2586 6032 457 466 2589 7918 795 2457 1382 11017
7619,2615 6799 4661 4659 4658 14283 4647 14402 2604 8701
7620,10715 14702 14703 1351 14875 14690 14100 7130 52 7129
7621,1709 2880 8150 1711 9967 8848 9968 14745 12332 1863
7622,8999 9610 1287 1130 15148 10541 11185 7121 10553 13388
7623,12140 12139 7559 116 1371 11719 3234 4903 7326 4906
7624,10890 11874 13412 13724 10549 9925 7461 1496 9898 2516
7625,405 1323 2820 13333 1535 2742 2614 12426 3465 1532
7626,12043 8857 10389 757 439 10532 7833 5325 9259 1217
7627,10246 12376 12757 2014 9084 14751 7817 9083 1011 4407
7628,2742 6353 14662 2743 2815 14879 11548 8835 13453 13910
7629,8605 11407 6483 11408 11409 2397 11710 637 11756 10907
7630,275 8558 7483 3398 3826 593 7286 334 10606 666
7631,4437 8748 3149 9316 7182 1957 14939 14221 6468 1404
7632,7402 7272 9689 12981 11647 13679 7401 7774 7485 1810
7633,1999 4664 6102 8552 476 947 293 12462 10642 4777
7634,13752 1302 6114 2520 2962 9321 13905 14878 3793 6871
7635,2139 437 5386 3328 11258 3575 5392 1072 8500 9286
7636,4715 12618 14779 13067 10978 9575 4584 2793 10872 13381
7637,15282 1650 43 1649 1648 1647 1645 889 1646 788
7638,871 1646 504 8403 806 5853 3678 796 879 1901
7639,3055 11126 13626 15247 4820 9957 7994 14875 11424 3056
7640,7238 2550 7243 7244 10521 10520 4889 10519 6755 386
7641,4726 6434 2472 2475 117 2956 118 6263 383 476
7642,7149 4007 6648 163 2158 6375 3905 3338 3812 12449
7643,10329 219 1477 625 7417 4299 10473 3026 3518 1454
7644,13304 12977 9353 10860 12976 12975 13529 6139 5833 9772
7645,9946 6863 3494 14259 5828 9182 4867 991 13632 14355
7646,4881 7319 4983 187 7306 3607 7307 7308 7312 2115
7647,4902 6369 11298 10066 12127 6306 5817 8325 12280 7499
7648,14158 585 1885 4762 11949 8323 14157 14304 13532 1170
7649,1170 585 2653 6638 3190 4241 1406 1178 10797 1180
7650,1160 10430 11377 1161 11545 10780 7769 1162 7286 8346
7651,8317 5134 6408 11447 10143 10144 8319 14734 2924 865
7652,3486 12627 9421 13282 13557 9406 12630 9422 11711 15106
7653,8376 7208 5351 13909 2204 14510 3485 14703 13593 11378
7654,1201 6516 3254 8914 8220 7083 1578 5090 796 4219
7655,728 8644 4307 6453 8667 13909 7179 3485 7180 7178
7656,7956 10240 9470 6053 887 826 8518 9658 12246 5075
7657,11059 7115 3019 2154 11058 5093 5094 5095 5096 5092
7658,6245 12895 12908 7069 1011 1862 7498 11219 13981 11598
7659,13538 6228 12653 4375 14890 9214 13172 6923 4376 14384
7660,170 5577 7001 7139 5210 4243 5398 1572 794 2705
7661,4324 3629 6380 9905 11155 3343 8608 4321 12713 10354
7662,11347 2372 2369 2375 2379 1357 1354 6551 4609 14283
7663,8188 3705 3362 6954 3707 3699 5422 3708 3704 4764
7664,794 1213 4220 9587 7460 13902 3226 476 464 1384
7665,12813 9802 8499 5362 8368 166 161 12018 5306 11977
7666,14688 6581 14887 14575 10384 8250 14574 6582 14964 14009
7667,9223 3019 7115 6259 11059 108 5347 11366 3240 771
7668,6043 6318 10288 6270 7917 7838 7741 8704 3468 1304
7669,7499 11298 12560 3824 5452 6369 11417 11416 11415 10559
7670,3001 7425 1826 1354 2869 4134 10199 7215 7426 1357
7671,1095 1519 2763 8516 3993 3994 4223 1441 4180 3223
7672,4316 2996 9642 9636 11626 1001 5690 6807 2998 1321
7673,73 2675 5436 14639 1102 7220 14364 14534 8189 6878
7674,5345 1475 12672 12671 14844 13336 12535 11965 11880 13318
7675,15097 4711 8869 13320 13855 14183 13321 13351 15153 14029
7676,2663 13462 4662 4056 13463 3572 3566 8214 4057 1635
7677,6879 9390 3637 328 1763 7516 1515 5076 13884 9048
7678,43 4138 1719 11347 12077 10275 1280 11816 1081 2377
7679,3055 13077 394 11045 558 15289 12606 14666 14700 14667
7680,15243 4639 7138 7927 4637 4469 2721 5088 9498 12097
7681,8999 15148 75 3063 11185 7121 14199 15248 14690 14951
7682,11578 1915 9662 1914 1916 9665 1913 3693 13573 9664
7683,11313 11314 11312 11311 3097 4379 8455 686 1213 466
7684,6038 12438 6596 10310 3206 3699 4468 6026 6426 10742
7685,15283 5107 5105 5104 5103 5102 5101 5100 5099 5098
7686,5299 5305 4969 9135 3857 14054 14052 12487 14053 8747
7687,2156 1090 8307 8500 2563 7461 14125 2509 2205 11739
7688,1840 12131 11567 9226 13639 1664 7949 6544 11964 13386
7689,3316 11812 5212 8954 5220 5217 5214 3329 4976 3831
7690,1880 10965 6897 7726 2549 6868 12764 15147 11393 4357
7691,3052 3051 3053 3056 3057 3059 3058 3054 3055 15001
7692,5075 3211 1457 12246 839 10364 5089 6381 13048 842
7693,1136 1145 1146 1722 1717 1721 1708 9539 2628 1150
7694,7324 10651 7325 14605 14604 1131 8802 14159 100 5513
7695,10715 3368 3383 5812 14702 14690 14875 1351 7130 7129
7696,15073 14894 3953 3954 7953 5261 11296 6766 10522 8102
7697,14112 10413 12865 9048 9800 7698 1755 5347 7115 5076
7698,1826 6364 1777 5876 6705 9191 3843 1008 7426 8983
7699,1532 13201 2822 2614 2742 11112 405 6351 14138 2820
7700,1818 5494 6347 2238 5866 697 2704 1548 434 11738
7701,13012 14419 5415 1806 1483 6178 13017 3308 13016 1485
7702,10985 9030 15185 12819 5990 11466 2111 15159 8 3134
7703,7315 3835 5835 121 14107 3836 1493 9188 3824 3834
7704,796 7835 5057 860 14391 7512 5315 3678 778 3100
7705,2614 5998 11899 15152 13578 2742 14323 2820 1532 14337
7706,101 14898 2774 4349 2779 15233 15270 15023 14690 15226
7707,1583 4828 6962 1581 1582 598 1580 1577 1578 2704
7708,2026 11874 2574 2571 6896 130 2576 10890 2146 2562
7709,13904 9495 2645 13905 8439 7293 2640 2639 2646 14684
7710,1367 11954 15276 7128 13891 2085 2084 10891 7179 2083
7711,3465 1529 13578 2614 2820 6417 2742 11122 11121 4514
7712,10140 1383 2185 6134 12857 56 7465 12295 9891 8504
7713,7121 8999 11185 15069 823 1367 14406 7458 7974 2085
7714,9366 1529 3779 2614 3046 2820 13578 8834 4514 12426
7715,8648 3027 3151 5122 5584 12057 3493 3029 5121 5884
7716,10715 14702 14875 1351 14690 7130 52 7129 14163 2142
7717,3289 11016 1870 2566 7332 7561 12325 7564 124 150
7718,2742 3465 2815 2820 6417 2614 13453 1165 11122 405
7719,3985 843 8451 3313 1454 7300 11363 3986 2324 6579
7720,2745 2742 4515 2614 1529 13578 2820 2743 3465 14139
7721,6682 6767 3372 778 7840 820 822 894 5153 3256
7722,12232 7681 3205 5054 768 9426 11148 5576 6437 7247
7723,13380 4035 10071 10073 8645 4037 8983 13426 1011 4039
7724,4636 4905 3348 3328 5392 1082 4885 4992 4867 4901
7725,1448 5575 4270 9577 13051 6265 3411 7149 12246 5756
7726,3617 15054 3912 3616 15053 3927 15052 3929 3914 7655
7727,6432 11028 11808 6431 9850 4598 6364 6810 2624 5636
7728,12793 13224 14126 13835 8382 9950 13833 9951 9949 9952
7729,15284 5106 5105 5104 5103 5102 5101 5100 5099 5098
7730,15084 9207 14272 5595 13412 9920 1918 7631 11045 7124
7731,2139 612 8500 14717 618 11258 3575 1072 9286 8871
7732,9223 771 14849 15060 11815 3019 205 8189 349 4754
7733,13825 475 4797 9216 12669 11861 11860 14878 7776 11859
7734,11535 5105 5104 5103 5102 5101 5100 5099 5098 5097
7735,12068 12647 10086 12310 12646 2093 5627 13738 12649 13269
7736,8999 15069 7121 11185 15148 823 14406 15248 14690 14951
7737,91 8999 14612 15079 14865 14559 14555 15184 14620 1368
7738,228 5613 3970 5612 1297 5620 5621 5618 5619 357
7739,6572 7389 10790 8071 9686 12128 11930 6570 3923 10876
7740,5709 4966 626 5113 15100 10337 15171 9842 14834 14833
7741,11366 13885 5267 14477 11059 7115 14486 14488 14404 5266
7742,3019 45 108 9223 9119 7115 11059 3055 3240 14298
7743,2139 3575 1072 11258 8500 612 9286 1207 9038 9043
7744,2380 11778 1354 3666 3074 3687 11626 3416 3688 1355
7745,13268 13577 12552 10620 9017 14580 12028 12622 6319 5975
7746,15030 5948 1736 12506 12783 15048 14151 9244 5188 7279
7747,7552 3945 227 13677 13676 476 6833 10359 11384 8553
7748,625 12178 13517 11459 6596 9296 4756 8995 9144 7697
7749,11720 8669 12108 8302 12585 982 13484 7100 4061 7386
7750,5281 742 2509 7727 10140 10379 6898 2523 7465 56
7751,3008 3007 961 3664 12945 9880 12762 966 9893 12763
7752,11045 1033 13724 13412 11646 8801 10889 2538 15289 9901
7753,9043 9585 549 9586 2536 2533 9709 851 2526 11855
7754,6898 10019 10539 5314 97 10379 5281 1383 2202 5219
7755,740 14348 14979 14089 14907 12084 1351 11818 15273 15274
7756,14345 1721 1145 1136 1146 9539 8152 3413 3414 1722
7757,3811 1457 7513 4782 6031 824 834 1101 5075 3211
7758,2739 4437 6868 380 12014 14221 15057 10126 1880 6942
7759,860 163 7512 796 1690 11240 466 4925 1646 14391
7760,6682 3223 3935 2255 466 8719 662 251 7816 7840
7761,8999 1351 10715 13912 7124 4426 15148 15045 14690 15273
7762,5412 4863 12822 4384 4729 11485 2560 138 9613 3044
7763,15166 15110 6280 11197 14371 14658 15165 14164 11191 14600
7764,9182 2131 3494 7138 3822 2488 2483 9946 7178 6863
7765,4712 7386 7090 13664 7385 2810 15031 8320 8669 7391
7766,11732 10666 3961 337 13714 13695 3369 5206 2446 13694
7767,15043 15042 1540 2441 12944 8263 1536 15052 1539 15053
7768,5281 6898 10379 742 2509 5314 10539 10140 10019 7465
7769,11166 9111 9354 11209 11210 13427 6792 9110 11858 11208
7770,12324 994 15092 876 3579 1673 499 6271 14961 12840
7771,4664 4656 11371 5563 1999 4657 6167 947 6102 293
7772,5299 3857 14054 5305 9135 14052 12487 8747 14053 4969
7773,14163 14668 14612 15233 15079 58 14559 8999 12427 14865
7774,14306 12206 1858 10215 14320 6106 11126 739 14865 9054
7775,11126 3055 13388 14984 15285 58 11424 11125 1367 9116
7776,14163 14668 14612 58 15233 15079 8999 14559 10715 12427
7777,9054 14551 14951 14555 15076 14166 8999 7124 4162 14165
7778,14852 14555 739 15288 14449 14850 15230 9054 12427 15184
7779,15147 1880 7301 1490 3600 2206 6868 577 712 14493
7780,14163 58 4426 12427 15045 14049 15263 14980 15285 14824
7781,14929 14166 3021 9052 14427 15230 14951 9054 3906 14930
7782,58 15285 11126 14701 14899 14984 3055 14980 14742 13388
7783,14560 14851 13015 11718 8999 3960 11045 14850 15289 3471
7784,14701 14899 15285 11478 11126 58 13310 7146 938 6523
7785,2026 2146 2544 2571 2574 2518 2234 2562 6896 5281
7786,14345 3413 3414 11340 10750 673 1887 7080 3415 1145
7787,13964 13965 13966 13967 13963 13707 6751 5095 5097 5098
7788,15255 2154 13891 8413 15276 13890 7128 14612 15079 1367
7789,12877 14578 7124 53 15247 15028 14519 15011 4363 15112
7790,15244 11959 2203 14931 14937 14930 14427 12513 14866 14867
7791,13414 14826 13587 14510 15063 15028 14578 14607 15060 14824
7792,15284 5106 5105 5104 5103 5102 5101 5100 5099 5098
7793,8999 15148 11185 7121 15248 14690 14951 14560 15069 14851
7794,4813 4884 7332 4823 3235 3234 7330 12336 12185 9493
7795,1419 10435 11675 6911 13585 1404 14672 8748 7630 8673
7796,3055 11126 14984 11424 13626 15285 13388 15247 58 9957
7797,14826 13414 13587 14510 14320 13940 14578 14827 15060 9055
7798,14163 10715 14690 14875 14702 14668 7130 1351 8999 15233
7799,14108 12668 14210 5092 5093 5094 5095 5096 5097 5091
7800,15287 14080 1500 14605 14604 9989 8189 100 8310 8190
7801,14391 14939 5037 5545 796 14163 8748 10321 4758 5052
7802,15288 14555 14852 14449 14850 9054 12427 739 7124 15184
7803,5222 8903 3318 12993 9109 2484 13461 13818 13451 8663
7804,1947 8041 6943 9127 14394 13239 9128 13767 2449 8256
7805,12481 2009 8997 13685 1303 10353 9410 3483 9409 11186
7806,8077 7739 4665 14257 4651 12030 11963 11592 13706 1877
7807,13195 5347 8467 5346 7115 1755 5349 3982 8725 8993
7808,15129 5929 8735 8736 14471 14217 8733 8739 7009 9808
7809,11370 11368 4663 4660 4650 2804 4653 11369 11367 13022
7810,4426 13016 15263 15045 13017 7159 12427 14163 58 1351
7811,10124 3403 13753 15264 14452 12667 5229 14127 7684 3404
7812,7124 14559 13912 15079 14612 8999 14865 14867 14823 12877
7813,13193 10930 12060 13194 10931 5987 4489 4257 8263 11139
7814,856 12308 9801 12463 5736 9276 12583 12306 10061 2257
7815,11122 14324 2820 3465 8904 6417 11121 1532 2742 1166
7816,14826 13414 13587 15060 14320 14578 53 14827 3055 7176
7817,10265 5278 2585 1381 9284 2497 11902 7220 14364 5466
7818,14555 15288 14852 14449 9054 14850 12427 739 7124 91
7819,12877 14578 7124 53 14825 14510 13912 15028 15163 14826
7820,58 14824 14510 15285 14980 11126 14742 14165 14605 14604
7821,13412 8872 13724 15084 9215 10890 7439 11874 8871 1033
7822,2566 7332 12325 7564 3237 3234 11016 4736 7561 124
7823,53 14578 15163 11883 12877 7124 3055 14510 14826 4424
7824,1316 12336 10158 7330 1319 4813 12185 9493 10678 14107
7825,14700 15289 11045 14560 14851 13015 5595 11718 8801 1033
7826,13640 13798 9306 11863 15154 14493 6244 8479 6785 15205
7827,8370 8369 15061 15062 13587 15063 14826 15001 13940 13414
7828,3843 1826 2876 4416 5876 14105 3844 6364 4414 1777
7829,1826 6364 7426 3843 7425 4416 1777 2876 4414 5876
7830,10364 13755 1392 1081 494 5064 10980 5075 3211 1277
7831,13310 3405 10123 7302 11920 4966 13317 8411 9024 12201
7832,15290 5106 5105 5104 5103 5102 5101 5100 5099 5098
7833,7760 7322 975 667 5838 2350 11291 6560 1130 1978
7834,15276 1367 13891 7128 2154 15255 13890 13808 8413 13913
7835,3055 4820 6791 13626 11126 15247 4061 9957 14875 7994
7836,3471 14550 14560 14851 15065 13015 14619 3469 3470 11718
7837,88 2191 2209 10542 4901 1162 5642 1869 4815 9928
